doc_aggregation,doc_top_n_mean,chunk_threshold,chunk_delta,doc_threshold,doc_delta,chunk_min_k,chunk_max_k,doc_min_k,doc_max_k,num_queries,doc_precision,doc_recall,doc_f2,chunk_precision,chunk_recall,chunk_f2,macro_f2,internal_macro_f2,average_chunk_count,average_doc_count,p95_chunk_count,p95_doc_count,empty_prediction_rate,selector
max,3,-12.046875,20.6796875,-12.046875,20.6796875,1,1,1,1,2210,0.8846153846153846,0.8846153846153846,0.8846153846153846,0.7493212669683258,0.7493212669683258,0.7493212669683258,0.8169683257918552,0.8169683257918552,1,1,1,1,0.0,fixed_top1
max,3,-12.046875,20.6796875,-12.046875,20.6796875,3,3,3,3,2210,0.3174962292609351,0.9524886877828054,0.6803490627020038,0.28627450980392155,0.8588235294117647,0.6134453781512605,0.6468972204266321,0.6468972204266321,3,3,3,3,0.0,fixed_top3
max,3,-12.046875,20.6796875,-12.046875,20.6796875,5,5,5,5,2210,0.1934841628959276,0.967420814479638,0.5374560080442432,0.17728506787330314,0.8864253393665158,0.49245852187028644,0.5149572649572648,0.5149572649572648,5,5,5,5,0.0,fixed_top5
max,3,-12.046875,20.6796875,-12.046875,20.6796875,10,10,10,10,2210,0.09778280542986424,0.9778280542986425,0.34922430510665803,0.0906334841628959,0.9063348416289593,0.32369101486748547,0.3364576599870718,0.3364576599870718,10,10,10,10,0.0,fixed_top10
max,3,-3.419921875,4.8372436523437505,-8.2421875,4.8372436523437505,0,1,0,1,2210,0.8846153846153846,0.8846153846153846,0.8846153846153846,0.7493212669683258,0.7493212669683258,0.7493212669683258,0.8169683257918552,0.8169683257918552,0.9995475113122172,1,1,1,0.0,dynamic
max,3,-3.419921875,4.8372436523437505,-8.2421875,4.8372436523437505,0,1,0,2,2210,0.668552036199095,0.9321266968325792,0.8442684766214178,0.7493212669683258,0.7493212669683258,0.7493212669683258,0.7967948717948719,0.7967948717948719,0.9995475113122172,1.5932126696832578,1,2,0.0,dynamic
max,3,-3.419921875,4.8372436523437505,-8.2421875,4.8372436523437505,0,1,0,3,2210,0.6150829562594268,0.9506787330316742,0.814910579616462,0.7493212669683258,0.7493212669683258,0.7493212669683258,0.7821159232923939,0.7821159232923939,0.9995475113122172,2.0167420814479637,1,3,0.0,dynamic
max,3,-3.419921875,4.8372436523437505,-8.2421875,4.8372436523437505,0,1,0,5,2210,0.5814856711915536,0.9656108597285068,0.780152445593622,0.7493212669683258,0.7493212669683258,0.7493212669683258,0.7647368562809739,0.7647368562809739,0.9995475113122172,2.646153846153846,1,5,0.0,dynamic
max,3,-3.419921875,4.8372436523437505,-8.2421875,4.8372436523437505,0,1,0,7,2210,0.5700441715147597,0.9701357466063348,0.7609422440304793,0.7493212669683258,0.7493212669683258,0.7493212669683258,0.7551317554994026,0.7551317554994026,0.9995475113122172,3.1271493212669683,1,7,0.0,dynamic
max,3,-3.419921875,4.8372436523437505,-8.2421875,4.8372436523437505,0,1,0,10,2210,0.563633376427494,0.9760180995475113,0.7472201064395634,0.7493212669683258,0.7493212669683258,0.7493212669683258,0.7482706867039446,0.7482706867039446,0.9995475113122172,3.68868778280543,1,10,0.0,dynamic
max,3,-3.419921875,4.8372436523437505,-8.2421875,4.8372436523437505,0,1,1,1,2210,0.8846153846153846,0.8846153846153846,0.8846153846153846,0.7493212669683258,0.7493212669683258,0.7493212669683258,0.8169683257918552,0.8169683257918552,0.9995475113122172,1,1,1,0.0,dynamic
max,3,-3.419921875,4.8372436523437505,-8.2421875,4.8372436523437505,0,1,1,2,2210,0.668552036199095,0.9321266968325792,0.8442684766214178,0.7493212669683258,0.7493212669683258,0.7493212669683258,0.7967948717948719,0.7967948717948719,0.9995475113122172,1.5932126696832578,1,2,0.0,dynamic
max,3,-3.419921875,4.8372436523437505,-8.2421875,4.8372436523437505,0,1,1,3,2210,0.6150829562594268,0.9506787330316742,0.814910579616462,0.7493212669683258,0.7493212669683258,0.7493212669683258,0.7821159232923939,0.7821159232923939,0.9995475113122172,2.0167420814479637,1,3,0.0,dynamic
max,3,-3.419921875,4.8372436523437505,-8.2421875,4.8372436523437505,0,1,1,5,2210,0.5814856711915536,0.9656108597285068,0.780152445593622,0.7493212669683258,0.7493212669683258,0.7493212669683258,0.7647368562809739,0.7647368562809739,0.9995475113122172,2.646153846153846,1,5,0.0,dynamic
max,3,-3.419921875,4.8372436523437505,-8.2421875,4.8372436523437505,0,1,1,7,2210,0.5700441715147597,0.9701357466063348,0.7609422440304793,0.7493212669683258,0.7493212669683258,0.7493212669683258,0.7551317554994026,0.7551317554994026,0.9995475113122172,3.1271493212669683,1,7,0.0,dynamic
max,3,-3.419921875,4.8372436523437505,-8.2421875,4.8372436523437505,0,1,1,10,2210,0.563633376427494,0.9760180995475113,0.7472201064395634,0.7493212669683258,0.7493212669683258,0.7493212669683258,0.7482706867039446,0.7482706867039446,0.9995475113122172,3.68868778280543,1,10,0.0,dynamic
max,3,-3.419921875,4.8372436523437505,-8.2421875,7.744653320312498,0,1,0,1,2210,0.8846153846153846,0.8846153846153846,0.8846153846153846,0.7493212669683258,0.7493212669683258,0.7493212669683258,0.8169683257918552,0.8169683257918552,0.9995475113122172,1,1,1,0.0,dynamic
max,3,-3.419921875,4.8372436523437505,-8.2421875,7.744653320312498,0,1,0,2,2210,0.5090497737556561,0.9330316742081448,0.7917043740573152,0.7493212669683258,0.7493212669683258,0.7493212669683258,0.7705128205128204,0.7705128205128204,0.9995475113122172,1.9149321266968327,1,2,0.0,dynamic
max,3,-3.419921875,4.8372436523437505,-8.2421875,7.744653320312498,0,1,0,3,2210,0.3862745098039216,0.9524886877828054,0.7132730015082956,0.7493212669683258,0.7493212669683258,0.7493212669683258,0.7312971342383108,0.7312971342383108,0.9995475113122172,2.7574660633484163,1,3,0.0,dynamic
max,3,-3.419921875,4.8372436523437505,-8.2421875,7.744653320312498,0,1,0,5,2210,0.29461538461538456,0.967420814479638,0.6093532284708755,0.7493212669683258,0.7493212669683258,0.7493212669683258,0.6793372477196007,0.6793372477196007,0.9995475113122172,4.260633484162896,1,5,0.0,dynamic
max,3,-3.419921875,4.8372436523437505,-8.2421875,7.744653320312498,0,1,0,7,2210,0.25917905623787973,0.971945701357466,0.5477827727827728,0.7493212669683258,0.7493212669683258,0.7493212669683258,0.6485520198755492,0.6485520198755492,0.9995475113122172,5.580995475113122,1,7,0.0,dynamic
max,3,-3.419921875,4.8372436523437505,-8.2421875,7.744653320312498,0,1,0,10,2210,0.2364754363283775,0.9778280542986425,0.49708968758742517,0.7493212669683258,0.7493212669683258,0.7493212669683258,0.6232054772778755,0.6232054772778755,0.9995475113122172,7.281900452488688,1,10,0.0,dynamic
max,3,-3.419921875,4.8372436523437505,-8.2421875,7.744653320312498,0,1,1,1,2210,0.8846153846153846,0.8846153846153846,0.8846153846153846,0.7493212669683258,0.7493212669683258,0.7493212669683258,0.8169683257918552,0.8169683257918552,0.9995475113122172,1,1,1,0.0,dynamic
max,3,-3.419921875,4.8372436523437505,-8.2421875,7.744653320312498,0,1,1,2,2210,0.5090497737556561,0.9330316742081448,0.7917043740573152,0.7493212669683258,0.7493212669683258,0.7493212669683258,0.7705128205128204,0.7705128205128204,0.9995475113122172,1.9149321266968327,1,2,0.0,dynamic
max,3,-3.419921875,4.8372436523437505,-8.2421875,7.744653320312498,0,1,1,3,2210,0.3862745098039216,0.9524886877828054,0.7132730015082956,0.7493212669683258,0.7493212669683258,0.7493212669683258,0.7312971342383108,0.7312971342383108,0.9995475113122172,2.7574660633484163,1,3,0.0,dynamic
max,3,-3.419921875,4.8372436523437505,-8.2421875,7.744653320312498,0,1,1,5,2210,0.29461538461538456,0.967420814479638,0.6093532284708755,0.7493212669683258,0.7493212669683258,0.7493212669683258,0.6793372477196007,0.6793372477196007,0.9995475113122172,4.260633484162896,1,5,0.0,dynamic
max,3,-3.419921875,4.8372436523437505,-8.2421875,7.744653320312498,0,1,1,7,2210,0.25917905623787973,0.971945701357466,0.5477827727827728,0.7493212669683258,0.7493212669683258,0.7493212669683258,0.6485520198755492,0.6485520198755492,0.9995475113122172,5.580995475113122,1,7,0.0,dynamic
max,3,-3.419921875,4.8372436523437505,-8.2421875,7.744653320312498,0,1,1,10,2210,0.2364754363283775,0.9778280542986425,0.49708968758742517,0.7493212669683258,0.7493212669683258,0.7493212669683258,0.6232054772778755,0.6232054772778755,0.9995475113122172,7.281900452488688,1,10,0.0,dynamic
max,3,-3.419921875,4.8372436523437505,-8.2421875,9.521484375,0,1,0,1,2210,0.8846153846153846,0.8846153846153846,0.8846153846153846,0.7493212669683258,0.7493212669683258,0.7493212669683258,0.8169683257918552,0.8169683257918552,0.9995475113122172,1,1,1,0.0,dynamic
max,3,-3.419921875,4.8372436523437505,-8.2421875,9.521484375,0,1,0,2,2210,0.47669683257918555,0.9330316742081448,0.780920060331825,0.7493212669683258,0.7493212669683258,0.7493212669683258,0.7651206636500754,0.7651206636500754,0.9995475113122172,1.9796380090497738,1,2,0.0,dynamic
max,3,-3.419921875,4.8372436523437505,-8.2421875,9.521484375,0,1,0,3,2210,0.3354449472096531,0.9524886877828054,0.689291101055807,0.7493212669683258,0.7493212669683258,0.7493212669683258,0.7193061840120665,0.7193061840120665,0.9995475113122172,2.9330316742081446,1,3,0.0,dynamic
max,3,-3.419921875,4.8372436523437505,-8.2421875,9.521484375,0,1,0,5,2210,0.22134238310708898,0.967420814479638,0.558401565754507,0.7493212669683258,0.7493212669683258,0.7493212669683258,0.6538614163614164,0.6538614163614164,0.9995475113122172,4.779185520361991,1,5,0.0,dynamic
max,3,-3.419921875,4.8372436523437505,-8.2421875,9.521484375,0,1,0,7,2210,0.1733828916181857,0.971945701357466,0.4745906054729584,0.7493212669683258,0.7493212669683258,0.7493212669683258,0.6119559362206421,0.6119559362206421,0.9995475113122172,6.542986425339366,1,7,0.0,dynamic
max,3,-3.419921875,4.8372436523437505,-8.2421875,9.521484375,0,1,0,10,2210,0.13946922358687064,0.9778280542986425,0.3983791095782046,0.7493212669683258,0.7493212669683258,0.7493212669683258,0.5738501882732652,0.5738501882732652,0.9995475113122172,9.032579185520362,1,10,0.0,dynamic
max,3,-3.419921875,4.8372436523437505,-8.2421875,9.521484375,0,1,1,1,2210,0.8846153846153846,0.8846153846153846,0.8846153846153846,0.7493212669683258,0.7493212669683258,0.7493212669683258,0.8169683257918552,0.8169683257918552,0.9995475113122172,1,1,1,0.0,dynamic
max,3,-3.419921875,4.8372436523437505,-8.2421875,9.521484375,0,1,1,2,2210,0.47669683257918555,0.9330316742081448,0.780920060331825,0.7493212669683258,0.7493212669683258,0.7493212669683258,0.7651206636500754,0.7651206636500754,0.9995475113122172,1.9796380090497738,1,2,0.0,dynamic
max,3,-3.419921875,4.8372436523437505,-8.2421875,9.521484375,0,1,1,3,2210,0.3354449472096531,0.9524886877828054,0.689291101055807,0.7493212669683258,0.7493212669683258,0.7493212669683258,0.7193061840120665,0.7193061840120665,0.9995475113122172,2.9330316742081446,1,3,0.0,dynamic
max,3,-3.419921875,4.8372436523437505,-8.2421875,9.521484375,0,1,1,5,2210,0.22134238310708898,0.967420814479638,0.558401565754507,0.7493212669683258,0.7493212669683258,0.7493212669683258,0.6538614163614164,0.6538614163614164,0.9995475113122172,4.779185520361991,1,5,0.0,dynamic
max,3,-3.419921875,4.8372436523437505,-8.2421875,9.521484375,0,1,1,7,2210,0.1733828916181857,0.971945701357466,0.4745906054729584,0.7493212669683258,0.7493212669683258,0.7493212669683258,0.6119559362206421,0.6119559362206421,0.9995475113122172,6.542986425339366,1,7,0.0,dynamic
max,3,-3.419921875,4.8372436523437505,-8.2421875,9.521484375,0,1,1,10,2210,0.13946922358687064,0.9778280542986425,0.3983791095782046,0.7493212669683258,0.7493212669683258,0.7493212669683258,0.5738501882732652,0.5738501882732652,0.9995475113122172,9.032579185520362,1,10,0.0,dynamic
max,3,-3.419921875,4.8372436523437505,-8.2421875,11.1796875,0,1,0,1,2210,0.8846153846153846,0.8846153846153846,0.8846153846153846,0.7493212669683258,0.7493212669683258,0.7493212669683258,0.8169683257918552,0.8169683257918552,0.9995475113122172,1,1,1,0.0,dynamic
max,3,-3.419921875,4.8372436523437505,-8.2421875,11.1796875,0,1,0,2,2210,0.4687782805429864,0.9330316742081448,0.7782805429864253,0.7493212669683258,0.7493212669683258,0.7493212669683258,0.7638009049773755,0.7638009049773755,0.9995475113122172,1.995475113122172,1,2,0.0,dynamic
max,3,-3.419921875,4.8372436523437505,-8.2421875,11.1796875,0,1,0,3,2210,0.32134238310708896,0.9524886877828054,0.6822344322344324,0.7493212669683258,0.7493212669683258,0.7493212669683258,0.7157778496013791,0.7157778496013791,0.9995475113122172,2.985972850678733,1,3,0.0,dynamic
max,3,-3.419921875,4.8372436523437505,-8.2421875,11.1796875,0,1,0,5,2210,0.19974358974358972,0.967420814479638,0.5422861452273215,0.7493212669683258,0.7493212669683258,0.7493212669683258,0.6458037060978237,0.6458037060978237,0.9995475113122172,4.947963800904978,1,5,0.0,dynamic
max,3,-3.419921875,4.8372436523437505,-8.2421875,11.1796875,0,1,0,7,2210,0.14693600517129926,0.971945701357466,0.44987789987789983,0.7493212669683258,0.7493212669683258,0.7493212669683258,0.5995995834231128,0.5995995834231128,0.9995475113122172,6.882805429864254,1,7,0.0,dynamic
max,3,-3.419921875,4.8372436523437505,-8.2421875,11.1796875,0,1,0,10,2210,0.10796003016591252,0.9778280542986425,0.36209596085161694,0.7493212669683258,0.7493212669683258,0.7493212669683258,0.5557086139099714,0.5557086139099714,0.9995475113122172,9.733031674208144,1,10,0.0,dynamic
max,3,-3.419921875,4.8372436523437505,-8.2421875,11.1796875,0,1,1,1,2210,0.8846153846153846,0.8846153846153846,0.8846153846153846,0.7493212669683258,0.7493212669683258,0.7493212669683258,0.8169683257918552,0.8169683257918552,0.9995475113122172,1,1,1,0.0,dynamic
max,3,-3.419921875,4.8372436523437505,-8.2421875,11.1796875,0,1,1,2,2210,0.4687782805429864,0.9330316742081448,0.7782805429864253,0.7493212669683258,0.7493212669683258,0.7493212669683258,0.7638009049773755,0.7638009049773755,0.9995475113122172,1.995475113122172,1,2,0.0,dynamic
max,3,-3.419921875,4.8372436523437505,-8.2421875,11.1796875,0,1,1,3,2210,0.32134238310708896,0.9524886877828054,0.6822344322344324,0.7493212669683258,0.7493212669683258,0.7493212669683258,0.7157778496013791,0.7157778496013791,0.9995475113122172,2.985972850678733,1,3,0.0,dynamic
max,3,-3.419921875,4.8372436523437505,-8.2421875,11.1796875,0,1,1,5,2210,0.19974358974358972,0.967420814479638,0.5422861452273215,0.7493212669683258,0.7493212669683258,0.7493212669683258,0.6458037060978237,0.6458037060978237,0.9995475113122172,4.947963800904978,1,5,0.0,dynamic
max,3,-3.419921875,4.8372436523437505,-8.2421875,11.1796875,0,1,1,7,2210,0.14693600517129926,0.971945701357466,0.44987789987789983,0.7493212669683258,0.7493212669683258,0.7493212669683258,0.5995995834231128,0.5995995834231128,0.9995475113122172,6.882805429864254,1,7,0.0,dynamic
max,3,-3.419921875,4.8372436523437505,-8.2421875,11.1796875,0,1,1,10,2210,0.10796003016591252,0.9778280542986425,0.36209596085161694,0.7493212669683258,0.7493212669683258,0.7493212669683258,0.5557086139099714,0.5557086139099714,0.9995475113122172,9.733031674208144,1,10,0.0,dynamic
max,3,-3.419921875,4.8372436523437505,-8.2421875,13.55078125,0,1,0,1,2210,0.8846153846153846,0.8846153846153846,0.8846153846153846,0.7493212669683258,0.7493212669683258,0.7493212669683258,0.8169683257918552,0.8169683257918552,0.9995475113122172,1,1,1,0.0,dynamic
max,3,-3.419921875,4.8372436523437505,-8.2421875,13.55078125,0,1,0,2,2210,0.4667420814479638,0.9330316742081448,0.7776018099547511,0.7493212669683258,0.7493212669683258,0.7493212669683258,0.7634615384615384,0.7634615384615384,0.9995475113122172,1.9995475113122172,1,2,0.0,dynamic
max,3,-3.419921875,4.8372436523437505,-8.2421875,13.55078125,0,1,0,3,2210,0.31794871794871793,0.9524886877828054,0.6805860805860806,0.7493212669683258,0.7493212669683258,0.7493212669683258,0.7149536737772032,0.7149536737772032,0.9995475113122172,2.998190045248869,1,3,0.0,dynamic
max,3,-3.419921875,4.8372436523437505,-8.2421875,13.55078125,0,1,0,5,2210,0.19423831070889894,0.967420814479638,0.5380521439344969,0.7493212669683258,0.7493212669683258,0.7493212669683258,0.6436867054514113,0.6436867054514113,0.9995475113122172,4.993665158371041,1,5,0.0,dynamic
max,3,-3.419921875,4.8372436523437505,-8.2421875,13.55078125,0,1,0,7,2210,0.1398362421891833,0.971945701357466,0.44280098985981337,0.7493212669683258,0.7493212669683258,0.7493212669683258,0.5960611284140696,0.5960611284140696,0.9995475113122172,6.98552036199095,1,7,0.0,dynamic
max,3,-3.419921875,4.8372436523437505,-8.2421875,13.55078125,0,1,0,10,2210,0.09896053293112117,0.9778280542986425,0.35066782136917884,0.7493212669683258,0.7493212669683258,0.7493212669683258,0.5499945441687524,0.5499945441687524,0.9995475113122172,9.971945701357466,1,10,0.0,dynamic
max,3,-3.419921875,4.8372436523437505,-8.2421875,13.55078125,0,1,1,1,2210,0.8846153846153846,0.8846153846153846,0.8846153846153846,0.7493212669683258,0.7493212669683258,0.7493212669683258,0.8169683257918552,0.8169683257918552,0.9995475113122172,1,1,1,0.0,dynamic
max,3,-3.419921875,4.8372436523437505,-8.2421875,13.55078125,0,1,1,2,2210,0.4667420814479638,0.9330316742081448,0.7776018099547511,0.7493212669683258,0.7493212669683258,0.7493212669683258,0.7634615384615384,0.7634615384615384,0.9995475113122172,1.9995475113122172,1,2,0.0,dynamic
max,3,-3.419921875,4.8372436523437505,-8.2421875,13.55078125,0,1,1,3,2210,0.31794871794871793,0.9524886877828054,0.6805860805860806,0.7493212669683258,0.7493212669683258,0.7493212669683258,0.7149536737772032,0.7149536737772032,0.9995475113122172,2.998190045248869,1,3,0.0,dynamic
max,3,-3.419921875,4.8372436523437505,-8.2421875,13.55078125,0,1,1,5,2210,0.19423831070889894,0.967420814479638,0.5380521439344969,0.7493212669683258,0.7493212669683258,0.7493212669683258,0.6436867054514113,0.6436867054514113,0.9995475113122172,4.993665158371041,1,5,0.0,dynamic
max,3,-3.419921875,4.8372436523437505,-8.2421875,13.55078125,0,1,1,7,2210,0.1398362421891833,0.971945701357466,0.44280098985981337,0.7493212669683258,0.7493212669683258,0.7493212669683258,0.5960611284140696,0.5960611284140696,0.9995475113122172,6.98552036199095,1,7,0.0,dynamic
max,3,-3.419921875,4.8372436523437505,-8.2421875,13.55078125,0,1,1,10,2210,0.09896053293112117,0.9778280542986425,0.35066782136917884,0.7493212669683258,0.7493212669683258,0.7493212669683258,0.5499945441687524,0.5499945441687524,0.9995475113122172,9.971945701357466,1,10,0.0,dynamic
max,3,-3.419921875,4.8372436523437505,-6.26953125,4.8372436523437505,0,1,0,1,2210,0.8846153846153846,0.8846153846153846,0.8846153846153846,0.7493212669683258,0.7493212669683258,0.7493212669683258,0.8169683257918552,0.8169683257918552,0.9995475113122172,1,1,1,0.0,dynamic
max,3,-3.419921875,4.8372436523437505,-6.26953125,4.8372436523437505,0,1,0,2,2210,0.668552036199095,0.9321266968325792,0.8442684766214178,0.7493212669683258,0.7493212669683258,0.7493212669683258,0.7967948717948719,0.7967948717948719,0.9995475113122172,1.5932126696832578,1,2,0.0,dynamic
max,3,-3.419921875,4.8372436523437505,-6.26953125,4.8372436523437505,0,1,0,3,2210,0.6150829562594268,0.9506787330316742,0.814910579616462,0.7493212669683258,0.7493212669683258,0.7493212669683258,0.7821159232923939,0.7821159232923939,0.9995475113122172,2.0167420814479637,1,3,0.0,dynamic
max,3,-3.419921875,4.8372436523437505,-6.26953125,4.8372436523437505,0,1,0,5,2210,0.5815082956259428,0.9656108597285068,0.7801838684191625,0.7493212669683258,0.7493212669683258,0.7493212669683258,0.7647525676937441,0.7647525676937441,0.9995475113122172,2.6457013574660633,1,5,0.0,dynamic
max,3,-3.419921875,4.8372436523437505,-6.26953125,4.8372436523437505,0,1,0,7,2210,0.570103425985779,0.9701357466063348,0.7610399404517052,0.7493212669683258,0.7493212669683258,0.7493212669683258,0.7551806037100155,0.7551806037100155,0.9995475113122172,3.125339366515837,1,7,0.0,dynamic
max,3,-3.419921875,4.8372436523437505,-6.26953125,4.8372436523437505,0,1,0,10,2210,0.5637314156431803,0.9760180995475113,0.7474059500077599,0.7493212669683258,0.7493212669683258,0.7493212669683258,0.7483636084880428,0.7483636084880428,0.9995475113122172,3.6841628959276016,1,10,0.0,dynamic
max,3,-3.419921875,4.8372436523437505,-6.26953125,4.8372436523437505,0,1,1,1,2210,0.8846153846153846,0.8846153846153846,0.8846153846153846,0.7493212669683258,0.7493212669683258,0.7493212669683258,0.8169683257918552,0.8169683257918552,0.9995475113122172,1,1,1,0.0,dynamic
max,3,-3.419921875,4.8372436523437505,-6.26953125,4.8372436523437505,0,1,1,2,2210,0.668552036199095,0.9321266968325792,0.8442684766214178,0.7493212669683258,0.7493212669683258,0.7493212669683258,0.7967948717948719,0.7967948717948719,0.9995475113122172,1.5932126696832578,1,2,0.0,dynamic
max,3,-3.419921875,4.8372436523437505,-6.26953125,4.8372436523437505,0,1,1,3,2210,0.6150829562594268,0.9506787330316742,0.814910579616462,0.7493212669683258,0.7493212669683258,0.7493212669683258,0.7821159232923939,0.7821159232923939,0.9995475113122172,2.0167420814479637,1,3,0.0,dynamic
max,3,-3.419921875,4.8372436523437505,-6.26953125,4.8372436523437505,0,1,1,5,2210,0.5815082956259428,0.9656108597285068,0.7801838684191625,0.7493212669683258,0.7493212669683258,0.7493212669683258,0.7647525676937441,0.7647525676937441,0.9995475113122172,2.6457013574660633,1,5,0.0,dynamic
max,3,-3.419921875,4.8372436523437505,-6.26953125,4.8372436523437505,0,1,1,7,2210,0.570103425985779,0.9701357466063348,0.7610399404517052,0.7493212669683258,0.7493212669683258,0.7493212669683258,0.7551806037100155,0.7551806037100155,0.9995475113122172,3.125339366515837,1,7,0.0,dynamic
max,3,-3.419921875,4.8372436523437505,-6.26953125,4.8372436523437505,0,1,1,10,2210,0.5637314156431803,0.9760180995475113,0.7474059500077599,0.7493212669683258,0.7493212669683258,0.7493212669683258,0.7483636084880428,0.7483636084880428,0.9995475113122172,3.6841628959276016,1,10,0.0,dynamic
max,3,-3.419921875,4.8372436523437505,-6.26953125,7.744653320312498,0,1,0,1,2210,0.8846153846153846,0.8846153846153846,0.8846153846153846,0.7493212669683258,0.7493212669683258,0.7493212669683258,0.8169683257918552,0.8169683257918552,0.9995475113122172,1,1,1,0.0,dynamic
max,3,-3.419921875,4.8372436523437505,-6.26953125,7.744653320312498,0,1,0,2,2210,0.5095022624434389,0.9330316742081448,0.7918552036199095,0.7493212669683258,0.7493212669683258,0.7493212669683258,0.7705882352941176,0.7705882352941176,0.9995475113122172,1.914027149321267,1,2,0.0,dynamic
max,3,-3.419921875,4.8372436523437505,-6.26953125,7.744653320312498,0,1,0,3,2210,0.38687782805429866,0.9524886877828054,0.713531566472743,0.7493212669683258,0.7493212669683258,0.7493212669683258,0.7314264167205344,0.7314264167205344,0.9995475113122172,2.755656108597285,1,3,0.0,dynamic
max,3,-3.419921875,4.8372436523437505,-6.26953125,7.744653320312498,0,1,0,5,2210,0.29540723981900446,0.967420814479638,0.6098497091144149,0.7493212669683258,0.7493212669683258,0.7493212669683258,0.6795854880413703,0.6795854880413703,0.9995475113122172,4.255656108597285,1,5,0.0,dynamic
max,3,-3.419921875,4.8372436523437505,-6.26953125,7.744653320312498,0,1,0,7,2210,0.26008511096746384,0.971945701357466,0.5484826448061743,0.7493212669683258,0.7493212669683258,0.7493212669683258,0.64890195588725,0.64890195588725,0.9995475113122172,5.571945701357466,1,7,0.0,dynamic
max,3,-3.419921875,4.8372436523437505,-6.26953125,7.744653320312498,0,1,0,10,2210,0.2375073619191266,0.9778280542986425,0.498078298021737,0.7493212669683258,0.7493212669683258,0.7493212669683258,0.6236997824950314,0.6236997824950314,0.9995475113122172,7.2638009049773755,1,10,0.0,dynamic
max,3,-3.419921875,4.8372436523437505,-6.26953125,7.744653320312498,0,1,1,1,2210,0.8846153846153846,0.8846153846153846,0.8846153846153846,0.7493212669683258,0.7493212669683258,0.7493212669683258,0.8169683257918552,0.8169683257918552,0.9995475113122172,1,1,1,0.0,dynamic
max,3,-3.419921875,4.8372436523437505,-6.26953125,7.744653320312498,0,1,1,2,2210,0.5095022624434389,0.9330316742081448,0.7918552036199095,0.7493212669683258,0.7493212669683258,0.7493212669683258,0.7705882352941176,0.7705882352941176,0.9995475113122172,1.914027149321267,1,2,0.0,dynamic
max,3,-3.419921875,4.8372436523437505,-6.26953125,7.744653320312498,0,1,1,3,2210,0.38687782805429866,0.9524886877828054,0.713531566472743,0.7493212669683258,0.7493212669683258,0.7493212669683258,0.7314264167205344,0.7314264167205344,0.9995475113122172,2.755656108597285,1,3,0.0,dynamic
max,3,-3.419921875,4.8372436523437505,-6.26953125,7.744653320312498,0,1,1,5,2210,0.29540723981900446,0.967420814479638,0.6098497091144149,0.7493212669683258,0.7493212669683258,0.7493212669683258,0.6795854880413703,0.6795854880413703,0.9995475113122172,4.255656108597285,1,5,0.0,dynamic
max,3,-3.419921875,4.8372436523437505,-6.26953125,7.744653320312498,0,1,1,7,2210,0.26008511096746384,0.971945701357466,0.5484826448061743,0.7493212669683258,0.7493212669683258,0.7493212669683258,0.64890195588725,0.64890195588725,0.9995475113122172,5.571945701357466,1,7,0.0,dynamic
max,3,-3.419921875,4.8372436523437505,-6.26953125,7.744653320312498,0,1,1,10,2210,0.2375073619191266,0.9778280542986425,0.498078298021737,0.7493212669683258,0.7493212669683258,0.7493212669683258,0.6236997824950314,0.6236997824950314,0.9995475113122172,7.2638009049773755,1,10,0.0,dynamic
max,3,-3.419921875,4.8372436523437505,-6.26953125,9.521484375,0,1,0,1,2210,0.8846153846153846,0.8846153846153846,0.8846153846153846,0.7493212669683258,0.7493212669683258,0.7493212669683258,0.8169683257918552,0.8169683257918552,0.9995475113122172,1,1,1,0.0,dynamic
max,3,-3.419921875,4.8372436523437505,-6.26953125,9.521484375,0,1,0,2,2210,0.47714932126696835,0.9330316742081448,0.7810708898944192,0.7493212669683258,0.7493212669683258,0.7493212669683258,0.7651960784313725,0.7651960784313725,0.9995475113122172,1.9787330316742082,1,2,0.0,dynamic
max,3,-3.419921875,4.8372436523437505,-6.26953125,9.521484375,0,1,0,3,2210,0.33604826546003014,0.9524886877828054,0.6895496660202542,0.7493212669683258,0.7493212669683258,0.7493212669683258,0.71943546649429,0.71943546649429,0.9995475113122172,2.9312217194570134,1,3,0.0,dynamic
max,3,-3.419921875,4.8372436523437505,-6.26953125,9.521484375,0,1,0,5,2210,0.22215686274509805,0.967420814479638,0.5589294692235868,0.7493212669683258,0.7493212669683258,0.7493212669683258,0.6541253680959562,0.6541253680959562,0.9995475113122172,4.773755656108597,1,5,0.0,dynamic
max,3,-3.419921875,4.8372436523437505,-6.26953125,9.521484375,0,1,0,7,2210,0.17437405731523373,0.971945701357466,0.4754338798456445,0.7493212669683258,0.7493212669683258,0.7493212669683258,0.6123775734069852,0.6123775734069852,0.9995475113122172,6.5312217194570135,1,7,0.0,dynamic
max,3,-3.419921875,4.8372436523437505,-6.26953125,9.521484375,0,1,0,10,2210,0.14070333261509732,0.9778280542986425,0.3997812142608523,0.7493212669683258,0.7493212669683258,0.7493212669683258,0.5745512406145891,0.5745512406145891,0.9995475113122172,9.00316742081448,1,10,0.0,dynamic
max,3,-3.419921875,4.8372436523437505,-6.26953125,9.521484375,0,1,1,1,2210,0.8846153846153846,0.8846153846153846,0.8846153846153846,0.7493212669683258,0.7493212669683258,0.7493212669683258,0.8169683257918552,0.8169683257918552,0.9995475113122172,1,1,1,0.0,dynamic
max,3,-3.419921875,4.8372436523437505,-6.26953125,9.521484375,0,1,1,2,2210,0.47714932126696835,0.9330316742081448,0.7810708898944192,0.7493212669683258,0.7493212669683258,0.7493212669683258,0.7651960784313725,0.7651960784313725,0.9995475113122172,1.9787330316742082,1,2,0.0,dynamic
max,3,-3.419921875,4.8372436523437505,-6.26953125,9.521484375,0,1,1,3,2210,0.33604826546003014,0.9524886877828054,0.6895496660202542,0.7493212669683258,0.7493212669683258,0.7493212669683258,0.71943546649429,0.71943546649429,0.9995475113122172,2.9312217194570134,1,3,0.0,dynamic
max,3,-3.419921875,4.8372436523437505,-6.26953125,9.521484375,0,1,1,5,2210,0.22215686274509805,0.967420814479638,0.5589294692235868,0.7493212669683258,0.7493212669683258,0.7493212669683258,0.6541253680959562,0.6541253680959562,0.9995475113122172,4.773755656108597,1,5,0.0,dynamic
max,3,-3.419921875,4.8372436523437505,-6.26953125,9.521484375,0,1,1,7,2210,0.17437405731523373,0.971945701357466,0.4754338798456445,0.7493212669683258,0.7493212669683258,0.7493212669683258,0.6123775734069852,0.6123775734069852,0.9995475113122172,6.5312217194570135,1,7,0.0,dynamic
max,3,-3.419921875,4.8372436523437505,-6.26953125,9.521484375,0,1,1,10,2210,0.14070333261509732,0.9778280542986425,0.3997812142608523,0.7493212669683258,0.7493212669683258,0.7493212669683258,0.5745512406145891,0.5745512406145891,0.9995475113122172,9.00316742081448,1,10,0.0,dynamic
max,3,-3.419921875,4.8372436523437505,-6.26953125,11.1796875,0,1,0,1,2210,0.8846153846153846,0.8846153846153846,0.8846153846153846,0.7493212669683258,0.7493212669683258,0.7493212669683258,0.8169683257918552,0.8169683257918552,0.9995475113122172,1,1,1,0.0,dynamic
max,3,-3.419921875,4.8372436523437505,-6.26953125,11.1796875,0,1,0,2,2210,0.46923076923076923,0.9330316742081448,0.7784313725490196,0.7493212669683258,0.7493212669683258,0.7493212669683258,0.7638763197586727,0.7638763197586727,0.9995475113122172,1.9945701357466064,1,2,0.0,dynamic
max,3,-3.419921875,4.8372436523437505,-6.26953125,11.1796875,0,1,0,3,2210,0.3219457013574661,0.9524886877828054,0.6824929971988796,0.7493212669683258,0.7493212669683258,0.7493212669683258,0.7159071320836027,0.7159071320836027,0.9995475113122172,2.984162895927602,1,3,0.0,dynamic
max,3,-3.419921875,4.8372436523437505,-6.26953125,11.1796875,0,1,0,5,2210,0.20062594268476622,0.967420814479638,0.5429083171730229,0.7493212669683258,0.7493212669683258,0.7493212669683258,0.6461147920706743,0.6461147920706743,0.9995475113122172,4.9411764705882355,1,5,0.0,dynamic
max,3,-3.419921875,4.8372436523437505,-6.26953125,11.1796875,0,1,0,7,2210,0.14806830424477477,0.971945701357466,0.4509479899185781,0.7493212669683258,0.7493212669683258,0.7493212669683258,0.6001346284434519,0.6001346284434519,0.9995475113122172,6.866968325791855,1,7,0.0,dynamic
max,3,-3.419921875,4.8372436523437505,-6.26953125,11.1796875,0,1,0,10,2210,0.10941158514687926,0.9778280542986425,0.3638991036615471,0.7493212669683258,0.7493212669683258,0.7493212669683258,0.5566101853149364,0.5566101853149364,0.9995475113122172,9.694117647058823,1,10,0.0,dynamic
max,3,-3.419921875,4.8372436523437505,-6.26953125,11.1796875,0,1,1,1,2210,0.8846153846153846,0.8846153846153846,0.8846153846153846,0.7493212669683258,0.7493212669683258,0.7493212669683258,0.8169683257918552,0.8169683257918552,0.9995475113122172,1,1,1,0.0,dynamic
max,3,-3.419921875,4.8372436523437505,-6.26953125,11.1796875,0,1,1,2,2210,0.46923076923076923,0.9330316742081448,0.7784313725490196,0.7493212669683258,0.7493212669683258,0.7493212669683258,0.7638763197586727,0.7638763197586727,0.9995475113122172,1.9945701357466064,1,2,0.0,dynamic
max,3,-3.419921875,4.8372436523437505,-6.26953125,11.1796875,0,1,1,3,2210,0.3219457013574661,0.9524886877828054,0.6824929971988796,0.7493212669683258,0.7493212669683258,0.7493212669683258,0.7159071320836027,0.7159071320836027,0.9995475113122172,2.984162895927602,1,3,0.0,dynamic
max,3,-3.419921875,4.8372436523437505,-6.26953125,11.1796875,0,1,1,5,2210,0.20062594268476622,0.967420814479638,0.5429083171730229,0.7493212669683258,0.7493212669683258,0.7493212669683258,0.6461147920706743,0.6461147920706743,0.9995475113122172,4.9411764705882355,1,5,0.0,dynamic
max,3,-3.419921875,4.8372436523437505,-6.26953125,11.1796875,0,1,1,7,2210,0.14806830424477477,0.971945701357466,0.4509479899185781,0.7493212669683258,0.7493212669683258,0.7493212669683258,0.6001346284434519,0.6001346284434519,0.9995475113122172,6.866968325791855,1,7,0.0,dynamic
max,3,-3.419921875,4.8372436523437505,-6.26953125,11.1796875,0,1,1,10,2210,0.10941158514687926,0.9778280542986425,0.3638991036615471,0.7493212669683258,0.7493212669683258,0.7493212669683258,0.5566101853149364,0.5566101853149364,0.9995475113122172,9.694117647058823,1,10,0.0,dynamic
max,3,-3.419921875,4.8372436523437505,-6.26953125,13.55078125,0,1,0,1,2210,0.8846153846153846,0.8846153846153846,0.8846153846153846,0.7493212669683258,0.7493212669683258,0.7493212669683258,0.8169683257918552,0.8169683257918552,0.9995475113122172,1,1,1,0.0,dynamic
max,3,-3.419921875,4.8372436523437505,-6.26953125,13.55078125,0,1,0,2,2210,0.4678733031674208,0.9330316742081448,0.7779788838612368,0.7493212669683258,0.7493212669683258,0.7493212669683258,0.7636500754147812,0.7636500754147812,0.9995475113122172,1.9972850678733032,1,2,0.0,dynamic
max,3,-3.419921875,4.8372436523437505,-6.26953125,13.55078125,0,1,0,3,2210,0.31953242835595774,0.9524886877828054,0.6812863606981254,0.7493212669683258,0.7493212669683258,0.7493212669683258,0.7153038138332256,0.7153038138332256,0.9995475113122172,2.993212669683258,1,3,0.0,dynamic
max,3,-3.419921875,4.8372436523437505,-6.26953125,13.55078125,0,1,0,5,2210,0.19634238310708899,0.967420814479638,0.5394033254327371,0.7493212669683258,0.7493212669683258,0.7493212669683258,0.6443622962005314,0.6443622962005314,0.9995475113122172,4.980090497737557,1,5,0.0,dynamic
max,3,-3.419921875,4.8372436523437505,-6.26953125,13.55078125,0,1,0,7,2210,0.14236694677871145,0.971945701357466,0.4449154603566367,0.7493212669683258,0.7493212669683258,0.7493212669683258,0.5971183636624813,0.5971183636624813,0.9995475113122172,6.956561085972851,1,7,0.0,dynamic
max,3,-3.419921875,4.8372436523437505,-6.26953125,13.55078125,0,1,0,10,2210,0.10211987359046182,0.9778280542986425,0.354228620801019,0.7493212669683258,0.7493212669683258,0.7493212669683258,0.5517749438846724,0.5517749438846724,0.9995475113122172,9.897285067873304,1,10,0.0,dynamic
max,3,-3.419921875,4.8372436523437505,-6.26953125,13.55078125,0,1,1,1,2210,0.8846153846153846,0.8846153846153846,0.8846153846153846,0.7493212669683258,0.7493212669683258,0.7493212669683258,0.8169683257918552,0.8169683257918552,0.9995475113122172,1,1,1,0.0,dynamic
max,3,-3.419921875,4.8372436523437505,-6.26953125,13.55078125,0,1,1,2,2210,0.4678733031674208,0.9330316742081448,0.7779788838612368,0.7493212669683258,0.7493212669683258,0.7493212669683258,0.7636500754147812,0.7636500754147812,0.9995475113122172,1.9972850678733032,1,2,0.0,dynamic
max,3,-3.419921875,4.8372436523437505,-6.26953125,13.55078125,0,1,1,3,2210,0.31953242835595774,0.9524886877828054,0.6812863606981254,0.7493212669683258,0.7493212669683258,0.7493212669683258,0.7153038138332256,0.7153038138332256,0.9995475113122172,2.993212669683258,1,3,0.0,dynamic
max,3,-3.419921875,4.8372436523437505,-6.26953125,13.55078125,0,1,1,5,2210,0.19634238310708899,0.967420814479638,0.5394033254327371,0.7493212669683258,0.7493212669683258,0.7493212669683258,0.6443622962005314,0.6443622962005314,0.9995475113122172,4.980090497737557,1,5,0.0,dynamic
max,3,-3.419921875,4.8372436523437505,-6.26953125,13.55078125,0,1,1,7,2210,0.14236694677871145,0.971945701357466,0.4449154603566367,0.7493212669683258,0.7493212669683258,0.7493212669683258,0.5971183636624813,0.5971183636624813,0.9995475113122172,6.956561085972851,1,7,0.0,dynamic
max,3,-3.419921875,4.8372436523437505,-6.26953125,13.55078125,0,1,1,10,2210,0.10211987359046182,0.9778280542986425,0.354228620801019,0.7493212669683258,0.7493212669683258,0.7493212669683258,0.5517749438846724,0.5517749438846724,0.9995475113122172,9.897285067873304,1,10,0.0,dynamic
max,3,-3.419921875,4.8372436523437505,-4.90625,4.8372436523437505,0,1,0,1,2210,0.8846153846153846,0.8846153846153846,0.8846153846153846,0.7493212669683258,0.7493212669683258,0.7493212669683258,0.8169683257918552,0.8169683257918552,0.9995475113122172,1,1,1,0.0,dynamic
max,3,-3.419921875,4.8372436523437505,-4.90625,4.8372436523437505,0,1,0,2,2210,0.668552036199095,0.9321266968325792,0.8442684766214178,0.7493212669683258,0.7493212669683258,0.7493212669683258,0.7967948717948719,0.7967948717948719,0.9995475113122172,1.5932126696832578,1,2,0.0,dynamic
max,3,-3.419921875,4.8372436523437505,-4.90625,4.8372436523437505,0,1,0,3,2210,0.6150829562594268,0.9506787330316742,0.814910579616462,0.7493212669683258,0.7493212669683258,0.7493212669683258,0.7821159232923939,0.7821159232923939,0.9995475113122172,2.0167420814479637,1,3,0.0,dynamic
max,3,-3.419921875,4.8372436523437505,-4.90625,4.8372436523437505,0,1,0,5,2210,0.5817345399698342,0.9656108597285068,0.7804621848739496,0.7493212669683258,0.7493212669683258,0.7493212669683258,0.7648917259211376,0.7648917259211376,0.9995475113122172,2.642081447963801,1,5,0.0,dynamic
max,3,-3.419921875,4.8372436523437505,-4.90625,4.8372436523437505,0,1,0,7,2210,0.5704330963154493,0.9701357466063348,0.7615010806187276,0.7493212669683258,0.7493212669683258,0.7493212669683258,0.7554111737935267,0.7554111737935267,0.9995475113122172,3.1180995475113122,1,7,0.0,dynamic
max,3,-3.419921875,4.8372436523437505,-4.90625,4.8372436523437505,0,1,0,10,2210,0.5641418875242404,0.9760180995475113,0.748053178596165,0.7493212669683258,0.7493212669683258,0.7493212669683258,0.7486872227822454,0.7486872227822454,0.9995475113122172,3.6705882352941175,1,10,0.0,dynamic
max,3,-3.419921875,4.8372436523437505,-4.90625,4.8372436523437505,0,1,1,1,2210,0.8846153846153846,0.8846153846153846,0.8846153846153846,0.7493212669683258,0.7493212669683258,0.7493212669683258,0.8169683257918552,0.8169683257918552,0.9995475113122172,1,1,1,0.0,dynamic
max,3,-3.419921875,4.8372436523437505,-4.90625,4.8372436523437505,0,1,1,2,2210,0.668552036199095,0.9321266968325792,0.8442684766214178,0.7493212669683258,0.7493212669683258,0.7493212669683258,0.7967948717948719,0.7967948717948719,0.9995475113122172,1.5932126696832578,1,2,0.0,dynamic
max,3,-3.419921875,4.8372436523437505,-4.90625,4.8372436523437505,0,1,1,3,2210,0.6150829562594268,0.9506787330316742,0.814910579616462,0.7493212669683258,0.7493212669683258,0.7493212669683258,0.7821159232923939,0.7821159232923939,0.9995475113122172,2.0167420814479637,1,3,0.0,dynamic
max,3,-3.419921875,4.8372436523437505,-4.90625,4.8372436523437505,0,1,1,5,2210,0.5817345399698342,0.9656108597285068,0.7804621848739496,0.7493212669683258,0.7493212669683258,0.7493212669683258,0.7648917259211376,0.7648917259211376,0.9995475113122172,2.642081447963801,1,5,0.0,dynamic
max,3,-3.419921875,4.8372436523437505,-4.90625,4.8372436523437505,0,1,1,7,2210,0.5704330963154493,0.9701357466063348,0.7615010806187276,0.7493212669683258,0.7493212669683258,0.7493212669683258,0.7554111737935267,0.7554111737935267,0.9995475113122172,3.1180995475113122,1,7,0.0,dynamic
max,3,-3.419921875,4.8372436523437505,-4.90625,4.8372436523437505,0,1,1,10,2210,0.5641418875242404,0.9760180995475113,0.748053178596165,0.7493212669683258,0.7493212669683258,0.7493212669683258,0.7486872227822454,0.7486872227822454,0.9995475113122172,3.6705882352941175,1,10,0.0,dynamic
max,3,-3.419921875,4.8372436523437505,-4.90625,7.744653320312498,0,1,0,1,2210,0.8846153846153846,0.8846153846153846,0.8846153846153846,0.7493212669683258,0.7493212669683258,0.7493212669683258,0.8169683257918552,0.8169683257918552,0.9995475113122172,1,1,1,0.0,dynamic
max,3,-3.419921875,4.8372436523437505,-4.90625,7.744653320312498,0,1,0,2,2210,0.5097285067873303,0.9330316742081448,0.7919306184012066,0.7493212669683258,0.7493212669683258,0.7493212669683258,0.7706259426847661,0.7706259426847661,0.9995475113122172,1.9135746606334842,1,2,0.0,dynamic
max,3,-3.419921875,4.8372436523437505,-4.90625,7.744653320312498,0,1,0,3,2210,0.3874811463046757,0.9524886877828054,0.7138763197586727,0.7493212669683258,0.7493212669683258,0.7493212669683258,0.7315987933634993,0.7315987933634993,0.9995475113122172,2.7529411764705882,1,3,0.0,dynamic
max,3,-3.419921875,4.8372436523437505,-4.90625,7.744653320312498,0,1,0,5,2210,0.2967571644042232,0.967420814479638,0.6110877684407094,0.7493212669683258,0.7493212669683258,0.7493212669683258,0.6802045177045176,0.6802045177045176,0.9995475113122172,4.241628959276018,1,5,0.0,dynamic
max,3,-3.419921875,4.8372436523437505,-4.90625,7.744653320312498,0,1,0,7,2210,0.26202542555483727,0.971945701357466,0.550767369885017,0.7493212669683258,0.7493212669683258,0.7493212669683258,0.6500443184266713,0.6500443184266713,0.9995475113122172,5.53710407239819,1,7,0.0,dynamic
max,3,-3.419921875,4.8372436523437505,-4.90625,7.744653320312498,0,1,0,10,2210,0.2400070028011205,0.9778280542986425,0.5016364480165385,0.7493212669683258,0.7493212669683258,0.7493212669683258,0.6254788574924321,0.6254788574924321,0.9995475113122172,7.189140271493213,1,10,0.0,dynamic
max,3,-3.419921875,4.8372436523437505,-4.90625,7.744653320312498,0,1,1,1,2210,0.8846153846153846,0.8846153846153846,0.8846153846153846,0.7493212669683258,0.7493212669683258,0.7493212669683258,0.8169683257918552,0.8169683257918552,0.9995475113122172,1,1,1,0.0,dynamic
max,3,-3.419921875,4.8372436523437505,-4.90625,7.744653320312498,0,1,1,2,2210,0.5097285067873303,0.9330316742081448,0.7919306184012066,0.7493212669683258,0.7493212669683258,0.7493212669683258,0.7706259426847661,0.7706259426847661,0.9995475113122172,1.9135746606334842,1,2,0.0,dynamic
max,3,-3.419921875,4.8372436523437505,-4.90625,7.744653320312498,0,1,1,3,2210,0.3874811463046757,0.9524886877828054,0.7138763197586727,0.7493212669683258,0.7493212669683258,0.7493212669683258,0.7315987933634993,0.7315987933634993,0.9995475113122172,2.7529411764705882,1,3,0.0,dynamic
max,3,-3.419921875,4.8372436523437505,-4.90625,7.744653320312498,0,1,1,5,2210,0.2967571644042232,0.967420814479638,0.6110877684407094,0.7493212669683258,0.7493212669683258,0.7493212669683258,0.6802045177045176,0.6802045177045176,0.9995475113122172,4.241628959276018,1,5,0.0,dynamic
max,3,-3.419921875,4.8372436523437505,-4.90625,7.744653320312498,0,1,1,7,2210,0.26202542555483727,0.971945701357466,0.550767369885017,0.7493212669683258,0.7493212669683258,0.7493212669683258,0.6500443184266713,0.6500443184266713,0.9995475113122172,5.53710407239819,1,7,0.0,dynamic
max,3,-3.419921875,4.8372436523437505,-4.90625,7.744653320312498,0,1,1,10,2210,0.2400070028011205,0.9778280542986425,0.5016364480165385,0.7493212669683258,0.7493212669683258,0.7493212669683258,0.6254788574924321,0.6254788574924321,0.9995475113122172,7.189140271493213,1,10,0.0,dynamic
max,3,-3.419921875,4.8372436523437505,-4.90625,9.521484375,0,1,0,1,2210,0.8846153846153846,0.8846153846153846,0.8846153846153846,0.7493212669683258,0.7493212669683258,0.7493212669683258,0.8169683257918552,0.8169683257918552,0.9995475113122172,1,1,1,0.0,dynamic
max,3,-3.419921875,4.8372436523437505,-4.90625,9.521484375,0,1,0,2,2210,0.47805429864253396,0.9330316742081448,0.7813725490196077,0.7493212669683258,0.7493212669683258,0.7493212669683258,0.7653469079939668,0.7653469079939668,0.9995475113122172,1.976923076923077,1,2,0.0,dynamic
max,3,-3.419921875,4.8372436523437505,-4.90625,9.521484375,0,1,0,3,2210,0.3380090497737557,0.9524886877828054,0.6906054729584142,0.7493212669683258,0.7493212669683258,0.7493212669683258,0.7199633699633701,0.7199633699633701,0.9995475113122172,2.923076923076923,1,3,0.0,dynamic
max,3,-3.419921875,4.8372436523437505,-4.90625,9.521484375,0,1,0,5,2210,0.2256787330316742,0.967420814479638,0.5618661567190979,0.7493212669683258,0.7493212669683258,0.7493212669683258,0.6555937118437118,0.6555937118437118,0.9995475113122172,4.741628959276018,1,5,0.0,dynamic
max,3,-3.419921875,4.8372436523437505,-4.90625,9.521484375,0,1,0,7,2210,0.17903792286145226,0.971945701357466,0.48040448113977524,0.7493212669683258,0.7493212669683258,0.7493212669683258,0.6148628740540505,0.6148628740540505,0.9995475113122172,6.458371040723982,1,7,0.0,dynamic
max,3,-3.419921875,4.8372436523437505,-4.90625,9.521484375,0,1,0,10,2210,0.14679666738490268,0.9778280542986425,0.40802324246894384,0.7493212669683258,0.7493212669683258,0.7493212669683258,0.5786722547186348,0.5786722547186348,0.9995475113122172,8.827601809954752,1,10,0.0,dynamic
max,3,-3.419921875,4.8372436523437505,-4.90625,9.521484375,0,1,1,1,2210,0.8846153846153846,0.8846153846153846,0.8846153846153846,0.7493212669683258,0.7493212669683258,0.7493212669683258,0.8169683257918552,0.8169683257918552,0.9995475113122172,1,1,1,0.0,dynamic
max,3,-3.419921875,4.8372436523437505,-4.90625,9.521484375,0,1,1,2,2210,0.47805429864253396,0.9330316742081448,0.7813725490196077,0.7493212669683258,0.7493212669683258,0.7493212669683258,0.7653469079939668,0.7653469079939668,0.9995475113122172,1.976923076923077,1,2,0.0,dynamic
max,3,-3.419921875,4.8372436523437505,-4.90625,9.521484375,0,1,1,3,2210,0.3380090497737557,0.9524886877828054,0.6906054729584142,0.7493212669683258,0.7493212669683258,0.7493212669683258,0.7199633699633701,0.7199633699633701,0.9995475113122172,2.923076923076923,1,3,0.0,dynamic
max,3,-3.419921875,4.8372436523437505,-4.90625,9.521484375,0,1,1,5,2210,0.2256787330316742,0.967420814479638,0.5618661567190979,0.7493212669683258,0.7493212669683258,0.7493212669683258,0.6555937118437118,0.6555937118437118,0.9995475113122172,4.741628959276018,1,5,0.0,dynamic
max,3,-3.419921875,4.8372436523437505,-4.90625,9.521484375,0,1,1,7,2210,0.17903792286145226,0.971945701357466,0.48040448113977524,0.7493212669683258,0.7493212669683258,0.7493212669683258,0.6148628740540505,0.6148628740540505,0.9995475113122172,6.458371040723982,1,7,0.0,dynamic
max,3,-3.419921875,4.8372436523437505,-4.90625,9.521484375,0,1,1,10,2210,0.14679666738490268,0.9778280542986425,0.40802324246894384,0.7493212669683258,0.7493212669683258,0.7493212669683258,0.5786722547186348,0.5786722547186348,0.9995475113122172,8.827601809954752,1,10,0.0,dynamic
max,3,-3.419921875,4.8372436523437505,-4.90625,11.1796875,0,1,0,1,2210,0.8846153846153846,0.8846153846153846,0.8846153846153846,0.7493212669683258,0.7493212669683258,0.7493212669683258,0.8169683257918552,0.8169683257918552,0.9995475113122172,1,1,1,0.0,dynamic
max,3,-3.419921875,4.8372436523437505,-4.90625,11.1796875,0,1,0,2,2210,0.47149321266968325,0.9330316742081448,0.779185520361991,0.7493212669683258,0.7493212669683258,0.7493212669683258,0.7642533936651583,0.7642533936651583,0.9995475113122172,1.9900452488687783,1,2,0.0,dynamic
max,3,-3.419921875,4.8372436523437505,-4.90625,11.1796875,0,1,0,3,2210,0.32586726998491705,0.9524886877828054,0.6844322344322344,0.7493212669683258,0.7493212669683258,0.7493212669683258,0.7168767507002801,0.7168767507002801,0.9995475113122172,2.969683257918552,1,3,0.0,dynamic
max,3,-3.419921875,4.8372436523437505,-4.90625,11.1796875,0,1,0,5,2210,0.20699849170437404,0.967420814479638,0.5478327228327228,0.7493212669683258,0.7493212669683258,0.7493212669683258,0.6485769949005242,0.6485769949005242,0.9995475113122172,4.8882352941176475,1,5,0.0,dynamic
max,3,-3.419921875,4.8372436523437505,-4.90625,11.1796875,0,1,0,7,2210,0.15638870932988577,0.971945701357466,0.4593277637395284,0.7493212669683258,0.7493212669683258,0.7493212669683258,0.6043245153539271,0.6043245153539271,0.9995475113122172,6.745248868778281,1,7,0.0,dynamic
max,3,-3.419921875,4.8372436523437505,-4.90625,11.1796875,0,1,0,10,2210,0.12006284565108093,0.9778280542986425,0.37761573519492075,0.7493212669683258,0.7493212669683258,0.7493212669683258,0.5634685010816233,0.5634685010816233,0.9995475113122172,9.404977375565611,1,10,0.0,dynamic
max,3,-3.419921875,4.8372436523437505,-4.90625,11.1796875,0,1,1,1,2210,0.8846153846153846,0.8846153846153846,0.8846153846153846,0.7493212669683258,0.7493212669683258,0.7493212669683258,0.8169683257918552,0.8169683257918552,0.9995475113122172,1,1,1,0.0,dynamic
max,3,-3.419921875,4.8372436523437505,-4.90625,11.1796875,0,1,1,2,2210,0.47149321266968325,0.9330316742081448,0.779185520361991,0.7493212669683258,0.7493212669683258,0.7493212669683258,0.7642533936651583,0.7642533936651583,0.9995475113122172,1.9900452488687783,1,2,0.0,dynamic
max,3,-3.419921875,4.8372436523437505,-4.90625,11.1796875,0,1,1,3,2210,0.32586726998491705,0.9524886877828054,0.6844322344322344,0.7493212669683258,0.7493212669683258,0.7493212669683258,0.7168767507002801,0.7168767507002801,0.9995475113122172,2.969683257918552,1,3,0.0,dynamic
max,3,-3.419921875,4.8372436523437505,-4.90625,11.1796875,0,1,1,5,2210,0.20699849170437404,0.967420814479638,0.5478327228327228,0.7493212669683258,0.7493212669683258,0.7493212669683258,0.6485769949005242,0.6485769949005242,0.9995475113122172,4.8882352941176475,1,5,0.0,dynamic
max,3,-3.419921875,4.8372436523437505,-4.90625,11.1796875,0,1,1,7,2210,0.15638870932988577,0.971945701357466,0.4593277637395284,0.7493212669683258,0.7493212669683258,0.7493212669683258,0.6043245153539271,0.6043245153539271,0.9995475113122172,6.745248868778281,1,7,0.0,dynamic
max,3,-3.419921875,4.8372436523437505,-4.90625,11.1796875,0,1,1,10,2210,0.12006284565108093,0.9778280542986425,0.37761573519492075,0.7493212669683258,0.7493212669683258,0.7493212669683258,0.5634685010816233,0.5634685010816233,0.9995475113122172,9.404977375565611,1,10,0.0,dynamic
max,3,-3.419921875,4.8372436523437505,-4.90625,13.55078125,0,1,0,1,2210,0.8846153846153846,0.8846153846153846,0.8846153846153846,0.7493212669683258,0.7493212669683258,0.7493212669683258,0.8169683257918552,0.8169683257918552,0.9995475113122172,1,1,1,0.0,dynamic
max,3,-3.419921875,4.8372436523437505,-4.90625,13.55078125,0,1,0,2,2210,0.47104072398190044,0.9330316742081448,0.7790346907993966,0.7493212669683258,0.7493212669683258,0.7493212669683258,0.7641779788838612,0.7641779788838612,0.9995475113122172,1.990950226244344,1,2,0.0,dynamic
max,3,-3.419921875,4.8372436523437505,-4.90625,13.55078125,0,1,0,3,2210,0.3248114630467571,0.9524886877828054,0.683850463262228,0.7493212669683258,0.7493212669683258,0.7493212669683258,0.7165858651152769,0.7165858651152769,0.9995475113122172,2.97420814479638,1,3,0.0,dynamic
max,3,-3.419921875,4.8372436523437505,-4.90625,13.55078125,0,1,0,5,2210,0.2049019607843137,0.967420814479638,0.5459491488903252,0.7493212669683258,0.7493212669683258,0.7493212669683258,0.6476352079293255,0.6476352079293255,0.9995475113122172,4.909954751131222,1,5,0.0,dynamic
max,3,-3.419921875,4.8372436523437505,-4.90625,13.55078125,0,1,0,7,2210,0.15349062702003874,0.971945701357466,0.456027306027306,0.7493212669683258,0.7493212669683258,0.7493212669683258,0.6026742864978158,0.6026742864978158,0.9995475113122172,6.795022624434389,1,7,0.0,dynamic
max,3,-3.419921875,4.8372436523437505,-4.90625,13.55078125,0,1,0,10,2210,0.11634848811319398,0.9778280542986425,0.3724468593246874,0.7493212669683258,0.7493212669683258,0.7493212669683258,0.5608840631465066,0.5608840631465066,0.9995475113122172,9.513122171945701,1,10,0.0,dynamic
max,3,-3.419921875,4.8372436523437505,-4.90625,13.55078125,0,1,1,1,2210,0.8846153846153846,0.8846153846153846,0.8846153846153846,0.7493212669683258,0.7493212669683258,0.7493212669683258,0.8169683257918552,0.8169683257918552,0.9995475113122172,1,1,1,0.0,dynamic
max,3,-3.419921875,4.8372436523437505,-4.90625,13.55078125,0,1,1,2,2210,0.47104072398190044,0.9330316742081448,0.7790346907993966,0.7493212669683258,0.7493212669683258,0.7493212669683258,0.7641779788838612,0.7641779788838612,0.9995475113122172,1.990950226244344,1,2,0.0,dynamic
max,3,-3.419921875,4.8372436523437505,-4.90625,13.55078125,0,1,1,3,2210,0.3248114630467571,0.9524886877828054,0.683850463262228,0.7493212669683258,0.7493212669683258,0.7493212669683258,0.7165858651152769,0.7165858651152769,0.9995475113122172,2.97420814479638,1,3,0.0,dynamic
max,3,-3.419921875,4.8372436523437505,-4.90625,13.55078125,0,1,1,5,2210,0.2049019607843137,0.967420814479638,0.5459491488903252,0.7493212669683258,0.7493212669683258,0.7493212669683258,0.6476352079293255,0.6476352079293255,0.9995475113122172,4.909954751131222,1,5,0.0,dynamic
max,3,-3.419921875,4.8372436523437505,-4.90625,13.55078125,0,1,1,7,2210,0.15349062702003874,0.971945701357466,0.456027306027306,0.7493212669683258,0.7493212669683258,0.7493212669683258,0.6026742864978158,0.6026742864978158,0.9995475113122172,6.795022624434389,1,7,0.0,dynamic
max,3,-3.419921875,4.8372436523437505,-4.90625,13.55078125,0,1,1,10,2210,0.11634848811319398,0.9778280542986425,0.3724468593246874,0.7493212669683258,0.7493212669683258,0.7493212669683258,0.5608840631465066,0.5608840631465066,0.9995475113122172,9.513122171945701,1,10,0.0,dynamic
max,3,-3.419921875,4.8372436523437505,-3.419921875,4.8372436523437505,0,1,0,1,2210,0.8846153846153846,0.8846153846153846,0.8846153846153846,0.7493212669683258,0.7493212669683258,0.7493212669683258,0.8169683257918552,0.8169683257918552,0.9995475113122172,0.9995475113122172,1,1,0.00045248868778280545,dynamic
max,3,-3.419921875,4.8372436523437505,-3.419921875,4.8372436523437505,0,1,0,2,2210,0.669683257918552,0.9316742081447964,0.8443438914027149,0.7493212669683258,0.7493212669683258,0.7493212669683258,0.7968325791855204,0.7968325791855204,0.9995475113122172,1.5891402714932126,1,2,0.00045248868778280545,dynamic
max,3,-3.419921875,4.8372436523437505,-3.419921875,4.8372436523437505,0,1,0,3,2210,0.6173453996983408,0.9502262443438914,0.815794009911657,0.7493212669683258,0.7493212669683258,0.7493212669683258,0.7825576384399914,0.7825576384399914,0.9995475113122172,2.004524886877828,1,3,0.00045248868778280545,dynamic
max,3,-3.419921875,4.8372436523437505,-3.419921875,4.8372436523437505,0,1,0,5,2210,0.5850377073906486,0.965158371040724,0.7826115061409179,0.7493212669683258,0.7493212669683258,0.7493212669683258,0.7659663865546218,0.7659663865546218,0.9995475113122172,2.6099547511312218,1,5,0.00045248868778280545,dynamic
max,3,-3.419921875,4.8372436523437505,-3.419921875,4.8372436523437505,0,1,0,7,2210,0.5743309631544926,0.9692307692307692,0.7646193675605439,0.7493212669683258,0.7493212669683258,0.7493212669683258,0.7569703172644349,0.7569703172644349,0.9995475113122172,3.057918552036199,1,7,0.00045248868778280545,dynamic
max,3,-3.419921875,4.8372436523437505,-3.419921875,4.8372436523437505,0,1,0,10,2210,0.568761401996696,0.9751131221719457,0.7528185740855423,0.7493212669683258,0.7493212669683258,0.7493212669683258,0.751069920526934,0.751069920526934,0.9995475113122172,3.5524886877828052,1,10,0.00045248868778280545,dynamic
max,3,-3.419921875,4.8372436523437505,-3.419921875,4.8372436523437505,0,1,1,1,2210,0.8846153846153846,0.8846153846153846,0.8846153846153846,0.7493212669683258,0.7493212669683258,0.7493212669683258,0.8169683257918552,0.8169683257918552,0.9995475113122172,1,1,1,0.0,dynamic
max,3,-3.419921875,4.8372436523437505,-3.419921875,4.8372436523437505,0,1,1,2,2210,0.669683257918552,0.9316742081447964,0.8443438914027149,0.7493212669683258,0.7493212669683258,0.7493212669683258,0.7968325791855204,0.7968325791855204,0.9995475113122172,1.5895927601809954,1,2,0.0,dynamic
max,3,-3.419921875,4.8372436523437505,-3.419921875,4.8372436523437505,0,1,1,3,2210,0.6173453996983408,0.9502262443438914,0.815794009911657,0.7493212669683258,0.7493212669683258,0.7493212669683258,0.7825576384399914,0.7825576384399914,0.9995475113122172,2.004977375565611,1,3,0.0,dynamic
max,3,-3.419921875,4.8372436523437505,-3.419921875,4.8372436523437505,0,1,1,5,2210,0.5850377073906486,0.965158371040724,0.7826115061409179,0.7493212669683258,0.7493212669683258,0.7493212669683258,0.7659663865546218,0.7659663865546218,0.9995475113122172,2.6104072398190046,1,5,0.0,dynamic
max,3,-3.419921875,4.8372436523437505,-3.419921875,4.8372436523437505,0,1,1,7,2210,0.5743309631544926,0.9692307692307692,0.7646193675605439,0.7493212669683258,0.7493212669683258,0.7493212669683258,0.7569703172644349,0.7569703172644349,0.9995475113122172,3.0583710407239817,1,7,0.0,dynamic
max,3,-3.419921875,4.8372436523437505,-3.419921875,4.8372436523437505,0,1,1,10,2210,0.568761401996696,0.9751131221719457,0.7528185740855423,0.7493212669683258,0.7493212669683258,0.7493212669683258,0.751069920526934,0.751069920526934,0.9995475113122172,3.552941176470588,1,10,0.0,dynamic
max,3,-3.419921875,4.8372436523437505,-3.419921875,7.744653320312498,0,1,0,1,2210,0.8846153846153846,0.8846153846153846,0.8846153846153846,0.7493212669683258,0.7493212669683258,0.7493212669683258,0.8169683257918552,0.8169683257918552,0.9995475113122172,0.9995475113122172,1,1,0.00045248868778280545,dynamic
max,3,-3.419921875,4.8372436523437505,-3.419921875,7.744653320312498,0,1,0,2,2210,0.5165158371040725,0.932579185520362,0.7938914027149321,0.7493212669683258,0.7493212669683258,0.7493212669683258,0.7716063348416289,0.7716063348416289,0.9995475113122172,1.8981900452488687,1,2,0.00045248868778280545,dynamic
max,3,-3.419921875,4.8372436523437505,-3.419921875,7.744653320312498,0,1,0,3,2210,0.398868778280543,0.9520361990950226,0.7191230338289162,0.7493212669683258,0.7493212669683258,0.7493212669683258,0.734222150398621,0.734222150398621,0.9995475113122172,2.7085972850678735,1,3,0.00045248868778280545,dynamic
max,3,-3.419921875,4.8372436523437505,-3.419921875,7.744653320312498,0,1,0,5,2210,0.31389140271493216,0.9669683257918552,0.6233103497809379,0.7493212669683258,0.7493212669683258,0.7493212669683258,0.6863158083746319,0.6863158083746319,0.9995475113122172,4.104072398190045,1,5,0.00045248868778280545,dynamic
max,3,-3.419921875,4.8372436523437505,-3.419921875,7.744653320312498,0,1,0,7,2210,0.2826998491704374,0.9710407239819004,0.5691762485880133,0.7493212669683258,0.7493212669683258,0.7493212669683258,0.6592487577781696,0.6592487577781696,0.9995475113122172,5.267873303167421,1,7,0.00045248868778280545,dynamic
max,3,-3.419921875,4.8372436523437505,-3.419921875,7.744653320312498,0,1,0,10,2210,0.2641305753070459,0.9769230769230769,0.5279252672917831,0.7493212669683258,0.7493212669683258,0.7493212669683258,0.6386232671300545,0.6386232671300545,0.9995475113122172,6.666515837104073,1,10,0.00045248868778280545,dynamic
max,3,-3.419921875,4.8372436523437505,-3.419921875,7.744653320312498,0,1,1,1,2210,0.8846153846153846,0.8846153846153846,0.8846153846153846,0.7493212669683258,0.7493212669683258,0.7493212669683258,0.8169683257918552,0.8169683257918552,0.9995475113122172,1,1,1,0.0,dynamic
max,3,-3.419921875,4.8372436523437505,-3.419921875,7.744653320312498,0,1,1,2,2210,0.5165158371040725,0.932579185520362,0.7938914027149321,0.7493212669683258,0.7493212669683258,0.7493212669683258,0.7716063348416289,0.7716063348416289,0.9995475113122172,1.8986425339366515,1,2,0.0,dynamic
max,3,-3.419921875,4.8372436523437505,-3.419921875,7.744653320312498,0,1,1,3,2210,0.398868778280543,0.9520361990950226,0.7191230338289162,0.7493212669683258,0.7493212669683258,0.7493212669683258,0.734222150398621,0.734222150398621,0.9995475113122172,2.7090497737556563,1,3,0.0,dynamic
max,3,-3.419921875,4.8372436523437505,-3.419921875,7.744653320312498,0,1,1,5,2210,0.31389140271493216,0.9669683257918552,0.6233103497809379,0.7493212669683258,0.7493212669683258,0.7493212669683258,0.6863158083746319,0.6863158083746319,0.9995475113122172,4.104524886877828,1,5,0.0,dynamic
max,3,-3.419921875,4.8372436523437505,-3.419921875,7.744653320312498,0,1,1,7,2210,0.2826998491704374,0.9710407239819004,0.5691762485880133,0.7493212669683258,0.7493212669683258,0.7493212669683258,0.6592487577781696,0.6592487577781696,0.9995475113122172,5.2683257918552036,1,7,0.0,dynamic
max,3,-3.419921875,4.8372436523437505,-3.419921875,7.744653320312498,0,1,1,10,2210,0.2641305753070459,0.9769230769230769,0.5279252672917831,0.7493212669683258,0.7493212669683258,0.7493212669683258,0.6386232671300545,0.6386232671300545,0.9995475113122172,6.6669683257918555,1,10,0.0,dynamic
max,3,-3.419921875,4.8372436523437505,-3.419921875,9.521484375,0,1,0,1,2210,0.8846153846153846,0.8846153846153846,0.8846153846153846,0.7493212669683258,0.7493212669683258,0.7493212669683258,0.8169683257918552,0.8169683257918552,0.9995475113122172,0.9995475113122172,1,1,0.00045248868778280545,dynamic
max,3,-3.419921875,4.8372436523437505,-3.419921875,9.521484375,0,1,0,2,2210,0.48914027149321265,0.932579185520362,0.7847662141779788,0.7493212669683258,0.7493212669683258,0.7493212669683258,0.7670437405731523,0.7670437405731523,0.9995475113122172,1.9529411764705882,1,2,0.00045248868778280545,dynamic
max,3,-3.419921875,4.8372436523437505,-3.419921875,9.521484375,0,1,0,3,2210,0.3575414781297135,0.9520361990950226,0.7000323206205561,0.7493212669683258,0.7493212669683258,0.7493212669683258,0.7246767937944409,0.7246767937944409,0.9995475113122172,2.847058823529412,1,3,0.00045248868778280545,dynamic
max,3,-3.419921875,4.8372436523437505,-3.419921875,9.521484375,0,1,0,5,2210,0.25554298642533935,0.9669683257918552,0.5837992889463477,0.7493212669683258,0.7493212669683258,0.7493212669683258,0.6665602779573367,0.6665602779573367,0.9995475113122172,4.501809954751131,1,5,0.00045248868778280545,dynamic
max,3,-3.419921875,4.8372436523437505,-3.419921875,9.521484375,0,1,0,7,2210,0.21557099762982115,0.9710407239819004,0.5140908927673633,0.7493212669683258,0.7493212669683258,0.7493212669683258,0.6317060798678445,0.6317060798678445,0.9995475113122172,5.975565610859729,1,7,0.00045248868778280545,dynamic
max,3,-3.419921875,4.8372436523437505,-3.419921875,9.521484375,0,1,0,10,2210,0.18987987502693385,0.9769230769230769,0.45665756440643324,0.7493212669683258,0.7493212669683258,0.7493212669683258,0.6029894156873795,0.6029894156873795,0.9995475113122172,7.872398190045248,1,10,0.00045248868778280545,dynamic
max,3,-3.419921875,4.8372436523437505,-3.419921875,9.521484375,0,1,1,1,2210,0.8846153846153846,0.8846153846153846,0.8846153846153846,0.7493212669683258,0.7493212669683258,0.7493212669683258,0.8169683257918552,0.8169683257918552,0.9995475113122172,1,1,1,0.0,dynamic
max,3,-3.419921875,4.8372436523437505,-3.419921875,9.521484375,0,1,1,2,2210,0.48914027149321265,0.932579185520362,0.7847662141779788,0.7493212669683258,0.7493212669683258,0.7493212669683258,0.7670437405731523,0.7670437405731523,0.9995475113122172,1.953393665158371,1,2,0.0,dynamic
max,3,-3.419921875,4.8372436523437505,-3.419921875,9.521484375,0,1,1,3,2210,0.3575414781297135,0.9520361990950226,0.7000323206205561,0.7493212669683258,0.7493212669683258,0.7493212669683258,0.7246767937944409,0.7246767937944409,0.9995475113122172,2.8475113122171947,1,3,0.0,dynamic
max,3,-3.419921875,4.8372436523437505,-3.419921875,9.521484375,0,1,1,5,2210,0.25554298642533935,0.9669683257918552,0.5837992889463477,0.7493212669683258,0.7493212669683258,0.7493212669683258,0.6665602779573367,0.6665602779573367,0.9995475113122172,4.502262443438914,1,5,0.0,dynamic
max,3,-3.419921875,4.8372436523437505,-3.419921875,9.521484375,0,1,1,7,2210,0.21557099762982115,0.9710407239819004,0.5140908927673633,0.7493212669683258,0.7493212669683258,0.7493212669683258,0.6317060798678445,0.6317060798678445,0.9995475113122172,5.976018099547511,1,7,0.0,dynamic
max,3,-3.419921875,4.8372436523437505,-3.419921875,9.521484375,0,1,1,10,2210,0.18987987502693385,0.9769230769230769,0.45665756440643324,0.7493212669683258,0.7493212669683258,0.7493212669683258,0.6029894156873795,0.6029894156873795,0.9995475113122172,7.872850678733031,1,10,0.0,dynamic
max,3,-3.419921875,4.8372436523437505,-3.419921875,11.1796875,0,1,0,1,2210,0.8846153846153846,0.8846153846153846,0.8846153846153846,0.7493212669683258,0.7493212669683258,0.7493212669683258,0.8169683257918552,0.8169683257918552,0.9995475113122172,0.9995475113122172,1,1,0.00045248868778280545,dynamic
max,3,-3.419921875,4.8372436523437505,-3.419921875,11.1796875,0,1,0,2,2210,0.4852941176470588,0.932579185520362,0.7834841628959275,0.7493212669683258,0.7493212669683258,0.7493212669683258,0.7664027149321266,0.7664027149321266,0.9995475113122172,1.9606334841628958,1,2,0.00045248868778280545,dynamic
max,3,-3.419921875,4.8372436523437505,-3.419921875,11.1796875,0,1,0,3,2210,0.35060331825037705,0.9520361990950226,0.6965416936005171,0.7493212669683258,0.7493212669683258,0.7493212669683258,0.7229314802844214,0.7229314802844214,0.9995475113122172,2.8733031674208145,1,3,0.00045248868778280545,dynamic
max,3,-3.419921875,4.8372436523437505,-3.419921875,11.1796875,0,1,0,5,2210,0.24542232277526393,0.9669683257918552,0.5764750772103713,0.7493212669683258,0.7493212669683258,0.7493212669683258,0.6628981720893485,0.6628981720893485,0.9995475113122172,4.576923076923077,1,5,0.00045248868778280545,dynamic
max,3,-3.419921875,4.8372436523437505,-3.419921875,11.1796875,0,1,0,7,2210,0.20353695324283558,0.9710407239819004,0.5033844423550305,0.7493212669683258,0.7493212669683258,0.7493212669683258,0.6263528546616781,0.6263528546616781,0.9995475113122172,6.117647058823529,1,7,0.00045248868778280545,dynamic
max,3,-3.419921875,4.8372436523437505,-3.419921875,11.1796875,0,1,0,10,2210,0.17603641456582633,0.9769230769230769,0.4418291047815935,0.7493212669683258,0.7493212669683258,0.7493212669683258,0.5955751858749596,0.5955751858749596,0.9995475113122172,8.1420814479638,1,10,0.00045248868778280545,dynamic
max,3,-3.419921875,4.8372436523437505,-3.419921875,11.1796875,0,1,1,1,2210,0.8846153846153846,0.8846153846153846,0.8846153846153846,0.7493212669683258,0.7493212669683258,0.7493212669683258,0.8169683257918552,0.8169683257918552,0.9995475113122172,1,1,1,0.0,dynamic
max,3,-3.419921875,4.8372436523437505,-3.419921875,11.1796875,0,1,1,2,2210,0.4852941176470588,0.932579185520362,0.7834841628959275,0.7493212669683258,0.7493212669683258,0.7493212669683258,0.7664027149321266,0.7664027149321266,0.9995475113122172,1.9610859728506786,1,2,0.0,dynamic
max,3,-3.419921875,4.8372436523437505,-3.419921875,11.1796875,0,1,1,3,2210,0.35060331825037705,0.9520361990950226,0.6965416936005171,0.7493212669683258,0.7493212669683258,0.7493212669683258,0.7229314802844214,0.7229314802844214,0.9995475113122172,2.8737556561085973,1,3,0.0,dynamic
max,3,-3.419921875,4.8372436523437505,-3.419921875,11.1796875,0,1,1,5,2210,0.24542232277526393,0.9669683257918552,0.5764750772103713,0.7493212669683258,0.7493212669683258,0.7493212669683258,0.6628981720893485,0.6628981720893485,0.9995475113122172,4.5773755656108595,1,5,0.0,dynamic
max,3,-3.419921875,4.8372436523437505,-3.419921875,11.1796875,0,1,1,7,2210,0.20353695324283558,0.9710407239819004,0.5033844423550305,0.7493212669683258,0.7493212669683258,0.7493212669683258,0.6263528546616781,0.6263528546616781,0.9995475113122172,6.118099547511312,1,7,0.0,dynamic
max,3,-3.419921875,4.8372436523437505,-3.419921875,11.1796875,0,1,1,10,2210,0.17603641456582633,0.9769230769230769,0.4418291047815935,0.7493212669683258,0.7493212669683258,0.7493212669683258,0.5955751858749596,0.5955751858749596,0.9995475113122172,8.142533936651583,1,10,0.0,dynamic
max,3,-3.419921875,4.8372436523437505,-3.419921875,13.55078125,0,1,0,1,2210,0.8846153846153846,0.8846153846153846,0.8846153846153846,0.7493212669683258,0.7493212669683258,0.7493212669683258,0.8169683257918552,0.8169683257918552,0.9995475113122172,0.9995475113122172,1,1,0.00045248868778280545,dynamic
max,3,-3.419921875,4.8372436523437505,-3.419921875,13.55078125,0,1,0,2,2210,0.4850678733031674,0.932579185520362,0.7834087481146303,0.7493212669683258,0.7493212669683258,0.7493212669683258,0.7663650075414781,0.7663650075414781,0.9995475113122172,1.9610859728506786,1,2,0.00045248868778280545,dynamic
max,3,-3.419921875,4.8372436523437505,-3.419921875,13.55078125,0,1,0,3,2210,0.35015082956259425,0.9520361990950226,0.6963046757164405,0.7493212669683258,0.7493212669683258,0.7493212669683258,0.7228129713423832,0.7228129713423832,0.9995475113122172,2.8751131221719457,1,3,0.00045248868778280545,dynamic
max,3,-3.419921875,4.8372436523437505,-3.419921875,13.55078125,0,1,0,5,2210,0.24472096530920057,0.9669683257918552,0.5759283200459671,0.7493212669683258,0.7493212669683258,0.7493212669683258,0.6626247935071464,0.6626247935071464,0.9995475113122172,4.582805429864253,1,5,0.00045248868778280545,dynamic
max,3,-3.419921875,4.8372436523437505,-3.419921875,13.55078125,0,1,0,7,2210,0.20270200387847445,0.9710407239819004,0.502604584957526,0.7493212669683258,0.7493212669683258,0.7493212669683258,0.6259629259629259,0.6259629259629259,0.9995475113122172,6.128054298642534,1,7,0.00045248868778280545,dynamic
max,3,-3.419921875,4.8372436523437505,-3.419921875,13.55078125,0,1,0,10,2210,0.17500574588809883,0.9769230769230769,0.4406058747687707,0.7493212669683258,0.7493212669683258,0.7493212669683258,0.5949635708685482,0.5949635708685482,0.9995475113122172,8.166063348416289,1,10,0.00045248868778280545,dynamic
max,3,-3.419921875,4.8372436523437505,-3.419921875,13.55078125,0,1,1,1,2210,0.8846153846153846,0.8846153846153846,0.8846153846153846,0.7493212669683258,0.7493212669683258,0.7493212669683258,0.8169683257918552,0.8169683257918552,0.9995475113122172,1,1,1,0.0,dynamic
max,3,-3.419921875,4.8372436523437505,-3.419921875,13.55078125,0,1,1,2,2210,0.4850678733031674,0.932579185520362,0.7834087481146303,0.7493212669683258,0.7493212669683258,0.7493212669683258,0.7663650075414781,0.7663650075414781,0.9995475113122172,1.9615384615384615,1,2,0.0,dynamic
max,3,-3.419921875,4.8372436523437505,-3.419921875,13.55078125,0,1,1,3,2210,0.35015082956259425,0.9520361990950226,0.6963046757164405,0.7493212669683258,0.7493212669683258,0.7493212669683258,0.7228129713423832,0.7228129713423832,0.9995475113122172,2.8755656108597285,1,3,0.0,dynamic
max,3,-3.419921875,4.8372436523437505,-3.419921875,13.55078125,0,1,1,5,2210,0.24472096530920057,0.9669683257918552,0.5759283200459671,0.7493212669683258,0.7493212669683258,0.7493212669683258,0.6626247935071464,0.6626247935071464,0.9995475113122172,4.583257918552036,1,5,0.0,dynamic
max,3,-3.419921875,4.8372436523437505,-3.419921875,13.55078125,0,1,1,7,2210,0.20270200387847445,0.9710407239819004,0.502604584957526,0.7493212669683258,0.7493212669683258,0.7493212669683258,0.6259629259629259,0.6259629259629259,0.9995475113122172,6.128506787330317,1,7,0.0,dynamic
max,3,-3.419921875,4.8372436523437505,-3.419921875,13.55078125,0,1,1,10,2210,0.17500574588809883,0.9769230769230769,0.4406058747687707,0.7493212669683258,0.7493212669683258,0.7493212669683258,0.5949635708685482,0.5949635708685482,0.9995475113122172,8.166515837104072,1,10,0.0,dynamic
max,3,-3.419921875,4.8372436523437505,-0.953125,4.8372436523437505,0,1,0,1,2210,0.8846153846153846,0.8846153846153846,0.8846153846153846,0.7493212669683258,0.7493212669683258,0.7493212669683258,0.8169683257918552,0.8169683257918552,0.9995475113122172,0.9995475113122172,1,1,0.00045248868778280545,dynamic
max,3,-3.419921875,4.8372436523437505,-0.953125,4.8372436523437505,0,1,0,2,2210,0.6966063348416289,0.928054298642534,0.8509049773755656,0.7493212669683258,0.7493212669683258,0.7493212669683258,0.8001131221719457,0.8001131221719457,0.9995475113122172,1.5171945701357465,1,2,0.00045248868778280545,dynamic
max,3,-3.419921875,4.8372436523437505,-0.953125,4.8372436523437505,0,1,0,3,2210,0.6546003016591252,0.9438914027149321,0.828442146089205,0.7493212669683258,0.7493212669683258,0.7493212669683258,0.7888817065287654,0.7888817065287654,0.9995475113122172,1.8529411764705883,1,3,0.00045248868778280545,dynamic
max,3,-3.419921875,4.8372436523437505,-0.953125,4.8372436523437505,0,1,0,5,2210,0.6324585218702866,0.9542986425339367,0.8059793148028442,0.7493212669683258,0.7493212669683258,0.7493212669683258,0.777650290885585,0.777650290885585,0.9995475113122172,2.2678733031674208,1,5,0.00045248868778280545,dynamic
max,3,-3.419921875,4.8372436523437505,-0.953125,4.8372436523437505,0,1,0,7,2210,0.6263757810816634,0.9565610859728507,0.7957800369565076,0.7493212669683258,0.7493212669683258,0.7493212669683258,0.7725506519624167,0.7725506519624167,0.9995475113122172,2.529864253393665,1,7,0.00045248868778280545,dynamic
max,3,-3.419921875,4.8372436523437505,-0.953125,4.8372436523437505,0,1,0,10,2210,0.62385872297637,0.9610859728506788,0.7907157196749957,0.7493212669683258,0.7493212669683258,0.7493212669683258,0.7700184933216607,0.7700184933216607,0.9995475113122172,2.7864253393665157,1,10,0.00045248868778280545,dynamic
max,3,-3.419921875,4.8372436523437505,-0.953125,4.8372436523437505,0,1,1,1,2210,0.8846153846153846,0.8846153846153846,0.8846153846153846,0.7493212669683258,0.7493212669683258,0.7493212669683258,0.8169683257918552,0.8169683257918552,0.9995475113122172,1,1,1,0.0,dynamic
max,3,-3.419921875,4.8372436523437505,-0.953125,4.8372436523437505,0,1,1,2,2210,0.6966063348416289,0.928054298642534,0.8509049773755656,0.7493212669683258,0.7493212669683258,0.7493212669683258,0.8001131221719457,0.8001131221719457,0.9995475113122172,1.5176470588235293,1,2,0.0,dynamic
max,3,-3.419921875,4.8372436523437505,-0.953125,4.8372436523437505,0,1,1,3,2210,0.6546003016591252,0.9438914027149321,0.828442146089205,0.7493212669683258,0.7493212669683258,0.7493212669683258,0.7888817065287654,0.7888817065287654,0.9995475113122172,1.8533936651583711,1,3,0.0,dynamic
max,3,-3.419921875,4.8372436523437505,-0.953125,4.8372436523437505,0,1,1,5,2210,0.6324585218702866,0.9542986425339367,0.8059793148028442,0.7493212669683258,0.7493212669683258,0.7493212669683258,0.777650290885585,0.777650290885585,0.9995475113122172,2.2683257918552036,1,5,0.0,dynamic
max,3,-3.419921875,4.8372436523437505,-0.953125,4.8372436523437505,0,1,1,7,2210,0.6263757810816634,0.9565610859728507,0.7957800369565076,0.7493212669683258,0.7493212669683258,0.7493212669683258,0.7725506519624167,0.7725506519624167,0.9995475113122172,2.530316742081448,1,7,0.0,dynamic
max,3,-3.419921875,4.8372436523437505,-0.953125,4.8372436523437505,0,1,1,10,2210,0.62385872297637,0.9610859728506788,0.7907157196749957,0.7493212669683258,0.7493212669683258,0.7493212669683258,0.7700184933216607,0.7700184933216607,0.9995475113122172,2.7868778280542985,1,10,0.0,dynamic
max,3,-3.419921875,4.8372436523437505,-0.953125,7.744653320312498,0,1,0,1,2210,0.8846153846153846,0.8846153846153846,0.8846153846153846,0.7493212669683258,0.7493212669683258,0.7493212669683258,0.8169683257918552,0.8169683257918552,0.9995475113122172,0.9995475113122172,1,1,0.00045248868778280545,dynamic
max,3,-3.419921875,4.8372436523437505,-0.953125,7.744653320312498,0,1,0,2,2210,0.597737556561086,0.9289592760180996,0.818552036199095,0.7493212669683258,0.7493212669683258,0.7493212669683258,0.7839366515837104,0.7839366515837104,0.9995475113122172,1.7176470588235293,1,2,0.00045248868778280545,dynamic
max,3,-3.419921875,4.8372436523437505,-0.953125,7.744653320312498,0,1,0,3,2210,0.5189291101055807,0.9457013574660633,0.7702327084680026,0.7493212669683258,0.7493212669683258,0.7493212669683258,0.7597769877181642,0.7597769877181642,0.9995475113122172,2.276923076923077,1,3,0.00045248868778280545,dynamic
max,3,-3.419921875,4.8372436523437505,-0.953125,7.744653320312498,0,1,0,5,2210,0.4727601809954752,0.9561085972850679,0.7194264885441356,0.7493212669683258,0.7493212669683258,0.7493212669683258,0.7343738777562308,0.7343738777562308,0.9995475113122172,3.046606334841629,1,5,0.00045248868778280545,dynamic
max,3,-3.419921875,4.8372436523437505,-0.953125,7.744653320312498,0,1,0,7,2210,0.4593535875888817,0.9583710407239819,0.6963312830959889,0.7493212669683258,0.7493212669683258,0.7493212669683258,0.7228262750321574,0.7228262750321574,0.9995475113122172,3.563348416289593,1,7,0.00045248868778280545,dynamic
max,3,-3.419921875,4.8372436523437505,-0.953125,7.744653320312498,0,1,0,10,2210,0.45289485024779136,0.96289592760181,0.6823682476397408,0.7493212669683258,0.7493212669683258,0.7493212669683258,0.7158447573040333,0.7158447573040333,0.9995475113122172,4.091855203619909,1,10,0.00045248868778280545,dynamic
max,3,-3.419921875,4.8372436523437505,-0.953125,7.744653320312498,0,1,1,1,2210,0.8846153846153846,0.8846153846153846,0.8846153846153846,0.7493212669683258,0.7493212669683258,0.7493212669683258,0.8169683257918552,0.8169683257918552,0.9995475113122172,1,1,1,0.0,dynamic
max,3,-3.419921875,4.8372436523437505,-0.953125,7.744653320312498,0,1,1,2,2210,0.597737556561086,0.9289592760180996,0.818552036199095,0.7493212669683258,0.7493212669683258,0.7493212669683258,0.7839366515837104,0.7839366515837104,0.9995475113122172,1.718099547511312,1,2,0.0,dynamic
max,3,-3.419921875,4.8372436523437505,-0.953125,7.744653320312498,0,1,1,3,2210,0.5189291101055807,0.9457013574660633,0.7702327084680026,0.7493212669683258,0.7493212669683258,0.7493212669683258,0.7597769877181642,0.7597769877181642,0.9995475113122172,2.2773755656108596,1,3,0.0,dynamic
max,3,-3.419921875,4.8372436523437505,-0.953125,7.744653320312498,0,1,1,5,2210,0.4727601809954752,0.9561085972850679,0.7194264885441356,0.7493212669683258,0.7493212669683258,0.7493212669683258,0.7343738777562308,0.7343738777562308,0.9995475113122172,3.0470588235294116,1,5,0.0,dynamic
max,3,-3.419921875,4.8372436523437505,-0.953125,7.744653320312498,0,1,1,7,2210,0.4593535875888817,0.9583710407239819,0.6963312830959889,0.7493212669683258,0.7493212669683258,0.7493212669683258,0.7228262750321574,0.7228262750321574,0.9995475113122172,3.563800904977376,1,7,0.0,dynamic
max,3,-3.419921875,4.8372436523437505,-0.953125,7.744653320312498,0,1,1,10,2210,0.45289485024779136,0.96289592760181,0.6823682476397408,0.7493212669683258,0.7493212669683258,0.7493212669683258,0.7158447573040333,0.7158447573040333,0.9995475113122172,4.092307692307692,1,10,0.0,dynamic
max,3,-3.419921875,4.8372436523437505,-0.953125,9.521484375,0,1,0,1,2210,0.8846153846153846,0.8846153846153846,0.8846153846153846,0.7493212669683258,0.7493212669683258,0.7493212669683258,0.8169683257918552,0.8169683257918552,0.9995475113122172,0.9995475113122172,1,1,0.00045248868778280545,dynamic
max,3,-3.419921875,4.8372436523437505,-0.953125,9.521484375,0,1,0,2,2210,0.5909502262443439,0.9289592760180996,0.816289592760181,0.7493212669683258,0.7493212669683258,0.7493212669683258,0.7828054298642534,0.7828054298642534,0.9995475113122172,1.7312217194570136,1,2,0.00045248868778280545,dynamic
max,3,-3.419921875,4.8372436523437505,-0.953125,9.521484375,0,1,0,3,2210,0.5097285067873303,0.9457013574660633,0.7662464985994398,0.7493212669683258,0.7493212669683258,0.7493212669683258,0.7577838827838828,0.7577838827838828,0.9995475113122172,2.3049773755656107,1,3,0.00045248868778280545,dynamic
max,3,-3.419921875,4.8372436523437505,-0.953125,9.521484375,0,1,0,5,2210,0.4605957767722474,0.9561085972850679,0.7118984773396538,0.7493212669683258,0.7493212669683258,0.7493212669683258,0.7306098721539898,0.7306098721539898,0.9995475113122172,3.1194570135746607,1,5,0.00045248868778280545,dynamic
max,3,-3.419921875,4.8372436523437505,-0.953125,9.521484375,0,1,0,7,2210,0.4460234863176039,0.9583710407239819,0.6867533610180668,0.7493212669683258,0.7493212669683258,0.7493212669683258,0.7180373139931964,0.7180373139931964,0.9995475113122172,3.676470588235294,1,7,0.00045248868778280545,dynamic
max,3,-3.419921875,4.8372436523437505,-0.953125,9.521484375,0,1,0,10,2210,0.43881096028154853,0.96289592760181,0.6710755998651926,0.7493212669683258,0.7493212669683258,0.7493212669683258,0.7101984334167593,0.7101984334167593,0.9995475113122172,4.257918552036199,1,10,0.00045248868778280545,dynamic
max,3,-3.419921875,4.8372436523437505,-0.953125,9.521484375,0,1,1,1,2210,0.8846153846153846,0.8846153846153846,0.8846153846153846,0.7493212669683258,0.7493212669683258,0.7493212669683258,0.8169683257918552,0.8169683257918552,0.9995475113122172,1,1,1,0.0,dynamic
max,3,-3.419921875,4.8372436523437505,-0.953125,9.521484375,0,1,1,2,2210,0.5909502262443439,0.9289592760180996,0.816289592760181,0.7493212669683258,0.7493212669683258,0.7493212669683258,0.7828054298642534,0.7828054298642534,0.9995475113122172,1.7316742081447964,1,2,0.0,dynamic
max,3,-3.419921875,4.8372436523437505,-0.953125,9.521484375,0,1,1,3,2210,0.5097285067873303,0.9457013574660633,0.7662464985994398,0.7493212669683258,0.7493212669683258,0.7493212669683258,0.7577838827838828,0.7577838827838828,0.9995475113122172,2.3054298642533935,1,3,0.0,dynamic
max,3,-3.419921875,4.8372436523437505,-0.953125,9.521484375,0,1,1,5,2210,0.4605957767722474,0.9561085972850679,0.7118984773396538,0.7493212669683258,0.7493212669683258,0.7493212669683258,0.7306098721539898,0.7306098721539898,0.9995475113122172,3.1199095022624435,1,5,0.0,dynamic
max,3,-3.419921875,4.8372436523437505,-0.953125,9.521484375,0,1,1,7,2210,0.4460234863176039,0.9583710407239819,0.6867533610180668,0.7493212669683258,0.7493212669683258,0.7493212669683258,0.7180373139931964,0.7180373139931964,0.9995475113122172,3.6769230769230767,1,7,0.0,dynamic
max,3,-3.419921875,4.8372436523437505,-0.953125,9.521484375,0,1,1,10,2210,0.43881096028154853,0.96289592760181,0.6710755998651926,0.7493212669683258,0.7493212669683258,0.7493212669683258,0.7101984334167593,0.7101984334167593,0.9995475113122172,4.258371040723982,1,10,0.0,dynamic
max,3,-3.419921875,4.8372436523437505,-0.953125,11.1796875,0,1,0,1,2210,0.8846153846153846,0.8846153846153846,0.8846153846153846,0.7493212669683258,0.7493212669683258,0.7493212669683258,0.8169683257918552,0.8169683257918552,0.9995475113122172,0.9995475113122172,1,1,0.00045248868778280545,dynamic
max,3,-3.419921875,4.8372436523437505,-0.953125,11.1796875,0,1,0,2,2210,0.5907239819004525,0.9289592760180996,0.8162141779788837,0.7493212669683258,0.7493212669683258,0.7493212669683258,0.7827677224736047,0.7827677224736047,0.9995475113122172,1.7316742081447964,1,2,0.00045248868778280545,dynamic
max,3,-3.419921875,4.8372436523437505,-0.953125,11.1796875,0,1,0,3,2210,0.5093514328808446,0.9457013574660633,0.7660633484162896,0.7493212669683258,0.7493212669683258,0.7493212669683258,0.7576923076923077,0.7576923076923077,0.9995475113122172,2.306334841628959,1,3,0.00045248868778280545,dynamic
max,3,-3.419921875,4.8372436523437505,-0.953125,11.1796875,0,1,0,5,2210,0.4600678733031674,0.9561085972850679,0.7115537240537241,0.7493212669683258,0.7493212669683258,0.7493212669683258,0.7304374955110249,0.7304374955110249,0.9995475113122172,3.1226244343891403,1,5,0.00045248868778280545,dynamic
max,3,-3.419921875,4.8372436523437505,-0.953125,11.1796875,0,1,0,7,2210,0.44548480930833867,0.9583710407239819,0.6863880400645106,0.7493212669683258,0.7493212669683258,0.7493212669683258,0.7178546535164182,0.7178546535164182,0.9995475113122172,3.6800904977375564,1,7,0.00045248868778280545,dynamic
max,3,-3.419921875,4.8372436523437505,-0.953125,11.1796875,0,1,0,10,2210,0.43825791855203616,0.96289592760181,0.6706786363460572,0.7493212669683258,0.7493212669683258,0.7493212669683258,0.7099999516571915,0.7099999516571915,0.9995475113122172,4.262443438914027,1,10,0.00045248868778280545,dynamic
max,3,-3.419921875,4.8372436523437505,-0.953125,11.1796875,0,1,1,1,2210,0.8846153846153846,0.8846153846153846,0.8846153846153846,0.7493212669683258,0.7493212669683258,0.7493212669683258,0.8169683257918552,0.8169683257918552,0.9995475113122172,1,1,1,0.0,dynamic
max,3,-3.419921875,4.8372436523437505,-0.953125,11.1796875,0,1,1,2,2210,0.5907239819004525,0.9289592760180996,0.8162141779788837,0.7493212669683258,0.7493212669683258,0.7493212669683258,0.7827677224736047,0.7827677224736047,0.9995475113122172,1.7321266968325792,1,2,0.0,dynamic
max,3,-3.419921875,4.8372436523437505,-0.953125,11.1796875,0,1,1,3,2210,0.5093514328808446,0.9457013574660633,0.7660633484162896,0.7493212669683258,0.7493212669683258,0.7493212669683258,0.7576923076923077,0.7576923076923077,0.9995475113122172,2.306787330316742,1,3,0.0,dynamic
max,3,-3.419921875,4.8372436523437505,-0.953125,11.1796875,0,1,1,5,2210,0.4600678733031674,0.9561085972850679,0.7115537240537241,0.7493212669683258,0.7493212669683258,0.7493212669683258,0.7304374955110249,0.7304374955110249,0.9995475113122172,3.123076923076923,1,5,0.0,dynamic
max,3,-3.419921875,4.8372436523437505,-0.953125,11.1796875,0,1,1,7,2210,0.44548480930833867,0.9583710407239819,0.6863880400645106,0.7493212669683258,0.7493212669683258,0.7493212669683258,0.7178546535164182,0.7178546535164182,0.9995475113122172,3.680542986425339,1,7,0.0,dynamic
max,3,-3.419921875,4.8372436523437505,-0.953125,11.1796875,0,1,1,10,2210,0.43825791855203616,0.96289592760181,0.6706786363460572,0.7493212669683258,0.7493212669683258,0.7493212669683258,0.7099999516571915,0.7099999516571915,0.9995475113122172,4.26289592760181,1,10,0.0,dynamic
max,3,-3.419921875,4.8372436523437505,-0.953125,13.55078125,0,1,0,1,2210,0.8846153846153846,0.8846153846153846,0.8846153846153846,0.7493212669683258,0.7493212669683258,0.7493212669683258,0.8169683257918552,0.8169683257918552,0.9995475113122172,0.9995475113122172,1,1,0.00045248868778280545,dynamic
max,3,-3.419921875,4.8372436523437505,-0.953125,13.55078125,0,1,0,2,2210,0.5907239819004525,0.9289592760180996,0.8162141779788837,0.7493212669683258,0.7493212669683258,0.7493212669683258,0.7827677224736047,0.7827677224736047,0.9995475113122172,1.7316742081447964,1,2,0.00045248868778280545,dynamic
max,3,-3.419921875,4.8372436523437505,-0.953125,13.55078125,0,1,0,3,2210,0.5093514328808446,0.9457013574660633,0.7660633484162896,0.7493212669683258,0.7493212669683258,0.7493212669683258,0.7576923076923077,0.7576923076923077,0.9995475113122172,2.306334841628959,1,3,0.00045248868778280545,dynamic
max,3,-3.419921875,4.8372436523437505,-0.953125,13.55078125,0,1,0,5,2210,0.4600678733031674,0.9561085972850679,0.7115537240537241,0.7493212669683258,0.7493212669683258,0.7493212669683258,0.7304374955110249,0.7304374955110249,0.9995475113122172,3.1226244343891403,1,5,0.00045248868778280545,dynamic
max,3,-3.419921875,4.8372436523437505,-0.953125,13.55078125,0,1,0,7,2210,0.44548480930833867,0.9583710407239819,0.6863880400645106,0.7493212669683258,0.7493212669683258,0.7493212669683258,0.7178546535164182,0.7178546535164182,0.9995475113122172,3.6800904977375564,1,7,0.00045248868778280545,dynamic
max,3,-3.419921875,4.8372436523437505,-0.953125,13.55078125,0,1,0,10,2210,0.43825791855203616,0.96289592760181,0.6706786363460572,0.7493212669683258,0.7493212669683258,0.7493212669683258,0.7099999516571915,0.7099999516571915,0.9995475113122172,4.262443438914027,1,10,0.00045248868778280545,dynamic
max,3,-3.419921875,4.8372436523437505,-0.953125,13.55078125,0,1,1,1,2210,0.8846153846153846,0.8846153846153846,0.8846153846153846,0.7493212669683258,0.7493212669683258,0.7493212669683258,0.8169683257918552,0.8169683257918552,0.9995475113122172,1,1,1,0.0,dynamic
max,3,-3.419921875,4.8372436523437505,-0.953125,13.55078125,0,1,1,2,2210,0.5907239819004525,0.9289592760180996,0.8162141779788837,0.7493212669683258,0.7493212669683258,0.7493212669683258,0.7827677224736047,0.7827677224736047,0.9995475113122172,1.7321266968325792,1,2,0.0,dynamic
max,3,-3.419921875,4.8372436523437505,-0.953125,13.55078125,0,1,1,3,2210,0.5093514328808446,0.9457013574660633,0.7660633484162896,0.7493212669683258,0.7493212669683258,0.7493212669683258,0.7576923076923077,0.7576923076923077,0.9995475113122172,2.306787330316742,1,3,0.0,dynamic
max,3,-3.419921875,4.8372436523437505,-0.953125,13.55078125,0,1,1,5,2210,0.4600678733031674,0.9561085972850679,0.7115537240537241,0.7493212669683258,0.7493212669683258,0.7493212669683258,0.7304374955110249,0.7304374955110249,0.9995475113122172,3.123076923076923,1,5,0.0,dynamic
max,3,-3.419921875,4.8372436523437505,-0.953125,13.55078125,0,1,1,7,2210,0.44548480930833867,0.9583710407239819,0.6863880400645106,0.7493212669683258,0.7493212669683258,0.7493212669683258,0.7178546535164182,0.7178546535164182,0.9995475113122172,3.680542986425339,1,7,0.0,dynamic
max,3,-3.419921875,4.8372436523437505,-0.953125,13.55078125,0,1,1,10,2210,0.43825791855203616,0.96289592760181,0.6706786363460572,0.7493212669683258,0.7493212669683258,0.7493212669683258,0.7099999516571915,0.7099999516571915,0.9995475113122172,4.26289592760181,1,10,0.0,dynamic
max,3,-8.2421875,4.8372436523437505,-12.046875,20.6796875,0,1,1,10,2210,0.09778280542986424,0.9778280542986425,0.34922430510665803,0.7493212669683258,0.7493212669683258,0.7493212669683258,0.549272786037492,0.549272786037492,1,10,1,10,0.0,chunk_search
max,3,-8.2421875,4.8372436523437505,-12.046875,20.6796875,0,2,1,10,2210,0.09778280542986424,0.9778280542986425,0.34922430510665803,0.5115384615384615,0.8271493212669683,0.721945701357466,0.535585003232062,0.535585003232062,1.8009049773755657,10,2,10,0.0,chunk_search
max,3,-8.2421875,4.8372436523437505,-12.046875,20.6796875,0,3,1,10,2210,0.09778280542986424,0.9778280542986425,0.34922430510665803,0.44087481146304675,0.8565610859728506,0.685477267830209,0.5173507864684335,0.5173507864684335,2.4506787330316744,10,3,10,0.0,chunk_search
max,3,-8.2421875,4.8372436523437505,-12.046875,20.6796875,0,4,1,10,2210,0.09778280542986424,0.9778280542986425,0.34922430510665803,0.41150075414781295,0.8714932126696833,0.6593379659556129,0.5042811355311354,0.5042811355311354,2.9778280542986426,10,4,10,0.0,chunk_search
max,3,-8.2421875,4.8372436523437505,-12.046875,20.6796875,0,5,1,10,2210,0.09778280542986424,0.9778280542986425,0.34922430510665803,0.39625188536953243,0.8800904977375565,0.6405471162824105,0.49488571069453424,0.49488571069453424,3.4262443438914025,10,5,10,0.0,chunk_search
max,3,-8.2421875,4.8372436523437505,-12.046875,20.6796875,0,7,1,10,2210,0.09778280542986424,0.9778280542986425,0.34922430510665803,0.3819790993320405,0.888235294117647,0.6171456811162693,0.4831849931114637,0.4831849931114637,4.150226244343892,10,7,10,0.0,chunk_search
max,3,-8.2421875,4.8372436523437505,-12.046875,20.6796875,0,10,1,10,2210,0.09778280542986424,0.9778280542986425,0.34922430510665803,0.3746310062486533,0.8963800904977376,0.6016206706817566,0.4754224878942073,0.4754224878942073,4.955656108597285,10,10,10,0.0,chunk_search
max,3,-8.2421875,4.8372436523437505,-12.046875,20.6796875,0,15,1,10,2210,0.09778280542986424,0.9778280542986425,0.34922430510665803,0.3721218110697749,0.9027149321266968,0.5951970362919048,0.4722106706992814,0.4722106706992814,5.501357466063348,10,15,10,0.0,chunk_search
max,3,-8.2421875,4.8372436523437505,-12.046875,20.6796875,0,20,1,10,2210,0.09778280542986424,0.9778280542986425,0.34922430510665803,0.37149069755299524,0.9031674208144796,0.5932390588853673,0.4712316819960127,0.4712316819960127,5.696380090497738,10,16,10,0.0,chunk_search
max,3,-8.2421875,4.8372436523437505,-12.046875,20.6796875,1,1,1,10,2210,0.09778280542986424,0.9778280542986425,0.34922430510665803,0.7493212669683258,0.7493212669683258,0.7493212669683258,0.549272786037492,0.549272786037492,1,10,1,10,0.0,chunk_search
max,3,-8.2421875,4.8372436523437505,-12.046875,20.6796875,1,2,1,10,2210,0.09778280542986424,0.9778280542986425,0.34922430510665803,0.5115384615384615,0.8271493212669683,0.721945701357466,0.535585003232062,0.535585003232062,1.8009049773755657,10,2,10,0.0,chunk_search
max,3,-8.2421875,4.8372436523437505,-12.046875,20.6796875,1,3,1,10,2210,0.09778280542986424,0.9778280542986425,0.34922430510665803,0.44087481146304675,0.8565610859728506,0.685477267830209,0.5173507864684335,0.5173507864684335,2.4506787330316744,10,3,10,0.0,chunk_search
max,3,-8.2421875,4.8372436523437505,-12.046875,20.6796875,1,4,1,10,2210,0.09778280542986424,0.9778280542986425,0.34922430510665803,0.41150075414781295,0.8714932126696833,0.6593379659556129,0.5042811355311354,0.5042811355311354,2.9778280542986426,10,4,10,0.0,chunk_search
max,3,-8.2421875,4.8372436523437505,-12.046875,20.6796875,1,5,1,10,2210,0.09778280542986424,0.9778280542986425,0.34922430510665803,0.39625188536953243,0.8800904977375565,0.6405471162824105,0.49488571069453424,0.49488571069453424,3.4262443438914025,10,5,10,0.0,chunk_search
max,3,-8.2421875,4.8372436523437505,-12.046875,20.6796875,1,7,1,10,2210,0.09778280542986424,0.9778280542986425,0.34922430510665803,0.3819790993320405,0.888235294117647,0.6171456811162693,0.4831849931114637,0.4831849931114637,4.150226244343892,10,7,10,0.0,chunk_search
max,3,-8.2421875,4.8372436523437505,-12.046875,20.6796875,1,10,1,10,2210,0.09778280542986424,0.9778280542986425,0.34922430510665803,0.3746310062486533,0.8963800904977376,0.6016206706817566,0.4754224878942073,0.4754224878942073,4.955656108597285,10,10,10,0.0,chunk_search
max,3,-8.2421875,4.8372436523437505,-12.046875,20.6796875,1,15,1,10,2210,0.09778280542986424,0.9778280542986425,0.34922430510665803,0.3721218110697749,0.9027149321266968,0.5951970362919048,0.4722106706992814,0.4722106706992814,5.501357466063348,10,15,10,0.0,chunk_search
max,3,-8.2421875,4.8372436523437505,-12.046875,20.6796875,1,20,1,10,2210,0.09778280542986424,0.9778280542986425,0.34922430510665803,0.37149069755299524,0.9031674208144796,0.5932390588853673,0.4712316819960127,0.4712316819960127,5.696380090497738,10,16,10,0.0,chunk_search
max,3,-8.2421875,7.744653320312498,-12.046875,20.6796875,0,1,1,10,2210,0.09778280542986424,0.9778280542986425,0.34922430510665803,0.7493212669683258,0.7493212669683258,0.7493212669683258,0.549272786037492,0.549272786037492,1,10,1,10,0.0,chunk_search
max,3,-8.2421875,7.744653320312498,-12.046875,20.6796875,0,2,1,10,2210,0.09778280542986424,0.9778280542986425,0.34922430510665803,0.4257918552036199,0.8285067873303168,0.6942684766214178,0.5217463908640378,0.5217463908640378,1.9764705882352942,10,2,10,0.0,chunk_search
max,3,-8.2421875,7.744653320312498,-12.046875,20.6796875,0,3,1,10,2210,0.09778280542986424,0.9778280542986425,0.34922430510665803,0.3070889894419306,0.8588235294117647,0.6239172592113769,0.48657078215901745,0.48657078215901745,2.920361990950226,10,3,10,0.0,chunk_search
max,3,-8.2421875,7.744653320312498,-12.046875,20.6796875,0,4,1,10,2210,0.09778280542986424,0.9778280542986425,0.34922430510665803,0.24694570135746607,0.8755656108597285,0.5654573367808662,0.4573408209437621,0.4573408209437621,3.833031674208145,10,4,10,0.0,chunk_search
max,3,-8.2421875,7.744653320312498,-12.046875,20.6796875,0,5,1,10,2210,0.09778280542986424,0.9778280542986425,0.34922430510665803,0.21133484162895927,0.885972850678733,0.5188887093298857,0.4340565072182719,0.4340565072182719,4.709954751131222,10,5,10,0.0,chunk_search
max,3,-8.2421875,7.744653320312498,-12.046875,20.6796875,0,7,1,10,2210,0.09778280542986424,0.9778280542986425,0.34922430510665803,0.17184981684981682,0.8959276018099548,0.4512233681351328,0.40022383662089545,0.40022383662089545,6.359276018099547,10,7,10,0.0,chunk_search
max,3,-8.2421875,7.744653320312498,-12.046875,20.6796875,0,10,1,10,2210,0.09778280542986424,0.9778280542986425,0.34922430510665803,0.1454181929181929,0.9058823529411765,0.3926136143896325,0.37091895974814526,0.37091895974814526,8.567420814479638,10,10,10,0.0,chunk_search
max,3,-8.2421875,7.744653320312498,-12.046875,20.6796875,0,15,1,10,2210,0.09778280542986424,0.9778280542986425,0.34922430510665803,0.1326026675687309,0.9135746606334841,0.35758167790304296,0.3534029915048505,0.3534029915048505,10.690045248868778,10,15,10,0.0,chunk_search
max,3,-8.2421875,7.744653320312498,-12.046875,20.6796875,0,20,1,10,2210,0.09778280542986424,0.9778280542986425,0.34922430510665803,0.12921934804739535,0.9144796380090497,0.34687162454974135,0.34804796482819966,0.34804796482819966,11.649773755656108,10,20,10,0.0,chunk_search
max,3,-8.2421875,7.744653320312498,-12.046875,20.6796875,1,1,1,10,2210,0.09778280542986424,0.9778280542986425,0.34922430510665803,0.7493212669683258,0.7493212669683258,0.7493212669683258,0.549272786037492,0.549272786037492,1,10,1,10,0.0,chunk_search
max,3,-8.2421875,7.744653320312498,-12.046875,20.6796875,1,2,1,10,2210,0.09778280542986424,0.9778280542986425,0.34922430510665803,0.4257918552036199,0.8285067873303168,0.6942684766214178,0.5217463908640378,0.5217463908640378,1.9764705882352942,10,2,10,0.0,chunk_search
max,3,-8.2421875,7.744653320312498,-12.046875,20.6796875,1,3,1,10,2210,0.09778280542986424,0.9778280542986425,0.34922430510665803,0.3070889894419306,0.8588235294117647,0.6239172592113769,0.48657078215901745,0.48657078215901745,2.920361990950226,10,3,10,0.0,chunk_search
max,3,-8.2421875,7.744653320312498,-12.046875,20.6796875,1,4,1,10,2210,0.09778280542986424,0.9778280542986425,0.34922430510665803,0.24694570135746607,0.8755656108597285,0.5654573367808662,0.4573408209437621,0.4573408209437621,3.833031674208145,10,4,10,0.0,chunk_search
max,3,-8.2421875,7.744653320312498,-12.046875,20.6796875,1,5,1,10,2210,0.09778280542986424,0.9778280542986425,0.34922430510665803,0.21133484162895927,0.885972850678733,0.5188887093298857,0.4340565072182719,0.4340565072182719,4.709954751131222,10,5,10,0.0,chunk_search
max,3,-8.2421875,7.744653320312498,-12.046875,20.6796875,1,7,1,10,2210,0.09778280542986424,0.9778280542986425,0.34922430510665803,0.17184981684981682,0.8959276018099548,0.4512233681351328,0.40022383662089545,0.40022383662089545,6.359276018099547,10,7,10,0.0,chunk_search
max,3,-8.2421875,7.744653320312498,-12.046875,20.6796875,1,10,1,10,2210,0.09778280542986424,0.9778280542986425,0.34922430510665803,0.1454181929181929,0.9058823529411765,0.3926136143896325,0.37091895974814526,0.37091895974814526,8.567420814479638,10,10,10,0.0,chunk_search
max,3,-8.2421875,7.744653320312498,-12.046875,20.6796875,1,15,1,10,2210,0.09778280542986424,0.9778280542986425,0.34922430510665803,0.1326026675687309,0.9135746606334841,0.35758167790304296,0.3534029915048505,0.3534029915048505,10.690045248868778,10,15,10,0.0,chunk_search
max,3,-8.2421875,7.744653320312498,-12.046875,20.6796875,1,20,1,10,2210,0.09778280542986424,0.9778280542986425,0.34922430510665803,0.12921934804739535,0.9144796380090497,0.34687162454974135,0.34804796482819966,0.34804796482819966,11.649773755656108,10,20,10,0.0,chunk_search
max,3,-8.2421875,9.521484375,-12.046875,20.6796875,0,1,1,10,2210,0.09778280542986424,0.9778280542986425,0.34922430510665803,0.7493212669683258,0.7493212669683258,0.7493212669683258,0.549272786037492,0.549272786037492,1,10,1,10,0.0,chunk_search
max,3,-8.2421875,9.521484375,-12.046875,20.6796875,0,2,1,10,2210,0.09778280542986424,0.9778280542986425,0.34922430510665803,0.4165158371040724,0.8285067873303168,0.6911764705882353,0.5202003878474466,0.5202003878474466,1.995475113122172,10,2,10,0.0,chunk_search
max,3,-8.2421875,9.521484375,-12.046875,20.6796875,0,3,1,10,2210,0.09778280542986424,0.9778280542986425,0.34922430510665803,0.2904223227752639,0.8588235294117647,0.615546218487395,0.4823852617970265,0.4823852617970265,2.984162895927602,10,3,10,0.0,chunk_search
max,3,-8.2421875,9.521484375,-12.046875,20.6796875,0,4,1,10,2210,0.09778280542986424,0.9778280542986425,0.34922430510665803,0.22454751131221717,0.8755656108597285,0.5509453781512605,0.4500848416289593,0.4500848416289593,3.9660633484162897,10,4,10,0.0,chunk_search
max,3,-8.2421875,9.521484375,-12.046875,20.6796875,0,5,1,10,2210,0.09778280542986424,0.9778280542986425,0.34922430510665803,0.18425339366515833,0.885972850678733,0.4978722258134022,0.4235482654600301,0.4235482654600301,4.937556561085973,10,5,10,0.0,chunk_search
max,3,-8.2421875,9.521484375,-12.046875,20.6796875,0,7,1,10,2210,0.09778280542986424,0.9778280542986425,0.34922430510665803,0.13771816418875238,0.8959276018099548,0.4176651779592956,0.3834447415329768,0.3834447415329768,6.840271493212669,10,7,10,0.0,chunk_search
max,3,-8.2421875,9.521484375,-12.046875,20.6796875,0,10,1,10,2210,0.09778280542986424,0.9778280542986425,0.34922430510665803,0.10363876319758672,0.9058823529411765,0.34156687957592935,0.3453955923412937,0.3453955923412937,9.599095022624434,10,10,10,0.0,chunk_search
max,3,-8.2421875,9.521484375,-12.046875,20.6796875,0,15,1,10,2210,0.09778280542986424,0.9778280542986425,0.34922430510665803,0.08436880992310856,0.9140271493212669,0.2884805674532395,0.31885243627994875,0.31885243627994875,12.688235294117646,10,15,10,0.0,chunk_search
max,3,-8.2421875,9.521484375,-12.046875,20.6796875,0,20,1,10,2210,0.09778280542986424,0.9778280542986425,0.34922430510665803,0.07859804656186498,0.9149321266968325,0.2701037980809676,0.30966405159381283,0.30966405159381283,14.30950226244344,10,20,10,0.0,chunk_search
max,3,-8.2421875,9.521484375,-12.046875,20.6796875,1,1,1,10,2210,0.09778280542986424,0.9778280542986425,0.34922430510665803,0.7493212669683258,0.7493212669683258,0.7493212669683258,0.549272786037492,0.549272786037492,1,10,1,10,0.0,chunk_search
max,3,-8.2421875,9.521484375,-12.046875,20.6796875,1,2,1,10,2210,0.09778280542986424,0.9778280542986425,0.34922430510665803,0.4165158371040724,0.8285067873303168,0.6911764705882353,0.5202003878474466,0.5202003878474466,1.995475113122172,10,2,10,0.0,chunk_search
max,3,-8.2421875,9.521484375,-12.046875,20.6796875,1,3,1,10,2210,0.09778280542986424,0.9778280542986425,0.34922430510665803,0.2904223227752639,0.8588235294117647,0.615546218487395,0.4823852617970265,0.4823852617970265,2.984162895927602,10,3,10,0.0,chunk_search
max,3,-8.2421875,9.521484375,-12.046875,20.6796875,1,4,1,10,2210,0.09778280542986424,0.9778280542986425,0.34922430510665803,0.22454751131221717,0.8755656108597285,0.5509453781512605,0.4500848416289593,0.4500848416289593,3.9660633484162897,10,4,10,0.0,chunk_search
max,3,-8.2421875,9.521484375,-12.046875,20.6796875,1,5,1,10,2210,0.09778280542986424,0.9778280542986425,0.34922430510665803,0.18425339366515833,0.885972850678733,0.4978722258134022,0.4235482654600301,0.4235482654600301,4.937556561085973,10,5,10,0.0,chunk_search
max,3,-8.2421875,9.521484375,-12.046875,20.6796875,1,7,1,10,2210,0.09778280542986424,0.9778280542986425,0.34922430510665803,0.13771816418875238,0.8959276018099548,0.4176651779592956,0.3834447415329768,0.3834447415329768,6.840271493212669,10,7,10,0.0,chunk_search
max,3,-8.2421875,9.521484375,-12.046875,20.6796875,1,10,1,10,2210,0.09778280542986424,0.9778280542986425,0.34922430510665803,0.10363876319758672,0.9058823529411765,0.34156687957592935,0.3453955923412937,0.3453955923412937,9.599095022624434,10,10,10,0.0,chunk_search
max,3,-8.2421875,9.521484375,-12.046875,20.6796875,1,15,1,10,2210,0.09778280542986424,0.9778280542986425,0.34922430510665803,0.08436880992310856,0.9140271493212669,0.2884805674532395,0.31885243627994875,0.31885243627994875,12.688235294117646,10,15,10,0.0,chunk_search
max,3,-8.2421875,9.521484375,-12.046875,20.6796875,1,20,1,10,2210,0.09778280542986424,0.9778280542986425,0.34922430510665803,0.07859804656186498,0.9149321266968325,0.2701037980809676,0.30966405159381283,0.30966405159381283,14.30950226244344,10,20,10,0.0,chunk_search
max,3,-8.2421875,11.1796875,-12.046875,20.6796875,0,1,1,10,2210,0.09778280542986424,0.9778280542986425,0.34922430510665803,0.7493212669683258,0.7493212669683258,0.7493212669683258,0.549272786037492,0.549272786037492,1,10,1,10,0.0,chunk_search
max,3,-8.2421875,11.1796875,-12.046875,20.6796875,0,2,1,10,2210,0.09778280542986424,0.9778280542986425,0.34922430510665803,0.4144796380090498,0.8285067873303168,0.6904977375565611,0.5198610213316095,0.5198610213316095,1.9995475113122172,10,2,10,0.0,chunk_search
max,3,-8.2421875,11.1796875,-12.046875,20.6796875,0,3,1,10,2210,0.09778280542986424,0.9778280542986425,0.34922430510665803,0.2866515837104072,0.8588235294117647,0.6136285283344107,0.4814264167205344,0.4814264167205344,2.9986425339366516,10,3,10,0.0,chunk_search
max,3,-8.2421875,11.1796875,-12.046875,20.6796875,0,4,1,10,2210,0.09778280542986424,0.9778280542986425,0.34922430510665803,0.2196078431372549,0.8755656108597285,0.5477752639517346,0.4484997845291963,0.4484997845291963,3.9945701357466064,10,4,10,0.0,chunk_search
max,3,-8.2421875,11.1796875,-12.046875,20.6796875,0,5,1,10,2210,0.09778280542986424,0.9778280542986425,0.34922430510665803,0.17827300150829564,0.8864253393665158,0.4933823529411765,0.42130332902391726,0.42130332902391726,4.989140271493213,10,5,10,0.0,chunk_search
max,3,-8.2421875,11.1796875,-12.046875,20.6796875,0,7,1,10,2210,0.09778280542986424,0.9778280542986425,0.34922430510665803,0.12954643395819865,0.8963800904977376,0.4092697335344394,0.3792470193205487,0.3792470193205487,6.970135746606335,10,7,10,0.0,chunk_search
max,3,-8.2421875,11.1796875,-12.046875,20.6796875,0,10,1,10,2210,0.09778280542986424,0.9778280542986425,0.34922430510665803,0.09282518135459311,0.9063348416289593,0.32712789347404736,0.3381760992903527,0.3381760992903527,9.91764705882353,10,10,10,0.0,chunk_search
max,3,-8.2421875,11.1796875,-12.046875,20.6796875,0,15,1,10,2210,0.09778280542986424,0.9778280542986425,0.34922430510665803,0.07103363202910715,0.9144796380090497,0.26694891178372887,0.3080866084451934,0.3080866084451934,13.382352941176471,10,15,10,0.0,chunk_search
max,3,-8.2421875,11.1796875,-12.046875,20.6796875,0,20,1,10,2210,0.09778280542986424,0.9778280542986425,0.34922430510665803,0.06411519751816111,0.9153846153846154,0.24488042479873823,0.29705236495269816,0.29705236495269816,15.315384615384616,10,20,10,0.0,chunk_search
max,3,-8.2421875,11.1796875,-12.046875,20.6796875,1,1,1,10,2210,0.09778280542986424,0.9778280542986425,0.34922430510665803,0.7493212669683258,0.7493212669683258,0.7493212669683258,0.549272786037492,0.549272786037492,1,10,1,10,0.0,chunk_search
max,3,-8.2421875,11.1796875,-12.046875,20.6796875,1,2,1,10,2210,0.09778280542986424,0.9778280542986425,0.34922430510665803,0.4144796380090498,0.8285067873303168,0.6904977375565611,0.5198610213316095,0.5198610213316095,1.9995475113122172,10,2,10,0.0,chunk_search
max,3,-8.2421875,11.1796875,-12.046875,20.6796875,1,3,1,10,2210,0.09778280542986424,0.9778280542986425,0.34922430510665803,0.2866515837104072,0.8588235294117647,0.6136285283344107,0.4814264167205344,0.4814264167205344,2.9986425339366516,10,3,10,0.0,chunk_search
max,3,-8.2421875,11.1796875,-12.046875,20.6796875,1,4,1,10,2210,0.09778280542986424,0.9778280542986425,0.34922430510665803,0.2196078431372549,0.8755656108597285,0.5477752639517346,0.4484997845291963,0.4484997845291963,3.9945701357466064,10,4,10,0.0,chunk_search
max,3,-8.2421875,11.1796875,-12.046875,20.6796875,1,5,1,10,2210,0.09778280542986424,0.9778280542986425,0.34922430510665803,0.17827300150829564,0.8864253393665158,0.4933823529411765,0.42130332902391726,0.42130332902391726,4.989140271493213,10,5,10,0.0,chunk_search
max,3,-8.2421875,11.1796875,-12.046875,20.6796875,1,7,1,10,2210,0.09778280542986424,0.9778280542986425,0.34922430510665803,0.12954643395819865,0.8963800904977376,0.4092697335344394,0.3792470193205487,0.3792470193205487,6.970135746606335,10,7,10,0.0,chunk_search
max,3,-8.2421875,11.1796875,-12.046875,20.6796875,1,10,1,10,2210,0.09778280542986424,0.9778280542986425,0.34922430510665803,0.09282518135459311,0.9063348416289593,0.32712789347404736,0.3381760992903527,0.3381760992903527,9.91764705882353,10,10,10,0.0,chunk_search
max,3,-8.2421875,11.1796875,-12.046875,20.6796875,1,15,1,10,2210,0.09778280542986424,0.9778280542986425,0.34922430510665803,0.07103363202910715,0.9144796380090497,0.26694891178372887,0.3080866084451934,0.3080866084451934,13.382352941176471,10,15,10,0.0,chunk_search
max,3,-8.2421875,11.1796875,-12.046875,20.6796875,1,20,1,10,2210,0.09778280542986424,0.9778280542986425,0.34922430510665803,0.06411519751816111,0.9153846153846154,0.24488042479873823,0.29705236495269816,0.29705236495269816,15.315384615384616,10,20,10,0.0,chunk_search
max,3,-8.2421875,13.55078125,-12.046875,20.6796875,0,1,1,10,2210,0.09778280542986424,0.9778280542986425,0.34922430510665803,0.7493212669683258,0.7493212669683258,0.7493212669683258,0.549272786037492,0.549272786037492,1,10,1,10,0.0,chunk_search
max,3,-8.2421875,13.55078125,-12.046875,20.6796875,0,2,1,10,2210,0.09778280542986424,0.9778280542986425,0.34922430510665803,0.4142533936651584,0.8285067873303168,0.690422322775264,0.519823313940961,0.519823313940961,2,10,2,10,0.0,chunk_search
max,3,-8.2421875,13.55078125,-12.046875,20.6796875,0,3,1,10,2210,0.09778280542986424,0.9778280542986425,0.34922430510665803,0.28627450980392155,0.8588235294117647,0.6134453781512605,0.4813348416289593,0.4813348416289593,3,10,3,10,0.0,chunk_search
max,3,-8.2421875,13.55078125,-12.046875,20.6796875,0,4,1,10,2210,0.09778280542986424,0.9778280542986425,0.34922430510665803,0.21889140271493213,0.8755656108597285,0.5472285067873304,0.4482264059469942,0.4482264059469942,4,10,4,10,0.0,chunk_search
max,3,-8.2421875,13.55078125,-12.046875,20.6796875,0,5,1,10,2210,0.09778280542986424,0.9778280542986425,0.34922430510665803,0.17728506787330314,0.8864253393665158,0.49245852187028644,0.42084141348847226,0.42084141348847226,5,10,5,10,0.0,chunk_search
max,3,-8.2421875,13.55078125,-12.046875,20.6796875,0,7,1,10,2210,0.09778280542986424,0.9778280542986425,0.34922430510665803,0.12808015513897866,0.8963800904977376,0.4074912016088486,0.37835775335775335,0.37835775335775335,6.998190045248869,10,7,10,0.0,chunk_search
max,3,-8.2421875,13.55078125,-12.046875,20.6796875,0,10,1,10,2210,0.09778280542986424,0.9778280542986425,0.34922430510665803,0.09073691014867484,0.9063348416289593,0.32391301508948567,0.33656866009807185,0.33656866009807185,9.991402714932127,10,10,10,0.0,chunk_search
max,3,-8.2421875,13.55078125,-12.046875,20.6796875,0,15,1,10,2210,0.09778280542986424,0.9778280542986425,0.34922430510665803,0.0680620134013799,0.9144796380090497,0.26123585205947253,0.3052300785830653,0.3052300785830653,13.590045248868778,10,15,10,0.0,chunk_search
max,3,-8.2421875,13.55078125,-12.046875,20.6796875,0,20,1,10,2210,0.09778280542986424,0.9778280542986425,0.34922430510665803,0.060735774696206446,0.9153846153846154,0.23784954122754914,0.29353692316710356,0.29353692316710356,15.635746606334841,10,20,10,0.0,chunk_search
max,3,-8.2421875,13.55078125,-12.046875,20.6796875,1,1,1,10,2210,0.09778280542986424,0.9778280542986425,0.34922430510665803,0.7493212669683258,0.7493212669683258,0.7493212669683258,0.549272786037492,0.549272786037492,1,10,1,10,0.0,chunk_search
max,3,-8.2421875,13.55078125,-12.046875,20.6796875,1,2,1,10,2210,0.09778280542986424,0.9778280542986425,0.34922430510665803,0.4142533936651584,0.8285067873303168,0.690422322775264,0.519823313940961,0.519823313940961,2,10,2,10,0.0,chunk_search
max,3,-8.2421875,13.55078125,-12.046875,20.6796875,1,3,1,10,2210,0.09778280542986424,0.9778280542986425,0.34922430510665803,0.28627450980392155,0.8588235294117647,0.6134453781512605,0.4813348416289593,0.4813348416289593,3,10,3,10,0.0,chunk_search
max,3,-8.2421875,13.55078125,-12.046875,20.6796875,1,4,1,10,2210,0.09778280542986424,0.9778280542986425,0.34922430510665803,0.21889140271493213,0.8755656108597285,0.5472285067873304,0.4482264059469942,0.4482264059469942,4,10,4,10,0.0,chunk_search
max,3,-8.2421875,13.55078125,-12.046875,20.6796875,1,5,1,10,2210,0.09778280542986424,0.9778280542986425,0.34922430510665803,0.17728506787330314,0.8864253393665158,0.49245852187028644,0.42084141348847226,0.42084141348847226,5,10,5,10,0.0,chunk_search
max,3,-8.2421875,13.55078125,-12.046875,20.6796875,1,7,1,10,2210,0.09778280542986424,0.9778280542986425,0.34922430510665803,0.12808015513897866,0.8963800904977376,0.4074912016088486,0.37835775335775335,0.37835775335775335,6.998190045248869,10,7,10,0.0,chunk_search
max,3,-8.2421875,13.55078125,-12.046875,20.6796875,1,10,1,10,2210,0.09778280542986424,0.9778280542986425,0.34922430510665803,0.09073691014867484,0.9063348416289593,0.32391301508948567,0.33656866009807185,0.33656866009807185,9.991402714932127,10,10,10,0.0,chunk_search
max,3,-8.2421875,13.55078125,-12.046875,20.6796875,1,15,1,10,2210,0.09778280542986424,0.9778280542986425,0.34922430510665803,0.0680620134013799,0.9144796380090497,0.26123585205947253,0.3052300785830653,0.3052300785830653,13.590045248868778,10,15,10,0.0,chunk_search
max,3,-8.2421875,13.55078125,-12.046875,20.6796875,1,20,1,10,2210,0.09778280542986424,0.9778280542986425,0.34922430510665803,0.060735774696206446,0.9153846153846154,0.23784954122754914,0.29353692316710356,0.29353692316710356,15.635746606334841,10,20,10,0.0,chunk_search
max,3,-6.26953125,4.8372436523437505,-12.046875,20.6796875,0,1,1,10,2210,0.09778280542986424,0.9778280542986425,0.34922430510665803,0.7493212669683258,0.7493212669683258,0.7493212669683258,0.549272786037492,0.549272786037492,1,10,1,10,0.0,chunk_search
max,3,-6.26953125,4.8372436523437505,-12.046875,20.6796875,0,2,1,10,2210,0.09778280542986424,0.9778280542986425,0.34922430510665803,0.5115384615384615,0.8271493212669683,0.721945701357466,0.535585003232062,0.535585003232062,1.8009049773755657,10,2,10,0.0,chunk_search
max,3,-6.26953125,4.8372436523437505,-12.046875,20.6796875,0,3,1,10,2210,0.09778280542986424,0.9778280542986425,0.34922430510665803,0.44087481146304675,0.8565610859728506,0.685477267830209,0.5173507864684335,0.5173507864684335,2.4506787330316744,10,3,10,0.0,chunk_search
max,3,-6.26953125,4.8372436523437505,-12.046875,20.6796875,0,4,1,10,2210,0.09778280542986424,0.9778280542986425,0.34922430510665803,0.41150075414781295,0.8714932126696833,0.6593379659556129,0.5042811355311354,0.5042811355311354,2.9778280542986426,10,4,10,0.0,chunk_search
max,3,-6.26953125,4.8372436523437505,-12.046875,20.6796875,0,5,1,10,2210,0.09778280542986424,0.9778280542986425,0.34922430510665803,0.39625188536953243,0.8800904977375565,0.6405471162824105,0.49488571069453424,0.49488571069453424,3.4262443438914025,10,5,10,0.0,chunk_search
max,3,-6.26953125,4.8372436523437505,-12.046875,20.6796875,0,7,1,10,2210,0.09778280542986424,0.9778280542986425,0.34922430510665803,0.3820006464124111,0.888235294117647,0.6171868164515224,0.4832055607790902,0.4832055607790902,4.149321266968326,10,7,10,0.0,chunk_search
max,3,-6.26953125,4.8372436523437505,-12.046875,20.6796875,0,10,1,10,2210,0.09778280542986424,0.9778280542986425,0.34922430510665803,0.374691338073691,0.8963800904977376,0.6017499531639803,0.47548712913531915,0.47548712913531915,4.952036199095023,10,10,10,0.0,chunk_search
max,3,-6.26953125,4.8372436523437505,-12.046875,20.6796875,0,15,1,10,2210,0.09778280542986424,0.9778280542986425,0.34922430510665803,0.37219722585107196,0.9027149321266968,0.5953667195498233,0.4722955123282407,0.4722955123282407,5.495927601809955,10,15,10,0.0,chunk_search
max,3,-6.26953125,4.8372436523437505,-12.046875,20.6796875,0,20,1,10,2210,0.09778280542986424,0.9778280542986425,0.34922430510665803,0.37156611233429243,0.9031674208144796,0.5934087421432859,0.47131652362497195,0.47131652362497195,5.690950226244344,10,16,10,0.0,chunk_search
max,3,-6.26953125,4.8372436523437505,-12.046875,20.6796875,1,1,1,10,2210,0.09778280542986424,0.9778280542986425,0.34922430510665803,0.7493212669683258,0.7493212669683258,0.7493212669683258,0.549272786037492,0.549272786037492,1,10,1,10,0.0,chunk_search
max,3,-6.26953125,4.8372436523437505,-12.046875,20.6796875,1,2,1,10,2210,0.09778280542986424,0.9778280542986425,0.34922430510665803,0.5115384615384615,0.8271493212669683,0.721945701357466,0.535585003232062,0.535585003232062,1.8009049773755657,10,2,10,0.0,chunk_search
max,3,-6.26953125,4.8372436523437505,-12.046875,20.6796875,1,3,1,10,2210,0.09778280542986424,0.9778280542986425,0.34922430510665803,0.44087481146304675,0.8565610859728506,0.685477267830209,0.5173507864684335,0.5173507864684335,2.4506787330316744,10,3,10,0.0,chunk_search
max,3,-6.26953125,4.8372436523437505,-12.046875,20.6796875,1,4,1,10,2210,0.09778280542986424,0.9778280542986425,0.34922430510665803,0.41150075414781295,0.8714932126696833,0.6593379659556129,0.5042811355311354,0.5042811355311354,2.9778280542986426,10,4,10,0.0,chunk_search
max,3,-6.26953125,4.8372436523437505,-12.046875,20.6796875,1,5,1,10,2210,0.09778280542986424,0.9778280542986425,0.34922430510665803,0.39625188536953243,0.8800904977375565,0.6405471162824105,0.49488571069453424,0.49488571069453424,3.4262443438914025,10,5,10,0.0,chunk_search
max,3,-6.26953125,4.8372436523437505,-12.046875,20.6796875,1,7,1,10,2210,0.09778280542986424,0.9778280542986425,0.34922430510665803,0.3820006464124111,0.888235294117647,0.6171868164515224,0.4832055607790902,0.4832055607790902,4.149321266968326,10,7,10,0.0,chunk_search
max,3,-6.26953125,4.8372436523437505,-12.046875,20.6796875,1,10,1,10,2210,0.09778280542986424,0.9778280542986425,0.34922430510665803,0.374691338073691,0.8963800904977376,0.6017499531639803,0.47548712913531915,0.47548712913531915,4.952036199095023,10,10,10,0.0,chunk_search
max,3,-6.26953125,4.8372436523437505,-12.046875,20.6796875,1,15,1,10,2210,0.09778280542986424,0.9778280542986425,0.34922430510665803,0.37219722585107196,0.9027149321266968,0.5953667195498233,0.4722955123282407,0.4722955123282407,5.495927601809955,10,15,10,0.0,chunk_search
max,3,-6.26953125,4.8372436523437505,-12.046875,20.6796875,1,20,1,10,2210,0.09778280542986424,0.9778280542986425,0.34922430510665803,0.37156611233429243,0.9031674208144796,0.5934087421432859,0.47131652362497195,0.47131652362497195,5.690950226244344,10,16,10,0.0,chunk_search
max,3,-6.26953125,7.744653320312498,-12.046875,20.6796875,0,1,1,10,2210,0.09778280542986424,0.9778280542986425,0.34922430510665803,0.7493212669683258,0.7493212669683258,0.7493212669683258,0.549272786037492,0.549272786037492,1,10,1,10,0.0,chunk_search
max,3,-6.26953125,7.744653320312498,-12.046875,20.6796875,0,2,1,10,2210,0.09778280542986424,0.9778280542986425,0.34922430510665803,0.4260180995475113,0.8285067873303168,0.6943438914027149,0.5217840982546864,0.5217840982546864,1.9760180995475114,10,2,10,0.0,chunk_search
max,3,-6.26953125,7.744653320312498,-12.046875,20.6796875,0,3,1,10,2210,0.09778280542986424,0.9778280542986425,0.34922430510665803,0.3073906485671191,0.8588235294117647,0.6240465416936006,0.48663542340012933,0.48663542340012933,2.9190045248868777,10,3,10,0.0,chunk_search
max,3,-6.26953125,7.744653320312498,-12.046875,20.6796875,0,4,1,10,2210,0.09778280542986424,0.9778280542986425,0.34922430510665803,0.24728506787330318,0.8755656108597285,0.5656270200387847,0.4574256625727214,0.4574256625727214,3.830769230769231,10,4,10,0.0,chunk_search
max,3,-6.26953125,7.744653320312498,-12.046875,20.6796875,0,5,1,10,2210,0.09778280542986424,0.9778280542986425,0.34922430510665803,0.21174208144796378,0.885972850678733,0.5191526610644258,0.4341884830855419,0.4341884830855419,4.705882352941177,10,5,10,0.0,chunk_search
max,3,-6.26953125,7.744653320312498,-12.046875,20.6796875,0,7,1,10,2210,0.09778280542986424,0.9778280542986425,0.34922430510665803,0.1723195432018961,0.8959276018099548,0.45159929939341703,0.40041180225003753,0.40041180225003753,6.352941176470588,10,7,10,0.0,chunk_search
max,3,-6.26953125,7.744653320312498,-12.046875,20.6796875,0,10,1,10,2210,0.09778280542986424,0.9778280542986425,0.34922430510665803,0.14595740860446743,0.9058823529411765,0.39314870021883597,0.371186502662747,0.371186502662747,8.556108597285068,10,10,10,0.0,chunk_search
max,3,-6.26953125,7.744653320312498,-12.046875,20.6796875,0,15,1,10,2210,0.09778280542986424,0.9778280542986425,0.34922430510665803,0.1332002562545549,0.9135746606334841,0.35827846133976443,0.3537513832232112,0.3537513832232112,10.670588235294117,10,15,10,0.0,chunk_search
max,3,-6.26953125,7.744653320312498,-12.046875,20.6796875,0,20,1,10,2210,0.09778280542986424,0.9778280542986425,0.34922430510665803,0.12984576895296185,0.9144796380090497,0.347659620725645,0.3484419629161515,0.3484419629161515,11.623076923076923,10,20,10,0.0,chunk_search
max,3,-6.26953125,7.744653320312498,-12.046875,20.6796875,1,1,1,10,2210,0.09778280542986424,0.9778280542986425,0.34922430510665803,0.7493212669683258,0.7493212669683258,0.7493212669683258,0.549272786037492,0.549272786037492,1,10,1,10,0.0,chunk_search
max,3,-6.26953125,7.744653320312498,-12.046875,20.6796875,1,2,1,10,2210,0.09778280542986424,0.9778280542986425,0.34922430510665803,0.4260180995475113,0.8285067873303168,0.6943438914027149,0.5217840982546864,0.5217840982546864,1.9760180995475114,10,2,10,0.0,chunk_search
max,3,-6.26953125,7.744653320312498,-12.046875,20.6796875,1,3,1,10,2210,0.09778280542986424,0.9778280542986425,0.34922430510665803,0.3073906485671191,0.8588235294117647,0.6240465416936006,0.48663542340012933,0.48663542340012933,2.9190045248868777,10,3,10,0.0,chunk_search
max,3,-6.26953125,7.744653320312498,-12.046875,20.6796875,1,4,1,10,2210,0.09778280542986424,0.9778280542986425,0.34922430510665803,0.24728506787330318,0.8755656108597285,0.5656270200387847,0.4574256625727214,0.4574256625727214,3.830769230769231,10,4,10,0.0,chunk_search
max,3,-6.26953125,7.744653320312498,-12.046875,20.6796875,1,5,1,10,2210,0.09778280542986424,0.9778280542986425,0.34922430510665803,0.21174208144796378,0.885972850678733,0.5191526610644258,0.4341884830855419,0.4341884830855419,4.705882352941177,10,5,10,0.0,chunk_search
max,3,-6.26953125,7.744653320312498,-12.046875,20.6796875,1,7,1,10,2210,0.09778280542986424,0.9778280542986425,0.34922430510665803,0.1723195432018961,0.8959276018099548,0.45159929939341703,0.40041180225003753,0.40041180225003753,6.352941176470588,10,7,10,0.0,chunk_search
max,3,-6.26953125,7.744653320312498,-12.046875,20.6796875,1,10,1,10,2210,0.09778280542986424,0.9778280542986425,0.34922430510665803,0.14595740860446743,0.9058823529411765,0.39314870021883597,0.371186502662747,0.371186502662747,8.556108597285068,10,10,10,0.0,chunk_search
max,3,-6.26953125,7.744653320312498,-12.046875,20.6796875,1,15,1,10,2210,0.09778280542986424,0.9778280542986425,0.34922430510665803,0.1332002562545549,0.9135746606334841,0.35827846133976443,0.3537513832232112,0.3537513832232112,10.670588235294117,10,15,10,0.0,chunk_search
max,3,-6.26953125,7.744653320312498,-12.046875,20.6796875,1,20,1,10,2210,0.09778280542986424,0.9778280542986425,0.34922430510665803,0.12984576895296185,0.9144796380090497,0.347659620725645,0.3484419629161515,0.3484419629161515,11.623076923076923,10,20,10,0.0,chunk_search
max,3,-6.26953125,9.521484375,-12.046875,20.6796875,0,1,1,10,2210,0.09778280542986424,0.9778280542986425,0.34922430510665803,0.7493212669683258,0.7493212669683258,0.7493212669683258,0.549272786037492,0.549272786037492,1,10,1,10,0.0,chunk_search
max,3,-6.26953125,9.521484375,-12.046875,20.6796875,0,2,1,10,2210,0.09778280542986424,0.9778280542986425,0.34922430510665803,0.4167420814479638,0.8285067873303168,0.6912518853695324,0.5202380952380952,0.5202380952380952,1.9950226244343892,10,2,10,0.0,chunk_search
max,3,-6.26953125,9.521484375,-12.046875,20.6796875,0,3,1,10,2210,0.09778280542986424,0.9778280542986425,0.34922430510665803,0.2907239819004525,0.8588235294117647,0.6156755009696186,0.48244990303813834,0.48244990303813834,2.9828054298642535,10,3,10,0.0,chunk_search
max,3,-6.26953125,9.521484375,-12.046875,20.6796875,0,4,1,10,2210,0.09778280542986424,0.9778280542986425,0.34922430510665803,0.22488687782805428,0.8755656108597285,0.5511150614091791,0.45016968325791856,0.45016968325791856,3.9638009049773757,10,4,10,0.0,chunk_search
max,3,-6.26953125,9.521484375,-12.046875,20.6796875,0,5,1,10,2210,0.09778280542986424,0.9778280542986425,0.34922430510665803,0.18468325791855203,0.885972850678733,0.4981676003734826,0.4236959527400703,0.4236959527400703,4.933031674208145,10,5,10,0.0,chunk_search
max,3,-6.26953125,9.521484375,-12.046875,20.6796875,0,7,1,10,2210,0.09778280542986424,0.9778280542986425,0.34922430510665803,0.13824714501185087,0.8959276018099548,0.4181388056388056,0.38368155537273185,0.38368155537273185,6.832126696832579,10,7,10,0.0,chunk_search
max,3,-6.26953125,9.521484375,-12.046875,20.6796875,0,10,1,10,2210,0.09778280542986424,0.9778280542986425,0.34922430510665803,0.10427601809954751,0.9058823529411765,0.34228780897332933,0.3457560570399937,0.3457560570399937,9.583257918552036,10,10,10,0.0,chunk_search
max,3,-6.26953125,9.521484375,-12.046875,20.6796875,0,15,1,10,2210,0.09778280542986424,0.9778280542986425,0.34922430510665803,0.08509176344017973,0.9140271493212669,0.2894402866985625,0.31933229590261025,0.31933229590261025,12.660180995475113,10,15,10,0.0,chunk_search
max,3,-6.26953125,9.521484375,-12.046875,20.6796875,0,20,1,10,2210,0.09778280542986424,0.9778280542986425,0.34922430510665803,0.07937744817518363,0.9149321266968325,0.27124226610670377,0.3102332856066809,0.3102332856066809,14.266515837104073,10,20,10,0.0,chunk_search
max,3,-6.26953125,9.521484375,-12.046875,20.6796875,1,1,1,10,2210,0.09778280542986424,0.9778280542986425,0.34922430510665803,0.7493212669683258,0.7493212669683258,0.7493212669683258,0.549272786037492,0.549272786037492,1,10,1,10,0.0,chunk_search
max,3,-6.26953125,9.521484375,-12.046875,20.6796875,1,2,1,10,2210,0.09778280542986424,0.9778280542986425,0.34922430510665803,0.4167420814479638,0.8285067873303168,0.6912518853695324,0.5202380952380952,0.5202380952380952,1.9950226244343892,10,2,10,0.0,chunk_search
max,3,-6.26953125,9.521484375,-12.046875,20.6796875,1,3,1,10,2210,0.09778280542986424,0.9778280542986425,0.34922430510665803,0.2907239819004525,0.8588235294117647,0.6156755009696186,0.48244990303813834,0.48244990303813834,2.9828054298642535,10,3,10,0.0,chunk_search
max,3,-6.26953125,9.521484375,-12.046875,20.6796875,1,4,1,10,2210,0.09778280542986424,0.9778280542986425,0.34922430510665803,0.22488687782805428,0.8755656108597285,0.5511150614091791,0.45016968325791856,0.45016968325791856,3.9638009049773757,10,4,10,0.0,chunk_search
max,3,-6.26953125,9.521484375,-12.046875,20.6796875,1,5,1,10,2210,0.09778280542986424,0.9778280542986425,0.34922430510665803,0.18468325791855203,0.885972850678733,0.4981676003734826,0.4236959527400703,0.4236959527400703,4.933031674208145,10,5,10,0.0,chunk_search
max,3,-6.26953125,9.521484375,-12.046875,20.6796875,1,7,1,10,2210,0.09778280542986424,0.9778280542986425,0.34922430510665803,0.13824714501185087,0.8959276018099548,0.4181388056388056,0.38368155537273185,0.38368155537273185,6.832126696832579,10,7,10,0.0,chunk_search
max,3,-6.26953125,9.521484375,-12.046875,20.6796875,1,10,1,10,2210,0.09778280542986424,0.9778280542986425,0.34922430510665803,0.10427601809954751,0.9058823529411765,0.34228780897332933,0.3457560570399937,0.3457560570399937,9.583257918552036,10,10,10,0.0,chunk_search
max,3,-6.26953125,9.521484375,-12.046875,20.6796875,1,15,1,10,2210,0.09778280542986424,0.9778280542986425,0.34922430510665803,0.08509176344017973,0.9140271493212669,0.2894402866985625,0.31933229590261025,0.31933229590261025,12.660180995475113,10,15,10,0.0,chunk_search
max,3,-6.26953125,9.521484375,-12.046875,20.6796875,1,20,1,10,2210,0.09778280542986424,0.9778280542986425,0.34922430510665803,0.07937744817518363,0.9149321266968325,0.27124226610670377,0.3102332856066809,0.3102332856066809,14.266515837104073,10,20,10,0.0,chunk_search
max,3,-6.26953125,11.1796875,-12.046875,20.6796875,0,1,1,10,2210,0.09778280542986424,0.9778280542986425,0.34922430510665803,0.7493212669683258,0.7493212669683258,0.7493212669683258,0.549272786037492,0.549272786037492,1,10,1,10,0.0,chunk_search
max,3,-6.26953125,11.1796875,-12.046875,20.6796875,0,2,1,10,2210,0.09778280542986424,0.9778280542986425,0.34922430510665803,0.4147058823529412,0.8285067873303168,0.6905731523378581,0.5198987287222581,0.5198987287222581,1.9990950226244344,10,2,10,0.0,chunk_search
max,3,-6.26953125,11.1796875,-12.046875,20.6796875,0,3,1,10,2210,0.09778280542986424,0.9778280542986425,0.34922430510665803,0.28695324283559576,0.8588235294117647,0.6137578108166344,0.4814910579616462,0.4814910579616462,2.997285067873303,10,3,10,0.0,chunk_search
max,3,-6.26953125,11.1796875,-12.046875,20.6796875,0,4,1,10,2210,0.09778280542986424,0.9778280542986425,0.34922430510665803,0.219947209653092,0.8755656108597285,0.5479449472096531,0.4485846261581556,0.4485846261581556,3.9923076923076923,10,4,10,0.0,chunk_search
max,3,-6.26953125,11.1796875,-12.046875,20.6796875,0,5,1,10,2210,0.09778280542986424,0.9778280542986425,0.34922430510665803,0.17870286576168928,0.8864253393665158,0.49367772750125694,0.4214510163039575,0.4214510163039575,4.984615384615385,10,5,10,0.0,chunk_search
max,3,-6.26953125,11.1796875,-12.046875,20.6796875,0,7,1,10,2210,0.09778280542986424,0.9778280542986425,0.34922430510665803,0.13009049773755654,0.8963800904977376,0.4097684994743818,0.37949640229051995,0.37949640229051995,6.961538461538462,10,7,10,0.0,chunk_search
max,3,-6.26953125,11.1796875,-12.046875,20.6796875,0,10,1,10,2210,0.09778280542986424,0.9778280542986425,0.34922430510665803,0.0935213316095669,0.9063348416289593,0.32797453928675646,0.33859942219670724,0.33859942219670724,9.89819004524887,10,10,10,0.0,chunk_search
max,3,-6.26953125,11.1796875,-12.046875,20.6796875,0,15,1,10,2210,0.09778280542986424,0.9778280542986425,0.34922430510665803,0.07186026266343007,0.9144796380090497,0.2681611755829357,0.3086927403447969,0.3086927403447969,13.343891402714933,10,15,10,0.0,chunk_search
max,3,-6.26953125,11.1796875,-12.046875,20.6796875,0,20,1,10,2210,0.09778280542986424,0.9778280542986425,0.34922430510665803,0.06501209728877731,0.9153846153846154,0.24631669973180464,0.2977705024192313,0.2977705024192313,15.2579185520362,10,20,10,0.0,chunk_search
max,3,-6.26953125,11.1796875,-12.046875,20.6796875,1,1,1,10,2210,0.09778280542986424,0.9778280542986425,0.34922430510665803,0.7493212669683258,0.7493212669683258,0.7493212669683258,0.549272786037492,0.549272786037492,1,10,1,10,0.0,chunk_search
max,3,-6.26953125,11.1796875,-12.046875,20.6796875,1,2,1,10,2210,0.09778280542986424,0.9778280542986425,0.34922430510665803,0.4147058823529412,0.8285067873303168,0.6905731523378581,0.5198987287222581,0.5198987287222581,1.9990950226244344,10,2,10,0.0,chunk_search
max,3,-6.26953125,11.1796875,-12.046875,20.6796875,1,3,1,10,2210,0.09778280542986424,0.9778280542986425,0.34922430510665803,0.28695324283559576,0.8588235294117647,0.6137578108166344,0.4814910579616462,0.4814910579616462,2.997285067873303,10,3,10,0.0,chunk_search
max,3,-6.26953125,11.1796875,-12.046875,20.6796875,1,4,1,10,2210,0.09778280542986424,0.9778280542986425,0.34922430510665803,0.219947209653092,0.8755656108597285,0.5479449472096531,0.4485846261581556,0.4485846261581556,3.9923076923076923,10,4,10,0.0,chunk_search
max,3,-6.26953125,11.1796875,-12.046875,20.6796875,1,5,1,10,2210,0.09778280542986424,0.9778280542986425,0.34922430510665803,0.17870286576168928,0.8864253393665158,0.49367772750125694,0.4214510163039575,0.4214510163039575,4.984615384615385,10,5,10,0.0,chunk_search
max,3,-6.26953125,11.1796875,-12.046875,20.6796875,1,7,1,10,2210,0.09778280542986424,0.9778280542986425,0.34922430510665803,0.13009049773755654,0.8963800904977376,0.4097684994743818,0.37949640229051995,0.37949640229051995,6.961538461538462,10,7,10,0.0,chunk_search
max,3,-6.26953125,11.1796875,-12.046875,20.6796875,1,10,1,10,2210,0.09778280542986424,0.9778280542986425,0.34922430510665803,0.0935213316095669,0.9063348416289593,0.32797453928675646,0.33859942219670724,0.33859942219670724,9.89819004524887,10,10,10,0.0,chunk_search
max,3,-6.26953125,11.1796875,-12.046875,20.6796875,1,15,1,10,2210,0.09778280542986424,0.9778280542986425,0.34922430510665803,0.07186026266343007,0.9144796380090497,0.2681611755829357,0.3086927403447969,0.3086927403447969,13.343891402714933,10,15,10,0.0,chunk_search
max,3,-6.26953125,11.1796875,-12.046875,20.6796875,1,20,1,10,2210,0.09778280542986424,0.9778280542986425,0.34922430510665803,0.06501209728877731,0.9153846153846154,0.24631669973180464,0.2977705024192313,0.2977705024192313,15.2579185520362,10,20,10,0.0,chunk_search
max,3,-6.26953125,13.55078125,-12.046875,20.6796875,0,1,1,10,2210,0.09778280542986424,0.9778280542986425,0.34922430510665803,0.7493212669683258,0.7493212669683258,0.7493212669683258,0.549272786037492,0.549272786037492,1,10,1,10,0.0,chunk_search
max,3,-6.26953125,13.55078125,-12.046875,20.6796875,0,2,1,10,2210,0.09778280542986424,0.9778280542986425,0.34922430510665803,0.4144796380090498,0.8285067873303168,0.6904977375565611,0.5198610213316095,0.5198610213316095,1.9995475113122172,10,2,10,0.0,chunk_search
max,3,-6.26953125,13.55078125,-12.046875,20.6796875,0,3,1,10,2210,0.09778280542986424,0.9778280542986425,0.34922430510665803,0.2866515837104072,0.8588235294117647,0.6136285283344107,0.4814264167205344,0.4814264167205344,2.998190045248869,10,3,10,0.0,chunk_search
max,3,-6.26953125,13.55078125,-12.046875,20.6796875,0,4,1,10,2210,0.09778280542986424,0.9778280542986425,0.34922430510665803,0.2193815987933635,0.8755656108597285,0.5475328592975652,0.44837858220211163,0.44837858220211163,3.9963800904977376,10,4,10,0.0,chunk_search
max,3,-6.26953125,13.55078125,-12.046875,20.6796875,0,5,1,10,2210,0.09778280542986424,0.9778280542986425,0.34922430510665803,0.17793363499245854,0.8864253393665158,0.4929828341593046,0.42110356963298134,0.42110356963298134,4.992760180995475,10,5,10,0.0,chunk_search
max,3,-6.26953125,13.55078125,-12.046875,20.6796875,0,7,1,10,2210,0.09778280542986424,0.9778280542986425,0.34922430510665803,0.12893126481361772,0.8963800904977376,0.4083765907295319,0.378800447918095,0.378800447918095,6.983710407239819,10,7,10,0.0,chunk_search
max,3,-6.26953125,13.55078125,-12.046875,20.6796875,0,10,1,10,2210,0.09778280542986424,0.9778280542986425,0.34922430510665803,0.09180151547798605,0.9063348416289593,0.3252882989308329,0.33725630201874546,0.33725630201874546,9.961538461538462,10,10,10,0.0,chunk_search
max,3,-6.26953125,13.55078125,-12.046875,20.6796875,0,15,1,10,2210,0.09778280542986424,0.9778280542986425,0.34922430510665803,0.06936442014496313,0.9144796380090497,0.26328226130104726,0.30625328320385264,0.30625328320385264,13.524434389140271,10,15,10,0.0,chunk_search
max,3,-6.26953125,13.55078125,-12.046875,20.6796875,0,20,1,10,2210,0.09778280542986424,0.9778280542986425,0.34922430510665803,0.062187024103429266,0.9153846153846154,0.24037411904528677,0.29479921207597237,0.29479921207597237,15.529411764705882,10,20,10,0.0,chunk_search
max,3,-6.26953125,13.55078125,-12.046875,20.6796875,1,1,1,10,2210,0.09778280542986424,0.9778280542986425,0.34922430510665803,0.7493212669683258,0.7493212669683258,0.7493212669683258,0.549272786037492,0.549272786037492,1,10,1,10,0.0,chunk_search
max,3,-6.26953125,13.55078125,-12.046875,20.6796875,1,2,1,10,2210,0.09778280542986424,0.9778280542986425,0.34922430510665803,0.4144796380090498,0.8285067873303168,0.6904977375565611,0.5198610213316095,0.5198610213316095,1.9995475113122172,10,2,10,0.0,chunk_search
max,3,-6.26953125,13.55078125,-12.046875,20.6796875,1,3,1,10,2210,0.09778280542986424,0.9778280542986425,0.34922430510665803,0.2866515837104072,0.8588235294117647,0.6136285283344107,0.4814264167205344,0.4814264167205344,2.998190045248869,10,3,10,0.0,chunk_search
max,3,-6.26953125,13.55078125,-12.046875,20.6796875,1,4,1,10,2210,0.09778280542986424,0.9778280542986425,0.34922430510665803,0.2193815987933635,0.8755656108597285,0.5475328592975652,0.44837858220211163,0.44837858220211163,3.9963800904977376,10,4,10,0.0,chunk_search
max,3,-6.26953125,13.55078125,-12.046875,20.6796875,1,5,1,10,2210,0.09778280542986424,0.9778280542986425,0.34922430510665803,0.17793363499245854,0.8864253393665158,0.4929828341593046,0.42110356963298134,0.42110356963298134,4.992760180995475,10,5,10,0.0,chunk_search
max,3,-6.26953125,13.55078125,-12.046875,20.6796875,1,7,1,10,2210,0.09778280542986424,0.9778280542986425,0.34922430510665803,0.12893126481361772,0.8963800904977376,0.4083765907295319,0.378800447918095,0.378800447918095,6.983710407239819,10,7,10,0.0,chunk_search
max,3,-6.26953125,13.55078125,-12.046875,20.6796875,1,10,1,10,2210,0.09778280542986424,0.9778280542986425,0.34922430510665803,0.09180151547798605,0.9063348416289593,0.3252882989308329,0.33725630201874546,0.33725630201874546,9.961538461538462,10,10,10,0.0,chunk_search
max,3,-6.26953125,13.55078125,-12.046875,20.6796875,1,15,1,10,2210,0.09778280542986424,0.9778280542986425,0.34922430510665803,0.06936442014496313,0.9144796380090497,0.26328226130104726,0.30625328320385264,0.30625328320385264,13.524434389140271,10,15,10,0.0,chunk_search
max,3,-6.26953125,13.55078125,-12.046875,20.6796875,1,20,1,10,2210,0.09778280542986424,0.9778280542986425,0.34922430510665803,0.062187024103429266,0.9153846153846154,0.24037411904528677,0.29479921207597237,0.29479921207597237,15.529411764705882,10,20,10,0.0,chunk_search
max,3,-4.90625,4.8372436523437505,-12.046875,20.6796875,0,1,1,10,2210,0.09778280542986424,0.9778280542986425,0.34922430510665803,0.7493212669683258,0.7493212669683258,0.7493212669683258,0.549272786037492,0.549272786037492,1,10,1,10,0.0,chunk_search
max,3,-4.90625,4.8372436523437505,-12.046875,20.6796875,0,2,1,10,2210,0.09778280542986424,0.9778280542986425,0.34922430510665803,0.5115384615384615,0.8271493212669683,0.721945701357466,0.535585003232062,0.535585003232062,1.8004524886877828,10,2,10,0.0,chunk_search
max,3,-4.90625,4.8372436523437505,-12.046875,20.6796875,0,3,1,10,2210,0.09778280542986424,0.9778280542986425,0.34922430510665803,0.44087481146304675,0.8565610859728506,0.685477267830209,0.5173507864684335,0.5173507864684335,2.4502262443438916,10,3,10,0.0,chunk_search
max,3,-4.90625,4.8372436523437505,-12.046875,20.6796875,0,4,1,10,2210,0.09778280542986424,0.9778280542986425,0.34922430510665803,0.4115384615384615,0.8714932126696833,0.6593783667313079,0.504301335918983,0.504301335918983,2.976923076923077,10,4,10,0.0,chunk_search
max,3,-4.90625,4.8372436523437505,-12.046875,20.6796875,0,5,1,10,2210,0.09778280542986424,0.9778280542986425,0.34922430510665803,0.39635746606334843,0.8800904977375565,0.6406817855347267,0.49495304532069234,0.49495304532069234,3.4239819004524885,10,5,10,0.0,chunk_search
max,3,-4.90625,4.8372436523437505,-12.046875,20.6796875,0,7,1,10,2210,0.09778280542986424,0.9778280542986425,0.34922430510665803,0.382209653092006,0.888235294117647,0.6175043094160741,0.4833643072613661,0.4833643072613661,4.14343891402715,10,7,10,0.0,chunk_search
max,3,-4.90625,4.8372436523437505,-12.046875,20.6796875,0,10,1,10,2210,0.09778280542986424,0.9778280542986425,0.34922430510665803,0.3749698340874812,0.8963800904977376,0.6022266006994513,0.4757254529030547,0.4757254529030547,4.94027149321267,10,10,10,0.0,chunk_search
max,3,-4.90625,4.8372436523437505,-12.046875,20.6796875,0,15,1,10,2210,0.09778280542986424,0.9778280542986425,0.34922430510665803,0.3725032056932509,0.9027149321266968,0.5959185706207056,0.47257143786368183,0.47257143786368183,5.478733031674208,10,15,10,0.0,chunk_search
max,3,-4.90625,4.8372436523437505,-12.046875,20.6796875,0,20,1,10,2210,0.09778280542986424,0.9778280542986425,0.34922430510665803,0.37187572560571036,0.9031674208144796,0.5939721056095814,0.4715982053581197,0.4715982053581197,5.672398190045249,10,16,10,0.0,chunk_search
max,3,-4.90625,4.8372436523437505,-12.046875,20.6796875,1,1,1,10,2210,0.09778280542986424,0.9778280542986425,0.34922430510665803,0.7493212669683258,0.7493212669683258,0.7493212669683258,0.549272786037492,0.549272786037492,1,10,1,10,0.0,chunk_search
max,3,-4.90625,4.8372436523437505,-12.046875,20.6796875,1,2,1,10,2210,0.09778280542986424,0.9778280542986425,0.34922430510665803,0.5115384615384615,0.8271493212669683,0.721945701357466,0.535585003232062,0.535585003232062,1.8004524886877828,10,2,10,0.0,chunk_search
max,3,-4.90625,4.8372436523437505,-12.046875,20.6796875,1,3,1,10,2210,0.09778280542986424,0.9778280542986425,0.34922430510665803,0.44087481146304675,0.8565610859728506,0.685477267830209,0.5173507864684335,0.5173507864684335,2.4502262443438916,10,3,10,0.0,chunk_search
max,3,-4.90625,4.8372436523437505,-12.046875,20.6796875,1,4,1,10,2210,0.09778280542986424,0.9778280542986425,0.34922430510665803,0.4115384615384615,0.8714932126696833,0.6593783667313079,0.504301335918983,0.504301335918983,2.976923076923077,10,4,10,0.0,chunk_search
max,3,-4.90625,4.8372436523437505,-12.046875,20.6796875,1,5,1,10,2210,0.09778280542986424,0.9778280542986425,0.34922430510665803,0.39635746606334843,0.8800904977375565,0.6406817855347267,0.49495304532069234,0.49495304532069234,3.4239819004524885,10,5,10,0.0,chunk_search
max,3,-4.90625,4.8372436523437505,-12.046875,20.6796875,1,7,1,10,2210,0.09778280542986424,0.9778280542986425,0.34922430510665803,0.382209653092006,0.888235294117647,0.6175043094160741,0.4833643072613661,0.4833643072613661,4.14343891402715,10,7,10,0.0,chunk_search
max,3,-4.90625,4.8372436523437505,-12.046875,20.6796875,1,10,1,10,2210,0.09778280542986424,0.9778280542986425,0.34922430510665803,0.3749698340874812,0.8963800904977376,0.6022266006994513,0.4757254529030547,0.4757254529030547,4.94027149321267,10,10,10,0.0,chunk_search
max,3,-4.90625,4.8372436523437505,-12.046875,20.6796875,1,15,1,10,2210,0.09778280542986424,0.9778280542986425,0.34922430510665803,0.3725032056932509,0.9027149321266968,0.5959185706207056,0.47257143786368183,0.47257143786368183,5.478733031674208,10,15,10,0.0,chunk_search
max,3,-4.90625,4.8372436523437505,-12.046875,20.6796875,1,20,1,10,2210,0.09778280542986424,0.9778280542986425,0.34922430510665803,0.37187572560571036,0.9031674208144796,0.5939721056095814,0.4715982053581197,0.4715982053581197,5.672398190045249,10,16,10,0.0,chunk_search
max,3,-4.90625,7.744653320312498,-12.046875,20.6796875,0,1,1,10,2210,0.09778280542986424,0.9778280542986425,0.34922430510665803,0.7493212669683258,0.7493212669683258,0.7493212669683258,0.549272786037492,0.549272786037492,1,10,1,10,0.0,chunk_search
max,3,-4.90625,7.744653320312498,-12.046875,20.6796875,0,2,1,10,2210,0.09778280542986424,0.9778280542986425,0.34922430510665803,0.4260180995475113,0.8285067873303168,0.6943438914027149,0.5217840982546864,0.5217840982546864,1.9755656108597286,10,2,10,0.0,chunk_search
max,3,-4.90625,7.744653320312498,-12.046875,20.6796875,0,3,1,10,2210,0.09778280542986424,0.9778280542986425,0.34922430510665803,0.3076168929110106,0.8588235294117647,0.6242081447963801,0.48671622495151906,0.48671622495151906,2.9171945701357465,10,3,10,0.0,chunk_search
max,3,-4.90625,7.744653320312498,-12.046875,20.6796875,0,4,1,10,2210,0.09778280542986424,0.9778280542986425,0.34922430510665803,0.2476621417797888,0.8755656108597285,0.5659502262443439,0.45758726567550095,0.45758726567550095,3.8271493212669685,10,4,10,0.0,chunk_search
max,3,-4.90625,7.744653320312498,-12.046875,20.6796875,0,5,1,10,2210,0.09778280542986424,0.9778280542986425,0.34922430510665803,0.21225490196078428,0.885972850678733,0.5196644042232276,0.4344443546649428,0.4344443546649428,4.699547511312217,10,5,10,0.0,chunk_search
max,3,-4.90625,7.744653320312498,-12.046875,20.6796875,0,7,1,10,2210,0.09778280542986424,0.9778280542986425,0.34922430510665803,0.1730823098470157,0.8959276018099548,0.4525589606471959,0.400891632876927,0.400891632876927,6.3375565610859725,10,7,10,0.0,chunk_search
max,3,-4.90625,7.744653320312498,-12.046875,20.6796875,0,10,1,10,2210,0.09778280542986424,0.9778280542986425,0.34922430510665803,0.14704589528118941,0.9058823529411765,0.39486100249674916,0.3720426538017036,0.3720426538017036,8.515837104072398,10,10,10,0.0,chunk_search
max,3,-4.90625,7.744653320312498,-12.046875,20.6796875,0,15,1,10,2210,0.09778280542986424,0.9778280542986425,0.34922430510665803,0.13458899320890272,0.9135746606334841,0.3608300143374146,0.3550271597220363,0.3550271597220363,10.584615384615384,10,15,10,0.0,chunk_search
max,3,-4.90625,7.744653320312498,-12.046875,20.6796875,0,20,1,10,2210,0.09778280542986424,0.9778280542986425,0.34922430510665803,0.1313241795837617,0.9144796380090497,0.3504962139287485,0.3498602595177033,0.3498602595177033,11.512669683257919,10,20,10,0.0,chunk_search
max,3,-4.90625,7.744653320312498,-12.046875,20.6796875,1,1,1,10,2210,0.09778280542986424,0.9778280542986425,0.34922430510665803,0.7493212669683258,0.7493212669683258,0.7493212669683258,0.549272786037492,0.549272786037492,1,10,1,10,0.0,chunk_search
max,3,-4.90625,7.744653320312498,-12.046875,20.6796875,1,2,1,10,2210,0.09778280542986424,0.9778280542986425,0.34922430510665803,0.4260180995475113,0.8285067873303168,0.6943438914027149,0.5217840982546864,0.5217840982546864,1.9755656108597286,10,2,10,0.0,chunk_search
max,3,-4.90625,7.744653320312498,-12.046875,20.6796875,1,3,1,10,2210,0.09778280542986424,0.9778280542986425,0.34922430510665803,0.3076168929110106,0.8588235294117647,0.6242081447963801,0.48671622495151906,0.48671622495151906,2.9171945701357465,10,3,10,0.0,chunk_search
max,3,-4.90625,7.744653320312498,-12.046875,20.6796875,1,4,1,10,2210,0.09778280542986424,0.9778280542986425,0.34922430510665803,0.2476621417797888,0.8755656108597285,0.5659502262443439,0.45758726567550095,0.45758726567550095,3.8271493212669685,10,4,10,0.0,chunk_search
max,3,-4.90625,7.744653320312498,-12.046875,20.6796875,1,5,1,10,2210,0.09778280542986424,0.9778280542986425,0.34922430510665803,0.21225490196078428,0.885972850678733,0.5196644042232276,0.4344443546649428,0.4344443546649428,4.699547511312217,10,5,10,0.0,chunk_search
max,3,-4.90625,7.744653320312498,-12.046875,20.6796875,1,7,1,10,2210,0.09778280542986424,0.9778280542986425,0.34922430510665803,0.1730823098470157,0.8959276018099548,0.4525589606471959,0.400891632876927,0.400891632876927,6.3375565610859725,10,7,10,0.0,chunk_search
max,3,-4.90625,7.744653320312498,-12.046875,20.6796875,1,10,1,10,2210,0.09778280542986424,0.9778280542986425,0.34922430510665803,0.14704589528118941,0.9058823529411765,0.39486100249674916,0.3720426538017036,0.3720426538017036,8.515837104072398,10,10,10,0.0,chunk_search
max,3,-4.90625,7.744653320312498,-12.046875,20.6796875,1,15,1,10,2210,0.09778280542986424,0.9778280542986425,0.34922430510665803,0.13458899320890272,0.9135746606334841,0.3608300143374146,0.3550271597220363,0.3550271597220363,10.584615384615384,10,15,10,0.0,chunk_search
max,3,-4.90625,7.744653320312498,-12.046875,20.6796875,1,20,1,10,2210,0.09778280542986424,0.9778280542986425,0.34922430510665803,0.1313241795837617,0.9144796380090497,0.3504962139287485,0.3498602595177033,0.3498602595177033,11.512669683257919,10,20,10,0.0,chunk_search
max,3,-4.90625,9.521484375,-12.046875,20.6796875,0,1,1,10,2210,0.09778280542986424,0.9778280542986425,0.34922430510665803,0.7493212669683258,0.7493212669683258,0.7493212669683258,0.549272786037492,0.549272786037492,1,10,1,10,0.0,chunk_search
max,3,-4.90625,9.521484375,-12.046875,20.6796875,0,2,1,10,2210,0.09778280542986424,0.9778280542986425,0.34922430510665803,0.4167420814479638,0.8285067873303168,0.6912518853695324,0.5202380952380952,0.5202380952380952,1.9945701357466064,10,2,10,0.0,chunk_search
max,3,-4.90625,9.521484375,-12.046875,20.6796875,0,3,1,10,2210,0.09778280542986424,0.9778280542986425,0.34922430510665803,0.291025641025641,0.8588235294117647,0.6158909717733247,0.4825576384399914,0.4825576384399914,2.9805429864253394,10,3,10,0.0,chunk_search
max,3,-4.90625,9.521484375,-12.046875,20.6796875,0,4,1,10,2210,0.09778280542986424,0.9778280542986425,0.34922430510665803,0.22549019607843135,0.8755656108597285,0.5516537384184443,0.4504390217625512,0.4504390217625512,3.9579185520361992,10,4,10,0.0,chunk_search
max,3,-4.90625,9.521484375,-12.046875,20.6796875,0,5,1,10,2210,0.09778280542986424,0.9778280542986425,0.34922430510665803,0.18555806938159877,0.885972850678733,0.4990833512892336,0.4241538281979458,0.4241538281979458,4.921719457013575,10,5,10,0.0,chunk_search
max,3,-4.90625,9.521484375,-12.046875,20.6796875,0,7,1,10,2210,0.09778280542986424,0.9778280542986425,0.34922430510665803,0.139593837535014,0.8959276018099548,0.4198932603344368,0.38455878272054744,0.38455878272054744,6.804072398190045,10,7,10,0.0,chunk_search
max,3,-4.90625,9.521484375,-12.046875,20.6796875,0,10,1,10,2210,0.09778280542986424,0.9778280542986425,0.34922430510665803,0.10617808661926308,0.9058823529411765,0.34531907885980284,0.34727169198323043,0.34727169198323043,9.514027149321267,10,10,10,0.0,chunk_search
max,3,-4.90625,9.521484375,-12.046875,20.6796875,0,15,1,10,2210,0.09778280542986424,0.9778280542986425,0.34922430510665803,0.08760726076336935,0.9140271493212669,0.2941982554411284,0.3217112802738932,0.3217112802738932,12.494117647058824,10,15,10,0.0,chunk_search
max,3,-4.90625,9.521484375,-12.046875,20.6796875,0,20,1,10,2210,0.09778280542986424,0.9778280542986425,0.34922430510665803,0.08219269616431756,0.9149321266968325,0.27696027597869866,0.31309229054267834,0.31309229054267834,14.015384615384615,10,20,10,0.0,chunk_search
max,3,-4.90625,9.521484375,-12.046875,20.6796875,1,1,1,10,2210,0.09778280542986424,0.9778280542986425,0.34922430510665803,0.7493212669683258,0.7493212669683258,0.7493212669683258,0.549272786037492,0.549272786037492,1,10,1,10,0.0,chunk_search
max,3,-4.90625,9.521484375,-12.046875,20.6796875,1,2,1,10,2210,0.09778280542986424,0.9778280542986425,0.34922430510665803,0.4167420814479638,0.8285067873303168,0.6912518853695324,0.5202380952380952,0.5202380952380952,1.9945701357466064,10,2,10,0.0,chunk_search
max,3,-4.90625,9.521484375,-12.046875,20.6796875,1,3,1,10,2210,0.09778280542986424,0.9778280542986425,0.34922430510665803,0.291025641025641,0.8588235294117647,0.6158909717733247,0.4825576384399914,0.4825576384399914,2.9805429864253394,10,3,10,0.0,chunk_search
max,3,-4.90625,9.521484375,-12.046875,20.6796875,1,4,1,10,2210,0.09778280542986424,0.9778280542986425,0.34922430510665803,0.22549019607843135,0.8755656108597285,0.5516537384184443,0.4504390217625512,0.4504390217625512,3.9579185520361992,10,4,10,0.0,chunk_search
max,3,-4.90625,9.521484375,-12.046875,20.6796875,1,5,1,10,2210,0.09778280542986424,0.9778280542986425,0.34922430510665803,0.18555806938159877,0.885972850678733,0.4990833512892336,0.4241538281979458,0.4241538281979458,4.921719457013575,10,5,10,0.0,chunk_search
max,3,-4.90625,9.521484375,-12.046875,20.6796875,1,7,1,10,2210,0.09778280542986424,0.9778280542986425,0.34922430510665803,0.139593837535014,0.8959276018099548,0.4198932603344368,0.38455878272054744,0.38455878272054744,6.804072398190045,10,7,10,0.0,chunk_search
max,3,-4.90625,9.521484375,-12.046875,20.6796875,1,10,1,10,2210,0.09778280542986424,0.9778280542986425,0.34922430510665803,0.10617808661926308,0.9058823529411765,0.34531907885980284,0.34727169198323043,0.34727169198323043,9.514027149321267,10,10,10,0.0,chunk_search
max,3,-4.90625,9.521484375,-12.046875,20.6796875,1,15,1,10,2210,0.09778280542986424,0.9778280542986425,0.34922430510665803,0.08760726076336935,0.9140271493212669,0.2941982554411284,0.3217112802738932,0.3217112802738932,12.494117647058824,10,15,10,0.0,chunk_search
max,3,-4.90625,9.521484375,-12.046875,20.6796875,1,20,1,10,2210,0.09778280542986424,0.9778280542986425,0.34922430510665803,0.08219269616431756,0.9149321266968325,0.27696027597869866,0.31309229054267834,0.31309229054267834,14.015384615384615,10,20,10,0.0,chunk_search
max,3,-4.90625,11.1796875,-12.046875,20.6796875,0,1,1,10,2210,0.09778280542986424,0.9778280542986425,0.34922430510665803,0.7493212669683258,0.7493212669683258,0.7493212669683258,0.549272786037492,0.549272786037492,1,10,1,10,0.0,chunk_search
max,3,-4.90625,11.1796875,-12.046875,20.6796875,0,2,1,10,2210,0.09778280542986424,0.9778280542986425,0.34922430510665803,0.4149321266968326,0.8285067873303168,0.6906485671191553,0.5199364361129066,0.5199364361129066,1.9981900452488688,10,2,10,0.0,chunk_search
max,3,-4.90625,11.1796875,-12.046875,20.6796875,0,3,1,10,2210,0.09778280542986424,0.9778280542986425,0.34922430510665803,0.2877073906485671,0.8588235294117647,0.6142102995044172,0.4817173023055376,0.4817173023055376,2.993212669683258,10,3,10,0.0,chunk_search
max,3,-4.90625,11.1796875,-12.046875,20.6796875,0,4,1,10,2210,0.09778280542986424,0.9778280542986425,0.34922430510665803,0.22104072398190044,0.8755656108597285,0.54876104287869,0.448992673992674,0.448992673992674,3.984162895927602,10,4,10,0.0,chunk_search
max,3,-4.90625,11.1796875,-12.046875,20.6796875,0,5,1,10,2210,0.09778280542986424,0.9778280542986425,0.34922430510665803,0.18018099547511313,0.8864253393665158,0.4950280112044817,0.42212615815556986,0.42212615815556986,4.9687782805429865,10,5,10,0.0,chunk_search
max,3,-4.90625,11.1796875,-12.046875,20.6796875,0,7,1,10,2210,0.09778280542986424,0.9778280542986425,0.34922430510665803,0.13232708468002585,0.8963800904977376,0.4124716786481492,0.3808479918774036,0.3808479918774036,6.918552036199095,10,7,10,0.0,chunk_search
max,3,-4.90625,11.1796875,-12.046875,20.6796875,0,10,1,10,2210,0.09778280542986424,0.9778280542986425,0.34922430510665803,0.09670006464124112,0.9063348416289593,0.3328390186987472,0.3410316619027026,0.3410316619027026,9.786425339366517,10,10,10,0.0,chunk_search
max,3,-4.90625,11.1796875,-12.046875,20.6796875,0,15,1,10,2210,0.09778280542986424,0.9778280542986425,0.34922430510665803,0.076074694536233,0.9144796380090497,0.2759395043085663,0.31258190470761216,0.31258190470761216,13.072850678733031,10,15,10,0.0,chunk_search
max,3,-4.90625,11.1796875,-12.046875,20.6796875,0,20,1,10,2210,0.09778280542986424,0.9778280542986425,0.34922430510665803,0.0697097068306425,0.9153846153846154,0.2556423861371598,0.30243334562190893,0.30243334562190893,14.852941176470589,10,20,10,0.0,chunk_search
max,3,-4.90625,11.1796875,-12.046875,20.6796875,1,1,1,10,2210,0.09778280542986424,0.9778280542986425,0.34922430510665803,0.7493212669683258,0.7493212669683258,0.7493212669683258,0.549272786037492,0.549272786037492,1,10,1,10,0.0,chunk_search
max,3,-4.90625,11.1796875,-12.046875,20.6796875,1,2,1,10,2210,0.09778280542986424,0.9778280542986425,0.34922430510665803,0.4149321266968326,0.8285067873303168,0.6906485671191553,0.5199364361129066,0.5199364361129066,1.9981900452488688,10,2,10,0.0,chunk_search
max,3,-4.90625,11.1796875,-12.046875,20.6796875,1,3,1,10,2210,0.09778280542986424,0.9778280542986425,0.34922430510665803,0.2877073906485671,0.8588235294117647,0.6142102995044172,0.4817173023055376,0.4817173023055376,2.993212669683258,10,3,10,0.0,chunk_search
max,3,-4.90625,11.1796875,-12.046875,20.6796875,1,4,1,10,2210,0.09778280542986424,0.9778280542986425,0.34922430510665803,0.22104072398190044,0.8755656108597285,0.54876104287869,0.448992673992674,0.448992673992674,3.984162895927602,10,4,10,0.0,chunk_search
max,3,-4.90625,11.1796875,-12.046875,20.6796875,1,5,1,10,2210,0.09778280542986424,0.9778280542986425,0.34922430510665803,0.18018099547511313,0.8864253393665158,0.4950280112044817,0.42212615815556986,0.42212615815556986,4.9687782805429865,10,5,10,0.0,chunk_search
max,3,-4.90625,11.1796875,-12.046875,20.6796875,1,7,1,10,2210,0.09778280542986424,0.9778280542986425,0.34922430510665803,0.13232708468002585,0.8963800904977376,0.4124716786481492,0.3808479918774036,0.3808479918774036,6.918552036199095,10,7,10,0.0,chunk_search
max,3,-4.90625,11.1796875,-12.046875,20.6796875,1,10,1,10,2210,0.09778280542986424,0.9778280542986425,0.34922430510665803,0.09670006464124112,0.9063348416289593,0.3328390186987472,0.3410316619027026,0.3410316619027026,9.786425339366517,10,10,10,0.0,chunk_search
max,3,-4.90625,11.1796875,-12.046875,20.6796875,1,15,1,10,2210,0.09778280542986424,0.9778280542986425,0.34922430510665803,0.076074694536233,0.9144796380090497,0.2759395043085663,0.31258190470761216,0.31258190470761216,13.072850678733031,10,15,10,0.0,chunk_search
max,3,-4.90625,11.1796875,-12.046875,20.6796875,1,20,1,10,2210,0.09778280542986424,0.9778280542986425,0.34922430510665803,0.0697097068306425,0.9153846153846154,0.2556423861371598,0.30243334562190893,0.30243334562190893,14.852941176470589,10,20,10,0.0,chunk_search
max,3,-4.90625,13.55078125,-12.046875,20.6796875,0,1,1,10,2210,0.09778280542986424,0.9778280542986425,0.34922430510665803,0.7493212669683258,0.7493212669683258,0.7493212669683258,0.549272786037492,0.549272786037492,1,10,1,10,0.0,chunk_search
max,3,-4.90625,13.55078125,-12.046875,20.6796875,0,2,1,10,2210,0.09778280542986424,0.9778280542986425,0.34922430510665803,0.4149321266968326,0.8285067873303168,0.6906485671191553,0.5199364361129066,0.5199364361129066,1.9981900452488688,10,2,10,0.0,chunk_search
max,3,-4.90625,13.55078125,-12.046875,20.6796875,0,3,1,10,2210,0.09778280542986424,0.9778280542986425,0.34922430510665803,0.2877073906485671,0.8588235294117647,0.6142102995044172,0.4817173023055376,0.4817173023055376,2.993212669683258,10,3,10,0.0,chunk_search
max,3,-4.90625,13.55078125,-12.046875,20.6796875,0,4,1,10,2210,0.09778280542986424,0.9778280542986425,0.34922430510665803,0.22092760180995474,0.8755656108597285,0.5486398405516053,0.44893207282913167,0.44893207282913167,3.9855203619909503,10,4,10,0.0,chunk_search
max,3,-4.90625,13.55078125,-12.046875,20.6796875,0,5,1,10,2210,0.09778280542986424,0.9778280542986425,0.34922430510665803,0.17993212669683256,0.8864253393665158,0.4947182719241542,0.4219712885154061,0.4219712885154061,4.972850678733032,10,5,10,0.0,chunk_search
max,3,-4.90625,13.55078125,-12.046875,20.6796875,0,7,1,10,2210,0.09778280542986424,0.9778280542986425,0.34922430510665803,0.13185412626589094,0.8963800904977376,0.4117597272009037,0.38049201615378087,0.38049201615378087,6.930769230769231,10,7,10,0.0,chunk_search
max,3,-4.90625,13.55078125,-12.046875,20.6796875,0,10,1,10,2210,0.09778280542986424,0.9778280542986425,0.34922430510665803,0.09588702147525677,0.9063348416289593,0.33134278366178815,0.3402835443842231,0.3402835443842231,9.823529411764707,10,10,10,0.0,chunk_search
max,3,-4.90625,13.55078125,-12.046875,20.6796875,0,15,1,10,2210,0.09778280542986424,0.9778280542986425,0.34922430510665803,0.07485481838423014,0.9144796380090497,0.2732975605316534,0.3112609328191557,0.3112609328191557,13.170588235294117,10,15,10,0.0,chunk_search
max,3,-4.90625,13.55078125,-12.046875,20.6796875,0,20,1,10,2210,0.09778280542986424,0.9778280542986425,0.34922430510665803,0.0683470908927075,0.9153846153846154,0.2525347978207522,0.30087955146370515,0.30087955146370515,14.99185520361991,10,20,10,0.0,chunk_search
max,3,-4.90625,13.55078125,-12.046875,20.6796875,1,1,1,10,2210,0.09778280542986424,0.9778280542986425,0.34922430510665803,0.7493212669683258,0.7493212669683258,0.7493212669683258,0.549272786037492,0.549272786037492,1,10,1,10,0.0,chunk_search
max,3,-4.90625,13.55078125,-12.046875,20.6796875,1,2,1,10,2210,0.09778280542986424,0.9778280542986425,0.34922430510665803,0.4149321266968326,0.8285067873303168,0.6906485671191553,0.5199364361129066,0.5199364361129066,1.9981900452488688,10,2,10,0.0,chunk_search
max,3,-4.90625,13.55078125,-12.046875,20.6796875,1,3,1,10,2210,0.09778280542986424,0.9778280542986425,0.34922430510665803,0.2877073906485671,0.8588235294117647,0.6142102995044172,0.4817173023055376,0.4817173023055376,2.993212669683258,10,3,10,0.0,chunk_search
max,3,-4.90625,13.55078125,-12.046875,20.6796875,1,4,1,10,2210,0.09778280542986424,0.9778280542986425,0.34922430510665803,0.22092760180995474,0.8755656108597285,0.5486398405516053,0.44893207282913167,0.44893207282913167,3.9855203619909503,10,4,10,0.0,chunk_search
max,3,-4.90625,13.55078125,-12.046875,20.6796875,1,5,1,10,2210,0.09778280542986424,0.9778280542986425,0.34922430510665803,0.17993212669683256,0.8864253393665158,0.4947182719241542,0.4219712885154061,0.4219712885154061,4.972850678733032,10,5,10,0.0,chunk_search
max,3,-4.90625,13.55078125,-12.046875,20.6796875,1,7,1,10,2210,0.09778280542986424,0.9778280542986425,0.34922430510665803,0.13185412626589094,0.8963800904977376,0.4117597272009037,0.38049201615378087,0.38049201615378087,6.930769230769231,10,7,10,0.0,chunk_search
max,3,-4.90625,13.55078125,-12.046875,20.6796875,1,10,1,10,2210,0.09778280542986424,0.9778280542986425,0.34922430510665803,0.09588702147525677,0.9063348416289593,0.33134278366178815,0.3402835443842231,0.3402835443842231,9.823529411764707,10,10,10,0.0,chunk_search
max,3,-4.90625,13.55078125,-12.046875,20.6796875,1,15,1,10,2210,0.09778280542986424,0.9778280542986425,0.34922430510665803,0.07485481838423014,0.9144796380090497,0.2732975605316534,0.3112609328191557,0.3112609328191557,13.170588235294117,10,15,10,0.0,chunk_search
max,3,-4.90625,13.55078125,-12.046875,20.6796875,1,20,1,10,2210,0.09778280542986424,0.9778280542986425,0.34922430510665803,0.0683470908927075,0.9153846153846154,0.2525347978207522,0.30087955146370515,0.30087955146370515,14.99185520361991,10,20,10,0.0,chunk_search
max,3,-3.419921875,4.8372436523437505,-12.046875,20.6796875,0,1,1,10,2210,0.09778280542986424,0.9778280542986425,0.34922430510665803,0.7493212669683258,0.7493212669683258,0.7493212669683258,0.549272786037492,0.549272786037492,0.9995475113122172,10,1,10,0.0,chunk_search
max,3,-3.419921875,4.8372436523437505,-12.046875,20.6796875,0,2,1,10,2210,0.09778280542986424,0.9778280542986425,0.34922430510665803,0.5119909502262443,0.8266968325791855,0.7217948717948717,0.5355095884507648,0.5355095884507648,1.797737556561086,10,2,10,0.0,chunk_search
max,3,-3.419921875,4.8372436523437505,-12.046875,20.6796875,0,3,1,10,2210,0.09778280542986424,0.9778280542986425,0.34922430510665803,0.4419306184012067,0.8561085972850678,0.6857573798750269,0.5174908424908424,0.5174908424908424,2.442081447963801,10,3,10,0.0,chunk_search
max,3,-3.419921875,4.8372436523437505,-12.046875,20.6796875,0,4,1,10,2210,0.09778280542986424,0.9778280542986425,0.34922430510665803,0.41300904977375563,0.8710407239819005,0.6601028873087696,0.5046635962077138,0.5046635962077138,2.960633484162896,10,4,10,0.0,chunk_search
max,3,-3.419921875,4.8372436523437505,-12.046875,20.6796875,0,5,1,10,2210,0.09778280542986424,0.9778280542986425,0.34922430510665803,0.39807692307692305,0.8796380090497737,0.6417519571931337,0.49548813114989587,0.49548813114989587,3.3990950226244343,10,5,10,0.0,chunk_search
max,3,-3.419921875,4.8372436523437505,-12.046875,20.6796875,0,7,1,10,2210,0.09778280542986424,0.9778280542986425,0.34922430510665803,0.38418552036199094,0.8873303167420814,0.6189378432025491,0.48408107415460355,0.48408107415460355,4.098642533936651,10,7,10,0.0,chunk_search
max,3,-3.419921875,4.8372436523437505,-12.046875,20.6796875,0,10,1,10,2210,0.09778280542986424,0.9778280542986425,0.34922430510665803,0.37730876966171084,0.895475113122172,0.6044937654100548,0.47685903525835643,0.47685903525835643,4.855656108597285,10,10,10,0.0,chunk_search
max,3,-3.419921875,4.8372436523437505,-12.046875,20.6796875,0,15,1,10,2210,0.09778280542986424,0.9778280542986425,0.34922430510665803,0.3751583258370589,0.9018099547511312,0.5990637177062867,0.4741440114064724,0.4741440114064724,5.3330316742081445,10,14,10,0.0,chunk_search
max,3,-3.419921875,4.8372436523437505,-12.046875,20.6796875,0,20,1,10,2210,0.09778280542986424,0.9778280542986425,0.34922430510665803,0.37460163134779284,0.9018099547511312,0.5973060936467042,0.4732651993766811,0.4732651993766811,5.495475113122172,10,15,10,0.0,chunk_search
max,3,-3.419921875,4.8372436523437505,-12.046875,20.6796875,1,1,1,10,2210,0.09778280542986424,0.9778280542986425,0.34922430510665803,0.7493212669683258,0.7493212669683258,0.7493212669683258,0.549272786037492,0.549272786037492,1,10,1,10,0.0,chunk_search
max,3,-3.419921875,4.8372436523437505,-12.046875,20.6796875,1,2,1,10,2210,0.09778280542986424,0.9778280542986425,0.34922430510665803,0.5119909502262443,0.8266968325791855,0.7217948717948717,0.5355095884507648,0.5355095884507648,1.7981900452488688,10,2,10,0.0,chunk_search
max,3,-3.419921875,4.8372436523437505,-12.046875,20.6796875,1,3,1,10,2210,0.09778280542986424,0.9778280542986425,0.34922430510665803,0.4419306184012067,0.8561085972850678,0.6857573798750269,0.5174908424908424,0.5174908424908424,2.442533936651584,10,3,10,0.0,chunk_search
max,3,-3.419921875,4.8372436523437505,-12.046875,20.6796875,1,4,1,10,2210,0.09778280542986424,0.9778280542986425,0.34922430510665803,0.41300904977375563,0.8710407239819005,0.6601028873087696,0.5046635962077138,0.5046635962077138,2.961085972850679,10,4,10,0.0,chunk_search
max,3,-3.419921875,4.8372436523437505,-12.046875,20.6796875,1,5,1,10,2210,0.09778280542986424,0.9778280542986425,0.34922430510665803,0.39807692307692305,0.8796380090497737,0.6417519571931337,0.49548813114989587,0.49548813114989587,3.399547511312217,10,5,10,0.0,chunk_search
max,3,-3.419921875,4.8372436523437505,-12.046875,20.6796875,1,7,1,10,2210,0.09778280542986424,0.9778280542986425,0.34922430510665803,0.38418552036199094,0.8873303167420814,0.6189378432025491,0.48408107415460355,0.48408107415460355,4.099095022624434,10,7,10,0.0,chunk_search
max,3,-3.419921875,4.8372436523437505,-12.046875,20.6796875,1,10,1,10,2210,0.09778280542986424,0.9778280542986425,0.34922430510665803,0.37730876966171084,0.895475113122172,0.6044937654100548,0.47685903525835643,0.47685903525835643,4.8561085972850675,10,10,10,0.0,chunk_search
max,3,-3.419921875,4.8372436523437505,-12.046875,20.6796875,1,15,1,10,2210,0.09778280542986424,0.9778280542986425,0.34922430510665803,0.3751583258370589,0.9018099547511312,0.5990637177062867,0.4741440114064724,0.4741440114064724,5.333484162895927,10,14,10,0.0,chunk_search
max,3,-3.419921875,4.8372436523437505,-12.046875,20.6796875,1,20,1,10,2210,0.09778280542986424,0.9778280542986425,0.34922430510665803,0.37460163134779284,0.9018099547511312,0.5973060936467042,0.4732651993766811,0.4732651993766811,5.495927601809955,10,15,10,0.0,chunk_search
max,3,-3.419921875,7.744653320312498,-12.046875,20.6796875,0,1,1,10,2210,0.09778280542986424,0.9778280542986425,0.34922430510665803,0.7493212669683258,0.7493212669683258,0.7493212669683258,0.549272786037492,0.549272786037492,0.9995475113122172,10,1,10,0.0,chunk_search
max,3,-3.419921875,7.744653320312498,-12.046875,20.6796875,0,2,1,10,2210,0.09778280542986424,0.9778280542986425,0.34922430510665803,0.4278280542986425,0.8280542986425339,0.6946455505279034,0.5219349278172807,0.5219349278172807,1.970135746606335,10,2,10,0.0,chunk_search
max,3,-3.419921875,7.744653320312498,-12.046875,20.6796875,0,3,1,10,2210,0.09778280542986424,0.9778280542986425,0.34922430510665803,0.3109351432880845,0.8583710407239818,0.6255871579400991,0.48740573152337857,0.48740573152337857,2.9009049773755655,10,3,10,0.0,chunk_search
max,3,-3.419921875,7.744653320312498,-12.046875,20.6796875,0,4,1,10,2210,0.09778280542986424,0.9778280542986425,0.34922430510665803,0.2521493212669683,0.8751131221719457,0.5685816634346047,0.45890298427063136,0.45890298427063136,3.7936651583710406,10,4,10,0.0,chunk_search
max,3,-3.419921875,7.744653320312498,-12.046875,20.6796875,0,5,1,10,2210,0.09778280542986424,0.9778280542986425,0.34922430510665803,0.21766968325791855,0.8855203619909502,0.5235841772606479,0.43640424118365295,0.43640424118365295,4.642986425339367,10,5,10,0.0,chunk_search
max,3,-3.419921875,7.744653320312498,-12.046875,20.6796875,0,7,1,10,2210,0.09778280542986424,0.9778280542986425,0.34922430510665803,0.18005279034690796,0.8950226244343892,0.4591616716616716,0.40419298838416484,0.40419298838416484,6.211764705882353,10,7,10,0.0,chunk_search
max,3,-3.419921875,7.744653320312498,-12.046875,20.6796875,0,10,1,10,2210,0.09778280542986424,0.9778280542986425,0.34922430510665803,0.15590874811463046,0.9049773755656109,0.4057887625195317,0.37750653381309485,0.37750653381309485,8.230316742081447,10,10,10,0.0,chunk_search
max,3,-3.419921875,7.744653320312498,-12.046875,20.6796875,0,15,1,10,2210,0.09778280542986424,0.9778280542986425,0.34922430510665803,0.1452284856922866,0.9117647058823529,0.3766697276308283,0.36294701636874316,0.36294701636874316,9.986877828054299,10,15,10,0.0,chunk_search
max,3,-3.419921875,7.744653320312498,-12.046875,20.6796875,0,20,1,10,2210,0.09778280542986424,0.9778280542986425,0.34922430510665803,0.14258626273570307,0.9122171945701357,0.36827749453784975,0.3587508998222539,0.3587508998222539,10.72760180995475,10,20,10,0.0,chunk_search
max,3,-3.419921875,7.744653320312498,-12.046875,20.6796875,1,1,1,10,2210,0.09778280542986424,0.9778280542986425,0.34922430510665803,0.7493212669683258,0.7493212669683258,0.7493212669683258,0.549272786037492,0.549272786037492,1,10,1,10,0.0,chunk_search
max,3,-3.419921875,7.744653320312498,-12.046875,20.6796875,1,2,1,10,2210,0.09778280542986424,0.9778280542986425,0.34922430510665803,0.4278280542986425,0.8280542986425339,0.6946455505279034,0.5219349278172807,0.5219349278172807,1.9705882352941178,10,2,10,0.0,chunk_search
max,3,-3.419921875,7.744653320312498,-12.046875,20.6796875,1,3,1,10,2210,0.09778280542986424,0.9778280542986425,0.34922430510665803,0.3109351432880845,0.8583710407239818,0.6255871579400991,0.48740573152337857,0.48740573152337857,2.9013574660633483,10,3,10,0.0,chunk_search
max,3,-3.419921875,7.744653320312498,-12.046875,20.6796875,1,4,1,10,2210,0.09778280542986424,0.9778280542986425,0.34922430510665803,0.2521493212669683,0.8751131221719457,0.5685816634346047,0.45890298427063136,0.45890298427063136,3.7941176470588234,10,4,10,0.0,chunk_search
max,3,-3.419921875,7.744653320312498,-12.046875,20.6796875,1,5,1,10,2210,0.09778280542986424,0.9778280542986425,0.34922430510665803,0.21766968325791855,0.8855203619909502,0.5235841772606479,0.43640424118365295,0.43640424118365295,4.64343891402715,10,5,10,0.0,chunk_search
max,3,-3.419921875,7.744653320312498,-12.046875,20.6796875,1,7,1,10,2210,0.09778280542986424,0.9778280542986425,0.34922430510665803,0.18005279034690796,0.8950226244343892,0.4591616716616716,0.40419298838416484,0.40419298838416484,6.212217194570136,10,7,10,0.0,chunk_search
max,3,-3.419921875,7.744653320312498,-12.046875,20.6796875,1,10,1,10,2210,0.09778280542986424,0.9778280542986425,0.34922430510665803,0.15590874811463046,0.9049773755656109,0.4057887625195317,0.37750653381309485,0.37750653381309485,8.23076923076923,10,10,10,0.0,chunk_search
max,3,-3.419921875,7.744653320312498,-12.046875,20.6796875,1,15,1,10,2210,0.09778280542986424,0.9778280542986425,0.34922430510665803,0.1452284856922866,0.9117647058823529,0.3766697276308283,0.36294701636874316,0.36294701636874316,9.987330316742081,10,15,10,0.0,chunk_search
max,3,-3.419921875,7.744653320312498,-12.046875,20.6796875,1,20,1,10,2210,0.09778280542986424,0.9778280542986425,0.34922430510665803,0.14258626273570307,0.9122171945701357,0.36827749453784975,0.3587508998222539,0.3587508998222539,10.728054298642533,10,20,10,0.0,chunk_search
max,3,-3.419921875,9.521484375,-12.046875,20.6796875,0,1,1,10,2210,0.09778280542986424,0.9778280542986425,0.34922430510665803,0.7493212669683258,0.7493212669683258,0.7493212669683258,0.549272786037492,0.549272786037492,0.9995475113122172,10,1,10,0.0,chunk_search
max,3,-3.419921875,9.521484375,-12.046875,20.6796875,0,2,1,10,2210,0.09778280542986424,0.9778280542986425,0.34922430510665803,0.41923076923076924,0.8280542986425339,0.6917797888386124,0.5205020469726351,0.5205020469726351,1.9877828054298643,10,2,10,0.0,chunk_search
max,3,-3.419921875,9.521484375,-12.046875,20.6796875,0,3,1,10,2210,0.09778280542986424,0.9778280542986425,0.34922430510665803,0.29615384615384616,0.8583710407239818,0.618304244774833,0.48376427494074553,0.48376427494074553,2.956108597285068,10,3,10,0.0,chunk_search
max,3,-3.419921875,9.521484375,-12.046875,20.6796875,0,4,1,10,2210,0.09778280542986424,0.9778280542986425,0.34922430510665803,0.23261689291101054,0.8751131221719457,0.556208252531782,0.45271627881922,0.45271627881922,3.906334841628959,10,4,10,0.0,chunk_search
max,3,-3.419921875,9.521484375,-12.046875,20.6796875,0,5,1,10,2210,0.09778280542986424,0.9778280542986425,0.34922430510665803,0.19435897435897434,0.8855203619909502,0.5059631544925662,0.42759372979961213,0.42759372979961213,4.832126696832579,10,5,10,0.0,chunk_search
max,3,-3.419921875,9.521484375,-12.046875,20.6796875,0,7,1,10,2210,0.09778280542986424,0.9778280542986425,0.34922430510665803,0.15120017237664293,0.8950226244343892,0.4316955919897096,0.3904599485481838,0.3904599485481838,6.598642533936651,10,7,10,0.0,chunk_search
max,3,-3.419921875,9.521484375,-12.046875,20.6796875,0,10,1,10,2210,0.09778280542986424,0.9778280542986425,0.34922430510665803,0.12129928894634777,0.9049773755656109,0.3651667211621963,0.35719551313442716,0.35719551313442716,9.029411764705882,10,10,10,0.0,chunk_search
max,3,-3.419921875,9.521484375,-12.046875,20.6796875,0,15,1,10,2210,0.09778280542986424,0.9778280542986425,0.34922430510665803,0.10604375262746303,0.9122171945701357,0.32328648629457296,0.33625539570061547,0.33625539570061547,11.461990950226244,10,15,10,0.0,chunk_search
max,3,-3.419921875,9.521484375,-12.046875,20.6796875,0,20,1,10,2210,0.09778280542986424,0.9778280542986425,0.34922430510665803,0.10191089446924169,0.9126696832579185,0.3101095796312399,0.329666942368949,0.329666942368949,12.612217194570135,10,20,10,0.0,chunk_search
max,3,-3.419921875,9.521484375,-12.046875,20.6796875,1,1,1,10,2210,0.09778280542986424,0.9778280542986425,0.34922430510665803,0.7493212669683258,0.7493212669683258,0.7493212669683258,0.549272786037492,0.549272786037492,1,10,1,10,0.0,chunk_search
max,3,-3.419921875,9.521484375,-12.046875,20.6796875,1,2,1,10,2210,0.09778280542986424,0.9778280542986425,0.34922430510665803,0.41923076923076924,0.8280542986425339,0.6917797888386124,0.5205020469726351,0.5205020469726351,1.988235294117647,10,2,10,0.0,chunk_search
max,3,-3.419921875,9.521484375,-12.046875,20.6796875,1,3,1,10,2210,0.09778280542986424,0.9778280542986425,0.34922430510665803,0.29615384615384616,0.8583710407239818,0.618304244774833,0.48376427494074553,0.48376427494074553,2.956561085972851,10,3,10,0.0,chunk_search
max,3,-3.419921875,9.521484375,-12.046875,20.6796875,1,4,1,10,2210,0.09778280542986424,0.9778280542986425,0.34922430510665803,0.23261689291101054,0.8751131221719457,0.556208252531782,0.45271627881922,0.45271627881922,3.906787330316742,10,4,10,0.0,chunk_search
max,3,-3.419921875,9.521484375,-12.046875,20.6796875,1,5,1,10,2210,0.09778280542986424,0.9778280542986425,0.34922430510665803,0.19435897435897434,0.8855203619909502,0.5059631544925662,0.42759372979961213,0.42759372979961213,4.832579185520362,10,5,10,0.0,chunk_search
max,3,-3.419921875,9.521484375,-12.046875,20.6796875,1,7,1,10,2210,0.09778280542986424,0.9778280542986425,0.34922430510665803,0.15120017237664293,0.8950226244343892,0.4316955919897096,0.3904599485481838,0.3904599485481838,6.599095022624434,10,7,10,0.0,chunk_search
max,3,-3.419921875,9.521484375,-12.046875,20.6796875,1,10,1,10,2210,0.09778280542986424,0.9778280542986425,0.34922430510665803,0.12129928894634777,0.9049773755656109,0.3651667211621963,0.35719551313442716,0.35719551313442716,9.029864253393665,10,10,10,0.0,chunk_search
max,3,-3.419921875,9.521484375,-12.046875,20.6796875,1,15,1,10,2210,0.09778280542986424,0.9778280542986425,0.34922430510665803,0.10604375262746303,0.9122171945701357,0.32328648629457296,0.33625539570061547,0.33625539570061547,11.462443438914027,10,15,10,0.0,chunk_search
max,3,-3.419921875,9.521484375,-12.046875,20.6796875,1,20,1,10,2210,0.09778280542986424,0.9778280542986425,0.34922430510665803,0.10191089446924169,0.9126696832579185,0.3101095796312399,0.329666942368949,0.329666942368949,12.612669683257918,10,20,10,0.0,chunk_search
max,3,-3.419921875,11.1796875,-12.046875,20.6796875,0,1,1,10,2210,0.09778280542986424,0.9778280542986425,0.34922430510665803,0.7493212669683258,0.7493212669683258,0.7493212669683258,0.549272786037492,0.549272786037492,0.9995475113122172,10,1,10,0.0,chunk_search
max,3,-3.419921875,11.1796875,-12.046875,20.6796875,0,2,1,10,2210,0.09778280542986424,0.9778280542986425,0.34922430510665803,0.41832579185520363,0.8280542986425339,0.6914781297134238,0.5203512174100409,0.5203512174100409,1.9895927601809955,10,2,10,0.0,chunk_search
max,3,-3.419921875,11.1796875,-12.046875,20.6796875,0,3,1,10,2210,0.09778280542986424,0.9778280542986425,0.34922430510665803,0.2944193061840121,0.8583710407239818,0.6174100409394526,0.4833171730230553,0.4833171730230553,2.96289592760181,10,3,10,0.0,chunk_search
max,3,-3.419921875,11.1796875,-12.046875,20.6796875,0,4,1,10,2210,0.09778280542986424,0.9778280542986425,0.34922430510665803,0.23035444947209652,0.8751131221719457,0.5547484378366732,0.4519863714716656,0.4519863714716656,3.9194570135746605,10,4,10,0.0,chunk_search
max,3,-3.419921875,11.1796875,-12.046875,20.6796875,0,5,1,10,2210,0.09778280542986424,0.9778280542986425,0.34922430510665803,0.19164404223227752,0.885972850678733,0.5040005745888098,0.4266124398477339,0.4266124398477339,4.85656108597285,10,5,10,0.0,chunk_search
max,3,-3.419921875,11.1796875,-12.046875,20.6796875,0,7,1,10,2210,0.09778280542986424,0.9778280542986425,0.34922430510665803,0.1473432449903038,0.895475113122172,0.42769909828733355,0.3884617016969958,0.3884617016969958,6.663800904977376,10,7,10,0.0,chunk_search
max,3,-3.419921875,11.1796875,-12.046875,20.6796875,0,10,1,10,2210,0.09778280542986424,0.9778280542986425,0.34922430510665803,0.11641097464626878,0.9054298642533937,0.3588143631130057,0.3540193341098319,0.3540193341098319,9.16787330316742,10,10,10,0.0,chunk_search
max,3,-3.419921875,11.1796875,-12.046875,20.6796875,0,15,1,10,2210,0.09778280542986424,0.9778280542986425,0.34922430510665803,0.1001497321180579,0.9126696832579185,0.31410691893028375,0.3316656120184709,0.3316656120184709,11.750678733031675,10,15,10,0.0,chunk_search
max,3,-3.419921875,11.1796875,-12.046875,20.6796875,0,20,1,10,2210,0.09778280542986424,0.9778280542986425,0.34922430510665803,0.09557046003547622,0.9131221719457013,0.2994922603578246,0.3243582827322413,0.3243582827322413,13.023076923076923,10,20,10,0.0,chunk_search
max,3,-3.419921875,11.1796875,-12.046875,20.6796875,1,1,1,10,2210,0.09778280542986424,0.9778280542986425,0.34922430510665803,0.7493212669683258,0.7493212669683258,0.7493212669683258,0.549272786037492,0.549272786037492,1,10,1,10,0.0,chunk_search
max,3,-3.419921875,11.1796875,-12.046875,20.6796875,1,2,1,10,2210,0.09778280542986424,0.9778280542986425,0.34922430510665803,0.41832579185520363,0.8280542986425339,0.6914781297134238,0.5203512174100409,0.5203512174100409,1.9900452488687783,10,2,10,0.0,chunk_search
max,3,-3.419921875,11.1796875,-12.046875,20.6796875,1,3,1,10,2210,0.09778280542986424,0.9778280542986425,0.34922430510665803,0.2944193061840121,0.8583710407239818,0.6174100409394526,0.4833171730230553,0.4833171730230553,2.963348416289593,10,3,10,0.0,chunk_search
max,3,-3.419921875,11.1796875,-12.046875,20.6796875,1,4,1,10,2210,0.09778280542986424,0.9778280542986425,0.34922430510665803,0.23035444947209652,0.8751131221719457,0.5547484378366732,0.4519863714716656,0.4519863714716656,3.9199095022624433,10,4,10,0.0,chunk_search
max,3,-3.419921875,11.1796875,-12.046875,20.6796875,1,5,1,10,2210,0.09778280542986424,0.9778280542986425,0.34922430510665803,0.19164404223227752,0.885972850678733,0.5040005745888098,0.4266124398477339,0.4266124398477339,4.857013574660633,10,5,10,0.0,chunk_search
max,3,-3.419921875,11.1796875,-12.046875,20.6796875,1,7,1,10,2210,0.09778280542986424,0.9778280542986425,0.34922430510665803,0.1473432449903038,0.895475113122172,0.42769909828733355,0.3884617016969958,0.3884617016969958,6.664253393665159,10,7,10,0.0,chunk_search
max,3,-3.419921875,11.1796875,-12.046875,20.6796875,1,10,1,10,2210,0.09778280542986424,0.9778280542986425,0.34922430510665803,0.11641097464626878,0.9054298642533937,0.3588143631130057,0.3540193341098319,0.3540193341098319,9.168325791855203,10,10,10,0.0,chunk_search
max,3,-3.419921875,11.1796875,-12.046875,20.6796875,1,15,1,10,2210,0.09778280542986424,0.9778280542986425,0.34922430510665803,0.1001497321180579,0.9126696832579185,0.31410691893028375,0.3316656120184709,0.3316656120184709,11.751131221719458,10,15,10,0.0,chunk_search
max,3,-3.419921875,11.1796875,-12.046875,20.6796875,1,20,1,10,2210,0.09778280542986424,0.9778280542986425,0.34922430510665803,0.09557046003547622,0.9131221719457013,0.2994922603578246,0.3243582827322413,0.3243582827322413,13.023529411764706,10,20,10,0.0,chunk_search
max,3,-3.419921875,13.55078125,-12.046875,20.6796875,0,1,1,10,2210,0.09778280542986424,0.9778280542986425,0.34922430510665803,0.7493212669683258,0.7493212669683258,0.7493212669683258,0.549272786037492,0.549272786037492,0.9995475113122172,10,1,10,0.0,chunk_search
max,3,-3.419921875,13.55078125,-12.046875,20.6796875,0,2,1,10,2210,0.09778280542986424,0.9778280542986425,0.34922430510665803,0.41832579185520363,0.8280542986425339,0.6914781297134238,0.5203512174100409,0.5203512174100409,1.9895927601809955,10,2,10,0.0,chunk_search
max,3,-3.419921875,13.55078125,-12.046875,20.6796875,0,3,1,10,2210,0.09778280542986424,0.9778280542986425,0.34922430510665803,0.2944193061840121,0.8583710407239818,0.6174100409394526,0.4833171730230553,0.4833171730230553,2.96289592760181,10,3,10,0.0,chunk_search
max,3,-3.419921875,13.55078125,-12.046875,20.6796875,0,4,1,10,2210,0.09778280542986424,0.9778280542986425,0.34922430510665803,0.23027903469079938,0.8751131221719457,0.5546676362852834,0.4519459706959707,0.4519459706959707,3.920361990950226,10,4,10,0.0,chunk_search
max,3,-3.419921875,13.55078125,-12.046875,20.6796875,0,5,1,10,2210,0.09778280542986424,0.9778280542986425,0.34922430510665803,0.19152337858220211,0.885972850678733,0.5038569273863391,0.4265406162464986,0.4265406162464986,4.8583710407239815,10,5,10,0.0,chunk_search
max,3,-3.419921875,13.55078125,-12.046875,20.6796875,0,7,1,10,2210,0.09778280542986424,0.9778280542986425,0.34922430510665803,0.14715578539107949,0.895475113122172,0.4274389009683127,0.3883316030374854,0.3883316030374854,6.667873303167421,10,7,10,0.0,chunk_search
max,3,-3.419921875,13.55078125,-12.046875,20.6796875,0,10,1,10,2210,0.09778280542986424,0.9778280542986425,0.34922430510665803,0.11615905336493572,0.9054298642533937,0.3584074422309717,0.35381587366881484,0.35381587366881484,9.176470588235293,10,10,10,0.0,chunk_search
max,3,-3.419921875,13.55078125,-12.046875,20.6796875,0,15,1,10,2210,0.09778280542986424,0.9778280542986425,0.34922430510665803,0.09979454306377383,0.9126696832579185,0.3134070347487758,0.3313156699277169,0.3313156699277169,11.775113122171947,10,15,10,0.0,chunk_search
max,3,-3.419921875,13.55078125,-12.046875,20.6796875,0,20,1,10,2210,0.09778280542986424,0.9778280542986425,0.34922430510665803,0.0951932516550843,0.9131221719457013,0.29871961443812217,0.32397195977239013,0.32397195977239013,13.054298642533936,10,20,10,0.0,chunk_search
max,3,-3.419921875,13.55078125,-12.046875,20.6796875,1,1,1,10,2210,0.09778280542986424,0.9778280542986425,0.34922430510665803,0.7493212669683258,0.7493212669683258,0.7493212669683258,0.549272786037492,0.549272786037492,1,10,1,10,0.0,chunk_search
max,3,-3.419921875,13.55078125,-12.046875,20.6796875,1,2,1,10,2210,0.09778280542986424,0.9778280542986425,0.34922430510665803,0.41832579185520363,0.8280542986425339,0.6914781297134238,0.5203512174100409,0.5203512174100409,1.9900452488687783,10,2,10,0.0,chunk_search
max,3,-3.419921875,13.55078125,-12.046875,20.6796875,1,3,1,10,2210,0.09778280542986424,0.9778280542986425,0.34922430510665803,0.2944193061840121,0.8583710407239818,0.6174100409394526,0.4833171730230553,0.4833171730230553,2.963348416289593,10,3,10,0.0,chunk_search
max,3,-3.419921875,13.55078125,-12.046875,20.6796875,1,4,1,10,2210,0.09778280542986424,0.9778280542986425,0.34922430510665803,0.23027903469079938,0.8751131221719457,0.5546676362852834,0.4519459706959707,0.4519459706959707,3.920814479638009,10,4,10,0.0,chunk_search
max,3,-3.419921875,13.55078125,-12.046875,20.6796875,1,5,1,10,2210,0.09778280542986424,0.9778280542986425,0.34922430510665803,0.19152337858220211,0.885972850678733,0.5038569273863391,0.4265406162464986,0.4265406162464986,4.858823529411764,10,5,10,0.0,chunk_search
max,3,-3.419921875,13.55078125,-12.046875,20.6796875,1,7,1,10,2210,0.09778280542986424,0.9778280542986425,0.34922430510665803,0.14715578539107949,0.895475113122172,0.4274389009683127,0.3883316030374854,0.3883316030374854,6.668325791855204,10,7,10,0.0,chunk_search
max,3,-3.419921875,13.55078125,-12.046875,20.6796875,1,10,1,10,2210,0.09778280542986424,0.9778280542986425,0.34922430510665803,0.11615905336493572,0.9054298642533937,0.3584074422309717,0.35381587366881484,0.35381587366881484,9.176923076923076,10,10,10,0.0,chunk_search
max,3,-3.419921875,13.55078125,-12.046875,20.6796875,1,15,1,10,2210,0.09778280542986424,0.9778280542986425,0.34922430510665803,0.09979454306377383,0.9126696832579185,0.3134070347487758,0.3313156699277169,0.3313156699277169,11.77556561085973,10,15,10,0.0,chunk_search
max,3,-3.419921875,13.55078125,-12.046875,20.6796875,1,20,1,10,2210,0.09778280542986424,0.9778280542986425,0.34922430510665803,0.0951932516550843,0.9131221719457013,0.29871961443812217,0.32397195977239013,0.32397195977239013,13.05475113122172,10,20,10,0.0,chunk_search
max,3,-0.953125,4.8372436523437505,-12.046875,20.6796875,0,1,1,10,2210,0.09778280542986424,0.9778280542986425,0.34922430510665803,0.7457013574660634,0.7457013574660634,0.7457013574660634,0.5474628312863608,0.5474628312863608,0.9846153846153847,10,1,10,0.0,chunk_search
max,3,-0.953125,4.8372436523437505,-12.046875,20.6796875,0,2,1,10,2210,0.09778280542986424,0.9778280542986425,0.34922430510665803,0.5219457013574661,0.820814479638009,0.7211915535444947,0.5352079293255764,0.5352079293255764,1.7334841628959277,10,2,10,0.0,chunk_search
max,3,-0.953125,4.8372436523437505,-12.046875,20.6796875,0,3,1,10,2210,0.09778280542986424,0.9778280542986425,0.34922430510665803,0.4592760180995475,0.8493212669683258,0.690002154708037,0.5196132299073475,0.5196132299073475,2.3076923076923075,10,3,10,0.0,chunk_search
max,3,-0.953125,4.8372436523437505,-12.046875,20.6796875,0,4,1,10,2210,0.09778280542986424,0.9778280542986425,0.34922430510665803,0.4347285067873303,0.86289592760181,0.6685493428140488,0.5088868239603535,0.5088868239603535,2.743891402714932,10,4,10,0.0,chunk_search
max,3,-0.953125,4.8372436523437505,-12.046875,20.6796875,0,5,1,10,2210,0.09778280542986424,0.9778280542986425,0.34922430510665803,0.423212669683258,0.8714932126696833,0.6549432593550241,0.502083782230841,0.502083782230841,3.0877828054298644,10,5,10,0.0,chunk_search
max,3,-0.953125,4.8372436523437505,-12.046875,20.6796875,0,7,1,10,2210,0.09778280542986424,0.9778280542986425,0.34922430510665803,0.4131911226028873,0.8773755656108597,0.6385919635919637,0.49390813434931086,0.49390813434931086,3.5832579185520363,10,7,10,0.0,chunk_search
max,3,-0.953125,4.8372436523437505,-12.046875,20.6796875,0,10,1,10,2210,0.09778280542986424,0.9778280542986425,0.34922430510665803,0.4091402714932127,0.883710407239819,0.6303257200316024,0.4897750125691302,0.4897750125691302,4.035294117647059,10,10,10,0.0,chunk_search
max,3,-0.953125,4.8372436523437505,-12.046875,20.6796875,0,15,1,10,2210,0.09778280542986424,0.9778280542986425,0.34922430510665803,0.40817554994025584,0.8877828054298642,0.6279989244248942,0.48861161476577614,0.48861161476577614,4.255203619909502,10,12,10,0.0,chunk_search
max,3,-0.953125,4.8372436523437505,-12.046875,20.6796875,0,20,1,10,2210,0.09778280542986424,0.9778280542986425,0.34922430510665803,0.4079658597748689,0.8877828054298642,0.6273431467886526,0.4882837259476553,0.4882837259476553,4.313574660633484,10,12,10,0.0,chunk_search
max,3,-0.953125,4.8372436523437505,-12.046875,20.6796875,1,1,1,10,2210,0.09778280542986424,0.9778280542986425,0.34922430510665803,0.7493212669683258,0.7493212669683258,0.7493212669683258,0.549272786037492,0.549272786037492,1,10,1,10,0.0,chunk_search
max,3,-0.953125,4.8372436523437505,-12.046875,20.6796875,1,2,1,10,2210,0.09778280542986424,0.9778280542986425,0.34922430510665803,0.5255656108597285,0.8244343891402715,0.7248114630467571,0.5370178840767076,0.5370178840767076,1.748868778280543,10,2,10,0.0,chunk_search
max,3,-0.953125,4.8372436523437505,-12.046875,20.6796875,1,3,1,10,2210,0.09778280542986424,0.9778280542986425,0.34922430510665803,0.46289592760181,0.8529411764705882,0.6936220642102995,0.5214231846584787,0.5214231846584787,2.3230769230769233,10,3,10,0.0,chunk_search
max,3,-0.953125,4.8372436523437505,-12.046875,20.6796875,1,4,1,10,2210,0.09778280542986424,0.9778280542986425,0.34922430510665803,0.43834841628959276,0.8665158371040724,0.6721692523163112,0.5106967787114847,0.5106967787114847,2.7592760180995475,10,4,10,0.0,chunk_search
max,3,-0.953125,4.8372436523437505,-12.046875,20.6796875,1,5,1,10,2210,0.09778280542986424,0.9778280542986425,0.34922430510665803,0.4268325791855204,0.8751131221719457,0.6585631688572865,0.5038937369819723,0.5038937369819723,3.1031674208144797,10,5,10,0.0,chunk_search
max,3,-0.953125,4.8372436523437505,-12.046875,20.6796875,1,7,1,10,2210,0.09778280542986424,0.9778280542986425,0.34922430510665803,0.4168110321051498,0.8809954751131222,0.6422118730942261,0.49571808910044207,0.49571808910044207,3.5986425339366517,10,7,10,0.0,chunk_search
max,3,-0.953125,4.8372436523437505,-12.046875,20.6796875,1,10,1,10,2210,0.09778280542986424,0.9778280542986425,0.34922430510665803,0.4127601809954751,0.8873303167420814,0.6339456295338649,0.49158496732026147,0.49158496732026147,4.050678733031674,10,10,10,0.0,chunk_search
max,3,-0.953125,4.8372436523437505,-12.046875,20.6796875,1,15,1,10,2210,0.09778280542986424,0.9778280542986425,0.34922430510665803,0.4117954594425183,0.8914027149321267,0.6316188339271567,0.49042156951690735,0.49042156951690735,4.270588235294118,10,12,10,0.0,chunk_search
max,3,-0.953125,4.8372436523437505,-12.046875,20.6796875,1,20,1,10,2210,0.09778280542986424,0.9778280542986425,0.34922430510665803,0.41158576927713136,0.8914027149321267,0.630963056290915,0.4900936806987865,0.4900936806987865,4.328959276018099,10,12,10,0.0,chunk_search
max,3,-0.953125,7.744653320312498,-12.046875,20.6796875,0,1,1,10,2210,0.09778280542986424,0.9778280542986425,0.34922430510665803,0.7457013574660634,0.7457013574660634,0.7457013574660634,0.5474628312863608,0.5474628312863608,0.9846153846153847,10,1,10,0.0,chunk_search
max,3,-0.953125,7.744653320312498,-12.046875,20.6796875,0,2,1,10,2210,0.09778280542986424,0.9778280542986425,0.34922430510665803,0.4595022624434389,0.8221719457013574,0.7012820512820512,0.5252531781943546,0.5252531781943546,1.8624434389140272,10,2,10,0.0,chunk_search
max,3,-0.953125,7.744653320312498,-12.046875,20.6796875,0,3,1,10,2210,0.09778280542986424,0.9778280542986425,0.34922430510665803,0.3631975867269985,0.851131221719457,0.6462831286360698,0.49775371687136394,0.49775371687136394,2.642081447963801,10,3,10,0.0,chunk_search
max,3,-0.953125,7.744653320312498,-12.046875,20.6796875,0,4,1,10,2210,0.09778280542986424,0.9778280542986425,0.34922430510665803,0.31926847662141783,0.8660633484162896,0.6045491273432451,0.47688671622495155,0.47688671622495155,3.321266968325792,10,4,10,0.0,chunk_search
max,3,-0.953125,7.744653320312498,-12.046875,20.6796875,0,5,1,10,2210,0.09778280542986424,0.9778280542986425,0.34922430510665803,0.29625942684766216,0.8764705882352941,0.5754830137183078,0.4623536594124829,0.4623536594124829,3.9099547511312216,10,5,10,0.0,chunk_search
max,3,-0.953125,7.744653320312498,-12.046875,20.6796875,0,7,1,10,2210,0.09778280542986424,0.9778280542986425,0.34922430510665803,0.2738698556345615,0.883710407239819,0.5375768022826846,0.4434005536946713,0.4434005536946713,4.854751131221719,10,7,10,0.0,chunk_search
max,3,-0.953125,7.744653320312498,-12.046875,20.6796875,0,10,1,10,2210,0.09778280542986424,0.9778280542986425,0.34922430510665803,0.2624770164476047,0.8914027149321267,0.5129070903957782,0.4310656977512181,0.4310656977512181,5.833484162895927,10,10,10,0.0,chunk_search
max,3,-0.953125,7.744653320312498,-12.046875,20.6796875,0,15,1,10,2210,0.09778280542986424,0.9778280542986425,0.34922430510665803,0.25889340548842815,0.8959276018099548,0.5033642854195366,0.4262942952630973,0.4262942952630973,6.434841628959276,10,15,10,0.0,chunk_search
max,3,-0.953125,7.744653320312498,-12.046875,20.6796875,0,20,1,10,2210,0.09778280542986424,0.9778280542986425,0.34922430510665803,0.25820572474539455,0.8963800904977376,0.5012040362154588,0.42521417066105843,0.42521417066105843,6.632579185520362,10,16,10,0.0,chunk_search
max,3,-0.953125,7.744653320312498,-12.046875,20.6796875,1,1,1,10,2210,0.09778280542986424,0.9778280542986425,0.34922430510665803,0.7493212669683258,0.7493212669683258,0.7493212669683258,0.549272786037492,0.549272786037492,1,10,1,10,0.0,chunk_search
max,3,-0.953125,7.744653320312498,-12.046875,20.6796875,1,2,1,10,2210,0.09778280542986424,0.9778280542986425,0.34922430510665803,0.4631221719457014,0.8257918552036199,0.7049019607843137,0.5270631329454858,0.5270631329454858,1.8778280542986425,10,2,10,0.0,chunk_search
max,3,-0.953125,7.744653320312498,-12.046875,20.6796875,1,3,1,10,2210,0.09778280542986424,0.9778280542986425,0.34922430510665803,0.3668174962292609,0.8547511312217194,0.6499030381383323,0.49956367162249515,0.49956367162249515,2.657466063348416,10,3,10,0.0,chunk_search
max,3,-0.953125,7.744653320312498,-12.046875,20.6796875,1,4,1,10,2210,0.09778280542986424,0.9778280542986425,0.34922430510665803,0.32288838612368026,0.869683257918552,0.6081690368455075,0.47869667097608276,0.47869667097608276,3.3366515837104074,10,4,10,0.0,chunk_search
max,3,-0.953125,7.744653320312498,-12.046875,20.6796875,1,5,1,10,2210,0.09778280542986424,0.9778280542986425,0.34922430510665803,0.2998793363499246,0.8800904977375565,0.5791029232205702,0.4641636141636141,0.4641636141636141,3.925339366515837,10,5,10,0.0,chunk_search
max,3,-0.953125,7.744653320312498,-12.046875,20.6796875,1,7,1,10,2210,0.09778280542986424,0.9778280542986425,0.34922430510665803,0.27748976513682394,0.8873303167420814,0.5411967117849471,0.44521050844580257,0.44521050844580257,4.870135746606334,10,7,10,0.0,chunk_search
max,3,-0.953125,7.744653320312498,-12.046875,20.6796875,1,10,1,10,2210,0.09778280542986424,0.9778280542986425,0.34922430510665803,0.26609692594986717,0.8950226244343892,0.5165269998980406,0.43287565250234933,0.43287565250234933,5.848868778280543,10,10,10,0.0,chunk_search
max,3,-0.953125,7.744653320312498,-12.046875,20.6796875,1,15,1,10,2210,0.09778280542986424,0.9778280542986425,0.34922430510665803,0.2625133149906906,0.8995475113122172,0.506984194921799,0.4281042500142285,0.4281042500142285,6.450226244343892,10,15,10,0.0,chunk_search
max,3,-0.953125,7.744653320312498,-12.046875,20.6796875,1,20,1,10,2210,0.09778280542986424,0.9778280542986425,0.34922430510665803,0.261825634247657,0.9,0.5048239457177213,0.42702412541218965,0.42702412541218965,6.647963800904978,10,16,10,0.0,chunk_search
max,3,-0.953125,9.521484375,-12.046875,20.6796875,0,1,1,10,2210,0.09778280542986424,0.9778280542986425,0.34922430510665803,0.7457013574660634,0.7457013574660634,0.7457013574660634,0.5474628312863608,0.5474628312863608,0.9846153846153847,10,1,10,0.0,chunk_search
max,3,-0.953125,9.521484375,-12.046875,20.6796875,0,2,1,10,2210,0.09778280542986424,0.9778280542986425,0.34922430510665803,0.45633484162895926,0.8221719457013574,0.7002262443438914,0.5247252747252746,0.5247252747252746,1.8692307692307693,10,2,10,0.0,chunk_search
max,3,-0.953125,9.521484375,-12.046875,20.6796875,0,3,1,10,2210,0.09778280542986424,0.9778280542986425,0.34922430510665803,0.3583710407239819,0.851131221719457,0.6440422322775264,0.49663326869209223,0.49663326869209223,2.6592760180995474,10,3,10,0.0,chunk_search
max,3,-0.953125,9.521484375,-12.046875,20.6796875,0,4,1,10,2210,0.09778280542986424,0.9778280542986425,0.34922430510665803,0.31323529411764706,0.8660633484162896,0.6010154061624651,0.47511985563456155,0.47511985563456155,3.3529411764705883,10,4,10,0.0,chunk_search
max,3,-0.953125,9.521484375,-12.046875,20.6796875,0,5,1,10,2210,0.09778280542986424,0.9778280542986425,0.34922430510665803,0.28941176470588237,0.8764705882352941,0.5708180708180709,0.46002118796236446,0.46002118796236446,3.9579185520361992,10,5,10,0.0,chunk_search
max,3,-0.953125,9.521484375,-12.046875,20.6796875,0,7,1,10,2210,0.09778280542986424,0.9778280542986425,0.34922430510665803,0.2659750053867701,0.883710407239819,0.5310516281104516,0.4401379666085548,0.4401379666085548,4.94027149321267,10,7,10,0.0,chunk_search
max,3,-0.953125,9.521484375,-12.046875,20.6796875,0,10,1,10,2210,0.09778280542986424,0.9778280542986425,0.34922430510665803,0.25347967392085036,0.8914027149321267,0.5038693458376716,0.4265468254721648,0.4265468254721648,5.99683257918552,10,10,10,0.0,chunk_search
max,3,-0.953125,9.521484375,-12.046875,20.6796875,0,15,1,10,2210,0.09778280542986424,0.9778280542986425,0.34922430510665803,0.24928777230813426,0.8959276018099548,0.4926355286623138,0.4209299168844859,0.4209299168844859,6.684162895927602,10,15,10,0.0,chunk_search
max,3,-0.953125,9.521484375,-12.046875,20.6796875,0,20,1,10,2210,0.09778280542986424,0.9778280542986425,0.34922430510665803,0.2484446575983076,0.8963800904977376,0.4899805967887692,0.41960245094771365,0.41960245094771365,6.9226244343891405,10,17,10,0.0,chunk_search
max,3,-0.953125,9.521484375,-12.046875,20.6796875,1,1,1,10,2210,0.09778280542986424,0.9778280542986425,0.34922430510665803,0.7493212669683258,0.7493212669683258,0.7493212669683258,0.549272786037492,0.549272786037492,1,10,1,10,0.0,chunk_search
max,3,-0.953125,9.521484375,-12.046875,20.6796875,1,2,1,10,2210,0.09778280542986424,0.9778280542986425,0.34922430510665803,0.4599547511312217,0.8257918552036199,0.7038461538461539,0.526535229476406,0.526535229476406,1.8846153846153846,10,2,10,0.0,chunk_search
max,3,-0.953125,9.521484375,-12.046875,20.6796875,1,3,1,10,2210,0.09778280542986424,0.9778280542986425,0.34922430510665803,0.36199095022624433,0.8547511312217194,0.6476621417797889,0.49844322344322345,0.49844322344322345,2.6746606334841627,10,3,10,0.0,chunk_search
max,3,-0.953125,9.521484375,-12.046875,20.6796875,1,4,1,10,2210,0.09778280542986424,0.9778280542986425,0.34922430510665803,0.3168552036199095,0.869683257918552,0.6046353156647275,0.47692981038569277,0.47692981038569277,3.3683257918552036,10,4,10,0.0,chunk_search
max,3,-0.953125,9.521484375,-12.046875,20.6796875,1,5,1,10,2210,0.09778280542986424,0.9778280542986425,0.34922430510665803,0.2930316742081448,0.8800904977375565,0.5744379803203333,0.4618311427134957,0.4618311427134957,3.9733031674208146,10,5,10,0.0,chunk_search
max,3,-0.953125,9.521484375,-12.046875,20.6796875,1,7,1,10,2210,0.09778280542986424,0.9778280542986425,0.34922430510665803,0.26959491488903253,0.8873303167420814,0.534671537612714,0.441947921359686,0.441947921359686,4.955656108597285,10,7,10,0.0,chunk_search
max,3,-0.953125,9.521484375,-12.046875,20.6796875,1,10,1,10,2210,0.09778280542986424,0.9778280542986425,0.34922430510665803,0.25709958342311284,0.8950226244343892,0.5074892553399342,0.4283567802232961,0.4283567802232961,6.012217194570136,10,10,10,0.0,chunk_search
max,3,-0.953125,9.521484375,-12.046875,20.6796875,1,15,1,10,2210,0.09778280542986424,0.9778280542986425,0.34922430510665803,0.2529076818103967,0.8995475113122172,0.49625543816457623,0.4227398716356171,0.4227398716356171,6.699547511312217,10,15,10,0.0,chunk_search
max,3,-0.953125,9.521484375,-12.046875,20.6796875,1,20,1,10,2210,0.09778280542986424,0.9778280542986425,0.34922430510665803,0.25206456710057007,0.9,0.49360050629103164,0.42141240569884486,0.42141240569884486,6.938009049773756,10,17,10,0.0,chunk_search
max,3,-0.953125,11.1796875,-12.046875,20.6796875,0,1,1,10,2210,0.09778280542986424,0.9778280542986425,0.34922430510665803,0.7457013574660634,0.7457013574660634,0.7457013574660634,0.5474628312863608,0.5474628312863608,0.9846153846153847,10,1,10,0.0,chunk_search
max,3,-0.953125,11.1796875,-12.046875,20.6796875,0,2,1,10,2210,0.09778280542986424,0.9778280542986425,0.34922430510665803,0.45633484162895926,0.8221719457013574,0.7002262443438914,0.5247252747252746,0.5247252747252746,1.8692307692307693,10,2,10,0.0,chunk_search
max,3,-0.953125,11.1796875,-12.046875,20.6796875,0,3,1,10,2210,0.09778280542986424,0.9778280542986425,0.34922430510665803,0.3583710407239819,0.851131221719457,0.6440422322775264,0.49663326869209223,0.49663326869209223,2.6592760180995474,10,3,10,0.0,chunk_search
max,3,-0.953125,11.1796875,-12.046875,20.6796875,0,4,1,10,2210,0.09778280542986424,0.9778280542986425,0.34922430510665803,0.3131975867269985,0.8660633484162896,0.6009750053867701,0.47509965524671405,0.47509965524671405,3.353393665158371,10,4,10,0.0,chunk_search
max,3,-0.953125,11.1796875,-12.046875,20.6796875,0,5,1,10,2210,0.09778280542986424,0.9778280542986425,0.34922430510665803,0.28932880844645553,0.8764705882352941,0.570714824391295,0.4599695647489765,0.4599695647489765,3.9592760180995477,10,5,10,0.0,chunk_search
max,3,-0.953125,11.1796875,-12.046875,20.6796875,0,7,1,10,2210,0.09778280542986424,0.9778280542986425,0.34922430510665803,0.2658769661710838,0.883710407239819,0.5309232434232434,0.4400737742649507,0.4400737742649507,4.942081447963801,10,7,10,0.0,chunk_search
max,3,-0.953125,11.1796875,-12.046875,20.6796875,0,10,1,10,2210,0.09778280542986424,0.9778280542986425,0.34922430510665803,0.253350930115636,0.8914027149321267,0.5036699537265148,0.4264471294165864,0.4264471294165864,6.000904977375566,10,10,10,0.0,chunk_search
max,3,-0.953125,11.1796875,-12.046875,20.6796875,0,15,1,10,2210,0.09778280542986424,0.9778280542986425,0.34922430510665803,0.24913565820805636,0.8959276018099548,0.4923717065559311,0.42079800583129456,0.42079800583129456,6.691402714932127,10,15,10,0.0,chunk_search
max,3,-0.953125,11.1796875,-12.046875,20.6796875,0,20,1,10,2210,0.09778280542986424,0.9778280542986425,0.34922430510665803,0.2482925434982297,0.8963800904977376,0.48971677468238656,0.4194705398945223,0.4194705398945223,6.929864253393665,10,17,10,0.0,chunk_search
max,3,-0.953125,11.1796875,-12.046875,20.6796875,1,1,1,10,2210,0.09778280542986424,0.9778280542986425,0.34922430510665803,0.7493212669683258,0.7493212669683258,0.7493212669683258,0.549272786037492,0.549272786037492,1,10,1,10,0.0,chunk_search
max,3,-0.953125,11.1796875,-12.046875,20.6796875,1,2,1,10,2210,0.09778280542986424,0.9778280542986425,0.34922430510665803,0.4599547511312217,0.8257918552036199,0.7038461538461539,0.526535229476406,0.526535229476406,1.8846153846153846,10,2,10,0.0,chunk_search
max,3,-0.953125,11.1796875,-12.046875,20.6796875,1,3,1,10,2210,0.09778280542986424,0.9778280542986425,0.34922430510665803,0.36199095022624433,0.8547511312217194,0.6476621417797889,0.49844322344322345,0.49844322344322345,2.6746606334841627,10,3,10,0.0,chunk_search
max,3,-0.953125,11.1796875,-12.046875,20.6796875,1,4,1,10,2210,0.09778280542986424,0.9778280542986425,0.34922430510665803,0.3168174962292609,0.869683257918552,0.6045949148890325,0.47690960999784526,0.47690960999784526,3.3687782805429864,10,4,10,0.0,chunk_search
max,3,-0.953125,11.1796875,-12.046875,20.6796875,1,5,1,10,2210,0.09778280542986424,0.9778280542986425,0.34922430510665803,0.29294871794871796,0.8800904977375565,0.5743347338935574,0.4617795195001077,0.4617795195001077,3.974660633484163,10,5,10,0.0,chunk_search
max,3,-0.953125,11.1796875,-12.046875,20.6796875,1,7,1,10,2210,0.09778280542986424,0.9778280542986425,0.34922430510665803,0.26949687567334624,0.8873303167420814,0.5345431529255058,0.4418837290160819,0.4418837290160819,4.957466063348416,10,7,10,0.0,chunk_search
max,3,-0.953125,11.1796875,-12.046875,20.6796875,1,10,1,10,2210,0.09778280542986424,0.9778280542986425,0.34922430510665803,0.25697083961789846,0.8950226244343892,0.5072898632287773,0.4282570841677177,0.4282570841677177,6.016289592760181,10,10,10,0.0,chunk_search
max,3,-0.953125,11.1796875,-12.046875,20.6796875,1,15,1,10,2210,0.09778280542986424,0.9778280542986425,0.34922430510665803,0.2527555677103188,0.8995475113122172,0.49599161605819353,0.4226079605824258,0.4226079605824258,6.706787330316742,10,15,10,0.0,chunk_search
max,3,-0.953125,11.1796875,-12.046875,20.6796875,1,20,1,10,2210,0.09778280542986424,0.9778280542986425,0.34922430510665803,0.25191245300049214,0.9,0.493336684184649,0.42128049464565354,0.42128049464565354,6.945248868778281,10,17,10,0.0,chunk_search
max,3,-0.953125,13.55078125,-12.046875,20.6796875,0,1,1,10,2210,0.09778280542986424,0.9778280542986425,0.34922430510665803,0.7457013574660634,0.7457013574660634,0.7457013574660634,0.5474628312863608,0.5474628312863608,0.9846153846153847,10,1,10,0.0,chunk_search
max,3,-0.953125,13.55078125,-12.046875,20.6796875,0,2,1,10,2210,0.09778280542986424,0.9778280542986425,0.34922430510665803,0.45633484162895926,0.8221719457013574,0.7002262443438914,0.5247252747252746,0.5247252747252746,1.8692307692307693,10,2,10,0.0,chunk_search
max,3,-0.953125,13.55078125,-12.046875,20.6796875,0,3,1,10,2210,0.09778280542986424,0.9778280542986425,0.34922430510665803,0.3583710407239819,0.851131221719457,0.6440422322775264,0.49663326869209223,0.49663326869209223,2.6592760180995474,10,3,10,0.0,chunk_search
max,3,-0.953125,13.55078125,-12.046875,20.6796875,0,4,1,10,2210,0.09778280542986424,0.9778280542986425,0.34922430510665803,0.3131975867269985,0.8660633484162896,0.6009750053867701,0.47509965524671405,0.47509965524671405,3.353393665158371,10,4,10,0.0,chunk_search
max,3,-0.953125,13.55078125,-12.046875,20.6796875,0,5,1,10,2210,0.09778280542986424,0.9778280542986425,0.34922430510665803,0.28932880844645553,0.8764705882352941,0.570714824391295,0.4599695647489765,0.4599695647489765,3.9592760180995477,10,5,10,0.0,chunk_search
max,3,-0.953125,13.55078125,-12.046875,20.6796875,0,7,1,10,2210,0.09778280542986424,0.9778280542986425,0.34922430510665803,0.2658769661710838,0.883710407239819,0.5309232434232434,0.4400737742649507,0.4400737742649507,4.942081447963801,10,7,10,0.0,chunk_search
max,3,-0.953125,13.55078125,-12.046875,20.6796875,0,10,1,10,2210,0.09778280542986424,0.9778280542986425,0.34922430510665803,0.253350930115636,0.8914027149321267,0.5036699537265148,0.4264471294165864,0.4264471294165864,6.000904977375566,10,10,10,0.0,chunk_search
max,3,-0.953125,13.55078125,-12.046875,20.6796875,0,15,1,10,2210,0.09778280542986424,0.9778280542986425,0.34922430510665803,0.24913565820805636,0.8959276018099548,0.4923717065559311,0.42079800583129456,0.42079800583129456,6.691402714932127,10,15,10,0.0,chunk_search
max,3,-0.953125,13.55078125,-12.046875,20.6796875,0,20,1,10,2210,0.09778280542986424,0.9778280542986425,0.34922430510665803,0.2482925434982297,0.8963800904977376,0.48971677468238656,0.4194705398945223,0.4194705398945223,6.929864253393665,10,17,10,0.0,chunk_search
max,3,-0.953125,13.55078125,-12.046875,20.6796875,1,1,1,10,2210,0.09778280542986424,0.9778280542986425,0.34922430510665803,0.7493212669683258,0.7493212669683258,0.7493212669683258,0.549272786037492,0.549272786037492,1,10,1,10,0.0,chunk_search
max,3,-0.953125,13.55078125,-12.046875,20.6796875,1,2,1,10,2210,0.09778280542986424,0.9778280542986425,0.34922430510665803,0.4599547511312217,0.8257918552036199,0.7038461538461539,0.526535229476406,0.526535229476406,1.8846153846153846,10,2,10,0.0,chunk_search
max,3,-0.953125,13.55078125,-12.046875,20.6796875,1,3,1,10,2210,0.09778280542986424,0.9778280542986425,0.34922430510665803,0.36199095022624433,0.8547511312217194,0.6476621417797889,0.49844322344322345,0.49844322344322345,2.6746606334841627,10,3,10,0.0,chunk_search
max,3,-0.953125,13.55078125,-12.046875,20.6796875,1,4,1,10,2210,0.09778280542986424,0.9778280542986425,0.34922430510665803,0.3168174962292609,0.869683257918552,0.6045949148890325,0.47690960999784526,0.47690960999784526,3.3687782805429864,10,4,10,0.0,chunk_search
max,3,-0.953125,13.55078125,-12.046875,20.6796875,1,5,1,10,2210,0.09778280542986424,0.9778280542986425,0.34922430510665803,0.29294871794871796,0.8800904977375565,0.5743347338935574,0.4617795195001077,0.4617795195001077,3.974660633484163,10,5,10,0.0,chunk_search
max,3,-0.953125,13.55078125,-12.046875,20.6796875,1,7,1,10,2210,0.09778280542986424,0.9778280542986425,0.34922430510665803,0.26949687567334624,0.8873303167420814,0.5345431529255058,0.4418837290160819,0.4418837290160819,4.957466063348416,10,7,10,0.0,chunk_search
max,3,-0.953125,13.55078125,-12.046875,20.6796875,1,10,1,10,2210,0.09778280542986424,0.9778280542986425,0.34922430510665803,0.25697083961789846,0.8950226244343892,0.5072898632287773,0.4282570841677177,0.4282570841677177,6.016289592760181,10,10,10,0.0,chunk_search
max,3,-0.953125,13.55078125,-12.046875,20.6796875,1,15,1,10,2210,0.09778280542986424,0.9778280542986425,0.34922430510665803,0.2527555677103188,0.8995475113122172,0.49599161605819353,0.4226079605824258,0.4226079605824258,6.706787330316742,10,15,10,0.0,chunk_search
max,3,-0.953125,13.55078125,-12.046875,20.6796875,1,20,1,10,2210,0.09778280542986424,0.9778280542986425,0.34922430510665803,0.25191245300049214,0.9,0.493336684184649,0.42128049464565354,0.42128049464565354,6.945248868778281,10,17,10,0.0,chunk_search
