query_id,query,topic,relevant_docs,relevant_chunks,bm25_first_relevant_rank,dense_first_relevant_rank,hybrid_first_relevant_rank,reranker_first_relevant_rank,final_chunk_selected,final_doc_selected,error_types,primary_failure_stage,notes,diagnostics
drug_6717,Bảo quản thuốc Cafein ở nhiệt độ bao nhiêu?,2,"[""doc_f133ca2299ba7b45dee176be""]","[""ctx_29a606562fdf032038b5ab94""]",,1,36,1,True,True,DENSE_ONLY_HIT,hit_at_evaluated_cutoff,DENSE_ONLY_HIT,"{""bm25_hit"": false, ""dense_hit"": true, ""union_hit"": true, ""candidate_hit"": true, ""reranker_top_k_hit"": true, ""candidate_depth"": 100, ""ranking_k"": 10}"
drug_6179,Có thành phần gì trong thuốc Boganic?,2,"[""doc_698a84156f918c1cfae402f4""]","[""ctx_0b33a32068bb6f43da6a070f""]",2,2,2,1,True,True,BOTH_HIT,hit_at_evaluated_cutoff,BOTH_HIT,"{""bm25_hit"": true, ""dense_hit"": true, ""union_hit"": true, ""candidate_hit"": true, ""reranker_top_k_hit"": true, ""candidate_depth"": 100, ""ranking_k"": 10}"
drug_5889,Thuốc Bisacodyl DHG thuộc thương hiệu nào?,2,"[""doc_ac4b28bc77e9b360fc208b99""]","[""ctx_7b9f8db4a5916d076fccca86""]",1,1,1,1,True,True,BOTH_HIT,hit_at_evaluated_cutoff,BOTH_HIT,"{""bm25_hit"": true, ""dense_hit"": true, ""union_hit"": true, ""candidate_hit"": true, ""reranker_top_k_hit"": true, ""candidate_depth"": 100, ""ranking_k"": 10}"
drug_4700,Điều kiện bảo quản thuốc Baby Septol là gì?,2,"[""doc_66ce1791093ffad2226472c9""]","[""ctx_bffb8d8b134761306fecc6e7""]",2,1,2,1,True,True,BOTH_HIT,hit_at_evaluated_cutoff,BOTH_HIT,"{""bm25_hit"": true, ""dense_hit"": true, ""union_hit"": true, ""candidate_hit"": true, ""reranker_top_k_hit"": true, ""candidate_depth"": 100, ""ranking_k"": 10}"
drug_5082,BelafCap được dùng cho những trường hợp nào?,2,"[""doc_cce3e0fa8009b4ac854f89f2""]","[""ctx_6a6226fdbecd0faf13d0e43d""]",,2,5,1,True,True,DENSE_ONLY_HIT,hit_at_evaluated_cutoff,DENSE_ONLY_HIT,"{""bm25_hit"": false, ""dense_hit"": true, ""union_hit"": true, ""candidate_hit"": true, ""reranker_top_k_hit"": true, ""candidate_depth"": 100, ""ranking_k"": 10}"
drug_9499,Dalfusin nên được bảo quản ở đâu?,2,"[""doc_65ea29747be083c84f018a45""]","[""ctx_99d236fe185cc6f5b1272e21""]",,,,,False,False,BOTH_MISS;CANDIDATE_MISS;DOC_AND_CHUNK_MISS,retrieval_or_fusion,BOTH_MISS; CANDIDATE_MISS; DOC_AND_CHUNK_MISS,"{""bm25_hit"": false, ""dense_hit"": false, ""union_hit"": false, ""candidate_hit"": false, ""reranker_top_k_hit"": false, ""candidate_depth"": 100, ""ranking_k"": 10}"
drug_3063,Điều gì nên làm nếu quên dùng một liều Appeton Lysine Syrup?,2,"[""doc_817356a5ab1804245744b90d""]","[""ctx_99964cfe8a80f304363072d3""]",,60,,,False,False,DENSE_ONLY_HIT;FUSION_DROPPED;CANDIDATE_MISS;DOC_AND_CHUNK_MISS,retrieval_or_fusion,DENSE_ONLY_HIT; FUSION_DROPPED; CANDIDATE_MISS; DOC_AND_CHUNK_MISS,"{""bm25_hit"": false, ""dense_hit"": true, ""union_hit"": true, ""candidate_hit"": false, ""reranker_top_k_hit"": false, ""candidate_depth"": 100, ""ranking_k"": 10}"
drug_6105,Thuốc Bixicam dùng theo đường nào?,2,"[""doc_dbc23c2a2333d9babf2f7806""]","[""ctx_66cd02dc84c05db431135e63""]",1,1,1,1,True,True,BOTH_HIT,hit_at_evaluated_cutoff,BOTH_HIT,"{""bm25_hit"": true, ""dense_hit"": true, ""union_hit"": true, ""candidate_hit"": true, ""reranker_top_k_hit"": true, ""candidate_depth"": 100, ""ranking_k"": 10}"
drug_7719,Celecoxib có những tác dụng nào?,2,"[""doc_1a9ccc5f14e878ec652b8358""]","[""ctx_b91c6b6efb7044f3cd53d0d6""]",2,1,1,2,True,True,BOTH_HIT,hit_at_evaluated_cutoff,BOTH_HIT,"{""bm25_hit"": true, ""dense_hit"": true, ""union_hit"": true, ""candidate_hit"": true, ""reranker_top_k_hit"": true, ""candidate_depth"": 100, ""ranking_k"": 10}"
drug_5252,Có báo cáo nào về tương tác giữa Benzyl benzoate và các thuốc khác không?,2,"[""doc_888eea3b540434b5420aeca5""]","[""ctx_218f21ce29273df0e46b4176""]",1,1,1,1,True,True,BOTH_HIT,hit_at_evaluated_cutoff,BOTH_HIT,"{""bm25_hit"": true, ""dense_hit"": true, ""union_hit"": true, ""candidate_hit"": true, ""reranker_top_k_hit"": true, ""candidate_depth"": 100, ""ranking_k"": 10}"
drug_8266,Khi nào nên dùng Cimetidin tiêm tĩnh mạch?,2,"[""doc_a8052819f5d590a3d80a9497""]","[""ctx_40277bf7b6a9f57bdbf41416""]",8,2,2,2,True,True,BOTH_HIT,hit_at_evaluated_cutoff,BOTH_HIT,"{""bm25_hit"": true, ""dense_hit"": true, ""union_hit"": true, ""candidate_hit"": true, ""reranker_top_k_hit"": true, ""candidate_depth"": 100, ""ranking_k"": 10}"
drug_6349,Đóng gói của thuốc Brodicef thế nào?,2,"[""doc_9cbea7af373a049d20a3d3b6""]","[""ctx_10bee242f4f8b8288d439077""]",2,1,1,1,True,True,BOTH_HIT,hit_at_evaluated_cutoff,BOTH_HIT,"{""bm25_hit"": true, ""dense_hit"": true, ""union_hit"": true, ""candidate_hit"": true, ""reranker_top_k_hit"": true, ""candidate_depth"": 100, ""ranking_k"": 10}"
drug_4874,Thuốc Bart được bào chế dưới dạng nào?,2,"[""doc_5f68067e671341b1041b82d1""]","[""ctx_93cf432285656cb9bcf3c06e""]",1,2,1,1,True,True,BOTH_HIT,hit_at_evaluated_cutoff,BOTH_HIT,"{""bm25_hit"": true, ""dense_hit"": true, ""union_hit"": true, ""candidate_hit"": true, ""reranker_top_k_hit"": true, ""candidate_depth"": 100, ""ranking_k"": 10}"
drug_1640,Nhiệt độ bảo quản tốt nhất cho thuốc Allopurinol là bao nhiêu?,2,"[""doc_8a07c997731d7ccc5a72503c""]","[""ctx_ce366ecabdb3590b6a016ce3""]",1,1,1,1,True,True,BOTH_HIT,hit_at_evaluated_cutoff,BOTH_HIT,"{""bm25_hit"": true, ""dense_hit"": true, ""union_hit"": true, ""candidate_hit"": true, ""reranker_top_k_hit"": true, ""candidate_depth"": 100, ""ranking_k"": 10}"
drug_437,Nên làm gì khi người bệnh có triệu chứng bất thường nào khi dùng quá liều thuốc Acetazolamid?,2,"[""doc_8df8cf08994011af0edbb16c""]","[""ctx_f10684f03f8ba15b73b1a193""]",2,17,1,1,True,True,BOTH_HIT,hit_at_evaluated_cutoff,BOTH_HIT,"{""bm25_hit"": true, ""dense_hit"": true, ""union_hit"": true, ""candidate_hit"": true, ""reranker_top_k_hit"": true, ""candidate_depth"": 100, ""ranking_k"": 10}"
drug_6207,Không dùng BoniDiabet không khi nào?,2,"[""doc_219fd5769b463f729daaa49d""]","[""ctx_a6316ad1e1153dc3690f15fb""]",,,,,False,True,BOTH_MISS;CANDIDATE_MISS;DOC_HIT_CHUNK_MISS,retrieval_or_fusion,BOTH_MISS; CANDIDATE_MISS; DOC_HIT_CHUNK_MISS,"{""bm25_hit"": false, ""dense_hit"": false, ""union_hit"": false, ""candidate_hit"": false, ""reranker_top_k_hit"": false, ""candidate_depth"": 100, ""ranking_k"": 10}"
drug_7456,"Trong trường hợp quá liều thuốc Cefadroxil, thẩm tách thận nhân tạo có thể có tác dụng không?",2,"[""doc_e3ce597245887c01a91cbc41""]","[""ctx_7dbd4970293d72a61047259d""]",1,1,1,1,True,True,BOTH_HIT,hit_at_evaluated_cutoff,BOTH_HIT,"{""bm25_hit"": true, ""dense_hit"": true, ""union_hit"": true, ""candidate_hit"": true, ""reranker_top_k_hit"": true, ""candidate_depth"": 100, ""ranking_k"": 10}"
drug_5505,Betahistine ảnh hưởng như thế nào đến việc lái xe và vận hành máy móc?,2,"[""doc_80b4491e400ace37d38cc0a7""]","[""ctx_02960b275ef97a0996642a0b""]",21,1,3,1,True,True,BOTH_HIT,hit_at_evaluated_cutoff,BOTH_HIT,"{""bm25_hit"": true, ""dense_hit"": true, ""union_hit"": true, ""candidate_hit"": true, ""reranker_top_k_hit"": true, ""candidate_depth"": 100, ""ranking_k"": 10}"
drug_7807,Trường hợp đầu tiên được nêu ra là chống chỉ định với thuốc Cenditan là gì?,2,"[""doc_bceb46182f8a236c78fdfca6""]","[""ctx_8bd057a1454d63d9e0a6c46c""]",1,1,1,1,True,True,BOTH_HIT,hit_at_evaluated_cutoff,BOTH_HIT,"{""bm25_hit"": true, ""dense_hit"": true, ""union_hit"": true, ""candidate_hit"": true, ""reranker_top_k_hit"": true, ""candidate_depth"": 100, ""ranking_k"": 10}"
drug_316,Điều gì nên làm khi nhớ ra đã quên một liều Acehasan?,2,"[""doc_c8c4943c9078b30b88832ab3""]","[""ctx_6f10b7f2ea27c866a410b6ee""]",12,32,8,44,False,False,BOTH_HIT;RERANKER_MISS;SELECTION_MISS;DOC_AND_CHUNK_MISS,reranker,BOTH_HIT; RERANKER_MISS; SELECTION_MISS; DOC_AND_CHUNK_MISS,"{""bm25_hit"": true, ""dense_hit"": true, ""union_hit"": true, ""candidate_hit"": true, ""reranker_top_k_hit"": false, ""candidate_depth"": 100, ""ranking_k"": 10}"
drug_6476,Khi nào không được uống gấp đôi liều thuốc Brudoxil?,2,"[""doc_bb8ca97bee27e66edfcd1809""]","[""ctx_63539fb6ee3e55cb316b844f""]",18,6,3,4,True,True,BOTH_HIT,hit_at_evaluated_cutoff,BOTH_HIT,"{""bm25_hit"": true, ""dense_hit"": true, ""union_hit"": true, ""candidate_hit"": true, ""reranker_top_k_hit"": true, ""candidate_depth"": 100, ""ranking_k"": 10}"
drug_6582,Có được sử dụng gấp đôi liều Bạch Long Thủy để bù cho liều đã quên không?,2,"[""doc_899bb1b40e4743b692a313e2""]","[""ctx_5996f44c9719e14e92fbb9ef""]",1,1,1,1,True,True,BOTH_HIT,hit_at_evaluated_cutoff,BOTH_HIT,"{""bm25_hit"": true, ""dense_hit"": true, ""union_hit"": true, ""candidate_hit"": true, ""reranker_top_k_hit"": true, ""candidate_depth"": 100, ""ranking_k"": 10}"
drug_6982,Caplor có phải là thuốc kê đơn không?,2,"[""doc_7a28267191ed6c4ba3354661""]","[""ctx_c373548aa6f77b66177dffcf""]",3,2,3,2,True,True,BOTH_HIT,hit_at_evaluated_cutoff,BOTH_HIT,"{""bm25_hit"": true, ""dense_hit"": true, ""union_hit"": true, ""candidate_hit"": true, ""reranker_top_k_hit"": true, ""candidate_depth"": 100, ""ranking_k"": 10}"
drug_3816,"Khi sử dụng Atorlog, cần lưu ý gì đối với trẻ em?",2,"[""doc_545d4c97576321c5de78d0c7""]","[""ctx_4a5f95b92d22d9890cb0b9cc""]",,28,62,7,False,False,DENSE_ONLY_HIT;SELECTION_MISS;DOC_AND_CHUNK_MISS,selection,DENSE_ONLY_HIT; SELECTION_MISS; DOC_AND_CHUNK_MISS,"{""bm25_hit"": false, ""dense_hit"": true, ""union_hit"": true, ""candidate_hit"": true, ""reranker_top_k_hit"": true, ""candidate_depth"": 100, ""ranking_k"": 10}"
drug_5820,Bilomag cần được để ở đâu cho an toàn?,2,"[""doc_e6f75b9569fceee46e08a4a7""]","[""ctx_a27f3a8269974dbce60bbfb4""]",14,1,3,1,True,True,BOTH_HIT,hit_at_evaluated_cutoff,BOTH_HIT,"{""bm25_hit"": true, ""dense_hit"": true, ""union_hit"": true, ""candidate_hit"": true, ""reranker_top_k_hit"": true, ""candidate_depth"": 100, ""ranking_k"": 10}"
drug_8870,Combivent® là thuốc gì?,2,"[""doc_b22743bf6d92e88100858090""]","[""ctx_6a8a1c1e296e648b6c981a4d""]",3,2,3,2,True,True,BOTH_HIT,hit_at_evaluated_cutoff,BOTH_HIT,"{""bm25_hit"": true, ""dense_hit"": true, ""union_hit"": true, ""candidate_hit"": true, ""reranker_top_k_hit"": true, ""candidate_depth"": 100, ""ranking_k"": 10}"
drug_201,Thuốc ACC 200 có mục đích chính là gì?,2,"[""doc_48d41dd00563ca10218beca7""]","[""ctx_80696b6c5953063b8368cbb4""]",1,1,1,1,True,True,BOTH_HIT,hit_at_evaluated_cutoff,BOTH_HIT,"{""bm25_hit"": true, ""dense_hit"": true, ""union_hit"": true, ""candidate_hit"": true, ""reranker_top_k_hit"": true, ""candidate_depth"": 100, ""ranking_k"": 10}"
drug_6809,Khi nào không sử dụng Calcium Corbiere Extra?,2,"[""doc_8482a296e03ed4699147f5be""]","[""ctx_e2324d803c3218ea18e23b1b""]",5,1,3,1,True,True,BOTH_HIT,hit_at_evaluated_cutoff,BOTH_HIT,"{""bm25_hit"": true, ""dense_hit"": true, ""union_hit"": true, ""candidate_hit"": true, ""reranker_top_k_hit"": true, ""candidate_depth"": 100, ""ranking_k"": 10}"
drug_247,"Trong trường hợp bị quá liều thuốc Acarbose, người bệnh nên lưu ý điều gì?",2,"[""doc_e85baeadce7c2f830e6934bc""]","[""ctx_267aab98d454572674351889""]",1,1,1,1,True,True,BOTH_HIT,hit_at_evaluated_cutoff,BOTH_HIT,"{""bm25_hit"": true, ""dense_hit"": true, ""union_hit"": true, ""candidate_hit"": true, ""reranker_top_k_hit"": true, ""candidate_depth"": 100, ""ranking_k"": 10}"
drug_1123,"Trong trường hợp bệnh nhân có suy thận nặng, được dùng thuốc Agietoxib 90 chứ?",2,"[""doc_aab85bf3f59caf689d08be42""]","[""ctx_491ad915163d3946bb8963f9""]",1,1,1,1,True,True,BOTH_HIT,hit_at_evaluated_cutoff,BOTH_HIT,"{""bm25_hit"": true, ""dense_hit"": true, ""union_hit"": true, ""candidate_hit"": true, ""reranker_top_k_hit"": true, ""candidate_depth"": 100, ""ranking_k"": 10}"
drug_8591,Viên Clorpheniramin tác dụng kéo dài được khuyên dùng uống như thế nào?,2,"[""doc_8208c2d23fca33e94a6ba150""]","[""ctx_233526c0a91b67cb00845ce9""]",47,,83,1,True,True,BM25_ONLY_HIT,hit_at_evaluated_cutoff,BM25_ONLY_HIT,"{""bm25_hit"": true, ""dense_hit"": false, ""union_hit"": true, ""candidate_hit"": true, ""reranker_top_k_hit"": true, ""candidate_depth"": 100, ""ranking_k"": 10}"
drug_4513,"Nếu còn thắc mắc về thuốc Azaroin gel, bạn nên liên hệ với ai?",2,"[""doc_506db948e55e4f3a8ea838e8""]","[""ctx_781dda909447c1a4645c4248""]",1,1,1,1,True,True,BOTH_HIT,hit_at_evaluated_cutoff,BOTH_HIT,"{""bm25_hit"": true, ""dense_hit"": true, ""union_hit"": true, ""candidate_hit"": true, ""reranker_top_k_hit"": true, ""candidate_depth"": 100, ""ranking_k"": 10}"
drug_781,Lý do vì sao thẩm phân máu được áp dụng trong điều trị quá liều Acyclovir Stada 200 mg?,2,"[""doc_2d6ce74e6f7c6639b1bcac02""]","[""ctx_daa3c18082faadddde1fd323""]",5,1,1,1,True,True,BOTH_HIT,hit_at_evaluated_cutoff,BOTH_HIT,"{""bm25_hit"": true, ""dense_hit"": true, ""union_hit"": true, ""candidate_hit"": true, ""reranker_top_k_hit"": true, ""candidate_depth"": 100, ""ranking_k"": 10}"
drug_8061,Thuốc Chophytol có chức năng gì?,2,"[""doc_3cd540c54b958bcc93fcf079""]","[""ctx_df05b4c560ddaf4c08a5da7f""]",3,3,4,1,True,True,BOTH_HIT,hit_at_evaluated_cutoff,BOTH_HIT,"{""bm25_hit"": true, ""dense_hit"": true, ""union_hit"": true, ""candidate_hit"": true, ""reranker_top_k_hit"": true, ""candidate_depth"": 100, ""ranking_k"": 10}"
drug_3185,Sử dụng Arthrorein Pharmanel có thể gây ra tác dụng phụ gì liên quan đến da và mô dưới da?,2,"[""doc_354535c079539624cdfc91b8""]","[""ctx_7b4086e8ac638b6f44a99ffb""]",1,1,1,1,True,True,BOTH_HIT,hit_at_evaluated_cutoff,BOTH_HIT,"{""bm25_hit"": true, ""dense_hit"": true, ""union_hit"": true, ""candidate_hit"": true, ""reranker_top_k_hit"": true, ""candidate_depth"": 100, ""ranking_k"": 10}"
drug_4636,Thành phần chính của Babi B.O.N là gì?,2,"[""doc_16107a8d5b102740282f9a66""]","[""ctx_9f34a2fb59a2a28a28fc540d""]",6,2,3,1,True,True,BOTH_HIT,hit_at_evaluated_cutoff,BOTH_HIT,"{""bm25_hit"": true, ""dense_hit"": true, ""union_hit"": true, ""candidate_hit"": true, ""reranker_top_k_hit"": true, ""candidate_depth"": 100, ""ranking_k"": 10}"
drug_5523,Trong trường hợp nào phụ nữ mang thai và cho con bú mới có thể sử dụng thuốc Betaloc?,2,"[""doc_4f0f19450df2c1e326d65054""]","[""ctx_ad68edd951c227cdada10442""]",88,1,10,1,True,True,BOTH_HIT,hit_at_evaluated_cutoff,BOTH_HIT,"{""bm25_hit"": true, ""dense_hit"": true, ""union_hit"": true, ""candidate_hit"": true, ""reranker_top_k_hit"": true, ""candidate_depth"": 100, ""ranking_k"": 10}"
drug_4802,Liều lượng khuyến cáo của thuốc Banitase là bao nhiêu?,2,"[""doc_ec7da62d1633bbadb4555fcd""]","[""ctx_689eba3981c61cfaf95a06a9""]",25,68,15,1,True,True,BOTH_HIT,hit_at_evaluated_cutoff,BOTH_HIT,"{""bm25_hit"": true, ""dense_hit"": true, ""union_hit"": true, ""candidate_hit"": true, ""reranker_top_k_hit"": true, ""candidate_depth"": 100, ""ranking_k"": 10}"
drug_6395,"Trong quá trình sử dụng Bromelain, cần đặc biệt chú ý những yếu tố nào khác?",2,"[""doc_848747e490d20a7028be1006""]","[""ctx_1b395becce80dfe30e573330""]",2,1,1,1,True,True,BOTH_HIT,hit_at_evaluated_cutoff,BOTH_HIT,"{""bm25_hit"": true, ""dense_hit"": true, ""union_hit"": true, ""candidate_hit"": true, ""reranker_top_k_hit"": true, ""candidate_depth"": 100, ""ranking_k"": 10}"
drug_5623,"Khi sử dụng thuốc Betmiga 50 mg, tác dụng phụ thường gặp nào có thể xảy ra?",2,"[""doc_4140a3b8e79aa644b11541ab""]","[""ctx_68b9b20310b5e882b43a9e4e""]",1,1,1,1,True,True,BOTH_HIT,hit_at_evaluated_cutoff,BOTH_HIT,"{""bm25_hit"": true, ""dense_hit"": true, ""union_hit"": true, ""candidate_hit"": true, ""reranker_top_k_hit"": true, ""candidate_depth"": 100, ""ranking_k"": 10}"
drug_8660,Sử dụng thuốc Cloviracinob cần lưu ý những gì?,2,"[""doc_0ff1134eee2bf3849726ae82""]","[""ctx_da71f58039cfba1a6e975456""]",17,39,6,69,False,True,BOTH_HIT;RERANKER_MISS;SELECTION_MISS;DOC_HIT_CHUNK_MISS,reranker,BOTH_HIT; RERANKER_MISS; SELECTION_MISS; DOC_HIT_CHUNK_MISS,"{""bm25_hit"": true, ""dense_hit"": true, ""union_hit"": true, ""candidate_hit"": true, ""reranker_top_k_hit"": false, ""candidate_depth"": 100, ""ranking_k"": 10}"
drug_4368,Axit glutamic được chống chỉ định với những đối tượng nào?,2,"[""doc_b99accff3a9b33b44a7d510e""]","[""ctx_84c257d916643c24f0eb5597""]",1,1,1,1,True,True,BOTH_HIT,hit_at_evaluated_cutoff,BOTH_HIT,"{""bm25_hit"": true, ""dense_hit"": true, ""union_hit"": true, ""candidate_hit"": true, ""reranker_top_k_hit"": true, ""candidate_depth"": 100, ""ranking_k"": 10}"
drug_2344,Phenothiazin và thuốc amitriptylin có tác dụng liên quan như thế nào?,2,"[""doc_c9f8eaebc740bba513ba8adb""]","[""ctx_7bfa8fcf52b5a11f5c86494c""]",28,,56,2,True,True,BM25_ONLY_HIT,hit_at_evaluated_cutoff,BM25_ONLY_HIT,"{""bm25_hit"": true, ""dense_hit"": false, ""union_hit"": true, ""candidate_hit"": true, ""reranker_top_k_hit"": true, ""candidate_depth"": 100, ""ranking_k"": 10}"
drug_7849,"Trong Cerecaps, thành phần của Xuyên khung là bao nhiêu?",2,"[""doc_4b308c8f298a232950fd4056""]","[""ctx_9de444b4721b94a8782d9aef""]",2,2,2,1,True,True,BOTH_HIT,hit_at_evaluated_cutoff,BOTH_HIT,"{""bm25_hit"": true, ""dense_hit"": true, ""union_hit"": true, ""candidate_hit"": true, ""reranker_top_k_hit"": true, ""candidate_depth"": 100, ""ranking_k"": 10}"
drug_6506,Thuốc Buclapoxime Tablets có thể sử dụng khi lái xe và vận hành máy móc không?,2,"[""doc_d03129dfc64da0355990c2f2""]","[""ctx_a2f4bcc88e34c1489f2bd7d5""]",51,,85,1,True,True,BM25_ONLY_HIT,hit_at_evaluated_cutoff,BM25_ONLY_HIT,"{""bm25_hit"": true, ""dense_hit"": false, ""union_hit"": true, ""candidate_hit"": true, ""reranker_top_k_hit"": true, ""candidate_depth"": 100, ""ranking_k"": 10}"
drug_905,Đối với những đối tượng bệnh nhân nào thì việc dùng thuốc Adalat LA 20mg cần được theo dõi cẩn thận?,2,"[""doc_1e84174108b3fa6599000bcf""]","[""ctx_0062b6671e640de45d2ee307""]",32,17,9,1,True,True,BOTH_HIT,hit_at_evaluated_cutoff,BOTH_HIT,"{""bm25_hit"": true, ""dense_hit"": true, ""union_hit"": true, ""candidate_hit"": true, ""reranker_top_k_hit"": true, ""candidate_depth"": 100, ""ranking_k"": 10}"
drug_5452,Betadine Vaginal Douche được chỉ định dùng để điều trị tình trạng gì?,2,"[""doc_209c989a1096882a0bc755a3""]","[""ctx_33dedcb51e1310e98e0cb646""]",,11,22,1,True,True,DENSE_ONLY_HIT,hit_at_evaluated_cutoff,DENSE_ONLY_HIT,"{""bm25_hit"": false, ""dense_hit"": true, ""union_hit"": true, ""candidate_hit"": true, ""reranker_top_k_hit"": true, ""candidate_depth"": 100, ""ranking_k"": 10}"
drug_5561,Khi dùng Betaserc có thể gây tương tác với nhóm thuốc nào?,2,"[""doc_4485e7be2f9e0f78bf445a9e""]","[""ctx_f1fd4e5a95f4478c48bad62c""]",,,,,False,True,BOTH_MISS;CANDIDATE_MISS;DOC_HIT_CHUNK_MISS,retrieval_or_fusion,BOTH_MISS; CANDIDATE_MISS; DOC_HIT_CHUNK_MISS,"{""bm25_hit"": false, ""dense_hit"": false, ""union_hit"": false, ""candidate_hit"": false, ""reranker_top_k_hit"": false, ""candidate_depth"": 100, ""ranking_k"": 10}"
drug_4469,"Trong thời gian điều trị mụn bằng Azanex, cần lưu ý gì khi sử dụng mỹ phẩm khác?",2,"[""doc_6aea43c9adee86dd5ff86ef4""]","[""ctx_87e0c76ee739c92f0a525cc7""]",2,5,4,1,True,True,BOTH_HIT,hit_at_evaluated_cutoff,BOTH_HIT,"{""bm25_hit"": true, ""dense_hit"": true, ""union_hit"": true, ""candidate_hit"": true, ""reranker_top_k_hit"": true, ""candidate_depth"": 100, ""ranking_k"": 10}"
drug_4487,Khi nào thì nên bổ sung liều thuốc Azargra đã quên?,2,"[""doc_17e9268725668a9235690896""]","[""ctx_9521fd22de21cd4c41b42b97""]",1,1,1,1,True,True,BOTH_HIT,hit_at_evaluated_cutoff,BOTH_HIT,"{""bm25_hit"": true, ""dense_hit"": true, ""union_hit"": true, ""candidate_hit"": true, ""reranker_top_k_hit"": true, ""candidate_depth"": 100, ""ranking_k"": 10}"
drug_2856,"Ngoài điều trị cảm cúm, Andol S Imexpharm còn được dùng trong trường hợp nào khác?",2,"[""doc_73566ed1a888708ca4e2f006""]","[""ctx_654d95cc21e4f14c76a42a29""]",1,1,1,1,True,True,BOTH_HIT,hit_at_evaluated_cutoff,BOTH_HIT,"{""bm25_hit"": true, ""dense_hit"": true, ""union_hit"": true, ""candidate_hit"": true, ""reranker_top_k_hit"": true, ""candidate_depth"": 100, ""ranking_k"": 10}"
drug_4233,Thuốc Avastin được điều chế dưới dạng nào?,2,"[""doc_759606824c891255fc73948a""]","[""ctx_cda94cc96bb90cc9cff17f1c""]",1,1,1,1,True,True,BOTH_HIT,hit_at_evaluated_cutoff,BOTH_HIT,"{""bm25_hit"": true, ""dense_hit"": true, ""union_hit"": true, ""candidate_hit"": true, ""reranker_top_k_hit"": true, ""candidate_depth"": 100, ""ranking_k"": 10}"
drug_7244,Bạn nên làm gì nếu gặp các tác dụng phụ không mong muốn khi dùng thuốc Carsantin?,2,"[""doc_148dffd00d9c8be20c89ffa9""]","[""ctx_179771d7ab15836c876d0569""]",1,1,1,1,True,True,BOTH_HIT,hit_at_evaluated_cutoff,BOTH_HIT,"{""bm25_hit"": true, ""dense_hit"": true, ""union_hit"": true, ""candidate_hit"": true, ""reranker_top_k_hit"": true, ""candidate_depth"": 100, ""ranking_k"": 10}"
drug_3038,Phụ nữ cho con bú có thể sử dụng thuốc Apitim không?,2,"[""doc_d46931d16f62d5a98a0be9b5""]","[""ctx_5fe0f561473b79379a9a938d""]",,,,,False,False,BOTH_MISS;CANDIDATE_MISS;DOC_AND_CHUNK_MISS,retrieval_or_fusion,BOTH_MISS; CANDIDATE_MISS; DOC_AND_CHUNK_MISS,"{""bm25_hit"": false, ""dense_hit"": false, ""union_hit"": false, ""candidate_hit"": false, ""reranker_top_k_hit"": false, ""candidate_depth"": 100, ""ranking_k"": 10}"
drug_1258,Thuốc Agirenyl được dùng theo đường nào?,2,"[""doc_31798364a0547292c5673a6f""]","[""ctx_f6fbd2a56e7541f3b13362b3""]",,11,28,58,False,False,DENSE_ONLY_HIT;RERANKER_MISS;SELECTION_MISS;DOC_AND_CHUNK_MISS,reranker,DENSE_ONLY_HIT; RERANKER_MISS; SELECTION_MISS; DOC_AND_CHUNK_MISS,"{""bm25_hit"": false, ""dense_hit"": true, ""union_hit"": true, ""candidate_hit"": true, ""reranker_top_k_hit"": false, ""candidate_depth"": 100, ""ranking_k"": 10}"
drug_7063,Tác dụng khác của carbocistein là gì?,2,"[""doc_890430e9785a31bbb56da27c""]","[""ctx_8b44106596ef8d054eabde99""]",1,1,1,2,True,True,BOTH_HIT,hit_at_evaluated_cutoff,BOTH_HIT,"{""bm25_hit"": true, ""dense_hit"": true, ""union_hit"": true, ""candidate_hit"": true, ""reranker_top_k_hit"": true, ""candidate_depth"": 100, ""ranking_k"": 10}"
drug_7238,Bác sĩ có thể kê đơn sử dụng Carsantin cho phụ nữ mang thai không?,2,"[""doc_148dffd00d9c8be20c89ffa9""]","[""ctx_fd803d49c38681983fb7fce3""]",2,1,2,1,True,True,BOTH_HIT,hit_at_evaluated_cutoff,BOTH_HIT,"{""bm25_hit"": true, ""dense_hit"": true, ""union_hit"": true, ""candidate_hit"": true, ""reranker_top_k_hit"": true, ""candidate_depth"": 100, ""ranking_k"": 10}"
drug_6190,Thuốc Bolutin có thể gây ra tác dụng không mong muốn trên hệ tiêu hóa nào?,2,"[""doc_3dd43884aae12bc7e4c797cc""]","[""ctx_6b5815a45bae4f2679dd9910""]",8,24,8,1,True,True,BOTH_HIT,hit_at_evaluated_cutoff,BOTH_HIT,"{""bm25_hit"": true, ""dense_hit"": true, ""union_hit"": true, ""candidate_hit"": true, ""reranker_top_k_hit"": true, ""candidate_depth"": 100, ""ranking_k"": 10}"
drug_6950,"Trong dầu Cao Sao Vàng, thành phần nào có hàm lượng cao nhất?",2,"[""doc_e879551eb834d0b5ff0b4112""]","[""ctx_f5615a23b3e5964071b836b3""]",,92,,,False,True,DENSE_ONLY_HIT;FUSION_DROPPED;CANDIDATE_MISS;DOC_HIT_CHUNK_MISS,retrieval_or_fusion,DENSE_ONLY_HIT; FUSION_DROPPED; CANDIDATE_MISS; DOC_HIT_CHUNK_MISS,"{""bm25_hit"": false, ""dense_hit"": true, ""union_hit"": true, ""candidate_hit"": false, ""reranker_top_k_hit"": false, ""candidate_depth"": 100, ""ranking_k"": 10}"
drug_9386,Trường hợp không uống thuốc Cyclo Progynova trong vài ngày thì sao?,2,"[""doc_24b90cd9ea04f2d076abe638""]","[""ctx_5f5ae30cd75cc1178cd11ba2""]",6,26,7,1,True,True,BOTH_HIT,hit_at_evaluated_cutoff,BOTH_HIT,"{""bm25_hit"": true, ""dense_hit"": true, ""union_hit"": true, ""candidate_hit"": true, ""reranker_top_k_hit"": true, ""candidate_depth"": 100, ""ranking_k"": 10}"
drug_3687,Nên làm gì khi bị quá liều Atiliver?,2,"[""doc_183e80ccbfd4a30c71185874""]","[""ctx_0d86cd5c834f0a71dbde72ea""]",,,,,False,False,BOTH_MISS;CANDIDATE_MISS;DOC_AND_CHUNK_MISS,retrieval_or_fusion,BOTH_MISS; CANDIDATE_MISS; DOC_AND_CHUNK_MISS,"{""bm25_hit"": false, ""dense_hit"": false, ""union_hit"": false, ""candidate_hit"": false, ""reranker_top_k_hit"": false, ""candidate_depth"": 100, ""ranking_k"": 10}"
drug_6831,Calcium Stada Vitamin D có nên được bảo quản ở nơi khô ráo thoáng mát không?,2,"[""doc_9de1a42de47c2d10ee57390a""]","[""ctx_1b43051f848c212efc55bdd5""]",1,2,1,1,True,True,BOTH_HIT,hit_at_evaluated_cutoff,BOTH_HIT,"{""bm25_hit"": true, ""dense_hit"": true, ""union_hit"": true, ""candidate_hit"": true, ""reranker_top_k_hit"": true, ""candidate_depth"": 100, ""ranking_k"": 10}"
drug_6159,Nên thận trọng khi phối hợp Bofit F với nhóm thuốc nào?,2,"[""doc_8cacd2861770c38303a19df7""]","[""ctx_62cf295956739be32823e89e""]",4,9,3,1,True,True,BOTH_HIT,hit_at_evaluated_cutoff,BOTH_HIT,"{""bm25_hit"": true, ""dense_hit"": true, ""union_hit"": true, ""candidate_hit"": true, ""reranker_top_k_hit"": true, ""candidate_depth"": 100, ""ranking_k"": 10}"
drug_5024,Người bị suy tim huyết động không ổn định khi trải qua nhồi máu cơ tim cấp có thể dùng thuốc Beatil không?,2,"[""doc_54f57cef8e6e49dd3317ee7f""]","[""ctx_4efe1837c08a01075307d900""]",1,2,1,1,True,True,BOTH_HIT,hit_at_evaluated_cutoff,BOTH_HIT,"{""bm25_hit"": true, ""dense_hit"": true, ""union_hit"": true, ""candidate_hit"": true, ""reranker_top_k_hit"": true, ""candidate_depth"": 100, ""ranking_k"": 10}"
drug_323,Acemol 325 mg là thuốc gì?,2,"[""doc_a280035283a31c0eb5b6dd5a""]","[""ctx_d4c6b718d1c59690aa971a37""]",1,1,1,1,True,True,BOTH_HIT,hit_at_evaluated_cutoff,BOTH_HIT,"{""bm25_hit"": true, ""dense_hit"": true, ""union_hit"": true, ""candidate_hit"": true, ""reranker_top_k_hit"": true, ""candidate_depth"": 100, ""ranking_k"": 10}"
drug_8486,"Nếu dùng Clesspra DX chung với các thuốc Artemether, Atalure, Desmopressin, Praziquantel, Rilpivirine và Vắc xin Rotavirus sẽ gặp phải tình trạng gì?",2,"[""doc_a06d145db63c2a6f3d2d2c69""]","[""ctx_bf4c9b6528a4478e20d23070""]",1,1,1,1,True,True,BOTH_HIT,hit_at_evaluated_cutoff,BOTH_HIT,"{""bm25_hit"": true, ""dense_hit"": true, ""union_hit"": true, ""candidate_hit"": true, ""reranker_top_k_hit"": true, ""candidate_depth"": 100, ""ranking_k"": 10}"
drug_9199,Tôi có thể dùng thuốc Coversyl nếu tôi có tiền sử phản vệ không?,2,"[""doc_5f71fe70b8ff8060371950fc""]","[""ctx_9a41647cd7584886f98a5c68""]",53,,,,False,False,BM25_ONLY_HIT;FUSION_DROPPED;CANDIDATE_MISS;DOC_AND_CHUNK_MISS,retrieval_or_fusion,BM25_ONLY_HIT; FUSION_DROPPED; CANDIDATE_MISS; DOC_AND_CHUNK_MISS,"{""bm25_hit"": true, ""dense_hit"": false, ""union_hit"": true, ""candidate_hit"": false, ""reranker_top_k_hit"": false, ""candidate_depth"": 100, ""ranking_k"": 10}"
drug_7374,Các triệu chứng khi dùng quá liều thuốc Cedipect F là gì?,2,"[""doc_70544172d6a331b9a0f3044a""]","[""ctx_7c3117a7e53e38f9d9816977""]",,65,,,False,True,DENSE_ONLY_HIT;FUSION_DROPPED;CANDIDATE_MISS;DOC_HIT_CHUNK_MISS,retrieval_or_fusion,DENSE_ONLY_HIT; FUSION_DROPPED; CANDIDATE_MISS; DOC_HIT_CHUNK_MISS,"{""bm25_hit"": false, ""dense_hit"": true, ""union_hit"": true, ""candidate_hit"": false, ""reranker_top_k_hit"": false, ""candidate_depth"": 100, ""ranking_k"": 10}"
drug_5749,Bạn nên dùng Bilaxten vào thời gian nào?,2,"[""doc_db3000457b80d393f181d90a""]","[""ctx_1a41b8de0deae06a11497373""]",1,1,1,1,True,True,BOTH_HIT,hit_at_evaluated_cutoff,BOTH_HIT,"{""bm25_hit"": true, ""dense_hit"": true, ""union_hit"": true, ""candidate_hit"": true, ""reranker_top_k_hit"": true, ""candidate_depth"": 100, ""ranking_k"": 10}"
drug_4341,Axit axetic dạng gel có công dụng gì?,2,"[""doc_bd4a93e088c6ffca0ef9fb64""]","[""ctx_19fa57b6a20716921ae169d4""]",1,1,1,1,True,True,BOTH_HIT,hit_at_evaluated_cutoff,BOTH_HIT,"{""bm25_hit"": true, ""dense_hit"": true, ""union_hit"": true, ""candidate_hit"": true, ""reranker_top_k_hit"": true, ""candidate_depth"": 100, ""ranking_k"": 10}"
drug_2645,Có báo cáo nào về tương tác của Ampelop với các thuốc khác không?,2,"[""doc_7159ffe29dba1bb44220f47c""]","[""ctx_f640ec65d0085317e17bb938""]",1,1,1,1,True,True,BOTH_HIT,hit_at_evaluated_cutoff,BOTH_HIT,"{""bm25_hit"": true, ""dense_hit"": true, ""union_hit"": true, ""candidate_hit"": true, ""reranker_top_k_hit"": true, ""candidate_depth"": 100, ""ranking_k"": 10}"
drug_3908,Đâu là hoạt chất chính có trong thuốc Atussin?,2,"[""doc_ee1a88f1112268b4644f8055""]","[""ctx_f486d49f0311dbf31bcaf113""]",1,4,1,1,True,True,BOTH_HIT,hit_at_evaluated_cutoff,BOTH_HIT,"{""bm25_hit"": true, ""dense_hit"": true, ""union_hit"": true, ""candidate_hit"": true, ""reranker_top_k_hit"": true, ""candidate_depth"": 100, ""ranking_k"": 10}"
drug_3289,Thuốc Asevictoria Mediplantex có thể gây ra tác dụng phụ gì khi sử dụng?,2,"[""doc_44dc143817bd72ce05b46ead""]","[""ctx_eedf1aabfdb3124736532f10""]",4,1,2,1,True,True,BOTH_HIT,hit_at_evaluated_cutoff,BOTH_HIT,"{""bm25_hit"": true, ""dense_hit"": true, ""union_hit"": true, ""candidate_hit"": true, ""reranker_top_k_hit"": true, ""candidate_depth"": 100, ""ranking_k"": 10}"
drug_4185,Làm thế nào để vệ sinh bình thuốc Avamys sau mỗi lần sử dụng?,2,"[""doc_aa9a2bad16670b672562a135""]","[""ctx_7214fc97516052510712d314""]",,2,16,1,True,True,DENSE_ONLY_HIT,hit_at_evaluated_cutoff,DENSE_ONLY_HIT,"{""bm25_hit"": false, ""dense_hit"": true, ""union_hit"": true, ""candidate_hit"": true, ""reranker_top_k_hit"": true, ""candidate_depth"": 100, ""ranking_k"": 10}"
drug_2241,Làm thế nào để dùng Aminoplasmal 10%?,2,"[""doc_aadf76b076a46a4a7805b8ca""]","[""ctx_e54619f2c460f19cb0e86e52""]",3,1,1,1,True,True,BOTH_HIT,hit_at_evaluated_cutoff,BOTH_HIT,"{""bm25_hit"": true, ""dense_hit"": true, ""union_hit"": true, ""candidate_hit"": true, ""reranker_top_k_hit"": true, ""candidate_depth"": 100, ""ranking_k"": 10}"
drug_3537,Thuốc Atelec được bào chế dưới dạng nào?,2,"[""doc_bd36919fec5171787444aaa7""]","[""ctx_4d1ee8216499c3ba7fd2cc05""]",1,1,1,1,True,True,BOTH_HIT,hit_at_evaluated_cutoff,BOTH_HIT,"{""bm25_hit"": true, ""dense_hit"": true, ""union_hit"": true, ""candidate_hit"": true, ""reranker_top_k_hit"": true, ""candidate_depth"": 100, ""ranking_k"": 10}"
drug_814,Nhiệt độ tối đa được phép bảo quản thuốc Acyclovir Stella 400 mg là bao nhiêu?,2,"[""doc_25c8c5f149e1213a30a69e43""]","[""ctx_e7da9b9dabc28b262152ab47""]",1,1,1,1,True,True,BOTH_HIT,hit_at_evaluated_cutoff,BOTH_HIT,"{""bm25_hit"": true, ""dense_hit"": true, ""union_hit"": true, ""candidate_hit"": true, ""reranker_top_k_hit"": true, ""candidate_depth"": 100, ""ranking_k"": 10}"
drug_4336,Thuốc Avodart dùng để điều trị bệnh lý nào?,2,"[""doc_9a03751147754be981cb1c9d""]","[""ctx_0f9810f461979cc6b71b5d8d""]",3,1,1,2,True,True,BOTH_HIT,hit_at_evaluated_cutoff,BOTH_HIT,"{""bm25_hit"": true, ""dense_hit"": true, ""union_hit"": true, ""candidate_hit"": true, ""reranker_top_k_hit"": true, ""candidate_depth"": 100, ""ranking_k"": 10}"
drug_7436,Cefadroxil có tác dụng diệt khuẩn như thế nào?,2,"[""doc_e3ce597245887c01a91cbc41""]","[""ctx_eb5e45e4707158a38355f513""]",1,1,1,1,True,True,BOTH_HIT,hit_at_evaluated_cutoff,BOTH_HIT,"{""bm25_hit"": true, ""dense_hit"": true, ""union_hit"": true, ""candidate_hit"": true, ""reranker_top_k_hit"": true, ""candidate_depth"": 100, ""ranking_k"": 10}"
drug_5195,Điều kiện cần thiết nhất để bảo quản thuốc Bentarcin là gì?,2,"[""doc_38601af1eafab77a6597d898""]","[""ctx_912de904ace88bf24cc882a3""]",87,25,13,12,False,True,BOTH_HIT;RERANKER_MISS;SELECTION_MISS;DOC_HIT_CHUNK_MISS,reranker,BOTH_HIT; RERANKER_MISS; SELECTION_MISS; DOC_HIT_CHUNK_MISS,"{""bm25_hit"": true, ""dense_hit"": true, ""union_hit"": true, ""candidate_hit"": true, ""reranker_top_k_hit"": false, ""candidate_depth"": 100, ""ranking_k"": 10}"
drug_4462,Có biện pháp bảo vệ nào khi sử dụng Azanex để đảm bảo an toàn cho trẻ không?,2,"[""doc_6aea43c9adee86dd5ff86ef4""]","[""ctx_a83aea7bb9ff8f51f2712745""]",,,,,False,True,BOTH_MISS;CANDIDATE_MISS;DOC_HIT_CHUNK_MISS,retrieval_or_fusion,BOTH_MISS; CANDIDATE_MISS; DOC_HIT_CHUNK_MISS,"{""bm25_hit"": false, ""dense_hit"": false, ""union_hit"": false, ""candidate_hit"": false, ""reranker_top_k_hit"": false, ""candidate_depth"": 100, ""ranking_k"": 10}"
drug_85,A.T.P dùng bằng đường nào?,2,"[""doc_7d7048fa4501da9d4addffd3""]","[""ctx_86752b4362f03303239e0344""]",,76,,,False,True,DENSE_ONLY_HIT;FUSION_DROPPED;CANDIDATE_MISS;DOC_HIT_CHUNK_MISS,retrieval_or_fusion,DENSE_ONLY_HIT; FUSION_DROPPED; CANDIDATE_MISS; DOC_HIT_CHUNK_MISS,"{""bm25_hit"": false, ""dense_hit"": true, ""union_hit"": true, ""candidate_hit"": false, ""reranker_top_k_hit"": false, ""candidate_depth"": 100, ""ranking_k"": 10}"
drug_4757,"Khi xảy ra phản ứng quá liều thuốc Bactamox, người bệnh cần làm gì?",2,"[""doc_fa66395cfd7aa478c9e4ba5a""]","[""ctx_d837f5cc319cfb6ad6139dc2""]",67,16,8,1,True,True,BOTH_HIT,hit_at_evaluated_cutoff,BOTH_HIT,"{""bm25_hit"": true, ""dense_hit"": true, ""union_hit"": true, ""candidate_hit"": true, ""reranker_top_k_hit"": true, ""candidate_depth"": 100, ""ranking_k"": 10}"
drug_8769,Tại sao không nên dùng thuốc Coldko khi lái xe và vận hành máy móc?,2,"[""doc_44594a321e3bfbe2a124e476""]","[""ctx_608293914e96121dd6e916da""]",4,2,1,1,True,True,BOTH_HIT,hit_at_evaluated_cutoff,BOTH_HIT,"{""bm25_hit"": true, ""dense_hit"": true, ""union_hit"": true, ""candidate_hit"": true, ""reranker_top_k_hit"": true, ""candidate_depth"": 100, ""ranking_k"": 10}"
drug_4922,Sản phẩm Barudon có những dạng đóng gói nào?,2,"[""doc_c62d67db59a4950190ae7ef5""]","[""ctx_ff81c31b71f0a43451324242""]",5,2,2,3,True,True,BOTH_HIT,hit_at_evaluated_cutoff,BOTH_HIT,"{""bm25_hit"": true, ""dense_hit"": true, ""union_hit"": true, ""candidate_hit"": true, ""reranker_top_k_hit"": true, ""candidate_depth"": 100, ""ranking_k"": 10}"
drug_6704,Những bệnh nào ở trẻ sơ sinh được điều trị bằng cafein?,2,"[""doc_f133ca2299ba7b45dee176be""]","[""ctx_1e98c91c23883074c742bf3b""]",2,1,1,1,True,True,BOTH_HIT,hit_at_evaluated_cutoff,BOTH_HIT,"{""bm25_hit"": true, ""dense_hit"": true, ""union_hit"": true, ""candidate_hit"": true, ""reranker_top_k_hit"": true, ""candidate_depth"": 100, ""ranking_k"": 10}"
drug_3545,Cơ chế hấp thu của thuốc Atelec chủ yếu diễn ra ở đâu?,2,"[""doc_bd36919fec5171787444aaa7""]","[""ctx_34168644045fef5cb2a460ba""]",1,4,1,1,True,True,BOTH_HIT,hit_at_evaluated_cutoff,BOTH_HIT,"{""bm25_hit"": true, ""dense_hit"": true, ""union_hit"": true, ""candidate_hit"": true, ""reranker_top_k_hit"": true, ""candidate_depth"": 100, ""ranking_k"": 10}"
drug_8238,Các tác dụng không mong muốn của thực phẩm chức năng Cilzec bao gồm những tác dụng nào khác ngoài tiêu chảy và viêm họng?,2,"[""doc_5995e5b33a15f409ee4f66b4""]","[""ctx_55e841956bdde478708635d7""]",1,1,1,1,True,True,BOTH_HIT,hit_at_evaluated_cutoff,BOTH_HIT,"{""bm25_hit"": true, ""dense_hit"": true, ""union_hit"": true, ""candidate_hit"": true, ""reranker_top_k_hit"": true, ""candidate_depth"": 100, ""ranking_k"": 10}"
drug_3595,"Bệnh nhân bị chậm nhịp xoang, lốc nhĩ - thất độ II và độ III có được dùng thuốc Atenolol không?",2,"[""doc_8ed9e08101df96a239a37050""]","[""ctx_e07297dfc30334e9cb1bcbc2""]",1,1,1,1,True,True,BOTH_HIT,hit_at_evaluated_cutoff,BOTH_HIT,"{""bm25_hit"": true, ""dense_hit"": true, ""union_hit"": true, ""candidate_hit"": true, ""reranker_top_k_hit"": true, ""candidate_depth"": 100, ""ranking_k"": 10}"
drug_2260,Trong trường hợp nào Amiodarone được dùng hỗ trợ điều trị?,2,"[""doc_304c58f70c365d8ec1414985""]","[""ctx_ff87d495fc8745d3e51509d9""]",,,,,False,True,BOTH_MISS;CANDIDATE_MISS;DOC_HIT_CHUNK_MISS,retrieval_or_fusion,BOTH_MISS; CANDIDATE_MISS; DOC_HIT_CHUNK_MISS,"{""bm25_hit"": false, ""dense_hit"": false, ""union_hit"": false, ""candidate_hit"": false, ""reranker_top_k_hit"": false, ""candidate_depth"": 100, ""ranking_k"": 10}"
drug_3910,Hoạt chất chính trong thuốc Atussin là gì?,2,"[""doc_ee1a88f1112268b4644f8055""]","[""ctx_7f2e162cec24318771820a9e""]",,,,,False,True,BOTH_MISS;CANDIDATE_MISS;DOC_HIT_CHUNK_MISS,retrieval_or_fusion,BOTH_MISS; CANDIDATE_MISS; DOC_HIT_CHUNK_MISS,"{""bm25_hit"": false, ""dense_hit"": false, ""union_hit"": false, ""candidate_hit"": false, ""reranker_top_k_hit"": false, ""candidate_depth"": 100, ""ranking_k"": 10}"
drug_950,Thuốc Adrenoxyl nên tránh xa đối tượng nào?,2,"[""doc_bbec60596eb76d6d490f4adc""]","[""ctx_c4e929a9d9ec83937316f8f4""]",1,1,1,2,True,True,BOTH_HIT,hit_at_evaluated_cutoff,BOTH_HIT,"{""bm25_hit"": true, ""dense_hit"": true, ""union_hit"": true, ""candidate_hit"": true, ""reranker_top_k_hit"": true, ""candidate_depth"": 100, ""ranking_k"": 10}"
drug_8881,Thời điểm dùng thuốc Comiaryl là lúc nào?,2,"[""doc_2fd00aa65f6ae9d204244463""]","[""ctx_b82de553909b835a3dd0c302""]",1,1,1,1,True,True,BOTH_HIT,hit_at_evaluated_cutoff,BOTH_HIT,"{""bm25_hit"": true, ""dense_hit"": true, ""union_hit"": true, ""candidate_hit"": true, ""reranker_top_k_hit"": true, ""candidate_depth"": 100, ""ranking_k"": 10}"
drug_7287,Trong trường hợp nào thì có thể dùng thuốc Cataflam cho người mang thai?,2,"[""doc_6e3d41e0a6fcc65343a9c54d""]","[""ctx_5929a35bf75fc9bfb1940ae5""]",,2,21,5,True,True,DENSE_ONLY_HIT,hit_at_evaluated_cutoff,DENSE_ONLY_HIT,"{""bm25_hit"": false, ""dense_hit"": true, ""union_hit"": true, ""candidate_hit"": true, ""reranker_top_k_hit"": true, ""candidate_depth"": 100, ""ranking_k"": 10}"
drug_382,Các triệu chứng hay gặp của tác dụng phụ khi sử dụng Acenocoumarol 4 mg là gì?,2,"[""doc_c32ac98056081501ab397fdb""]","[""ctx_b525d2068aab71d2279f9ec7""]",1,1,1,1,True,True,BOTH_HIT,hit_at_evaluated_cutoff,BOTH_HIT,"{""bm25_hit"": true, ""dense_hit"": true, ""union_hit"": true, ""candidate_hit"": true, ""reranker_top_k_hit"": true, ""candidate_depth"": 100, ""ranking_k"": 10}"
drug_6114,Nêu biện pháp xử lý khi quá liều thuốc Bixicam?,2,"[""doc_dbc23c2a2333d9babf2f7806""]","[""ctx_bf70511923c03f84368eec81""]",20,12,4,1,True,True,BOTH_HIT,hit_at_evaluated_cutoff,BOTH_HIT,"{""bm25_hit"": true, ""dense_hit"": true, ""union_hit"": true, ""candidate_hit"": true, ""reranker_top_k_hit"": true, ""candidate_depth"": 100, ""ranking_k"": 10}"
drug_5640,Betmiga 50 mg có dùng được cho trẻ em và thanh thiếu niên dưới 18 tuổi không?,2,"[""doc_4140a3b8e79aa644b11541ab""]","[""ctx_daeb7a906c49c6b505e82b50""]",2,1,1,1,True,True,BOTH_HIT,hit_at_evaluated_cutoff,BOTH_HIT,"{""bm25_hit"": true, ""dense_hit"": true, ""union_hit"": true, ""candidate_hit"": true, ""reranker_top_k_hit"": true, ""candidate_depth"": 100, ""ranking_k"": 10}"
drug_6045,Bisoplus được dùng để điều trị tình trạng nào?,2,"[""doc_61bf1e9eb53886f7b6923d97""]","[""ctx_28aa4ccb994c692fdb5f2d52""]",3,1,2,1,True,True,BOTH_HIT,hit_at_evaluated_cutoff,BOTH_HIT,"{""bm25_hit"": true, ""dense_hit"": true, ""union_hit"": true, ""candidate_hit"": true, ""reranker_top_k_hit"": true, ""candidate_depth"": 100, ""ranking_k"": 10}"
drug_6528,Tại sao cần theo dõi bệnh nhân cẩn thận sau khi tiêm Buscopan?,2,"[""doc_574c18a556c403af8d4df525""]","[""ctx_8b065fb18d0375e1508774dd""]",1,1,1,1,True,True,BOTH_HIT,hit_at_evaluated_cutoff,BOTH_HIT,"{""bm25_hit"": true, ""dense_hit"": true, ""union_hit"": true, ""candidate_hit"": true, ""reranker_top_k_hit"": true, ""candidate_depth"": 100, ""ranking_k"": 10}"
drug_8567,Sử dụng chung Clopias với nhóm thuốc NSAID có thể gây ra điều gì?,2,"[""doc_e70de9a468512b59d3239283""]","[""ctx_e9a338ca1ae9b9eea17122f6""]",8,5,4,7,False,True,BOTH_HIT;SELECTION_MISS;DOC_HIT_CHUNK_MISS,selection,BOTH_HIT; SELECTION_MISS; DOC_HIT_CHUNK_MISS,"{""bm25_hit"": true, ""dense_hit"": true, ""union_hit"": true, ""candidate_hit"": true, ""reranker_top_k_hit"": true, ""candidate_depth"": 100, ""ranking_k"": 10}"
drug_1079,Có thể dùng thuốc Agi-Ery cùng bữa ăn không?,2,"[""doc_7b6c501baaf29ae855ace69c""]","[""ctx_a11bfd29b2f35b23dc3eb9b8""]",1,1,1,1,True,True,BOTH_HIT,hit_at_evaluated_cutoff,BOTH_HIT,"{""bm25_hit"": true, ""dense_hit"": true, ""union_hit"": true, ""candidate_hit"": true, ""reranker_top_k_hit"": true, ""candidate_depth"": 100, ""ranking_k"": 10}"
drug_9676,"Khi quá liều Dexamethasone, cách bảo vệ sức khoẻ tối ưu là gì?",2,"[""doc_17eeb28d3d3068d26a26b434""]","[""ctx_0ea33fa83b1e0153a02f12d4""]",1,58,2,1,True,True,BOTH_HIT,hit_at_evaluated_cutoff,BOTH_HIT,"{""bm25_hit"": true, ""dense_hit"": true, ""union_hit"": true, ""candidate_hit"": true, ""reranker_top_k_hit"": true, ""candidate_depth"": 100, ""ranking_k"": 10}"
drug_229,Tại sao thuốc Acarbose không nên dùng cho những người dễ bị bệnh lý do tăng áp lực ổ bụng (thoát vị)?,2,"[""doc_e85baeadce7c2f830e6934bc""]","[""ctx_5dbda62dcbc5eaf8f02d79b4""]",1,1,1,1,True,True,BOTH_HIT,hit_at_evaluated_cutoff,BOTH_HIT,"{""bm25_hit"": true, ""dense_hit"": true, ""union_hit"": true, ""candidate_hit"": true, ""reranker_top_k_hit"": true, ""candidate_depth"": 100, ""ranking_k"": 10}"
drug_9193,Người bị hẹp van động mạch chủ và van hai lá/ bệnh phì đại cơ tim cần lưu ý gì khi sử dụng thuốc hạ huyết áp Coversyl?,2,"[""doc_5f71fe70b8ff8060371950fc""]","[""ctx_ec34d705cb34b6683e631172""]",,,,,False,True,BOTH_MISS;CANDIDATE_MISS;DOC_HIT_CHUNK_MISS,retrieval_or_fusion,BOTH_MISS; CANDIDATE_MISS; DOC_HIT_CHUNK_MISS,"{""bm25_hit"": false, ""dense_hit"": false, ""union_hit"": false, ""candidate_hit"": false, ""reranker_top_k_hit"": false, ""candidate_depth"": 100, ""ranking_k"": 10}"
drug_5279,Có thể tự ý tăng gấp đôi liều lượng sử dụng kem ngăn ngừa hăm Bepanthen Balm nếu quên bôi không?,2,"[""doc_dd7a937c6628716e1655ed75""]","[""ctx_93bafe0846df0f5161c3607d""]",1,1,1,1,True,True,BOTH_HIT,hit_at_evaluated_cutoff,BOTH_HIT,"{""bm25_hit"": true, ""dense_hit"": true, ""union_hit"": true, ""candidate_hit"": true, ""reranker_top_k_hit"": true, ""candidate_depth"": 100, ""ranking_k"": 10}"
drug_948,"Nếu quên 1 liều thuốc Adrenoxyl?, có thể dùng gấp đôi liều để bù vào liều đã quên hay không?",2,"[""doc_ab797aa3c347dbe2ae942890""]","[""ctx_f4ea822391bb479367670465""]",9,28,11,41,False,False,BOTH_HIT;RERANKER_MISS;SELECTION_MISS;DOC_AND_CHUNK_MISS,reranker,BOTH_HIT; RERANKER_MISS; SELECTION_MISS; DOC_AND_CHUNK_MISS,"{""bm25_hit"": true, ""dense_hit"": true, ""union_hit"": true, ""candidate_hit"": true, ""reranker_top_k_hit"": false, ""candidate_depth"": 100, ""ranking_k"": 10}"
drug_2960,Điều kiện nhiệt độ tốt nhất để bảo quản chế phẩm Antibio là gì?,2,"[""doc_b66a89bd7b16b3d4f8c0d75b""]","[""ctx_0dbace05f3207990e6aa5ec9""]",1,1,1,1,True,True,BOTH_HIT,hit_at_evaluated_cutoff,BOTH_HIT,"{""bm25_hit"": true, ""dense_hit"": true, ""union_hit"": true, ""candidate_hit"": true, ""reranker_top_k_hit"": true, ""candidate_depth"": 100, ""ranking_k"": 10}"
drug_6157,Cần lưu ý gì khi sử dụng Bofit F?,2,"[""doc_8cacd2861770c38303a19df7""]","[""ctx_f340b1082b85d33edf806d87""]",,,,,False,True,BOTH_MISS;CANDIDATE_MISS;DOC_HIT_CHUNK_MISS,retrieval_or_fusion,BOTH_MISS; CANDIDATE_MISS; DOC_HIT_CHUNK_MISS,"{""bm25_hit"": false, ""dense_hit"": false, ""union_hit"": false, ""candidate_hit"": false, ""reranker_top_k_hit"": false, ""candidate_depth"": 100, ""ranking_k"": 10}"
drug_279,Nhiệt độ bảo quản thuốc Aceclofenac STADA như thế nào là tốt nhất?,2,"[""doc_c298da4d0e09e605ee7b2b14""]","[""ctx_80901aa67829520ed95e4a05""]",1,1,1,1,True,True,BOTH_HIT,hit_at_evaluated_cutoff,BOTH_HIT,"{""bm25_hit"": true, ""dense_hit"": true, ""union_hit"": true, ""candidate_hit"": true, ""reranker_top_k_hit"": true, ""candidate_depth"": 100, ""ranking_k"": 10}"
drug_5544,Bạn tuyệt đối không nên làm gì khi quên một liều Betamethasone?,2,"[""doc_2bdf1755527f3b61a11d61cb""]","[""ctx_6d027cf4268f79b62a1a5f25""]",,57,,,False,False,DENSE_ONLY_HIT;FUSION_DROPPED;CANDIDATE_MISS;DOC_AND_CHUNK_MISS,retrieval_or_fusion,DENSE_ONLY_HIT; FUSION_DROPPED; CANDIDATE_MISS; DOC_AND_CHUNK_MISS,"{""bm25_hit"": false, ""dense_hit"": true, ""union_hit"": true, ""candidate_hit"": false, ""reranker_top_k_hit"": false, ""candidate_depth"": 100, ""ranking_k"": 10}"
drug_8686,"Tại sao cần tránh uống bia, rượu khi dùng thuốc Co-Diovan (valsartan, hydrochlorothiazide)?",2,"[""doc_58d56e2b07a8afeb3b263797""]","[""ctx_151b30e3f16463f83f164dec""]",,58,,,False,False,DENSE_ONLY_HIT;FUSION_DROPPED;CANDIDATE_MISS;DOC_AND_CHUNK_MISS,retrieval_or_fusion,DENSE_ONLY_HIT; FUSION_DROPPED; CANDIDATE_MISS; DOC_AND_CHUNK_MISS,"{""bm25_hit"": false, ""dense_hit"": true, ""union_hit"": true, ""candidate_hit"": false, ""reranker_top_k_hit"": false, ""candidate_depth"": 100, ""ranking_k"": 10}"
drug_7359,Khả năng hấp thu thuốc Cedipect F qua đường tiêu hóa có bị ảnh hưởng bởi thức ăn không?,2,"[""doc_70544172d6a331b9a0f3044a""]","[""ctx_cc8a4ec548f71328a89d30cf""]",1,1,1,1,True,True,BOTH_HIT,hit_at_evaluated_cutoff,BOTH_HIT,"{""bm25_hit"": true, ""dense_hit"": true, ""union_hit"": true, ""candidate_hit"": true, ""reranker_top_k_hit"": true, ""candidate_depth"": 100, ""ranking_k"": 10}"
drug_6610,Sản phẩm viên ngậm ho Bảo Thanh có thành phần chính là gì?,2,"[""doc_002d2488507f8586d9d1b326""]","[""ctx_a183b37840f8c6e4ead076bf""]",2,3,2,2,True,True,BOTH_HIT,hit_at_evaluated_cutoff,BOTH_HIT,"{""bm25_hit"": true, ""dense_hit"": true, ""union_hit"": true, ""candidate_hit"": true, ""reranker_top_k_hit"": true, ""candidate_depth"": 100, ""ranking_k"": 10}"
drug_7505,Liều dùng thông thường của Cefimbrano 100 cho người lớn và trẻ em trên 12 tuổi là bao nhiêu?,2,"[""doc_8b3bce0b5ca0f3bef453c52e""]","[""ctx_c659dd873b42bbf411f4fc9e""]",2,1,1,1,True,True,BOTH_HIT,hit_at_evaluated_cutoff,BOTH_HIT,"{""bm25_hit"": true, ""dense_hit"": true, ""union_hit"": true, ""candidate_hit"": true, ""reranker_top_k_hit"": true, ""candidate_depth"": 100, ""ranking_k"": 10}"
drug_7672,Đâu là những phản ứng phụ hiếm gặp của Cefurobiotic?,2,"[""doc_385daf97a47fcb258d53b85d""]","[""ctx_61c6c42d64b94e24e948268d""]",1,1,1,1,True,True,BOTH_HIT,hit_at_evaluated_cutoff,BOTH_HIT,"{""bm25_hit"": true, ""dense_hit"": true, ""union_hit"": true, ""candidate_hit"": true, ""reranker_top_k_hit"": true, ""candidate_depth"": 100, ""ranking_k"": 10}"
drug_9636,"Khi sử dụng methylprednisolone (Depo-Medrol), thuốc nào có thể gây tương tác?",2,"[""doc_a1b828f2ed9457f110eaa58e""]","[""ctx_b34c365103f77eb761bf4d1b""]",1,1,1,1,True,True,BOTH_HIT,hit_at_evaluated_cutoff,BOTH_HIT,"{""bm25_hit"": true, ""dense_hit"": true, ""union_hit"": true, ""candidate_hit"": true, ""reranker_top_k_hit"": true, ""candidate_depth"": 100, ""ranking_k"": 10}"
drug_6744,Calci D Mekophar có thể dùng cho những nhóm đối tượng nào mắc chứng loãng xương?,2,"[""doc_896cf73a1cbb32942a4a9aa2""]","[""ctx_a18c9ee25cd4a9ec8288e0f6""]",1,1,1,1,True,True,BOTH_HIT,hit_at_evaluated_cutoff,BOTH_HIT,"{""bm25_hit"": true, ""dense_hit"": true, ""union_hit"": true, ""candidate_hit"": true, ""reranker_top_k_hit"": true, ""candidate_depth"": 100, ""ranking_k"": 10}"
drug_3496,Thuốc Aspirin không được khuyên dùng đối với những người mắc bệnh nào?,2,"[""doc_966bfde2df04058ab42159c9""]","[""ctx_f0facea181f84d3813822e06""]",1,28,8,1,True,True,BOTH_HIT,hit_at_evaluated_cutoff,BOTH_HIT,"{""bm25_hit"": true, ""dense_hit"": true, ""union_hit"": true, ""candidate_hit"": true, ""reranker_top_k_hit"": true, ""candidate_depth"": 100, ""ranking_k"": 10}"
drug_2299,Amiparen 5 Otsuka có tác dụng gì?,2,"[""doc_9cc017879179a069ddd17e03""]","[""ctx_0698e3290ca68b68e68734a9""]",5,2,3,2,True,True,BOTH_HIT,hit_at_evaluated_cutoff,BOTH_HIT,"{""bm25_hit"": true, ""dense_hit"": true, ""union_hit"": true, ""candidate_hit"": true, ""reranker_top_k_hit"": true, ""candidate_depth"": 100, ""ranking_k"": 10}"
drug_1371,Người bệnh cần lưu ý gì sau khi dùng Albendazol nếu muốn có thai?,2,"[""doc_25d9189920ce19b9dd23d58f""]","[""ctx_a7533c99d3b6ba97e97677f1""]",1,1,1,1,True,True,BOTH_HIT,hit_at_evaluated_cutoff,BOTH_HIT,"{""bm25_hit"": true, ""dense_hit"": true, ""union_hit"": true, ""candidate_hit"": true, ""reranker_top_k_hit"": true, ""candidate_depth"": 100, ""ranking_k"": 10}"
drug_840,Thành phần chính trong thuốc Acyclovir Stella Cream là gì?,2,"[""doc_92c0e47dce4fa7801ce6d0ff""]","[""ctx_07dc9be0639bc14f991fad78""]",1,3,2,3,True,True,BOTH_HIT,hit_at_evaluated_cutoff,BOTH_HIT,"{""bm25_hit"": true, ""dense_hit"": true, ""union_hit"": true, ""candidate_hit"": true, ""reranker_top_k_hit"": true, ""candidate_depth"": 100, ""ranking_k"": 10}"
drug_484,Khi nào cần phải ngừng sử dụng Aciclovir?,2,"[""doc_93f6cd2b4fec936c9f66ccde""]","[""ctx_3a32fe7b968cf6552db4ee99""]",5,,20,1,True,True,BM25_ONLY_HIT,hit_at_evaluated_cutoff,BM25_ONLY_HIT,"{""bm25_hit"": true, ""dense_hit"": false, ""union_hit"": true, ""candidate_hit"": true, ""reranker_top_k_hit"": true, ""candidate_depth"": 100, ""ranking_k"": 10}"
drug_758,Những lưu ý nào cần biết khi sử dụng thuốc Acyclovir Boston 800?,2,"[""doc_31798364a0547292c5673a6f""]","[""ctx_dfc9d84313b34c654758df99""]",9,2,5,8,False,True,BOTH_HIT;SELECTION_MISS;DOC_HIT_CHUNK_MISS,selection,BOTH_HIT; SELECTION_MISS; DOC_HIT_CHUNK_MISS,"{""bm25_hit"": true, ""dense_hit"": true, ""union_hit"": true, ""candidate_hit"": true, ""reranker_top_k_hit"": true, ""candidate_depth"": 100, ""ranking_k"": 10}"
drug_5246,Benzyl benzoate có thể gây ra những tác dụng phụ nào?,2,"[""doc_888eea3b540434b5420aeca5""]","[""ctx_d51e9bde90123732c98927ea""]",5,1,1,1,True,True,BOTH_HIT,hit_at_evaluated_cutoff,BOTH_HIT,"{""bm25_hit"": true, ""dense_hit"": true, ""union_hit"": true, ""candidate_hit"": true, ""reranker_top_k_hit"": true, ""candidate_depth"": 100, ""ranking_k"": 10}"
drug_5793,Trong trường hợp nào cần uống bổ sung thuốc Bilgrel?,2,"[""doc_3d8087340e27ec76115fa596""]","[""ctx_0bb16042f6edaa465ca5fc0f""]",2,84,10,7,False,True,BOTH_HIT;SELECTION_MISS;DOC_HIT_CHUNK_MISS,selection,BOTH_HIT; SELECTION_MISS; DOC_HIT_CHUNK_MISS,"{""bm25_hit"": true, ""dense_hit"": true, ""union_hit"": true, ""candidate_hit"": true, ""reranker_top_k_hit"": true, ""candidate_depth"": 100, ""ranking_k"": 10}"
drug_503,Liều dùng thuốc Acid nalidixic hàng ngày đối với người lớn là bao nhiêu?,2,"[""doc_4bf26cf436ebc8ab2a852c6e""]","[""ctx_9c1d91b0c24d3e76e4af8df5""]",30,,63,2,True,True,BM25_ONLY_HIT,hit_at_evaluated_cutoff,BM25_ONLY_HIT,"{""bm25_hit"": true, ""dense_hit"": false, ""union_hit"": true, ""candidate_hit"": true, ""reranker_top_k_hit"": true, ""candidate_depth"": 100, ""ranking_k"": 10}"
drug_7751,Nên tiến hành biện pháp nào khi dùng quá liều thuốc Celecoxib?,2,"[""doc_1a9ccc5f14e878ec652b8358""]","[""ctx_fa8511f4947e26e376078df6""]",,,,,False,False,BOTH_MISS;CANDIDATE_MISS;DOC_AND_CHUNK_MISS,retrieval_or_fusion,BOTH_MISS; CANDIDATE_MISS; DOC_AND_CHUNK_MISS,"{""bm25_hit"": false, ""dense_hit"": false, ""union_hit"": false, ""candidate_hit"": false, ""reranker_top_k_hit"": false, ""candidate_depth"": 100, ""ranking_k"": 10}"
drug_1753,Tác dụng phụ của thuốc Alphachymotrypsin 4200 Mebiphar có thể biến mất như thế nào?,2,"[""doc_9c7c35dc83b8b3417f734c9e""]","[""ctx_f236e3fdf29ec81786000081""]",1,1,1,1,True,True,BOTH_HIT,hit_at_evaluated_cutoff,BOTH_HIT,"{""bm25_hit"": true, ""dense_hit"": true, ""union_hit"": true, ""candidate_hit"": true, ""reranker_top_k_hit"": true, ""candidate_depth"": 100, ""ranking_k"": 10}"
drug_2420,Bệnh nhân hẹp động mạch chủ nặng được chỉ định dùng Amlor 5 Pfizer hay không?,2,"[""doc_54d652488052fee1bbd1cd93""]","[""ctx_ab289e6635d46a3aed0af055""]",1,2,1,1,True,True,BOTH_HIT,hit_at_evaluated_cutoff,BOTH_HIT,"{""bm25_hit"": true, ""dense_hit"": true, ""union_hit"": true, ""candidate_hit"": true, ""reranker_top_k_hit"": true, ""candidate_depth"": 100, ""ranking_k"": 10}"
drug_809,"Nếu tôi quên uống một liều Acyclovir Stella 400 mg, tôi nên làm gì?",2,"[""doc_45ba59fce256dcda40f400ed""]","[""ctx_658c3e624ad700efc83652ab""]",,83,,,False,False,DENSE_ONLY_HIT;FUSION_DROPPED;CANDIDATE_MISS;DOC_AND_CHUNK_MISS,retrieval_or_fusion,DENSE_ONLY_HIT; FUSION_DROPPED; CANDIDATE_MISS; DOC_AND_CHUNK_MISS,"{""bm25_hit"": false, ""dense_hit"": true, ""union_hit"": true, ""candidate_hit"": false, ""reranker_top_k_hit"": false, ""candidate_depth"": 100, ""ranking_k"": 10}"
drug_3690,"Trong quá trình dùng thuốc Atiliver, đâu là mục tiêu tối thượng người dùng cần lưu tâm?",2,"[""doc_183e80ccbfd4a30c71185874""]","[""ctx_0bf6d4d0707bef6f1a1ec29b""]",2,1,1,1,True,True,BOTH_HIT,hit_at_evaluated_cutoff,BOTH_HIT,"{""bm25_hit"": true, ""dense_hit"": true, ""union_hit"": true, ""candidate_hit"": true, ""reranker_top_k_hit"": true, ""candidate_depth"": 100, ""ranking_k"": 10}"
drug_1182,Thuốc - Agilosart 100 có thể gây ra những tổn thương nào cho thai nhi đang phát triển không?,2,"[""doc_537f1d752c23369c42f4e9c6""]","[""ctx_e5f453a23cbbd017bf4e03ac""]",1,1,1,1,True,True,BOTH_HIT,hit_at_evaluated_cutoff,BOTH_HIT,"{""bm25_hit"": true, ""dense_hit"": true, ""union_hit"": true, ""candidate_hit"": true, ""reranker_top_k_hit"": true, ""candidate_depth"": 100, ""ranking_k"": 10}"
drug_8812,"Khi sử dụng thuốc Coltramyl, nếu gặp phải những biểu hiện bất thường nào thì cần thông báo với bác sĩ để điều chỉnh liều dùng?",2,"[""doc_ac5d99b3c3bafe44baee89f8""]","[""ctx_a606aa252e05c3bb4e89e324""]",49,6,6,1,True,True,BOTH_HIT,hit_at_evaluated_cutoff,BOTH_HIT,"{""bm25_hit"": true, ""dense_hit"": true, ""union_hit"": true, ""candidate_hit"": true, ""reranker_top_k_hit"": true, ""candidate_depth"": 100, ""ranking_k"": 10}"
drug_4722,Sử dụng thuốc Baclofen có thể gây ra tác dụng phụ nào ở hệ sinh dục - tiết niệu?,2,"[""doc_3b88fa0d39e4b1c663f921a3""]","[""ctx_6bb32759b9579bb72e53c998""]",1,1,1,1,True,True,BOTH_HIT,hit_at_evaluated_cutoff,BOTH_HIT,"{""bm25_hit"": true, ""dense_hit"": true, ""union_hit"": true, ""candidate_hit"": true, ""reranker_top_k_hit"": true, ""candidate_depth"": 100, ""ranking_k"": 10}"
drug_4842,Barole được bào chế dưới dạng nào?,2,"[""doc_dd756d6bfe47cb8a744c7082""]","[""ctx_867178c02dcbb471f5fe32e5""]",1,1,1,1,True,True,BOTH_HIT,hit_at_evaluated_cutoff,BOTH_HIT,"{""bm25_hit"": true, ""dense_hit"": true, ""union_hit"": true, ""candidate_hit"": true, ""reranker_top_k_hit"": true, ""candidate_depth"": 100, ""ranking_k"": 10}"
drug_3721,Mức bán kê khai của thuốc Atocib 90mg DHG có giống với mức bán ngoài thị trường không?,2,"[""doc_1921e961e92a1fb6789da98a""]","[""ctx_b23eb7b82b7e208a0b396a1b""]",1,1,1,1,True,True,BOTH_HIT,hit_at_evaluated_cutoff,BOTH_HIT,"{""bm25_hit"": true, ""dense_hit"": true, ""union_hit"": true, ""candidate_hit"": true, ""reranker_top_k_hit"": true, ""candidate_depth"": 100, ""ranking_k"": 10}"
drug_4075,Thuốc Augmentin 625 mg có thể gây tình trạng nào?,2,"[""doc_ce308fd299ab51feaacb5a45""]","[""ctx_7e729fb0ce4d037a1c993b42""]",1,2,1,4,True,True,BOTH_HIT,hit_at_evaluated_cutoff,BOTH_HIT,"{""bm25_hit"": true, ""dense_hit"": true, ""union_hit"": true, ""candidate_hit"": true, ""reranker_top_k_hit"": true, ""candidate_depth"": 100, ""ranking_k"": 10}"
drug_1562,Tốc độ truyền deferoxamin thế nào khi quá liều Algelstad?,2,"[""doc_7c80d0a835c97c670a6209d7""]","[""ctx_08e8ad984906ec9ce46a9c7c""]",3,20,5,1,True,True,BOTH_HIT,hit_at_evaluated_cutoff,BOTH_HIT,"{""bm25_hit"": true, ""dense_hit"": true, ""union_hit"": true, ""candidate_hit"": true, ""reranker_top_k_hit"": true, ""candidate_depth"": 100, ""ranking_k"": 10}"
drug_5387,Sử dụng Berberin cùng với Tetracycline ảnh hưởng thế nào đến hiệu quả của Tetracycline?,2,"[""doc_52eb57613fd741baec8c8f37""]","[""ctx_da0b14660e4ed058780fdc76""]",2,12,2,1,True,True,BOTH_HIT,hit_at_evaluated_cutoff,BOTH_HIT,"{""bm25_hit"": true, ""dense_hit"": true, ""union_hit"": true, ""candidate_hit"": true, ""reranker_top_k_hit"": true, ""candidate_depth"": 100, ""ranking_k"": 10}"
drug_5509,Thuốc Betahistine nên được để ở đâu để tránh xa tầm tay trẻ em và thú cưng?,2,"[""doc_80b4491e400ace37d38cc0a7""]","[""ctx_a3b156e3eef50b1204de113d""]",1,1,1,1,True,True,BOTH_HIT,hit_at_evaluated_cutoff,BOTH_HIT,"{""bm25_hit"": true, ""dense_hit"": true, ""union_hit"": true, ""candidate_hit"": true, ""reranker_top_k_hit"": true, ""candidate_depth"": 100, ""ranking_k"": 10}"
drug_1296,Cần phải làm gì khi sử dụng thuốc Aibezym?,2,"[""doc_28cc50d6019b49a9ef3377ea""]","[""ctx_ab0628969b445e3b64927d43""]",1,2,2,1,True,True,BOTH_HIT,hit_at_evaluated_cutoff,BOTH_HIT,"{""bm25_hit"": true, ""dense_hit"": true, ""union_hit"": true, ""candidate_hit"": true, ""reranker_top_k_hit"": true, ""candidate_depth"": 100, ""ranking_k"": 10}"
drug_8493,Nêu tên các dạng bào chế thường gặp nhất của thuốc Clindamycin?,2,"[""doc_1abf10a30d2a4d0ff85e59dc""]","[""ctx_d1acfcc56dc4ab410db4ff71""]",1,1,1,1,True,True,BOTH_HIT,hit_at_evaluated_cutoff,BOTH_HIT,"{""bm25_hit"": true, ""dense_hit"": true, ""union_hit"": true, ""candidate_hit"": true, ""reranker_top_k_hit"": true, ""candidate_depth"": 100, ""ranking_k"": 10}"
drug_9346,Người dùng có thể tự ý tiêm thuốc Curam không?,2,"[""doc_b0369c1b16870f20a80379f5""]","[""ctx_3511279137b1caf86efc569a""]",6,,13,1,True,True,BM25_ONLY_HIT,hit_at_evaluated_cutoff,BM25_ONLY_HIT,"{""bm25_hit"": true, ""dense_hit"": false, ""union_hit"": true, ""candidate_hit"": true, ""reranker_top_k_hit"": true, ""candidate_depth"": 100, ""ranking_k"": 10}"
drug_4785,Điều kiện bảo quản thuốc Bagocit ra sao?,2,"[""doc_64f0b988722ca48ca0e14d0b""]","[""ctx_f4730082fa8f227d6ddc3e9f""]",1,1,1,1,True,True,BOTH_HIT,hit_at_evaluated_cutoff,BOTH_HIT,"{""bm25_hit"": true, ""dense_hit"": true, ""union_hit"": true, ""candidate_hit"": true, ""reranker_top_k_hit"": true, ""candidate_depth"": 100, ""ranking_k"": 10}"
drug_97,Làm thế nào để bảo quản thuốc A.T.P đúng cách?,2,"[""doc_7d7048fa4501da9d4addffd3""]","[""ctx_454a38b2687cdbbb36f91c79""]",1,1,1,1,True,True,BOTH_HIT,hit_at_evaluated_cutoff,BOTH_HIT,"{""bm25_hit"": true, ""dense_hit"": true, ""union_hit"": true, ""candidate_hit"": true, ""reranker_top_k_hit"": true, ""candidate_depth"": 100, ""ranking_k"": 10}"
drug_2457,Trong những trường hợp nào bác sĩ thường chỉ định thuốc Amoxicilin 500 mg?,2,"[""doc_58b996cf7b4c2633cbb45506""]","[""ctx_ec52887b604aa2af00d10e95""]",8,1,3,1,True,True,BOTH_HIT,hit_at_evaluated_cutoff,BOTH_HIT,"{""bm25_hit"": true, ""dense_hit"": true, ""union_hit"": true, ""candidate_hit"": true, ""reranker_top_k_hit"": true, ""candidate_depth"": 100, ""ranking_k"": 10}"
drug_6116,Cách xử trí khi quên một liều thuốc Bixicam là gì?,2,"[""doc_ab797aa3c347dbe2ae942890""]","[""ctx_f4ea822391bb479367670465""]",55,85,55,26,False,False,BOTH_HIT;RERANKER_MISS;SELECTION_MISS;DOC_AND_CHUNK_MISS,reranker,BOTH_HIT; RERANKER_MISS; SELECTION_MISS; DOC_AND_CHUNK_MISS,"{""bm25_hit"": true, ""dense_hit"": true, ""union_hit"": true, ""candidate_hit"": true, ""reranker_top_k_hit"": false, ""candidate_depth"": 100, ""ranking_k"": 10}"
drug_3786,Thuốc Atorhasan được bán ở những đâu?,2,"[""doc_8b1a17a63bb84be23c5087d1""]","[""ctx_40dc930ffb4ac535fa4eeb9b""]",1,1,1,2,True,True,BOTH_HIT,hit_at_evaluated_cutoff,BOTH_HIT,"{""bm25_hit"": true, ""dense_hit"": true, ""union_hit"": true, ""candidate_hit"": true, ""reranker_top_k_hit"": true, ""candidate_depth"": 100, ""ranking_k"": 10}"
drug_2035,"Khi uống quá liều Ambroco, người bệnh cần làm gì?",2,"[""doc_67f517697061d12d4bb6dca3""]","[""ctx_19af99a91915dae7f13b8c7d""]",,33,69,13,False,False,DENSE_ONLY_HIT;RERANKER_MISS;SELECTION_MISS;DOC_AND_CHUNK_MISS,reranker,DENSE_ONLY_HIT; RERANKER_MISS; SELECTION_MISS; DOC_AND_CHUNK_MISS,"{""bm25_hit"": false, ""dense_hit"": true, ""union_hit"": true, ""candidate_hit"": true, ""reranker_top_k_hit"": false, ""candidate_depth"": 100, ""ranking_k"": 10}"
drug_9373,Nêu rõ cách dùng thuốc Cyclo Progynova.,2,"[""doc_24b90cd9ea04f2d076abe638""]","[""ctx_d2ca1b840d3f4b36a2fd3b90""]",6,1,4,1,True,True,BOTH_HIT,hit_at_evaluated_cutoff,BOTH_HIT,"{""bm25_hit"": true, ""dense_hit"": true, ""union_hit"": true, ""candidate_hit"": true, ""reranker_top_k_hit"": true, ""candidate_depth"": 100, ""ranking_k"": 10}"
drug_2696,Tại sao cần phải tuân thủ liều mà bác sĩ đã kê đơn khi sử dụng thuốc Ampicillin Domesco?,2,"[""doc_1b37bf8707462cd2c758c450""]","[""ctx_c7b0751835fdd9a7c60062c6""]",1,8,2,4,True,True,BOTH_HIT,hit_at_evaluated_cutoff,BOTH_HIT,"{""bm25_hit"": true, ""dense_hit"": true, ""union_hit"": true, ""candidate_hit"": true, ""reranker_top_k_hit"": true, ""candidate_depth"": 100, ""ranking_k"": 10}"
drug_620,Thuốc Acnotin được điều trị cho tình trạng nào?,2,"[""doc_12df33f355f7afa0c6565d3d""]","[""ctx_a6ccb5f11328d9566763d83a""]",1,5,2,2,True,True,BOTH_HIT,hit_at_evaluated_cutoff,BOTH_HIT,"{""bm25_hit"": true, ""dense_hit"": true, ""union_hit"": true, ""candidate_hit"": true, ""reranker_top_k_hit"": true, ""candidate_depth"": 100, ""ranking_k"": 10}"
drug_7703,"Trong trường hợp sử dụng quá liều cefuroxim, cần phải tập trung thực hiện những biện pháp nào để hỗ trợ cho người bệnh?",2,"[""doc_1fc6315682a5eb531b781b72""]","[""ctx_e3cdd206b56363230cc12dc7""]",16,59,17,1,True,True,BOTH_HIT,hit_at_evaluated_cutoff,BOTH_HIT,"{""bm25_hit"": true, ""dense_hit"": true, ""union_hit"": true, ""candidate_hit"": true, ""reranker_top_k_hit"": true, ""candidate_depth"": 100, ""ranking_k"": 10}"
drug_4464,"Khi quá liều Azanex, chúng ta nên làm gì?",2,"[""doc_6aea43c9adee86dd5ff86ef4""]","[""ctx_17ec1b79e64dcdd746131353""]",2,2,2,1,True,True,BOTH_HIT,hit_at_evaluated_cutoff,BOTH_HIT,"{""bm25_hit"": true, ""dense_hit"": true, ""union_hit"": true, ""candidate_hit"": true, ""reranker_top_k_hit"": true, ""candidate_depth"": 100, ""ranking_k"": 10}"
drug_7433,"Trong trường hợp quên liều Cefaclor, điều đầu tiên cần làm là gì?",2,"[""doc_ff60c710202e8ab1b16292e3""]","[""ctx_f2fcfa6bd0239601b522051f""]",,78,,,False,False,DENSE_ONLY_HIT;FUSION_DROPPED;CANDIDATE_MISS;DOC_AND_CHUNK_MISS,retrieval_or_fusion,DENSE_ONLY_HIT; FUSION_DROPPED; CANDIDATE_MISS; DOC_AND_CHUNK_MISS,"{""bm25_hit"": false, ""dense_hit"": true, ""union_hit"": true, ""candidate_hit"": false, ""reranker_top_k_hit"": false, ""candidate_depth"": 100, ""ranking_k"": 10}"
drug_1023,Thuốc Aerius được xử lý theo hướng dẫn của ai?,2,"[""doc_12196952935e13a6b1d1fc01""]","[""ctx_24b2dc702f2af9a7ace97a7f""]",2,,24,1,True,True,BM25_ONLY_HIT,hit_at_evaluated_cutoff,BM25_ONLY_HIT,"{""bm25_hit"": true, ""dense_hit"": false, ""union_hit"": true, ""candidate_hit"": true, ""reranker_top_k_hit"": true, ""candidate_depth"": 100, ""ranking_k"": 10}"
drug_5427,Betadine Throat Spray được sản xuất ở đâu?,2,"[""doc_7e2eaf4e39cc853e33e4119b""]","[""ctx_8eccc9f5b3bd420e4412310f""]",1,1,1,1,True,True,BOTH_HIT,hit_at_evaluated_cutoff,BOTH_HIT,"{""bm25_hit"": true, ""dense_hit"": true, ""union_hit"": true, ""candidate_hit"": true, ""reranker_top_k_hit"": true, ""candidate_depth"": 100, ""ranking_k"": 10}"
drug_3003,Thuốc Aphaxan Armephaco được biết đến với công dụng chính là gì?,2,"[""doc_6252b9def4d7381974f2e476""]","[""ctx_0a73732b14b27eafd7ee8c78""]",1,2,1,1,True,True,BOTH_HIT,hit_at_evaluated_cutoff,BOTH_HIT,"{""bm25_hit"": true, ""dense_hit"": true, ""union_hit"": true, ""candidate_hit"": true, ""reranker_top_k_hit"": true, ""candidate_depth"": 100, ""ranking_k"": 10}"
drug_5137,Thời gian tối đa được khuyến cáo khi dùng Benate Fort Ointment là bao lâu?,2,"[""doc_cb1bc7e5f6b255bcb70c7620""]","[""ctx_7c6867165ca845007fe1f0bf""]",,,,,False,False,BOTH_MISS;CANDIDATE_MISS;DOC_AND_CHUNK_MISS,retrieval_or_fusion,BOTH_MISS; CANDIDATE_MISS; DOC_AND_CHUNK_MISS,"{""bm25_hit"": false, ""dense_hit"": false, ""union_hit"": false, ""candidate_hit"": false, ""reranker_top_k_hit"": false, ""candidate_depth"": 100, ""ranking_k"": 10}"
drug_2762,Trong những trường hợp nào An Cung Ngưu Hoàng Hoàn gây ra tăng nặng các triệu chứng?,2,"[""doc_131b3e12127442d1c9243771""]","[""ctx_30ac2966e5897d5d7723b893""]",1,1,1,1,True,True,BOTH_HIT,hit_at_evaluated_cutoff,BOTH_HIT,"{""bm25_hit"": true, ""dense_hit"": true, ""union_hit"": true, ""candidate_hit"": true, ""reranker_top_k_hit"": true, ""candidate_depth"": 100, ""ranking_k"": 10}"
drug_3472,Nếu tôi đã quên liều Aspirin Vidipha lâu rồi (sắp đến liều tiếp theo) thì phải làm sao?,2,"[""doc_0c4636a4958ae0dcf4972bb9""]","[""ctx_e7148cea8b804d1c4ce6809b""]",1,1,1,1,True,True,BOTH_HIT,hit_at_evaluated_cutoff,BOTH_HIT,"{""bm25_hit"": true, ""dense_hit"": true, ""union_hit"": true, ""candidate_hit"": true, ""reranker_top_k_hit"": true, ""candidate_depth"": 100, ""ranking_k"": 10}"
drug_2046,Làm thế nào để sử dụng thuốc Ambron Vaco đúng cách?,2,"[""doc_898424a01344078dc3d4047b""]","[""ctx_acf00038507665fbf71646a1""]",3,1,2,1,True,True,BOTH_HIT,hit_at_evaluated_cutoff,BOTH_HIT,"{""bm25_hit"": true, ""dense_hit"": true, ""union_hit"": true, ""candidate_hit"": true, ""reranker_top_k_hit"": true, ""candidate_depth"": 100, ""ranking_k"": 10}"
drug_2229,Aminoplasmal 10% là dạng thuốc gì?,2,"[""doc_aadf76b076a46a4a7805b8ca""]","[""ctx_d70bd4509ae51836e1981ae1""]",1,3,2,1,True,True,BOTH_HIT,hit_at_evaluated_cutoff,BOTH_HIT,"{""bm25_hit"": true, ""dense_hit"": true, ""union_hit"": true, ""candidate_hit"": true, ""reranker_top_k_hit"": true, ""candidate_depth"": 100, ""ranking_k"": 10}"
drug_8418,Làm thế nào để sử dụng thuốc Claminat?,2,"[""doc_cc2beb0a93623509c13a42e1""]","[""ctx_a0c9415c77d1c85cb6879e99""]",,,,,False,True,BOTH_MISS;CANDIDATE_MISS;DOC_HIT_CHUNK_MISS,retrieval_or_fusion,BOTH_MISS; CANDIDATE_MISS; DOC_HIT_CHUNK_MISS,"{""bm25_hit"": false, ""dense_hit"": false, ""union_hit"": false, ""candidate_hit"": false, ""reranker_top_k_hit"": false, ""candidate_depth"": 100, ""ranking_k"": 10}"
drug_7754,Celecoxib cần được bảo quản như thế nào?,2,"[""doc_1a9ccc5f14e878ec652b8358""]","[""ctx_33f38449c1b9a48943a5a3b2""]",,1,18,1,True,True,DENSE_ONLY_HIT,hit_at_evaluated_cutoff,DENSE_ONLY_HIT,"{""bm25_hit"": false, ""dense_hit"": true, ""union_hit"": true, ""candidate_hit"": true, ""reranker_top_k_hit"": true, ""candidate_depth"": 100, ""ranking_k"": 10}"
drug_227,Thuốc Acarbose có công dụng chính là gì?,2,"[""doc_e85baeadce7c2f830e6934bc""]","[""ctx_de983e8184d21475cbcc5391""]",,,,,False,True,BOTH_MISS;CANDIDATE_MISS;DOC_HIT_CHUNK_MISS,retrieval_or_fusion,BOTH_MISS; CANDIDATE_MISS; DOC_HIT_CHUNK_MISS,"{""bm25_hit"": false, ""dense_hit"": false, ""union_hit"": false, ""candidate_hit"": false, ""reranker_top_k_hit"": false, ""candidate_depth"": 100, ""ranking_k"": 10}"
drug_5729,Những trường hợp nào chống chỉ định sử dụng thuốc Biginol?,2,"[""doc_f5e83b9487a2959505733acb""]","[""ctx_a08c5f6ec29d3062faa99b13""]",,3,29,1,True,True,DENSE_ONLY_HIT,hit_at_evaluated_cutoff,DENSE_ONLY_HIT,"{""bm25_hit"": false, ""dense_hit"": true, ""union_hit"": true, ""candidate_hit"": true, ""reranker_top_k_hit"": true, ""candidate_depth"": 100, ""ranking_k"": 10}"
drug_4558,Sử dụng than hoạt tính có tác dụng gì trong trường hợp quá liều thuốc Azicine?,2,"[""doc_ddcd47edde80e6cf2a487b99""]","[""ctx_a8bc024431d87a0b9bf23436""]",6,10,4,1,True,True,BOTH_HIT,hit_at_evaluated_cutoff,BOTH_HIT,"{""bm25_hit"": true, ""dense_hit"": true, ""union_hit"": true, ""candidate_hit"": true, ""reranker_top_k_hit"": true, ""candidate_depth"": 100, ""ranking_k"": 10}"
drug_4465,Tại sao chúng ta nên tham khảo ý kiến nhân viên y tế khi quá liều Azanex?,2,"[""doc_6aea43c9adee86dd5ff86ef4""]","[""ctx_17ec1b79e64dcdd746131353""]",1,1,1,1,True,True,BOTH_HIT,hit_at_evaluated_cutoff,BOTH_HIT,"{""bm25_hit"": true, ""dense_hit"": true, ""union_hit"": true, ""candidate_hit"": true, ""reranker_top_k_hit"": true, ""candidate_depth"": 100, ""ranking_k"": 10}"
drug_7,Thuốc 3B Medi giúp cải thiện những tình trạng nào?,2,"[""doc_0ebd8c2a72d834e15acf2c9a""]","[""ctx_275cd9a7fb871aa177a0209d""]",,,,,False,True,BOTH_MISS;CANDIDATE_MISS;DOC_HIT_CHUNK_MISS,retrieval_or_fusion,BOTH_MISS; CANDIDATE_MISS; DOC_HIT_CHUNK_MISS,"{""bm25_hit"": false, ""dense_hit"": false, ""union_hit"": false, ""candidate_hit"": false, ""reranker_top_k_hit"": false, ""candidate_depth"": 100, ""ranking_k"": 10}"
drug_3580,Lý do tại sao không nên sử dụng thuốc Atenolol TV.PHARM ở phụ nữ đang cho con bú?,2,"[""doc_99986fc7942401324f66d160""]","[""ctx_24ff1ff94e1715dbb43bd798""]",1,1,1,1,True,True,BOTH_HIT,hit_at_evaluated_cutoff,BOTH_HIT,"{""bm25_hit"": true, ""dense_hit"": true, ""union_hit"": true, ""candidate_hit"": true, ""reranker_top_k_hit"": true, ""candidate_depth"": 100, ""ranking_k"": 10}"
drug_4160,Thuốc Avalo có thể tương tác với các chất nào dẫn đến giảm hiệu quả điều trị?,2,"[""doc_944f56c14a010e9d784f510b""]","[""ctx_6e67da0ed7a34604fca1db13""]",1,1,1,1,True,True,BOTH_HIT,hit_at_evaluated_cutoff,BOTH_HIT,"{""bm25_hit"": true, ""dense_hit"": true, ""union_hit"": true, ""candidate_hit"": true, ""reranker_top_k_hit"": true, ""candidate_depth"": 100, ""ranking_k"": 10}"
drug_149,Người nào cần thận trọng khi sử dụng A.t Ibuprofen Syrup?,2,"[""doc_001c96959e111a675851c960""]","[""ctx_53e4ed5fdbacceaf457bc429""]",1,1,1,1,True,True,BOTH_HIT,hit_at_evaluated_cutoff,BOTH_HIT,"{""bm25_hit"": true, ""dense_hit"": true, ""union_hit"": true, ""candidate_hit"": true, ""reranker_top_k_hit"": true, ""candidate_depth"": 100, ""ranking_k"": 10}"
drug_2116,"Khi sử dụng thuốc Ameflu DAYTIME, bệnh nhân cần đặc biệt lưu ý những dấu hiệu của phản ứng trên da nghiêm trọng nào?",2,"[""doc_a0d96b6385db5b0a16affde5""]","[""ctx_7b7575b9cce98fb6fed4ebac""]",,21,45,1,True,True,DENSE_ONLY_HIT,hit_at_evaluated_cutoff,DENSE_ONLY_HIT,"{""bm25_hit"": false, ""dense_hit"": true, ""union_hit"": true, ""candidate_hit"": true, ""reranker_top_k_hit"": true, ""candidate_depth"": 100, ""ranking_k"": 10}"
drug_3325,Aspegic còn có thể được dùng để điều trị và ngăn ngừa những bệnh nào?,2,"[""doc_c367898ca1093210e5d8d547""]","[""ctx_009eb228196611184ee57ab2""]",1,1,1,1,True,True,BOTH_HIT,hit_at_evaluated_cutoff,BOTH_HIT,"{""bm25_hit"": true, ""dense_hit"": true, ""union_hit"": true, ""candidate_hit"": true, ""reranker_top_k_hit"": true, ""candidate_depth"": 100, ""ranking_k"": 10}"
drug_1923,"Liều dùng dung dịch tiêm truyền Alvesin cho người bị suy gan, suy thận là bao nhiêu?",2,"[""doc_618fd23def1874499f5febff""]","[""ctx_3dcac262eb5ffe09595d6faa""]",,3,26,1,True,True,DENSE_ONLY_HIT,hit_at_evaluated_cutoff,DENSE_ONLY_HIT,"{""bm25_hit"": false, ""dense_hit"": true, ""union_hit"": true, ""candidate_hit"": true, ""reranker_top_k_hit"": true, ""candidate_depth"": 100, ""ranking_k"": 10}"
drug_6757,Thuốc Calcigenol có thể dùng để phòng ngừa bệnh gì?,2,"[""doc_5daf5bb5675c9524ebac550c""]","[""ctx_7673e8d7baf537438c684d8d""]",,,,,False,True,BOTH_MISS;CANDIDATE_MISS;DOC_HIT_CHUNK_MISS,retrieval_or_fusion,BOTH_MISS; CANDIDATE_MISS; DOC_HIT_CHUNK_MISS,"{""bm25_hit"": false, ""dense_hit"": false, ""union_hit"": false, ""candidate_hit"": false, ""reranker_top_k_hit"": false, ""candidate_depth"": 100, ""ranking_k"": 10}"
drug_7468,Khi nào tình trạng viêm đường tiết niệu được điều trị bằng thuốc Cefalexin?,2,"[""doc_4f5203dc4b2df6596732e85f""]","[""ctx_1a1d5016793da65526062a62""]",3,47,7,1,True,True,BOTH_HIT,hit_at_evaluated_cutoff,BOTH_HIT,"{""bm25_hit"": true, ""dense_hit"": true, ""union_hit"": true, ""candidate_hit"": true, ""reranker_top_k_hit"": true, ""candidate_depth"": 100, ""ranking_k"": 10}"
drug_2165,Thuốc Amepox Soft Capsule uống trong bao lâu?,2,"[""doc_a2fdf2910b8a6b82315322c7""]","[""ctx_8c9481597e95a6b74b320385""]",,9,14,1,True,True,DENSE_ONLY_HIT,hit_at_evaluated_cutoff,DENSE_ONLY_HIT,"{""bm25_hit"": false, ""dense_hit"": true, ""union_hit"": true, ""candidate_hit"": true, ""reranker_top_k_hit"": true, ""candidate_depth"": 100, ""ranking_k"": 10}"
drug_1002,Aerius còn có tác dụng làm giảm những biểu hiện nào liên quan đến phản ứng dị ứng?,2,"[""doc_12196952935e13a6b1d1fc01""]","[""ctx_166f1ad1bc7f3298bb386d95""]",1,1,1,1,True,True,BOTH_HIT,hit_at_evaluated_cutoff,BOTH_HIT,"{""bm25_hit"": true, ""dense_hit"": true, ""union_hit"": true, ""candidate_hit"": true, ""reranker_top_k_hit"": true, ""candidate_depth"": 100, ""ranking_k"": 10}"
drug_6773,Không nên sử dụng cách nào khi quên liều Calcigenol?,2,"[""doc_5daf5bb5675c9524ebac550c""]","[""ctx_dbec4b8569ec6a4de6a24600""]",57,14,13,1,True,True,BOTH_HIT,hit_at_evaluated_cutoff,BOTH_HIT,"{""bm25_hit"": true, ""dense_hit"": true, ""union_hit"": true, ""candidate_hit"": true, ""reranker_top_k_hit"": true, ""candidate_depth"": 100, ""ranking_k"": 10}"
drug_159,Thuốc A.t Vildagliptin có được sử dụng khi không có chỉ định của bác sĩ không?,2,"[""doc_705592e854803b3fa8cf0229""]","[""ctx_274861aeecf26602827cde58""]",1,1,1,1,True,True,BOTH_HIT,hit_at_evaluated_cutoff,BOTH_HIT,"{""bm25_hit"": true, ""dense_hit"": true, ""union_hit"": true, ""candidate_hit"": true, ""reranker_top_k_hit"": true, ""candidate_depth"": 100, ""ranking_k"": 10}"
drug_5796,Thuốc Bilomag được bào chế dưới dạng gì và đóng gói như thế nào?,2,"[""doc_e6f75b9569fceee46e08a4a7""]","[""ctx_480133354daed605dcf7ba10""]",19,1,1,1,True,True,BOTH_HIT,hit_at_evaluated_cutoff,BOTH_HIT,"{""bm25_hit"": true, ""dense_hit"": true, ""union_hit"": true, ""candidate_hit"": true, ""reranker_top_k_hit"": true, ""candidate_depth"": 100, ""ranking_k"": 10}"
drug_446,Người lớn và trẻ em trên 7 tuổi dùng thuốc Acetylcystein 200 mg bao nhiêu lần một ngày để làm loãng chất nhầy?,2,"[""doc_c8c4943c9078b30b88832ab3""]","[""ctx_edfa5555ecfbbc05c3acbb44""]",1,1,1,1,True,True,BOTH_HIT,hit_at_evaluated_cutoff,BOTH_HIT,"{""bm25_hit"": true, ""dense_hit"": true, ""union_hit"": true, ""candidate_hit"": true, ""reranker_top_k_hit"": true, ""candidate_depth"": 100, ""ranking_k"": 10}"
drug_2673,Tại sao cần tuân thủ theo liều điều trị của bác sĩ khi sử dụng thuốc Ampicillin Brawn?,2,"[""doc_542be8eafeaf7359d04ba1ac""]","[""ctx_66204fed13f20e780511dff9""]",1,8,2,7,False,True,BOTH_HIT;SELECTION_MISS;DOC_HIT_CHUNK_MISS,selection,BOTH_HIT; SELECTION_MISS; DOC_HIT_CHUNK_MISS,"{""bm25_hit"": true, ""dense_hit"": true, ""union_hit"": true, ""candidate_hit"": true, ""reranker_top_k_hit"": true, ""candidate_depth"": 100, ""ranking_k"": 10}"
drug_4603,Thuốc B Complex C có tác dụng gì?,2,"[""doc_0ec522250f197b694aa6aa95""]","[""ctx_77c906a0ef005167740ea517""]",3,3,3,2,True,True,BOTH_HIT,hit_at_evaluated_cutoff,BOTH_HIT,"{""bm25_hit"": true, ""dense_hit"": true, ""union_hit"": true, ""candidate_hit"": true, ""reranker_top_k_hit"": true, ""candidate_depth"": 100, ""ranking_k"": 10}"
drug_6107,Những triệu chứng ít gặp khi dùng thuốc Bixicam là gì?,2,"[""doc_dbc23c2a2333d9babf2f7806""]","[""ctx_8612320f116d20867f21d857""]",,2,8,1,True,True,DENSE_ONLY_HIT,hit_at_evaluated_cutoff,DENSE_ONLY_HIT,"{""bm25_hit"": false, ""dense_hit"": true, ""union_hit"": true, ""candidate_hit"": true, ""reranker_top_k_hit"": true, ""candidate_depth"": 100, ""ranking_k"": 10}"
drug_4410,Thuốc Ayite được chỉ định sử dụng trong những trường hợp nào?,2,"[""doc_2d6d24c841bcfd404d1433b0""]","[""ctx_788cd3f8a54e12ffe95e14da""]",1,1,1,1,True,True,BOTH_HIT,hit_at_evaluated_cutoff,BOTH_HIT,"{""bm25_hit"": true, ""dense_hit"": true, ""union_hit"": true, ""candidate_hit"": true, ""reranker_top_k_hit"": true, ""candidate_depth"": 100, ""ranking_k"": 10}"
drug_2665,Có thể sử dụng Ampicillin Brawn cho phụ nữ mang thai hay không?,2,"[""doc_542be8eafeaf7359d04ba1ac""]","[""ctx_005c2d930b7300b3dbeab696""]",2,6,3,1,True,True,BOTH_HIT,hit_at_evaluated_cutoff,BOTH_HIT,"{""bm25_hit"": true, ""dense_hit"": true, ""union_hit"": true, ""candidate_hit"": true, ""reranker_top_k_hit"": true, ""candidate_depth"": 100, ""ranking_k"": 10}"
drug_5725,"Khi sử dụng Biginol, bạn nên uống thuốc như thế nào?",2,"[""doc_f5e83b9487a2959505733acb""]","[""ctx_688396b3f66a5e5a4d7dc99a""]",1,1,1,1,True,True,BOTH_HIT,hit_at_evaluated_cutoff,BOTH_HIT,"{""bm25_hit"": true, ""dense_hit"": true, ""union_hit"": true, ""candidate_hit"": true, ""reranker_top_k_hit"": true, ""candidate_depth"": 100, ""ranking_k"": 10}"
drug_2697,Nên làm gì nếu xảy ra biến chứng bất thường trong thời gian sử dụng thuốc Ampicillin Domesco?,2,"[""doc_1b37bf8707462cd2c758c450""]","[""ctx_c7b0751835fdd9a7c60062c6""]",6,11,5,9,False,True,BOTH_HIT;SELECTION_MISS;DOC_HIT_CHUNK_MISS,selection,BOTH_HIT; SELECTION_MISS; DOC_HIT_CHUNK_MISS,"{""bm25_hit"": true, ""dense_hit"": true, ""union_hit"": true, ""candidate_hit"": true, ""reranker_top_k_hit"": true, ""candidate_depth"": 100, ""ranking_k"": 10}"
drug_7104,Nên đưa nạn  nhân dùng quá liều Carbogast tới đâu để được cứu chữa?,2,"[""doc_18ffa6728e05df57778e5240""]","[""ctx_fff0b637b6ccd4aa32460cb3""]",1,1,1,1,True,True,BOTH_HIT,hit_at_evaluated_cutoff,BOTH_HIT,"{""bm25_hit"": true, ""dense_hit"": true, ""union_hit"": true, ""candidate_hit"": true, ""reranker_top_k_hit"": true, ""candidate_depth"": 100, ""ranking_k"": 10}"
drug_2189,Bệnh nhân cần làm gì khi gặp phải tác dụng phụ của thuốc Amikacin Bidiphar?,2,"[""doc_908e7c19ddf63074c578655f""]","[""ctx_2517d19f9c6c40e6a01213b1""]",1,1,1,1,True,True,BOTH_HIT,hit_at_evaluated_cutoff,BOTH_HIT,"{""bm25_hit"": true, ""dense_hit"": true, ""union_hit"": true, ""candidate_hit"": true, ""reranker_top_k_hit"": true, ""candidate_depth"": 100, ""ranking_k"": 10}"
drug_746,Khi sử dụng Acyclovir Boston 800 cùng với Probenecid có thể dẫn đến gì?,2,"[""doc_31798364a0547292c5673a6f""]","[""ctx_a7c622d21f3118c122424ae2""]",1,1,1,1,True,True,BOTH_HIT,hit_at_evaluated_cutoff,BOTH_HIT,"{""bm25_hit"": true, ""dense_hit"": true, ""union_hit"": true, ""candidate_hit"": true, ""reranker_top_k_hit"": true, ""candidate_depth"": 100, ""ranking_k"": 10}"
drug_7489,Lọc máu có tác dụng gì đối với quá liều Cefalexin?,2,"[""doc_4f5203dc4b2df6596732e85f""]","[""ctx_44a10715fbdb9472ba290741""]",12,4,3,1,True,True,BOTH_HIT,hit_at_evaluated_cutoff,BOTH_HIT,"{""bm25_hit"": true, ""dense_hit"": true, ""union_hit"": true, ""candidate_hit"": true, ""reranker_top_k_hit"": true, ""candidate_depth"": 100, ""ranking_k"": 10}"
drug_4093,Tôi có thể uống gấp đôi liều thuốc Augmentin để bù cho liều đã quên không?,2,"[""doc_f5ec9d813f1b1931641cfdb9""]","[""ctx_a33823e2cd7f271fa3a00571""]",33,,85,1,True,True,BM25_ONLY_HIT,hit_at_evaluated_cutoff,BM25_ONLY_HIT,"{""bm25_hit"": true, ""dense_hit"": false, ""union_hit"": true, ""candidate_hit"": true, ""reranker_top_k_hit"": true, ""candidate_depth"": 100, ""ranking_k"": 10}"
drug_7904,Cetirizine có nguồn gốc như thế nào?,2,"[""doc_b8b507475b1c6127a8b518f3""]","[""ctx_9723336362d474984b01461e""]",15,1,3,1,True,True,BOTH_HIT,hit_at_evaluated_cutoff,BOTH_HIT,"{""bm25_hit"": true, ""dense_hit"": true, ""union_hit"": true, ""candidate_hit"": true, ""reranker_top_k_hit"": true, ""candidate_depth"": 100, ""ranking_k"": 10}"
drug_8053,"Ngoài việc đọc kỹ hướng dẫn sử dụng, cần lưu ý gì thêm khi sử dụng Cholapan?",2,"[""doc_ccd3109edeb891ddc8eb5302""]","[""ctx_a272aafad6de5f30c4b423b1""]",1,1,1,1,True,True,BOTH_HIT,hit_at_evaluated_cutoff,BOTH_HIT,"{""bm25_hit"": true, ""dense_hit"": true, ""union_hit"": true, ""candidate_hit"": true, ""reranker_top_k_hit"": true, ""candidate_depth"": 100, ""ranking_k"": 10}"
drug_6140,Đối tượng nào cần thận trọng khi sử dụng Bluemint?,2,"[""doc_405570b7bce8bb54b96ba5cd""]","[""ctx_b7c5999a6f1ceffa5477ac86""]",1,1,1,1,True,True,BOTH_HIT,hit_at_evaluated_cutoff,BOTH_HIT,"{""bm25_hit"": true, ""dense_hit"": true, ""union_hit"": true, ""candidate_hit"": true, ""reranker_top_k_hit"": true, ""candidate_depth"": 100, ""ranking_k"": 10}"
drug_3375,Liều thuốc Aspirin 81 dành cho người lớn điều trị đau thắt ngực là bao nhiêu?,2,"[""doc_12d72b5bad07885ee7acb721""]","[""ctx_8bdd00a8bb60846fc34139ac""]",92,13,23,1,True,True,BOTH_HIT,hit_at_evaluated_cutoff,BOTH_HIT,"{""bm25_hit"": true, ""dense_hit"": true, ""union_hit"": true, ""candidate_hit"": true, ""reranker_top_k_hit"": true, ""candidate_depth"": 100, ""ranking_k"": 10}"
drug_9293,Trẻ em dưới 3 tuổi sử dụng Crotamiton như thế nào?,2,"[""doc_7b380e7f645dc280c4d49400""]","[""ctx_e8d820eb0c2e73ac86b6a54b""]",68,6,11,1,True,True,BOTH_HIT,hit_at_evaluated_cutoff,BOTH_HIT,"{""bm25_hit"": true, ""dense_hit"": true, ""union_hit"": true, ""candidate_hit"": true, ""reranker_top_k_hit"": true, ""candidate_depth"": 100, ""ranking_k"": 10}"
drug_4712,Baclofen được bào chế dưới dạng nào?,2,"[""doc_3b88fa0d39e4b1c663f921a3""]","[""ctx_6792539a204ef6db89a6c423""]",1,1,1,1,True,True,BOTH_HIT,hit_at_evaluated_cutoff,BOTH_HIT,"{""bm25_hit"": true, ""dense_hit"": true, ""union_hit"": true, ""candidate_hit"": true, ""reranker_top_k_hit"": true, ""candidate_depth"": 100, ""ranking_k"": 10}"
drug_4210,"Theo cách dùng được khuyến cáo, người dùng như nào với viên thuốc Avarino 300 Mega?",2,"[""doc_1721207ef8e19dcb3b72c545""]","[""ctx_50a6ac5f13d8780ade2b91fd""]",2,2,2,1,True,True,BOTH_HIT,hit_at_evaluated_cutoff,BOTH_HIT,"{""bm25_hit"": true, ""dense_hit"": true, ""union_hit"": true, ""candidate_hit"": true, ""reranker_top_k_hit"": true, ""candidate_depth"": 100, ""ranking_k"": 10}"
drug_5952,Thuốc Bisilkon có an toàn cho phụ nữ mang thai không?,2,"[""doc_0f8e3be674708f8a636f9c45""]","[""ctx_9d6dcabba2b59fa7e1e02ac6""]",10,,57,1,True,True,BM25_ONLY_HIT,hit_at_evaluated_cutoff,BM25_ONLY_HIT,"{""bm25_hit"": true, ""dense_hit"": false, ""union_hit"": true, ""candidate_hit"": true, ""reranker_top_k_hit"": true, ""candidate_depth"": 100, ""ranking_k"": 10}"
drug_328,Ai không nên sử dụng Acemol 325 mg?,2,"[""doc_a280035283a31c0eb5b6dd5a""]","[""ctx_713beaf4021516713102e4cd""]",4,2,3,1,True,True,BOTH_HIT,hit_at_evaluated_cutoff,BOTH_HIT,"{""bm25_hit"": true, ""dense_hit"": true, ""union_hit"": true, ""candidate_hit"": true, ""reranker_top_k_hit"": true, ""candidate_depth"": 100, ""ranking_k"": 10}"
drug_8198,"Khi dùng quá liều thuốc Cialis (tadalafil), quá trình dùng thuốc được diễn ra như thế nào?",2,"[""doc_0fe9a9f6804892e2b382511a""]","[""ctx_13808a257dbab0c59f1437e1""]",,,,,False,True,BOTH_MISS;CANDIDATE_MISS;DOC_HIT_CHUNK_MISS,retrieval_or_fusion,BOTH_MISS; CANDIDATE_MISS; DOC_HIT_CHUNK_MISS,"{""bm25_hit"": false, ""dense_hit"": false, ""union_hit"": false, ""candidate_hit"": false, ""reranker_top_k_hit"": false, ""candidate_depth"": 100, ""ranking_k"": 10}"
drug_5413,Tương tác của các loại thuốc trên với thuốc Berodual là gì?,2,"[""doc_9154f7e4af3175f1a5123630""]","[""ctx_c8bc7203249bb07cd34ad1eb""]",1,1,1,1,True,True,BOTH_HIT,hit_at_evaluated_cutoff,BOTH_HIT,"{""bm25_hit"": true, ""dense_hit"": true, ""union_hit"": true, ""candidate_hit"": true, ""reranker_top_k_hit"": true, ""candidate_depth"": 100, ""ranking_k"": 10}"
drug_4084,"Ngoài các tác dụng phụ trên, Augmentin 500 mg/62,5 mg có thể gây ra những tác dụng phụ khác nào?",2,"[""doc_f5ec9d813f1b1931641cfdb9""]","[""ctx_d0db206fd7eaed0534aec6db""]",65,11,9,1,True,True,BOTH_HIT,hit_at_evaluated_cutoff,BOTH_HIT,"{""bm25_hit"": true, ""dense_hit"": true, ""union_hit"": true, ""candidate_hit"": true, ""reranker_top_k_hit"": true, ""candidate_depth"": 100, ""ranking_k"": 10}"
drug_5418,Nhiệt độ thích hợp để bảo quản thuốc Berodual là bao nhiêu?,2,"[""doc_9154f7e4af3175f1a5123630""]","[""ctx_7bcfc1331128c31f5a4e27ca""]",1,1,1,1,True,True,BOTH_HIT,hit_at_evaluated_cutoff,BOTH_HIT,"{""bm25_hit"": true, ""dense_hit"": true, ""union_hit"": true, ""candidate_hit"": true, ""reranker_top_k_hit"": true, ""candidate_depth"": 100, ""ranking_k"": 10}"
drug_6886,Theo đường nào thuốc Candesartan được sử dụng?,2,"[""doc_ab797aa3c347dbe2ae942890""]","[""ctx_4747c6d3dc761aa2bc6ca90c""]",,,,,False,True,BOTH_MISS;CANDIDATE_MISS;DOC_HIT_CHUNK_MISS,retrieval_or_fusion,BOTH_MISS; CANDIDATE_MISS; DOC_HIT_CHUNK_MISS,"{""bm25_hit"": false, ""dense_hit"": false, ""union_hit"": false, ""candidate_hit"": false, ""reranker_top_k_hit"": false, ""candidate_depth"": 100, ""ranking_k"": 10}"
drug_4251,Trong trường hợp nào cần thận trọng khi sử dụng Avastin?,2,"[""doc_759606824c891255fc73948a""]","[""ctx_e1e747e27def247bc2c6c391""]",,,,,False,True,BOTH_MISS;CANDIDATE_MISS;DOC_HIT_CHUNK_MISS,retrieval_or_fusion,BOTH_MISS; CANDIDATE_MISS; DOC_HIT_CHUNK_MISS,"{""bm25_hit"": false, ""dense_hit"": false, ""union_hit"": false, ""candidate_hit"": false, ""reranker_top_k_hit"": false, ""candidate_depth"": 100, ""ranking_k"": 10}"
drug_4629,Khi sử dụng thuốc Bactroban cần lưu ý những gì?,2,"[""doc_f3199866dd6a59fe42ced86b""]","[""ctx_629706c4ed709a2e1b189d1c""]",,,,,False,False,BOTH_MISS;CANDIDATE_MISS;DOC_AND_CHUNK_MISS,retrieval_or_fusion,BOTH_MISS; CANDIDATE_MISS; DOC_AND_CHUNK_MISS,"{""bm25_hit"": false, ""dense_hit"": false, ""union_hit"": false, ""candidate_hit"": false, ""reranker_top_k_hit"": false, ""candidate_depth"": 100, ""ranking_k"": 10}"
drug_6705,"Ngoài việc điều trị các bệnh hô hấp ở trẻ sinh non, cafein có tác dụng gì khác?",2,"[""doc_f133ca2299ba7b45dee176be""]","[""ctx_1e98c91c23883074c742bf3b""]",1,1,1,1,True,True,BOTH_HIT,hit_at_evaluated_cutoff,BOTH_HIT,"{""bm25_hit"": true, ""dense_hit"": true, ""union_hit"": true, ""candidate_hit"": true, ""reranker_top_k_hit"": true, ""candidate_depth"": 100, ""ranking_k"": 10}"
drug_707,Thuốc Acyclovir Boston 200 dùng để điều trị các bệnh nào?,2,"[""doc_45ba59fce256dcda40f400ed""]","[""ctx_1f2db69534bb31a816b9c628""]",1,1,1,2,True,True,BOTH_HIT,hit_at_evaluated_cutoff,BOTH_HIT,"{""bm25_hit"": true, ""dense_hit"": true, ""union_hit"": true, ""candidate_hit"": true, ""reranker_top_k_hit"": true, ""candidate_depth"": 100, ""ranking_k"": 10}"
drug_3056,Khi nào nên đến gặp bác sĩ sau khi sử dụng Appeton Lysine Syrup?,2,"[""doc_817356a5ab1804245744b90d""]","[""ctx_218293aed5c45650726d272b""]",4,3,5,1,True,True,BOTH_HIT,hit_at_evaluated_cutoff,BOTH_HIT,"{""bm25_hit"": true, ""dense_hit"": true, ""union_hit"": true, ""candidate_hit"": true, ""reranker_top_k_hit"": true, ""candidate_depth"": 100, ""ranking_k"": 10}"
drug_1287,Có tác dụng phụ nào của Aibezym được ghi nhận ở phụ nữ có thai và mẹ cho con bú không?,2,"[""doc_28cc50d6019b49a9ef3377ea""]","[""ctx_a9cc88bc962a6a5bb9d2edaa""]",,,,,False,True,BOTH_MISS;CANDIDATE_MISS;DOC_HIT_CHUNK_MISS,retrieval_or_fusion,BOTH_MISS; CANDIDATE_MISS; DOC_HIT_CHUNK_MISS,"{""bm25_hit"": false, ""dense_hit"": false, ""union_hit"": false, ""candidate_hit"": false, ""reranker_top_k_hit"": false, ""candidate_depth"": 100, ""ranking_k"": 10}"
drug_6160,Bofit F được chống chỉ định sử dụng khi nào?,2,"[""doc_8cacd2861770c38303a19df7""]","[""ctx_8e704e68b21de191653b308e""]",1,1,1,1,True,True,BOTH_HIT,hit_at_evaluated_cutoff,BOTH_HIT,"{""bm25_hit"": true, ""dense_hit"": true, ""union_hit"": true, ""candidate_hit"": true, ""reranker_top_k_hit"": true, ""candidate_depth"": 100, ""ranking_k"": 10}"
drug_8913,Có dữ liệu nào về việc sử dụng Comozol ở phụ nữ mang thai không?,2,"[""doc_20879e17a00bae4da503f377""]","[""ctx_d3969861c6a77de31f07529f""]",9,,44,1,True,True,BM25_ONLY_HIT,hit_at_evaluated_cutoff,BM25_ONLY_HIT,"{""bm25_hit"": true, ""dense_hit"": false, ""union_hit"": true, ""candidate_hit"": true, ""reranker_top_k_hit"": true, ""candidate_depth"": 100, ""ranking_k"": 10}"
drug_8050,Có báo cáo về tình trạng quá liều thuốc Cholapan không?,2,"[""doc_ccd3109edeb891ddc8eb5302""]","[""ctx_8887e7e051720e95a7cd3050""]",1,1,1,1,True,True,BOTH_HIT,hit_at_evaluated_cutoff,BOTH_HIT,"{""bm25_hit"": true, ""dense_hit"": true, ""union_hit"": true, ""candidate_hit"": true, ""reranker_top_k_hit"": true, ""candidate_depth"": 100, ""ranking_k"": 10}"
drug_2452,Amoxicilin 500 mg là thuốc gì?,2,"[""doc_58b996cf7b4c2633cbb45506""]","[""ctx_5f365df6cc53df690e3bd431""]",3,1,2,1,True,True,BOTH_HIT,hit_at_evaluated_cutoff,BOTH_HIT,"{""bm25_hit"": true, ""dense_hit"": true, ""union_hit"": true, ""candidate_hit"": true, ""reranker_top_k_hit"": true, ""candidate_depth"": 100, ""ranking_k"": 10}"
drug_6327,Có thể làm gì nếu tôi quên một liều thuốc Bricanyl?,2,"[""doc_36205564218c021501d00c2e""]","[""ctx_2ded247b436ba667d2adfa83""]",,,,,False,False,BOTH_MISS;CANDIDATE_MISS;DOC_AND_CHUNK_MISS,retrieval_or_fusion,BOTH_MISS; CANDIDATE_MISS; DOC_AND_CHUNK_MISS,"{""bm25_hit"": false, ""dense_hit"": false, ""union_hit"": false, ""candidate_hit"": false, ""reranker_top_k_hit"": false, ""candidate_depth"": 100, ""ranking_k"": 10}"
drug_7017,Khi sử dụng Captopril kết hợp với Allopurinol có gây tương tác thuốc không?,2,"[""doc_92e74d50921d9690b06d4e86""]","[""ctx_267b54ba2b14dddf6c6dcb6d""]",,,,,False,False,BOTH_MISS;CANDIDATE_MISS;DOC_AND_CHUNK_MISS,retrieval_or_fusion,BOTH_MISS; CANDIDATE_MISS; DOC_AND_CHUNK_MISS,"{""bm25_hit"": false, ""dense_hit"": false, ""union_hit"": false, ""candidate_hit"": false, ""reranker_top_k_hit"": false, ""candidate_depth"": 100, ""ranking_k"": 10}"
drug_1042,"Khi dùng thuốc Aescin cần tránh dùng đồng thời với nhóm thuốc nào, lý do là vì sao?",2,"[""doc_be611c9376b0f31359451d3f""]","[""ctx_b8459072acaa085830706118""]",1,1,1,1,True,True,BOTH_HIT,hit_at_evaluated_cutoff,BOTH_HIT,"{""bm25_hit"": true, ""dense_hit"": true, ""union_hit"": true, ""candidate_hit"": true, ""reranker_top_k_hit"": true, ""candidate_depth"": 100, ""ranking_k"": 10}"
drug_2275,Tác dụng phụ của thuốc Amiodarone đối với hệ thần kinh là gì?,2,"[""doc_304c58f70c365d8ec1414985""]","[""ctx_f92be55df16d771f4ced055d""]",20,1,2,1,True,True,BOTH_HIT,hit_at_evaluated_cutoff,BOTH_HIT,"{""bm25_hit"": true, ""dense_hit"": true, ""union_hit"": true, ""candidate_hit"": true, ""reranker_top_k_hit"": true, ""candidate_depth"": 100, ""ranking_k"": 10}"
drug_1068,Sử dụng quá nhiều thuốc Agi-Calci có thể gây hại cho ai?,2,"[""doc_ed58e2bbab7eefc29f0c9ebc""]","[""ctx_2f2626f218ae846769a9ab82""]",1,12,4,1,True,True,BOTH_HIT,hit_at_evaluated_cutoff,BOTH_HIT,"{""bm25_hit"": true, ""dense_hit"": true, ""union_hit"": true, ""candidate_hit"": true, ""reranker_top_k_hit"": true, ""candidate_depth"": 100, ""ranking_k"": 10}"
drug_1630,Khi sử dụng Allopurinol cần chú ý điều gì?,2,"[""doc_8a07c997731d7ccc5a72503c""]","[""ctx_a52304c4a7df176782881971""]",76,7,8,12,False,True,BOTH_HIT;RERANKER_MISS;SELECTION_MISS;DOC_HIT_CHUNK_MISS,reranker,BOTH_HIT; RERANKER_MISS; SELECTION_MISS; DOC_HIT_CHUNK_MISS,"{""bm25_hit"": true, ""dense_hit"": true, ""union_hit"": true, ""candidate_hit"": true, ""reranker_top_k_hit"": false, ""candidate_depth"": 100, ""ranking_k"": 10}"
drug_8615,Nêu một số bệnh nấm thường dùng Clotrimazole để điều trị?,2,"[""doc_60221c2eb295c4fc3533db11""]","[""ctx_ffa11b6cc86bebf741b7b0dd""]",1,1,1,1,True,True,BOTH_HIT,hit_at_evaluated_cutoff,BOTH_HIT,"{""bm25_hit"": true, ""dense_hit"": true, ""union_hit"": true, ""candidate_hit"": true, ""reranker_top_k_hit"": true, ""candidate_depth"": 100, ""ranking_k"": 10}"
drug_1488,Làm thế nào để đảm bảo an toàn cho trẻ nhỏ khi mẹ đang sử dụng Alchysin 8400?,2,"[""doc_167bb312ed75815e5547c47a""]","[""ctx_133348bac692708bc123fe2e""]",1,1,1,1,True,True,BOTH_HIT,hit_at_evaluated_cutoff,BOTH_HIT,"{""bm25_hit"": true, ""dense_hit"": true, ""union_hit"": true, ""candidate_hit"": true, ""reranker_top_k_hit"": true, ""candidate_depth"": 100, ""ranking_k"": 10}"
drug_4349,Người dùng thuốc Axit axetic - Thuốc nhỏ tai cần lưu ý điều gì?,2,"[""doc_bd4a93e088c6ffca0ef9fb64""]","[""ctx_4bb2e7e00d4beeed80e62dd3""]",4,1,1,1,True,True,BOTH_HIT,hit_at_evaluated_cutoff,BOTH_HIT,"{""bm25_hit"": true, ""dense_hit"": true, ""union_hit"": true, ""candidate_hit"": true, ""reranker_top_k_hit"": true, ""candidate_depth"": 100, ""ranking_k"": 10}"
drug_7482,"Trong quá trình sử dụng, thuốc Cefalexin có thể gây ra hậu quả gì nếu sử dụng lâu dài?",2,"[""doc_4f5203dc4b2df6596732e85f""]","[""ctx_8ccd72170f6bdbb807eb0e60""]",1,1,1,1,True,True,BOTH_HIT,hit_at_evaluated_cutoff,BOTH_HIT,"{""bm25_hit"": true, ""dense_hit"": true, ""union_hit"": true, ""candidate_hit"": true, ""reranker_top_k_hit"": true, ""candidate_depth"": 100, ""ranking_k"": 10}"
drug_6829,Trường hợp trẻ em dùng Calcium Stada Vitamin D thì liều dùng như thế nào?,2,"[""doc_9de1a42de47c2d10ee57390a""]","[""ctx_fbda67b13af9cd39e385dd30""]",87,15,18,1,True,True,BOTH_HIT,hit_at_evaluated_cutoff,BOTH_HIT,"{""bm25_hit"": true, ""dense_hit"": true, ""union_hit"": true, ""candidate_hit"": true, ""reranker_top_k_hit"": true, ""candidate_depth"": 100, ""ranking_k"": 10}"
drug_5558,Phản ứng phụ phổ biến nhất của thuốc Betaserc là gì?,2,"[""doc_4485e7be2f9e0f78bf445a9e""]","[""ctx_fbca9b6ba3f49a8ef910a864""]",8,73,13,1,True,True,BOTH_HIT,hit_at_evaluated_cutoff,BOTH_HIT,"{""bm25_hit"": true, ""dense_hit"": true, ""union_hit"": true, ""candidate_hit"": true, ""reranker_top_k_hit"": true, ""candidate_depth"": 100, ""ranking_k"": 10}"
drug_4883,"Khi dùng Bart, người dùng có thể làm gì để giảm thiểu tác dụng phụ?",2,"[""doc_5f68067e671341b1041b82d1""]","[""ctx_ed414125779f3485d0aab9a3""]",1,2,2,1,True,True,BOTH_HIT,hit_at_evaluated_cutoff,BOTH_HIT,"{""bm25_hit"": true, ""dense_hit"": true, ""union_hit"": true, ""candidate_hit"": true, ""reranker_top_k_hit"": true, ""candidate_depth"": 100, ""ranking_k"": 10}"
drug_5221,Benzoyl peroxide có thể gây dị ứng không?,2,"[""doc_29fa822fdd0e85e7c1ab48ea""]","[""ctx_48c71042e8d11fa42e38279c""]",1,6,2,2,True,True,BOTH_HIT,hit_at_evaluated_cutoff,BOTH_HIT,"{""bm25_hit"": true, ""dense_hit"": true, ""union_hit"": true, ""candidate_hit"": true, ""reranker_top_k_hit"": true, ""candidate_depth"": 100, ""ranking_k"": 10}"
drug_4088,Có bằng chứng nào cho thấy rằng Augmentin có thể gây quái thai không?,2,"[""doc_f5ec9d813f1b1931641cfdb9""]","[""ctx_2b9e7389aa0dc221e2066f0b""]",1,1,1,1,True,True,BOTH_HIT,hit_at_evaluated_cutoff,BOTH_HIT,"{""bm25_hit"": true, ""dense_hit"": true, ""union_hit"": true, ""candidate_hit"": true, ""reranker_top_k_hit"": true, ""candidate_depth"": 100, ""ranking_k"": 10}"
drug_9687,Trong trường hợp nào sau khi quên liều thuốc Diane-35 mà liều uống tiếp theo vẫn có tác dụng tránh thai bình thường?,2,"[""doc_0a1bfe2da8d0f99bbd1ad1a9""]","[""ctx_bc5881a855106884ee53e9db""]",,4,49,1,True,True,DENSE_ONLY_HIT,hit_at_evaluated_cutoff,DENSE_ONLY_HIT,"{""bm25_hit"": false, ""dense_hit"": true, ""union_hit"": true, ""candidate_hit"": true, ""reranker_top_k_hit"": true, ""candidate_depth"": 100, ""ranking_k"": 10}"
drug_6877,Thuốc Cammic có thể sử dụng cho mục đích gì?,2,"[""doc_951fbed18076f73d2fb0285d""]","[""ctx_d75fb76b7eb4f14c1a45e1dc""]",6,3,2,3,True,True,BOTH_HIT,hit_at_evaluated_cutoff,BOTH_HIT,"{""bm25_hit"": true, ""dense_hit"": true, ""union_hit"": true, ""candidate_hit"": true, ""reranker_top_k_hit"": true, ""candidate_depth"": 100, ""ranking_k"": 10}"
drug_9586,Dentanalgi có thể được bào chế ở những dạng nào?,2,"[""doc_e412e4712dde4adcde37e000""]","[""ctx_52981bc06964719d8eb610e3""]",1,1,1,1,True,True,BOTH_HIT,hit_at_evaluated_cutoff,BOTH_HIT,"{""bm25_hit"": true, ""dense_hit"": true, ""union_hit"": true, ""candidate_hit"": true, ""reranker_top_k_hit"": true, ""candidate_depth"": 100, ""ranking_k"": 10}"
drug_9449,Thuốc Daktarin (miconazol) hoạt động theo cơ chế nào?,2,"[""doc_98e5f5a797343fa73b7046de""]","[""ctx_af72edd19d137c5766d68088""]",1,1,1,1,True,True,BOTH_HIT,hit_at_evaluated_cutoff,BOTH_HIT,"{""bm25_hit"": true, ""dense_hit"": true, ""union_hit"": true, ""candidate_hit"": true, ""reranker_top_k_hit"": true, ""candidate_depth"": 100, ""ranking_k"": 10}"
drug_2562,Những trường hợp nào cần phải thận trọng khi sử dụng thuốc Amoxicillin Flamingo?,2,"[""doc_380f5863f9441a1f117879f7""]","[""ctx_4d6355b897fe3684aa3a6eab""]",1,1,1,1,True,True,BOTH_HIT,hit_at_evaluated_cutoff,BOTH_HIT,"{""bm25_hit"": true, ""dense_hit"": true, ""union_hit"": true, ""candidate_hit"": true, ""reranker_top_k_hit"": true, ""candidate_depth"": 100, ""ranking_k"": 10}"
drug_2361,Thuốc Amlodipin Domesco được bào chế dưới dạng nào?,2,"[""doc_871d5bf55b9ec04b21e5069a""]","[""ctx_7e7d71c515ec5cd071615e7f""]",1,1,1,1,True,True,BOTH_HIT,hit_at_evaluated_cutoff,BOTH_HIT,"{""bm25_hit"": true, ""dense_hit"": true, ""union_hit"": true, ""candidate_hit"": true, ""reranker_top_k_hit"": true, ""candidate_depth"": 100, ""ranking_k"": 10}"
drug_287,Thuốc Acecyst có thể dùng chung với thức ăn không?,2,"[""doc_5ee921f4ce59fbbcbfa7be0b""]","[""ctx_fedada7c4a828efa09891290""]",21,55,18,1,True,True,BOTH_HIT,hit_at_evaluated_cutoff,BOTH_HIT,"{""bm25_hit"": true, ""dense_hit"": true, ""union_hit"": true, ""candidate_hit"": true, ""reranker_top_k_hit"": true, ""candidate_depth"": 100, ""ranking_k"": 10}"
drug_1815,"Khi bệnh nhân bị ngộ độc do quá liều thuốc Alsiful S.R, cần phải giữ ở tư thế như thế nào?",2,"[""doc_b67304ea2c8f5eaf1f160497""]","[""ctx_22d9dbfffb35915fcdc14bea""]",1,1,1,1,True,True,BOTH_HIT,hit_at_evaluated_cutoff,BOTH_HIT,"{""bm25_hit"": true, ""dense_hit"": true, ""union_hit"": true, ""candidate_hit"": true, ""reranker_top_k_hit"": true, ""candidate_depth"": 100, ""ranking_k"": 10}"
drug_3505,Tại sao cần hạn chế việc chỉ định Aspirin cho trẻ em dưới 16 tuổi?,2,"[""doc_966bfde2df04058ab42159c9""]","[""ctx_306eaea5478ede24d5d04590""]",1,2,1,1,True,True,BOTH_HIT,hit_at_evaluated_cutoff,BOTH_HIT,"{""bm25_hit"": true, ""dense_hit"": true, ""union_hit"": true, ""candidate_hit"": true, ""reranker_top_k_hit"": true, ""candidate_depth"": 100, ""ranking_k"": 10}"
drug_6576,Đối tượng chống chỉ định dùng Bạch Long Thủy có những ai?,2,"[""doc_899bb1b40e4743b692a313e2""]","[""ctx_7315713e1904082aa4b7f7d7""]",1,1,1,1,True,True,BOTH_HIT,hit_at_evaluated_cutoff,BOTH_HIT,"{""bm25_hit"": true, ""dense_hit"": true, ""union_hit"": true, ""candidate_hit"": true, ""reranker_top_k_hit"": true, ""candidate_depth"": 100, ""ranking_k"": 10}"
drug_4051,Lý do tại sao phải bảo quản Augbidil tránh ánh sáng trực tiếp?,2,"[""doc_f4ff21a90cf5139044a486f8""]","[""ctx_ec6263eb5101d0836f877cc8""]",1,1,1,1,True,True,BOTH_HIT,hit_at_evaluated_cutoff,BOTH_HIT,"{""bm25_hit"": true, ""dense_hit"": true, ""union_hit"": true, ""candidate_hit"": true, ""reranker_top_k_hit"": true, ""candidate_depth"": 100, ""ranking_k"": 10}"
drug_6912,Làm cách nào để sử dụng Canditral?,2,"[""doc_bbb091f2f52b62d02a9609f1""]","[""ctx_097e5b3b1892bd7e007b74a4""]",,,,,False,True,BOTH_MISS;CANDIDATE_MISS;DOC_HIT_CHUNK_MISS,retrieval_or_fusion,BOTH_MISS; CANDIDATE_MISS; DOC_HIT_CHUNK_MISS,"{""bm25_hit"": false, ""dense_hit"": false, ""union_hit"": false, ""candidate_hit"": false, ""reranker_top_k_hit"": false, ""candidate_depth"": 100, ""ranking_k"": 10}"
drug_3750,Khi nào nên thoa kem Atopiclair?,2,"[""doc_4d4d247ec5297ce3369988ce""]","[""ctx_e45e08dba1bf1fdf3866249e""]",18,13,14,1,True,True,BOTH_HIT,hit_at_evaluated_cutoff,BOTH_HIT,"{""bm25_hit"": true, ""dense_hit"": true, ""union_hit"": true, ""candidate_hit"": true, ""reranker_top_k_hit"": true, ""candidate_depth"": 100, ""ranking_k"": 10}"
drug_8882,Tôi có thể bẻ vụn hoặc nghiền nát thuốc Comiaryl chứ?,2,"[""doc_2fd00aa65f6ae9d204244463""]","[""ctx_b82de553909b835a3dd0c302""]",22,2,3,23,False,False,BOTH_HIT;RERANKER_MISS;SELECTION_MISS;DOC_AND_CHUNK_MISS,reranker,BOTH_HIT; RERANKER_MISS; SELECTION_MISS; DOC_AND_CHUNK_MISS,"{""bm25_hit"": true, ""dense_hit"": true, ""union_hit"": true, ""candidate_hit"": true, ""reranker_top_k_hit"": false, ""candidate_depth"": 100, ""ranking_k"": 10}"
drug_9465,Thành phần chính trong thuốc Dalacin T là gì?,2,"[""doc_7698c020b13bb0ab9f1873be""]","[""ctx_a5f00d71936e70717e49fbd7""]",1,2,1,1,True,True,BOTH_HIT,hit_at_evaluated_cutoff,BOTH_HIT,"{""bm25_hit"": true, ""dense_hit"": true, ""union_hit"": true, ""candidate_hit"": true, ""reranker_top_k_hit"": true, ""candidate_depth"": 100, ""ranking_k"": 10}"
drug_7915,Tôi có nên uống thuốc Cetirizine trong khi ăn không?,2,"[""doc_b8b507475b1c6127a8b518f3""]","[""ctx_3e2e367b63f6a372304d2031""]",1,1,1,1,True,True,BOTH_HIT,hit_at_evaluated_cutoff,BOTH_HIT,"{""bm25_hit"": true, ""dense_hit"": true, ""union_hit"": true, ""candidate_hit"": true, ""reranker_top_k_hit"": true, ""candidate_depth"": 100, ""ranking_k"": 10}"
drug_7356,Liều dùng Cedipect F như thế nào cho người lớn và trẻ em trên 12 tuổi?,2,"[""doc_70544172d6a331b9a0f3044a""]","[""ctx_fff0956e47feae35dac8dcd4""]",1,1,1,1,True,True,BOTH_HIT,hit_at_evaluated_cutoff,BOTH_HIT,"{""bm25_hit"": true, ""dense_hit"": true, ""union_hit"": true, ""candidate_hit"": true, ""reranker_top_k_hit"": true, ""candidate_depth"": 100, ""ranking_k"": 10}"
drug_2423,"Khi sử dụng Amlor 5 Pfizer, tôi nên quan tâm điều gì để đảm bảo an toàn cho em bé bú sữa mẹ?",2,"[""doc_54d652488052fee1bbd1cd93""]","[""ctx_6734d9ac9e42fd70a5696252""]",1,1,1,1,True,True,BOTH_HIT,hit_at_evaluated_cutoff,BOTH_HIT,"{""bm25_hit"": true, ""dense_hit"": true, ""union_hit"": true, ""candidate_hit"": true, ""reranker_top_k_hit"": true, ""candidate_depth"": 100, ""ranking_k"": 10}"
drug_9521,Davibest được sử dụng theo cách nào?,2,"[""doc_203ea8c7c7ac710a6e799e75""]","[""ctx_ed4f6f89c0f43ac576987538""]",,,,,False,True,BOTH_MISS;CANDIDATE_MISS;DOC_HIT_CHUNK_MISS,retrieval_or_fusion,BOTH_MISS; CANDIDATE_MISS; DOC_HIT_CHUNK_MISS,"{""bm25_hit"": false, ""dense_hit"": false, ""union_hit"": false, ""candidate_hit"": false, ""reranker_top_k_hit"": false, ""candidate_depth"": 100, ""ranking_k"": 10}"
drug_2752,Băng phiến chiếm bao nhiêu phần trăm trong mỗi viên hoàn mềm 3 g An Cung Ngưu Hoàng Hoàn?,2,"[""doc_131b3e12127442d1c9243771""]","[""ctx_3f599997c6901c2a844b056a""]",1,1,1,1,True,True,BOTH_HIT,hit_at_evaluated_cutoff,BOTH_HIT,"{""bm25_hit"": true, ""dense_hit"": true, ""union_hit"": true, ""candidate_hit"": true, ""reranker_top_k_hit"": true, ""candidate_depth"": 100, ""ranking_k"": 10}"
drug_9220,Trong trường hợp nào cần thận trọng khi sử dụng Cozaar (losartan)?,2,"[""doc_2ddc8dbf49398cc741f9c65d""]","[""ctx_12d612046d281e8faed068cb""]",,,,,False,True,BOTH_MISS;CANDIDATE_MISS;DOC_HIT_CHUNK_MISS,retrieval_or_fusion,BOTH_MISS; CANDIDATE_MISS; DOC_HIT_CHUNK_MISS,"{""bm25_hit"": false, ""dense_hit"": false, ""union_hit"": false, ""candidate_hit"": false, ""reranker_top_k_hit"": false, ""candidate_depth"": 100, ""ranking_k"": 10}"
drug_5028,Beatil có thể sử dụng cho những người có độ thanh thải Creatinin như thế nào?,2,"[""doc_54f57cef8e6e49dd3317ee7f""]","[""ctx_21e3fad08dc9a6df9ab37c07""]",1,1,1,1,True,True,BOTH_HIT,hit_at_evaluated_cutoff,BOTH_HIT,"{""bm25_hit"": true, ""dense_hit"": true, ""union_hit"": true, ""candidate_hit"": true, ""reranker_top_k_hit"": true, ""candidate_depth"": 100, ""ranking_k"": 10}"
drug_9718,Người dùng thuốc Didicera cần chú ý gì trước khi dùng thuốc?,2,"[""doc_ac21b0db03068a743a6af73b""]","[""ctx_3b56fdbed6e855664d508534""]",,21,44,9,False,True,DENSE_ONLY_HIT;SELECTION_MISS;DOC_HIT_CHUNK_MISS,selection,DENSE_ONLY_HIT; SELECTION_MISS; DOC_HIT_CHUNK_MISS,"{""bm25_hit"": false, ""dense_hit"": true, ""union_hit"": true, ""candidate_hit"": true, ""reranker_top_k_hit"": true, ""candidate_depth"": 100, ""ranking_k"": 10}"
drug_6384,Có thể cung cấp đủ lượng enzym Bromelain bằng cách ăn hoặc uống nước ép dứa mỗi ngày không?,2,"[""doc_848747e490d20a7028be1006""]","[""ctx_bbefcdf2f3e06e8ebb8777b0""]",1,1,1,1,True,True,BOTH_HIT,hit_at_evaluated_cutoff,BOTH_HIT,"{""bm25_hit"": true, ""dense_hit"": true, ""union_hit"": true, ""candidate_hit"": true, ""reranker_top_k_hit"": true, ""candidate_depth"": 100, ""ranking_k"": 10}"
drug_9231,Thành phần hoạt chất của thuốc Cravit là gì?,2,"[""doc_c206f5182a8840e423a6e8f0""]","[""ctx_43ba38ac0d4b8ddfecc6f962""]",46,6,8,1,True,True,BOTH_HIT,hit_at_evaluated_cutoff,BOTH_HIT,"{""bm25_hit"": true, ""dense_hit"": true, ""union_hit"": true, ""candidate_hit"": true, ""reranker_top_k_hit"": true, ""candidate_depth"": 100, ""ranking_k"": 10}"
drug_1621,"Khi bị phát ban da hoặc các triệu chứng của phản ứng quá mẫn nghiêm trọng khi dùng thuốc Allopurinol 300 mg, bệnh nhân cần làm gì?",2,"[""doc_dbb3992b40417a77da5d1d39""]","[""ctx_49f2b7878f36d92a01377064""]",1,2,2,1,True,True,BOTH_HIT,hit_at_evaluated_cutoff,BOTH_HIT,"{""bm25_hit"": true, ""dense_hit"": true, ""union_hit"": true, ""candidate_hit"": true, ""reranker_top_k_hit"": true, ""candidate_depth"": 100, ""ranking_k"": 10}"
drug_7169,Khi nào xảy ra loạn tạo máu và vàng da khi dùng Carbotrim?,2,"[""doc_7888c674cde3c265b9fdd529""]","[""ctx_fb111058337918f1761749f4""]",1,59,7,1,True,True,BOTH_HIT,hit_at_evaluated_cutoff,BOTH_HIT,"{""bm25_hit"": true, ""dense_hit"": true, ""union_hit"": true, ""candidate_hit"": true, ""reranker_top_k_hit"": true, ""candidate_depth"": 100, ""ranking_k"": 10}"
drug_3590,Công dụng chính của thuốc Atenolol trong điều trị y khoa là gì?,2,"[""doc_8ed9e08101df96a239a37050""]","[""ctx_42c41840bde7fb4375919b0c""]",3,1,1,2,True,True,BOTH_HIT,hit_at_evaluated_cutoff,BOTH_HIT,"{""bm25_hit"": true, ""dense_hit"": true, ""union_hit"": true, ""candidate_hit"": true, ""reranker_top_k_hit"": true, ""candidate_depth"": 100, ""ranking_k"": 10}"
drug_9651,"Tại sao không dùng Dexacin cho người bệnh không dung nạp galactose, rối loạn hấp thu glucose – galactose và thiếu hụt lactase?",2,"[""doc_f4ebe1e0ea1c8fd547f1384f""]","[""ctx_d43fb12c975fb7e42f3c7fff""]",8,5,5,1,True,True,BOTH_HIT,hit_at_evaluated_cutoff,BOTH_HIT,"{""bm25_hit"": true, ""dense_hit"": true, ""union_hit"": true, ""candidate_hit"": true, ""reranker_top_k_hit"": true, ""candidate_depth"": 100, ""ranking_k"": 10}"
drug_4054,"Ngoài việc giúp cải thiện thị lực cho mắt, Augen Extra còn có tác dụng gì khác?",2,"[""doc_25637018a9ee3aac983d3b71""]","[""ctx_a9a391f397eb7e2fe6d15585""]",5,5,5,1,True,True,BOTH_HIT,hit_at_evaluated_cutoff,BOTH_HIT,"{""bm25_hit"": true, ""dense_hit"": true, ""union_hit"": true, ""candidate_hit"": true, ""reranker_top_k_hit"": true, ""candidate_depth"": 100, ""ranking_k"": 10}"
drug_3977,Thuốc Audocals có gây ra khó tiêu không?,2,"[""doc_31d7bd24c3c8c43ed86e52e6""]","[""ctx_fa783ed28998a3e74700efbb""]",,,,,False,True,BOTH_MISS;CANDIDATE_MISS;DOC_HIT_CHUNK_MISS,retrieval_or_fusion,BOTH_MISS; CANDIDATE_MISS; DOC_HIT_CHUNK_MISS,"{""bm25_hit"": false, ""dense_hit"": false, ""union_hit"": false, ""candidate_hit"": false, ""reranker_top_k_hit"": false, ""candidate_depth"": 100, ""ranking_k"": 10}"
drug_9411,D-Cure có chứa Tinh dầu vỏ cam ngọt không?,2,"[""doc_93d287eaf00fd3f67ddd3eb7""]","[""ctx_d5e7d07f169de8aca873ce7a""]",1,1,1,1,True,True,BOTH_HIT,hit_at_evaluated_cutoff,BOTH_HIT,"{""bm25_hit"": true, ""dense_hit"": true, ""union_hit"": true, ""candidate_hit"": true, ""reranker_top_k_hit"": true, ""candidate_depth"": 100, ""ranking_k"": 10}"
drug_9022,Bạn nên sử dụng thuốc Cosele trong bao lâu để đạt được hiệu quả?,2,"[""doc_47879fda5a6298f13203f878""]","[""ctx_71ea6ea33bdd1d00f8dcbfa9""]",16,7,2,4,True,True,BOTH_HIT,hit_at_evaluated_cutoff,BOTH_HIT,"{""bm25_hit"": true, ""dense_hit"": true, ""union_hit"": true, ""candidate_hit"": true, ""reranker_top_k_hit"": true, ""candidate_depth"": 100, ""ranking_k"": 10}"
drug_2588,Bệnh nhân mắc phải bệnh gì thì không được dùng Amoxicillin Mekophar?,2,"[""doc_e3a8aba471dd1851ee72885f""]","[""ctx_91897b7012c864943478c3ed""]",2,2,2,1,True,True,BOTH_HIT,hit_at_evaluated_cutoff,BOTH_HIT,"{""bm25_hit"": true, ""dense_hit"": true, ""union_hit"": true, ""candidate_hit"": true, ""reranker_top_k_hit"": true, ""candidate_depth"": 100, ""ranking_k"": 10}"
drug_1596,Allopurinol 300 mg được bào chế dưới dạng nào?,2,"[""doc_dbb3992b40417a77da5d1d39""]","[""ctx_49dd818b846228b8b46770aa""]",1,1,1,1,True,True,BOTH_HIT,hit_at_evaluated_cutoff,BOTH_HIT,"{""bm25_hit"": true, ""dense_hit"": true, ""union_hit"": true, ""candidate_hit"": true, ""reranker_top_k_hit"": true, ""candidate_depth"": 100, ""ranking_k"": 10}"
drug_6399,Đối tượng đòi hỏi sự tập trung cao độ khi làm việc có thể sử dụng Bromelain hay không?,2,"[""doc_848747e490d20a7028be1006""]","[""ctx_504785edade19522878931c5""]",1,1,1,1,True,True,BOTH_HIT,hit_at_evaluated_cutoff,BOTH_HIT,"{""bm25_hit"": true, ""dense_hit"": true, ""union_hit"": true, ""candidate_hit"": true, ""reranker_top_k_hit"": true, ""candidate_depth"": 100, ""ranking_k"": 10}"
drug_9667,Khi dừng thuốc Dexamethasone đột ngột có thể dẫn đến những gì?,2,"[""doc_17eeb28d3d3068d26a26b434""]","[""ctx_1a458ec954c5881f9c63395d""]",,1,6,1,True,True,DENSE_ONLY_HIT,hit_at_evaluated_cutoff,DENSE_ONLY_HIT,"{""bm25_hit"": false, ""dense_hit"": true, ""union_hit"": true, ""candidate_hit"": true, ""reranker_top_k_hit"": true, ""candidate_depth"": 100, ""ranking_k"": 10}"
drug_5412,"Ngoài nhóm thuốc salbutamol, salmeterol, formoterol, bambuterol, oxitropium, tiotropium còn có nhóm thuốc nào tương tác Berodual?",2,"[""doc_9154f7e4af3175f1a5123630""]","[""ctx_c8bc7203249bb07cd34ad1eb""]",1,1,1,1,True,True,BOTH_HIT,hit_at_evaluated_cutoff,BOTH_HIT,"{""bm25_hit"": true, ""dense_hit"": true, ""union_hit"": true, ""candidate_hit"": true, ""reranker_top_k_hit"": true, ""candidate_depth"": 100, ""ranking_k"": 10}"
drug_9355,Khi nào phụ nữ có thai và cho con bú nên sử dụng thuốc Curam?,2,"[""doc_b0369c1b16870f20a80379f5""]","[""ctx_ced9080dd5cb0074ab8df5d0""]",2,1,1,1,True,True,BOTH_HIT,hit_at_evaluated_cutoff,BOTH_HIT,"{""bm25_hit"": true, ""dense_hit"": true, ""union_hit"": true, ""candidate_hit"": true, ""reranker_top_k_hit"": true, ""candidate_depth"": 100, ""ranking_k"": 10}"
drug_2314,Người nào nên thận trọng khi sử dụng thuốc Amiparen 5 Otsuka?,2,"[""doc_9cc017879179a069ddd17e03""]","[""ctx_60ba778fbc7f726eb29e65d1""]",,41,71,19,False,True,DENSE_ONLY_HIT;RERANKER_MISS;SELECTION_MISS;DOC_HIT_CHUNK_MISS,reranker,DENSE_ONLY_HIT; RERANKER_MISS; SELECTION_MISS; DOC_HIT_CHUNK_MISS,"{""bm25_hit"": false, ""dense_hit"": true, ""union_hit"": true, ""candidate_hit"": true, ""reranker_top_k_hit"": false, ""candidate_depth"": 100, ""ranking_k"": 10}"
drug_7178,"Ngoài điều trị tăng huyết áp, thuốc Cardilopin còn được sử dụng với mục đích gì?",2,"[""doc_3800295553ab37ea0921ad83""]","[""ctx_874827bf9d1b5138088e2283""]",1,1,1,1,True,True,BOTH_HIT,hit_at_evaluated_cutoff,BOTH_HIT,"{""bm25_hit"": true, ""dense_hit"": true, ""union_hit"": true, ""candidate_hit"": true, ""reranker_top_k_hit"": true, ""candidate_depth"": 100, ""ranking_k"": 10}"
drug_8606,Bệnh nhân nào nên tham khảo ý kiến bác sĩ trước khi sử dụng Thuốc Clorpheniramin?,2,"[""doc_8208c2d23fca33e94a6ba150""]","[""ctx_6afbf51429d3723f5ed1aef8""]",1,53,2,2,True,True,BOTH_HIT,hit_at_evaluated_cutoff,BOTH_HIT,"{""bm25_hit"": true, ""dense_hit"": true, ""union_hit"": true, ""candidate_hit"": true, ""reranker_top_k_hit"": true, ""candidate_depth"": 100, ""ranking_k"": 10}"
drug_7066,Carbocistein là sản phẩm có tác dụng gì trong các bệnh lý được chỉ định?,2,"[""doc_890430e9785a31bbb56da27c""]","[""ctx_8e0cf2fbcdaa4a5367cb6a34""]",2,1,1,1,True,True,BOTH_HIT,hit_at_evaluated_cutoff,BOTH_HIT,"{""bm25_hit"": true, ""dense_hit"": true, ""union_hit"": true, ""candidate_hit"": true, ""reranker_top_k_hit"": true, ""candidate_depth"": 100, ""ranking_k"": 10}"
drug_4317,"Tôi là phụ nữ, tôi có nên sử dụng thuốc Avodart không?",2,"[""doc_9a03751147754be981cb1c9d""]","[""ctx_be7a7767857c40a89dedbb85""]",,,,,False,True,BOTH_MISS;CANDIDATE_MISS;DOC_HIT_CHUNK_MISS,retrieval_or_fusion,BOTH_MISS; CANDIDATE_MISS; DOC_HIT_CHUNK_MISS,"{""bm25_hit"": false, ""dense_hit"": false, ""union_hit"": false, ""candidate_hit"": false, ""reranker_top_k_hit"": false, ""candidate_depth"": 100, ""ranking_k"": 10}"
drug_5659,Biafine có tác dụng gì?,2,"[""doc_e1622dbd504c55e350aa47d6""]","[""ctx_4213bbe384745da0fb867ba5""]",18,1,4,2,True,True,BOTH_HIT,hit_at_evaluated_cutoff,BOTH_HIT,"{""bm25_hit"": true, ""dense_hit"": true, ""union_hit"": true, ""candidate_hit"": true, ""reranker_top_k_hit"": true, ""candidate_depth"": 100, ""ranking_k"": 10}"
drug_6183,Bạn nên làm gì nếu gặp phải phản ứng có hại khi sử dụng thuốc Boganic?,2,"[""doc_698a84156f918c1cfae402f4""]","[""ctx_ac6157dbfcdfdf2562ab8328""]",2,14,3,21,False,True,BOTH_HIT;RERANKER_MISS;SELECTION_MISS;DOC_HIT_CHUNK_MISS,reranker,BOTH_HIT; RERANKER_MISS; SELECTION_MISS; DOC_HIT_CHUNK_MISS,"{""bm25_hit"": true, ""dense_hit"": true, ""union_hit"": true, ""candidate_hit"": true, ""reranker_top_k_hit"": false, ""candidate_depth"": 100, ""ranking_k"": 10}"
drug_8263,Liều dùng thuốc Cimetidin ở trẻ sơ sinh là bao nhiêu?,2,"[""doc_a8052819f5d590a3d80a9497""]","[""ctx_6b544adc5ade3518a8ff6a55""]",,20,42,1,True,True,DENSE_ONLY_HIT,hit_at_evaluated_cutoff,DENSE_ONLY_HIT,"{""bm25_hit"": false, ""dense_hit"": true, ""union_hit"": true, ""candidate_hit"": true, ""reranker_top_k_hit"": true, ""candidate_depth"": 100, ""ranking_k"": 10}"
drug_3027,Khi sử dụng Apitim phải làm gì?,2,"[""doc_d46931d16f62d5a98a0be9b5""]","[""ctx_08fbc57a24d50a0b02527e20""]",2,2,2,1,True,True,BOTH_HIT,hit_at_evaluated_cutoff,BOTH_HIT,"{""bm25_hit"": true, ""dense_hit"": true, ""union_hit"": true, ""candidate_hit"": true, ""reranker_top_k_hit"": true, ""candidate_depth"": 100, ""ranking_k"": 10}"
drug_7108,Nơi nào thích hợp để bảo quản thuốc Carbogast?,2,"[""doc_18ffa6728e05df57778e5240""]","[""ctx_4407a583142decd4488367fc""]",1,1,1,1,True,True,BOTH_HIT,hit_at_evaluated_cutoff,BOTH_HIT,"{""bm25_hit"": true, ""dense_hit"": true, ""union_hit"": true, ""candidate_hit"": true, ""reranker_top_k_hit"": true, ""candidate_depth"": 100, ""ranking_k"": 10}"
drug_3844,Sử dụng chung Atorpa-E với chất nào có thể làm tăng nồng độ thuốc trong cơ thể?,2,"[""doc_07b2d277f20d10ac9b06a813""]","[""ctx_645e0ca02e705cf34e55a88a""]",1,1,1,1,True,True,BOTH_HIT,hit_at_evaluated_cutoff,BOTH_HIT,"{""bm25_hit"": true, ""dense_hit"": true, ""union_hit"": true, ""candidate_hit"": true, ""reranker_top_k_hit"": true, ""candidate_depth"": 100, ""ranking_k"": 10}"
drug_7990,Vì sao không nên sử dụng Chloramphenicol làm thuốc chọn lựa đầu tiên để trong một số tình huống?,2,"[""doc_557386845360487cdd5735d1""]","[""ctx_a868a16835683faec656950c""]",1,1,1,1,True,True,BOTH_HIT,hit_at_evaluated_cutoff,BOTH_HIT,"{""bm25_hit"": true, ""dense_hit"": true, ""union_hit"": true, ""candidate_hit"": true, ""reranker_top_k_hit"": true, ""candidate_depth"": 100, ""ranking_k"": 10}"
drug_4159,Trong trường hợp nào khi sử dụng thuốc Avalo cần phải ngưng thuốc ngay?,2,"[""doc_944f56c14a010e9d784f510b""]","[""ctx_88ff02639ff38b8af8486044""]",3,3,2,1,True,True,BOTH_HIT,hit_at_evaluated_cutoff,BOTH_HIT,"{""bm25_hit"": true, ""dense_hit"": true, ""union_hit"": true, ""candidate_hit"": true, ""reranker_top_k_hit"": true, ""candidate_depth"": 100, ""ranking_k"": 10}"
drug_5691,Đối với phụ nữ đang trong giai đoạn nào thì cần tham khảo ý kiến của bác sĩ trước khi sử dụng thuốc Bibonlax?,2,"[""doc_5e014db2d16c3ddc9f73a981""]","[""ctx_b02d38fa9a189f27c3e046c0""]",33,,63,1,True,True,BM25_ONLY_HIT,hit_at_evaluated_cutoff,BM25_ONLY_HIT,"{""bm25_hit"": true, ""dense_hit"": false, ""union_hit"": true, ""candidate_hit"": true, ""reranker_top_k_hit"": true, ""candidate_depth"": 100, ""ranking_k"": 10}"
drug_2685,Thuốc Ampicillin Domesco có thể tương tác với những loại thuốc nào?,2,"[""doc_1b37bf8707462cd2c758c450""]","[""ctx_595e994508f2ec59e3fa7488""]",1,1,1,1,True,True,BOTH_HIT,hit_at_evaluated_cutoff,BOTH_HIT,"{""bm25_hit"": true, ""dense_hit"": true, ""union_hit"": true, ""candidate_hit"": true, ""reranker_top_k_hit"": true, ""candidate_depth"": 100, ""ranking_k"": 10}"
drug_9014,Tác đụng của 1.2 trong Cosele là: ?,2,"[""doc_47879fda5a6298f13203f878""]","[""ctx_6e7fb86656f6e5cbf15605b2""]",,,,,False,True,BOTH_MISS;CANDIDATE_MISS;DOC_HIT_CHUNK_MISS,retrieval_or_fusion,BOTH_MISS; CANDIDATE_MISS; DOC_HIT_CHUNK_MISS,"{""bm25_hit"": false, ""dense_hit"": false, ""union_hit"": false, ""candidate_hit"": false, ""reranker_top_k_hit"": false, ""candidate_depth"": 100, ""ranking_k"": 10}"
drug_478,Aciclovir dùng để điều trị nhiễm trùng nào?,2,"[""doc_93f6cd2b4fec936c9f66ccde""]","[""ctx_b501d9f645331d344d5ba017""]",,,,,False,True,BOTH_MISS;CANDIDATE_MISS;DOC_HIT_CHUNK_MISS,retrieval_or_fusion,BOTH_MISS; CANDIDATE_MISS; DOC_HIT_CHUNK_MISS,"{""bm25_hit"": false, ""dense_hit"": false, ""union_hit"": false, ""candidate_hit"": false, ""reranker_top_k_hit"": false, ""candidate_depth"": 100, ""ranking_k"": 10}"
drug_584,"Khi bảo quản thuốc Acnequidt 20 ml, chúng ta cần chú ý điều gì?",2,"[""doc_4ab3715544abba32f93bef4c""]","[""ctx_62d9d78f958f9f465343a9e4""]",33,1,2,1,True,True,BOTH_HIT,hit_at_evaluated_cutoff,BOTH_HIT,"{""bm25_hit"": true, ""dense_hit"": true, ""union_hit"": true, ""candidate_hit"": true, ""reranker_top_k_hit"": true, ""candidate_depth"": 100, ""ranking_k"": 10}"
drug_6243,"Ngoài khô miệng và ho khan, thuốc Bostanex có thể gây ra tác dụng không mong muốn nào khác không?",2,"[""doc_55b4e58aa6b141f62c2f48e5""]","[""ctx_f011658084a6827063893731""]",1,1,1,1,True,True,BOTH_HIT,hit_at_evaluated_cutoff,BOTH_HIT,"{""bm25_hit"": true, ""dense_hit"": true, ""union_hit"": true, ""candidate_hit"": true, ""reranker_top_k_hit"": true, ""candidate_depth"": 100, ""ranking_k"": 10}"
drug_2248,Tại sao không có dữ liệu tiền lâm sàng về việc dùng Aminoplasmal 10% trong suốt quá trình mang thai?,2,"[""doc_aadf76b076a46a4a7805b8ca""]","[""ctx_941d96dd0bdd6a337770aa6e""]",1,1,1,1,True,True,BOTH_HIT,hit_at_evaluated_cutoff,BOTH_HIT,"{""bm25_hit"": true, ""dense_hit"": true, ""union_hit"": true, ""candidate_hit"": true, ""reranker_top_k_hit"": true, ""candidate_depth"": 100, ""ranking_k"": 10}"
drug_5138,Khi nào tình trạng quá liều Benate Fort Ointment có thể xảy ra?,2,"[""doc_cb1bc7e5f6b255bcb70c7620""]","[""ctx_524ebba40d6adccf82917ccd""]",48,35,12,1,True,True,BOTH_HIT,hit_at_evaluated_cutoff,BOTH_HIT,"{""bm25_hit"": true, ""dense_hit"": true, ""union_hit"": true, ""candidate_hit"": true, ""reranker_top_k_hit"": true, ""candidate_depth"": 100, ""ranking_k"": 10}"
drug_1242,Thuốc Agiosmin 500mg có ảnh hưởng xấu đến thai nhi không?,2,"[""doc_6655ee3b73fc42504cf2a580""]","[""ctx_1c90fd98da23b68462c1e777""]",14,49,10,1,True,True,BOTH_HIT,hit_at_evaluated_cutoff,BOTH_HIT,"{""bm25_hit"": true, ""dense_hit"": true, ""union_hit"": true, ""candidate_hit"": true, ""reranker_top_k_hit"": true, ""candidate_depth"": 100, ""ranking_k"": 10}"
drug_2873,Khi nào tôi không nên sử dụng thuốc Andol S Imexpharm?,2,"[""doc_73566ed1a888708ca4e2f006""]","[""ctx_35295a4e4ced1a93bcb3a068""]",32,,60,14,False,True,BM25_ONLY_HIT;RERANKER_MISS;SELECTION_MISS;DOC_HIT_CHUNK_MISS,reranker,BM25_ONLY_HIT; RERANKER_MISS; SELECTION_MISS; DOC_HIT_CHUNK_MISS,"{""bm25_hit"": true, ""dense_hit"": false, ""union_hit"": true, ""candidate_hit"": true, ""reranker_top_k_hit"": false, ""candidate_depth"": 100, ""ranking_k"": 10}"
drug_5348,Sử dụng Bequantene cùng với thuốc chống đông máu có thể gây ra tác dụng gì?,2,"[""doc_e4aa32bac46eb0eada88c2a3""]","[""ctx_b53ebe2e0cc9b6985c7f44be""]",1,1,1,1,True,True,BOTH_HIT,hit_at_evaluated_cutoff,BOTH_HIT,"{""bm25_hit"": true, ""dense_hit"": true, ""union_hit"": true, ""candidate_hit"": true, ""reranker_top_k_hit"": true, ""candidate_depth"": 100, ""ranking_k"": 10}"
drug_491,Khi quá liều Aciclovir cần xử trí như thế nào?,2,"[""doc_93f6cd2b4fec936c9f66ccde""]","[""ctx_1314b33f91ac1a931990512b""]",,,,,False,True,BOTH_MISS;CANDIDATE_MISS;DOC_HIT_CHUNK_MISS,retrieval_or_fusion,BOTH_MISS; CANDIDATE_MISS; DOC_HIT_CHUNK_MISS,"{""bm25_hit"": false, ""dense_hit"": false, ""union_hit"": false, ""candidate_hit"": false, ""reranker_top_k_hit"": false, ""candidate_depth"": 100, ""ranking_k"": 10}"
drug_3894,Tại sao không được sử dụng atorvastatin cho những người có bệnh về gan?,2,"[""doc_d168d6fbd63f78b54c555133""]","[""ctx_9abcd09e8d788b60728e846d""]",1,1,1,2,True,True,BOTH_HIT,hit_at_evaluated_cutoff,BOTH_HIT,"{""bm25_hit"": true, ""dense_hit"": true, ""union_hit"": true, ""candidate_hit"": true, ""reranker_top_k_hit"": true, ""candidate_depth"": 100, ""ranking_k"": 10}"
drug_7931,"Khi xử trí trường hợp quá liều nghiêm trọng do Cetirizine, bác sĩ thường chỉ định phương pháp nào đầu tiên?",2,"[""doc_b8b507475b1c6127a8b518f3""]","[""ctx_99eae6704cea2ad46ed93bea""]",1,9,1,1,True,True,BOTH_HIT,hit_at_evaluated_cutoff,BOTH_HIT,"{""bm25_hit"": true, ""dense_hit"": true, ""union_hit"": true, ""candidate_hit"": true, ""reranker_top_k_hit"": true, ""candidate_depth"": 100, ""ranking_k"": 10}"
drug_2157,Trong trường hợp nào cần liên hệ với bác sĩ khi sử dụng thuốc Ameflu đa triệu chứng?,2,"[""doc_1fbacaa8285d86c252ee1de7""]","[""ctx_0eb5dd80b9fac73ad203024f""]",1,5,2,5,True,True,BOTH_HIT,hit_at_evaluated_cutoff,BOTH_HIT,"{""bm25_hit"": true, ""dense_hit"": true, ""union_hit"": true, ""candidate_hit"": true, ""reranker_top_k_hit"": true, ""candidate_depth"": 100, ""ranking_k"": 10}"
drug_1797,Thành phần chính có trong thuốc Alsiful S.R là gì?,2,"[""doc_b67304ea2c8f5eaf1f160497""]","[""ctx_fe53be1acee5b8c08d28ded9""]",1,1,1,1,True,True,BOTH_HIT,hit_at_evaluated_cutoff,BOTH_HIT,"{""bm25_hit"": true, ""dense_hit"": true, ""union_hit"": true, ""candidate_hit"": true, ""reranker_top_k_hit"": true, ""candidate_depth"": 100, ""ranking_k"": 10}"
drug_1315,Thuốc xịt mũi Aladka Nasal Spray là thuốc có công dụng gì?,2,"[""doc_844e60f88411a86f5be17cf4""]","[""ctx_a58e83dc8d4ab7cd8420d5b9""]",1,1,1,1,True,True,BOTH_HIT,hit_at_evaluated_cutoff,BOTH_HIT,"{""bm25_hit"": true, ""dense_hit"": true, ""union_hit"": true, ""candidate_hit"": true, ""reranker_top_k_hit"": true, ""candidate_depth"": 100, ""ranking_k"": 10}"
drug_3240,Người bị suy thận nào cần thận trọng khi sử dụng Artrodar?,2,"[""doc_492c9fc22a64ff6b57ea98bd""]","[""ctx_f74447c18fb271aee1a6679a""]",15,59,17,1,True,True,BOTH_HIT,hit_at_evaluated_cutoff,BOTH_HIT,"{""bm25_hit"": true, ""dense_hit"": true, ""union_hit"": true, ""candidate_hit"": true, ""reranker_top_k_hit"": true, ""candidate_depth"": 100, ""ranking_k"": 10}"
drug_8581,Thuốc Clorpheniramin có các hàm lượng nào?,2,"[""doc_8208c2d23fca33e94a6ba150""]","[""ctx_9d9956835ace707ed6a3f177""]",94,,,,False,True,BM25_ONLY_HIT;FUSION_DROPPED;CANDIDATE_MISS;DOC_HIT_CHUNK_MISS,retrieval_or_fusion,BM25_ONLY_HIT; FUSION_DROPPED; CANDIDATE_MISS; DOC_HIT_CHUNK_MISS,"{""bm25_hit"": true, ""dense_hit"": false, ""union_hit"": true, ""candidate_hit"": false, ""reranker_top_k_hit"": false, ""candidate_depth"": 100, ""ranking_k"": 10}"
drug_2459,Amoxicilin 500 mg có thể sử dụng để điều trị bệnh lậu không?,2,"[""doc_58b996cf7b4c2633cbb45506""]","[""ctx_ec52887b604aa2af00d10e95""]",2,1,2,1,True,True,BOTH_HIT,hit_at_evaluated_cutoff,BOTH_HIT,"{""bm25_hit"": true, ""dense_hit"": true, ""union_hit"": true, ""candidate_hit"": true, ""reranker_top_k_hit"": true, ""candidate_depth"": 100, ""ranking_k"": 10}"
drug_121,Thành phần nào trong A.t Ascorbic Syrup có thể gây ra huyết khối mạch sâu và oxalat niệu ở liều cao?,2,"[""doc_08a36d6b44b475423ceecc9a""]","[""ctx_56c6353ab25ce3a0c46ed905""]",1,1,1,1,True,True,BOTH_HIT,hit_at_evaluated_cutoff,BOTH_HIT,"{""bm25_hit"": true, ""dense_hit"": true, ""union_hit"": true, ""candidate_hit"": true, ""reranker_top_k_hit"": true, ""candidate_depth"": 100, ""ranking_k"": 10}"
drug_2817,Có nghiên cứu nào về tác động của thuốc Anaferon đối với người lái tàu xe hay vận hành máy móc không?,2,"[""doc_42cc095d6c726f9235d0ac4a""]","[""ctx_8668a8c2b6c2abe6e02a8c99""]",,,,,False,False,BOTH_MISS;CANDIDATE_MISS;DOC_AND_CHUNK_MISS,retrieval_or_fusion,BOTH_MISS; CANDIDATE_MISS; DOC_AND_CHUNK_MISS,"{""bm25_hit"": false, ""dense_hit"": false, ""union_hit"": false, ""candidate_hit"": false, ""reranker_top_k_hit"": false, ""candidate_depth"": 100, ""ranking_k"": 10}"
drug_2407,"Trong trường hợp Amlodipin gây ra tác dụng có hại đối với sức khỏe, tôi nên làm gì?",2,"[""doc_0a39e017846b29e803621467""]","[""ctx_a0acbaa68c821ac9504ec763""]",1,3,1,1,True,True,BOTH_HIT,hit_at_evaluated_cutoff,BOTH_HIT,"{""bm25_hit"": true, ""dense_hit"": true, ""union_hit"": true, ""candidate_hit"": true, ""reranker_top_k_hit"": true, ""candidate_depth"": 100, ""ranking_k"": 10}"
drug_6983,Liều dùng tham khảo từ nhà sản xuất của Caplor là bao nhiêu?,2,"[""doc_7a28267191ed6c4ba3354661""]","[""ctx_c373548aa6f77b66177dffcf""]",1,1,1,1,True,True,BOTH_HIT,hit_at_evaluated_cutoff,BOTH_HIT,"{""bm25_hit"": true, ""dense_hit"": true, ""union_hit"": true, ""candidate_hit"": true, ""reranker_top_k_hit"": true, ""candidate_depth"": 100, ""ranking_k"": 10}"
drug_2239,Vai trò của Aminoplasmal 10% trong quá trình nuôi dưỡng qua đường tĩnh mạch là gì?,2,"[""doc_aadf76b076a46a4a7805b8ca""]","[""ctx_f770b69005755bc85a2c52e1""]",1,3,2,1,True,True,BOTH_HIT,hit_at_evaluated_cutoff,BOTH_HIT,"{""bm25_hit"": true, ""dense_hit"": true, ""union_hit"": true, ""candidate_hit"": true, ""reranker_top_k_hit"": true, ""candidate_depth"": 100, ""ranking_k"": 10}"
drug_3796,Thuốc Atorhasan có thể bảo quản như thế nào?,2,"[""doc_8b1a17a63bb84be23c5087d1""]","[""ctx_6ae37b85a40d3b5071c21134""]",74,10,6,1,True,True,BOTH_HIT,hit_at_evaluated_cutoff,BOTH_HIT,"{""bm25_hit"": true, ""dense_hit"": true, ""union_hit"": true, ""candidate_hit"": true, ""reranker_top_k_hit"": true, ""candidate_depth"": 100, ""ranking_k"": 10}"
drug_205,Thuốc ACC 200 có thể gây ra tác dụng phụ nào?,2,"[""doc_48d41dd00563ca10218beca7""]","[""ctx_825e3c95ae72948a98155c6c""]",,52,93,1,True,True,DENSE_ONLY_HIT,hit_at_evaluated_cutoff,DENSE_ONLY_HIT,"{""bm25_hit"": false, ""dense_hit"": true, ""union_hit"": true, ""candidate_hit"": true, ""reranker_top_k_hit"": true, ""candidate_depth"": 100, ""ranking_k"": 10}"
drug_1971,Thuốc Alzyltex Mebiphar chống chỉ định với bệnh nhân nào?,2,"[""doc_a0c64cbc9ebb70b75f6a70c7""]","[""ctx_03e36d522c08395e07235907""]",1,10,2,1,True,True,BOTH_HIT,hit_at_evaluated_cutoff,BOTH_HIT,"{""bm25_hit"": true, ""dense_hit"": true, ""union_hit"": true, ""candidate_hit"": true, ""reranker_top_k_hit"": true, ""candidate_depth"": 100, ""ranking_k"": 10}"
drug_1995,Tá dược của Amaryl gồm những thành phần gì?,2,"[""doc_cf3006d44c1ef2af8a8b29f2""]","[""ctx_b80cbdf1d16cc528f7771c6f""]",1,1,1,1,True,True,BOTH_HIT,hit_at_evaluated_cutoff,BOTH_HIT,"{""bm25_hit"": true, ""dense_hit"": true, ""union_hit"": true, ""candidate_hit"": true, ""reranker_top_k_hit"": true, ""candidate_depth"": 100, ""ranking_k"": 10}"
drug_3948,Nên uống thuốc Auclanityl vào lúc nào?,2,"[""doc_6a2647a19d32723e67b406e0""]","[""ctx_6358a07207234d0cc7427e0b""]",19,56,9,1,True,True,BOTH_HIT,hit_at_evaluated_cutoff,BOTH_HIT,"{""bm25_hit"": true, ""dense_hit"": true, ""union_hit"": true, ""candidate_hit"": true, ""reranker_top_k_hit"": true, ""candidate_depth"": 100, ""ranking_k"": 10}"
drug_2066,Thuốc Ambroxol Boston có tác dụng như thế nào trong điều trị các bệnh đường hô hấp?,2,"[""doc_8bc9269eb90fd2f4864765c8""]","[""ctx_d81fdff2c1507409b3853cc6""]",1,2,2,1,True,True,BOTH_HIT,hit_at_evaluated_cutoff,BOTH_HIT,"{""bm25_hit"": true, ""dense_hit"": true, ""union_hit"": true, ""candidate_hit"": true, ""reranker_top_k_hit"": true, ""candidate_depth"": 100, ""ranking_k"": 10}"
drug_2827,Các tác dụng phụ có thể xảy ra khi sử dụng Anapa là gì?,2,"[""doc_98e18ec808d9b4b2492c9191""]","[""ctx_c8ae98baae87971d0ec94dc9""]",,,,,False,False,BOTH_MISS;CANDIDATE_MISS;DOC_AND_CHUNK_MISS,retrieval_or_fusion,BOTH_MISS; CANDIDATE_MISS; DOC_AND_CHUNK_MISS,"{""bm25_hit"": false, ""dense_hit"": false, ""union_hit"": false, ""candidate_hit"": false, ""reranker_top_k_hit"": false, ""candidate_depth"": 100, ""ranking_k"": 10}"
drug_827,Mẹ cho con bú có dùng được thuốc Acyclovir Stella 800 mg không?,2,"[""doc_2d6ce74e6f7c6639b1bcac02""]","[""ctx_a32f988bb5959dfff0f142fb""]",18,10,10,5,True,True,BOTH_HIT,hit_at_evaluated_cutoff,BOTH_HIT,"{""bm25_hit"": true, ""dense_hit"": true, ""union_hit"": true, ""candidate_hit"": true, ""reranker_top_k_hit"": true, ""candidate_depth"": 100, ""ranking_k"": 10}"
drug_7866,Đối tượng nào dùng thuốc Cerecaps không nên lái xe hoặc vận hành máy móc?,2,"[""doc_4b308c8f298a232950fd4056""]","[""ctx_a5066d8e6a3363ed23f49398""]",1,1,1,2,True,True,BOTH_HIT,hit_at_evaluated_cutoff,BOTH_HIT,"{""bm25_hit"": true, ""dense_hit"": true, ""union_hit"": true, ""candidate_hit"": true, ""reranker_top_k_hit"": true, ""candidate_depth"": 100, ""ranking_k"": 10}"
drug_6277,Phụ nữ mang thai và cho con bú có thể sử dụng Boston C 1000 không?,2,"[""doc_83c2c33a0a3b5d38aae3a5f6""]","[""ctx_f65f8e0cd4d9d28c0da3d3ef""]",1,1,1,1,True,True,BOTH_HIT,hit_at_evaluated_cutoff,BOTH_HIT,"{""bm25_hit"": true, ""dense_hit"": true, ""union_hit"": true, ""candidate_hit"": true, ""reranker_top_k_hit"": true, ""candidate_depth"": 100, ""ranking_k"": 10}"
drug_3502,Các tác dụng phụ nguy hiểm của thuốc Aspirin có thể kể đến những gì?,2,"[""doc_966bfde2df04058ab42159c9""]","[""ctx_c6582f05fc861c2bbd28f035""]",,2,19,1,True,True,DENSE_ONLY_HIT,hit_at_evaluated_cutoff,DENSE_ONLY_HIT,"{""bm25_hit"": false, ""dense_hit"": true, ""union_hit"": true, ""candidate_hit"": true, ""reranker_top_k_hit"": true, ""candidate_depth"": 100, ""ranking_k"": 10}"
drug_8987,Cordarone có những dạng bào chế nào?,2,"[""doc_7ac83faf8c2407df765a783e""]","[""ctx_85aadb18b2f8453ec324abaf""]",1,2,1,1,True,True,BOTH_HIT,hit_at_evaluated_cutoff,BOTH_HIT,"{""bm25_hit"": true, ""dense_hit"": true, ""union_hit"": true, ""candidate_hit"": true, ""reranker_top_k_hit"": true, ""candidate_depth"": 100, ""ranking_k"": 10}"
drug_2572,Cần làm gì khi sử dụng thuốc Amoxicillin Flamingo?,2,"[""doc_380f5863f9441a1f117879f7""]","[""ctx_36c08cc3bbb6277ace19a36f""]",1,1,1,1,True,True,BOTH_HIT,hit_at_evaluated_cutoff,BOTH_HIT,"{""bm25_hit"": true, ""dense_hit"": true, ""union_hit"": true, ""candidate_hit"": true, ""reranker_top_k_hit"": true, ""candidate_depth"": 100, ""ranking_k"": 10}"
drug_8302,Bệnh nhân suy gan và suy thận cần lưu ý gì khi sử dụng Cimetidine MKP?,2,"[""doc_9be39bb152ed2eb72720c4f6""]","[""ctx_2f01f9ea2fbaa2eb43b492a3""]",1,1,1,2,True,True,BOTH_HIT,hit_at_evaluated_cutoff,BOTH_HIT,"{""bm25_hit"": true, ""dense_hit"": true, ""union_hit"": true, ""candidate_hit"": true, ""reranker_top_k_hit"": true, ""candidate_depth"": 100, ""ranking_k"": 10}"
drug_671,Thuốc Actemra có thể sử dụng đơn trị (một thuốc) hay phối hợp với thuốc khác?,2,"[""doc_208eb66918aa8e6e47c33b31""]","[""ctx_113aef4b6f907a14be2bb729""]",1,1,1,1,True,True,BOTH_HIT,hit_at_evaluated_cutoff,BOTH_HIT,"{""bm25_hit"": true, ""dense_hit"": true, ""union_hit"": true, ""candidate_hit"": true, ""reranker_top_k_hit"": true, ""candidate_depth"": 100, ""ranking_k"": 10}"
drug_2894,Thuốc Antacil được dùng trong những trường hợp nào?,2,"[""doc_ab4fdc78bccfb65794df0b90""]","[""ctx_20a9241694047c2e5b0175f7""]",4,1,2,1,True,True,BOTH_HIT,hit_at_evaluated_cutoff,BOTH_HIT,"{""bm25_hit"": true, ""dense_hit"": true, ""union_hit"": true, ""candidate_hit"": true, ""reranker_top_k_hit"": true, ""candidate_depth"": 100, ""ranking_k"": 10}"
drug_4026,Trong trường hợp nào thuốc Augbidil không hiệu quả?,2,"[""doc_f4ff21a90cf5139044a486f8""]","[""ctx_b6aaf0ee68e88b4b7bda4bb4""]",12,1,5,1,True,True,BOTH_HIT,hit_at_evaluated_cutoff,BOTH_HIT,"{""bm25_hit"": true, ""dense_hit"": true, ""union_hit"": true, ""candidate_hit"": true, ""reranker_top_k_hit"": true, ""candidate_depth"": 100, ""ranking_k"": 10}"
drug_867,3 hàm lượng chính của thuốc Adagrin gồm những hàm lượng nào?,2,"[""doc_660b65414de51bdb60a02b36""]","[""ctx_aea6c483673c1d02d7e9c66b""]",1,1,1,1,True,True,BOTH_HIT,hit_at_evaluated_cutoff,BOTH_HIT,"{""bm25_hit"": true, ""dense_hit"": true, ""union_hit"": true, ""candidate_hit"": true, ""reranker_top_k_hit"": true, ""candidate_depth"": 100, ""ranking_k"": 10}"
drug_8580,Clorpheniramin có dạng bào chế nào?,2,"[""doc_8208c2d23fca33e94a6ba150""]","[""ctx_9d9956835ace707ed6a3f177""]",,,,,False,True,BOTH_MISS;CANDIDATE_MISS;DOC_HIT_CHUNK_MISS,retrieval_or_fusion,BOTH_MISS; CANDIDATE_MISS; DOC_HIT_CHUNK_MISS,"{""bm25_hit"": false, ""dense_hit"": false, ""union_hit"": false, ""candidate_hit"": false, ""reranker_top_k_hit"": false, ""candidate_depth"": 100, ""ranking_k"": 10}"
drug_9251,Thuốc Cravit nào là dạng thuốc để nhỏ mắt?,2,"[""doc_c206f5182a8840e423a6e8f0""]","[""ctx_702b019a0ed4abe757a34c02""]",1,3,1,3,True,True,BOTH_HIT,hit_at_evaluated_cutoff,BOTH_HIT,"{""bm25_hit"": true, ""dense_hit"": true, ""union_hit"": true, ""candidate_hit"": true, ""reranker_top_k_hit"": true, ""candidate_depth"": 100, ""ranking_k"": 10}"
drug_224,Thuốc Acarbose được bào chế dưới dạng nào?,2,"[""doc_e85baeadce7c2f830e6934bc""]","[""ctx_bba5c1b628a62819f60d6c73""]",12,1,2,1,True,True,BOTH_HIT,hit_at_evaluated_cutoff,BOTH_HIT,"{""bm25_hit"": true, ""dense_hit"": true, ""union_hit"": true, ""candidate_hit"": true, ""reranker_top_k_hit"": true, ""candidate_depth"": 100, ""ranking_k"": 10}"
drug_1259,Thuốc Agirenyl có tác dụng phụ không?,2,"[""doc_f985e75a0a8db82586feec0c""]","[""ctx_9fa50d0fdef74a6a487e9202""]",2,1,1,1,True,True,BOTH_HIT,hit_at_evaluated_cutoff,BOTH_HIT,"{""bm25_hit"": true, ""dense_hit"": true, ""union_hit"": true, ""candidate_hit"": true, ""reranker_top_k_hit"": true, ""candidate_depth"": 100, ""ranking_k"": 10}"
drug_1569,Algelstad nên được bảo quản ở đâu?,2,"[""doc_7c80d0a835c97c670a6209d7""]","[""ctx_dec58a2ed7f18f7ef3796b52""]",1,1,1,1,True,True,BOTH_HIT,hit_at_evaluated_cutoff,BOTH_HIT,"{""bm25_hit"": true, ""dense_hit"": true, ""union_hit"": true, ""candidate_hit"": true, ""reranker_top_k_hit"": true, ""candidate_depth"": 100, ""ranking_k"": 10}"
drug_4168,"Khi quá liều thuốc Avalo, việc chủ quan có thể dẫn đến hậu quả gì?",2,"[""doc_944f56c14a010e9d784f510b""]","[""ctx_8ac386051f0208ab589bf1eb""]",2,1,1,7,False,True,BOTH_HIT;SELECTION_MISS;DOC_HIT_CHUNK_MISS,selection,BOTH_HIT; SELECTION_MISS; DOC_HIT_CHUNK_MISS,"{""bm25_hit"": true, ""dense_hit"": true, ""union_hit"": true, ""candidate_hit"": true, ""reranker_top_k_hit"": true, ""candidate_depth"": 100, ""ranking_k"": 10}"
drug_1897,Tại sao không nên sử dụng thuốc Aluvia cho phụ nữ cho con bú?,2,"[""doc_a630bfc2b4a9a737880b76b9""]","[""ctx_0ccce7fb8d7ec00fe4e5dbf7""]",81,1,8,3,True,True,BOTH_HIT,hit_at_evaluated_cutoff,BOTH_HIT,"{""bm25_hit"": true, ""dense_hit"": true, ""union_hit"": true, ""candidate_hit"": true, ""reranker_top_k_hit"": true, ""candidate_depth"": 100, ""ranking_k"": 10}"
drug_3331,Liều dùng tối đa của Aspegic cho người lớn là bao nhiêu?,2,"[""doc_c367898ca1093210e5d8d547""]","[""ctx_340eb78daeee53fad8a45064""]",1,1,1,1,True,True,BOTH_HIT,hit_at_evaluated_cutoff,BOTH_HIT,"{""bm25_hit"": true, ""dense_hit"": true, ""union_hit"": true, ""candidate_hit"": true, ""reranker_top_k_hit"": true, ""candidate_depth"": 100, ""ranking_k"": 10}"
drug_6409,Khi nào nên sử dụng thuốc Broncho-Vaxom?,2,"[""doc_9e0ceac1225a8fdce8f1dc8b""]","[""ctx_a5c931e6e8a984a8922df2cc""]",4,1,2,1,True,True,BOTH_HIT,hit_at_evaluated_cutoff,BOTH_HIT,"{""bm25_hit"": true, ""dense_hit"": true, ""union_hit"": true, ""candidate_hit"": true, ""reranker_top_k_hit"": true, ""candidate_depth"": 100, ""ranking_k"": 10}"
drug_1887,Cách bảo quản của Aluminium Phosphate Gel như thế nào?,2,"[""doc_989cb1a384a0640f6afc7bb7""]","[""ctx_34c048b167ad1adbda717b4f""]",3,1,2,1,True,True,BOTH_HIT,hit_at_evaluated_cutoff,BOTH_HIT,"{""bm25_hit"": true, ""dense_hit"": true, ""union_hit"": true, ""candidate_hit"": true, ""reranker_top_k_hit"": true, ""candidate_depth"": 100, ""ranking_k"": 10}"
drug_3869,Ngoài người có mẫn cảm với bất kỳ thành phần nào của thuốc thì thuốc Atorvastatin T.V Pharm còn chống chỉ định với những đối tượng nào khác?,2,"[""doc_62ab3f316a440dabdc68c272""]","[""ctx_82f2230fcd7d0098621ea14a""]",1,1,1,1,True,True,BOTH_HIT,hit_at_evaluated_cutoff,BOTH_HIT,"{""bm25_hit"": true, ""dense_hit"": true, ""union_hit"": true, ""candidate_hit"": true, ""reranker_top_k_hit"": true, ""candidate_depth"": 100, ""ranking_k"": 10}"
drug_4804,1 hộp thuốc Banitase thường có bao nhiêu vỉ?,2,"[""doc_ec7da62d1633bbadb4555fcd""]","[""ctx_1e461f732f2ce2916f124faa""]",2,2,2,1,True,True,BOTH_HIT,hit_at_evaluated_cutoff,BOTH_HIT,"{""bm25_hit"": true, ""dense_hit"": true, ""union_hit"": true, ""candidate_hit"": true, ""reranker_top_k_hit"": true, ""candidate_depth"": 100, ""ranking_k"": 10}"
drug_8775,Cách xử trí được thực hiện khi dùng quá liều dextromethorphan1 của Coldko là gì?,2,"[""doc_44594a321e3bfbe2a124e476""]","[""ctx_7eed2fbb662aec10055d621a""]",,,,,False,False,BOTH_MISS;CANDIDATE_MISS;DOC_AND_CHUNK_MISS,retrieval_or_fusion,BOTH_MISS; CANDIDATE_MISS; DOC_AND_CHUNK_MISS,"{""bm25_hit"": false, ""dense_hit"": false, ""union_hit"": false, ""candidate_hit"": false, ""reranker_top_k_hit"": false, ""candidate_depth"": 100, ""ranking_k"": 10}"
drug_5086,"Khi sử dụng Belaf, người dùng có thể gặp phải những tác dụng phụ nào?",2,"[""doc_cce3e0fa8009b4ac854f89f2""]","[""ctx_b38514c104a56bb55ad41e90""]",1,1,1,1,True,True,BOTH_HIT,hit_at_evaluated_cutoff,BOTH_HIT,"{""bm25_hit"": true, ""dense_hit"": true, ""union_hit"": true, ""candidate_hit"": true, ""reranker_top_k_hit"": true, ""candidate_depth"": 100, ""ranking_k"": 10}"
drug_1142,Agifivit 200 mg là thuốc dùng để điều trị bệnh gì?,2,"[""doc_17a47af196283b381db39a2b""]","[""ctx_f8c8ea8b0a40eec452a2bcb6""]",44,2,3,1,True,True,BOTH_HIT,hit_at_evaluated_cutoff,BOTH_HIT,"{""bm25_hit"": true, ""dense_hit"": true, ""union_hit"": true, ""candidate_hit"": true, ""reranker_top_k_hit"": true, ""candidate_depth"": 100, ""ranking_k"": 10}"
drug_3101,Mốc thời gian dùng thuốc Arcoxia (etoricoxib) trong ngày là vào lúc nào?,2,"[""doc_c4be66f994842dc2c7752349""]","[""ctx_8b7dab51d0095598573cfaa0""]",5,1,3,1,True,True,BOTH_HIT,hit_at_evaluated_cutoff,BOTH_HIT,"{""bm25_hit"": true, ""dense_hit"": true, ""union_hit"": true, ""candidate_hit"": true, ""reranker_top_k_hit"": true, ""candidate_depth"": 100, ""ranking_k"": 10}"
drug_7817,Ai nên tránh xa Cenditan?,2,"[""doc_bceb46182f8a236c78fdfca6""]","[""ctx_a6b3bd49447a42576a8474c2""]",1,4,1,2,True,True,BOTH_HIT,hit_at_evaluated_cutoff,BOTH_HIT,"{""bm25_hit"": true, ""dense_hit"": true, ""union_hit"": true, ""candidate_hit"": true, ""reranker_top_k_hit"": true, ""candidate_depth"": 100, ""ranking_k"": 10}"
drug_7676,Tương tác giữa Cefurobiotic và Probenecid liều cao có liên quan đến chức năng nào của cơ thể?,2,"[""doc_385daf97a47fcb258d53b85d""]","[""ctx_f5b8125301a9ac219a31422f""]",1,1,1,1,True,True,BOTH_HIT,hit_at_evaluated_cutoff,BOTH_HIT,"{""bm25_hit"": true, ""dense_hit"": true, ""union_hit"": true, ""candidate_hit"": true, ""reranker_top_k_hit"": true, ""candidate_depth"": 100, ""ranking_k"": 10}"
drug_8214,Phụ nữ mang thai hoặc cho con bú có nên sử dụng thuốc Cidetuss không?,2,"[""doc_31292a8c9a4a7b28056ab3c0""]","[""ctx_9df1f17efe4c20c8e9c569c7""]",79,93,54,3,True,True,BOTH_HIT,hit_at_evaluated_cutoff,BOTH_HIT,"{""bm25_hit"": true, ""dense_hit"": true, ""union_hit"": true, ""candidate_hit"": true, ""reranker_top_k_hit"": true, ""candidate_depth"": 100, ""ranking_k"": 10}"
drug_6762,Triệu chứng sớm khi sử dụng Calcigenol liều cao và kéo dài là gì?,2,"[""doc_5daf5bb5675c9524ebac550c""]","[""ctx_e46f4ee496abf7b5ebf3f80f""]",1,1,1,1,True,True,BOTH_HIT,hit_at_evaluated_cutoff,BOTH_HIT,"{""bm25_hit"": true, ""dense_hit"": true, ""union_hit"": true, ""candidate_hit"": true, ""reranker_top_k_hit"": true, ""candidate_depth"": 100, ""ranking_k"": 10}"
drug_5726,Thuốc Biginol có thể tương tác với thuốc nào dẫn đến tăng nguy cơ chậm nhịp tim?,2,"[""doc_f5e83b9487a2959505733acb""]","[""ctx_9e14435f97ded998c7c5bf23""]",3,13,2,1,True,True,BOTH_HIT,hit_at_evaluated_cutoff,BOTH_HIT,"{""bm25_hit"": true, ""dense_hit"": true, ""union_hit"": true, ""candidate_hit"": true, ""reranker_top_k_hit"": true, ""candidate_depth"": 100, ""ranking_k"": 10}"
drug_1565,"Khi sử dụng Algelstad, cần lưu ý những vấn đề gì?",2,"[""doc_7c80d0a835c97c670a6209d7""]","[""ctx_454069b6b3cf35c193058bf2""]",1,1,1,1,True,True,BOTH_HIT,hit_at_evaluated_cutoff,BOTH_HIT,"{""bm25_hit"": true, ""dense_hit"": true, ""union_hit"": true, ""candidate_hit"": true, ""reranker_top_k_hit"": true, ""candidate_depth"": 100, ""ranking_k"": 10}"
drug_7222,Carflem cần được bảo quản như thế nào để đảm bảo chất lượng?,2,"[""doc_546c3a4b3eb3fc75bdb7689c""]","[""ctx_5fa08a44f921bf24073780f6""]",43,1,2,1,True,True,BOTH_HIT,hit_at_evaluated_cutoff,BOTH_HIT,"{""bm25_hit"": true, ""dense_hit"": true, ""union_hit"": true, ""candidate_hit"": true, ""reranker_top_k_hit"": true, ""candidate_depth"": 100, ""ranking_k"": 10}"
drug_2778,Anaferon Materia là thuốc gì?,2,"[""doc_515e9fedb7acf84476cbff88""]","[""ctx_2d77d95f7dd3b849f56e8142""]",,58,,,False,True,DENSE_ONLY_HIT;FUSION_DROPPED;CANDIDATE_MISS;DOC_HIT_CHUNK_MISS,retrieval_or_fusion,DENSE_ONLY_HIT; FUSION_DROPPED; CANDIDATE_MISS; DOC_HIT_CHUNK_MISS,"{""bm25_hit"": false, ""dense_hit"": true, ""union_hit"": true, ""candidate_hit"": false, ""reranker_top_k_hit"": false, ""candidate_depth"": 100, ""ranking_k"": 10}"
drug_2754,Trong những trường hợp nào An Cung Ngưu Hoàng Hoàn được sử dụng?,2,"[""doc_131b3e12127442d1c9243771""]","[""ctx_9f5b2a82bdeec132f8860e80""]",,76,,,False,True,DENSE_ONLY_HIT;FUSION_DROPPED;CANDIDATE_MISS;DOC_HIT_CHUNK_MISS,retrieval_or_fusion,DENSE_ONLY_HIT; FUSION_DROPPED; CANDIDATE_MISS; DOC_HIT_CHUNK_MISS,"{""bm25_hit"": false, ""dense_hit"": true, ""union_hit"": true, ""candidate_hit"": false, ""reranker_top_k_hit"": false, ""candidate_depth"": 100, ""ranking_k"": 10}"
drug_989,"Ngoài tác dụng phụ mệt mỏi, thuốc Aerius 5 mg còn có thể gây ra tác dụng phụ nào khác?",2,"[""doc_a448e0f4bb76e0c607cf4e1c""]","[""ctx_501849bf8d9edb03afc38ad4""]",1,1,1,1,True,True,BOTH_HIT,hit_at_evaluated_cutoff,BOTH_HIT,"{""bm25_hit"": true, ""dense_hit"": true, ""union_hit"": true, ""candidate_hit"": true, ""reranker_top_k_hit"": true, ""candidate_depth"": 100, ""ranking_k"": 10}"
drug_1810,Thuốc Alsiful S.R có thể phối hợp với loại thuốc nào?,2,"[""doc_b67304ea2c8f5eaf1f160497""]","[""ctx_1f8dc3b324e6425f01166f70""]",31,21,9,14,False,True,BOTH_HIT;RERANKER_MISS;SELECTION_MISS;DOC_HIT_CHUNK_MISS,reranker,BOTH_HIT; RERANKER_MISS; SELECTION_MISS; DOC_HIT_CHUNK_MISS,"{""bm25_hit"": true, ""dense_hit"": true, ""union_hit"": true, ""candidate_hit"": true, ""reranker_top_k_hit"": false, ""candidate_depth"": 100, ""ranking_k"": 10}"
drug_2913,"Ai nên tham khảo ý kiến của bác sĩ, dược sĩ trước khi sử dụng thuốc Antacil?",2,"[""doc_ab4fdc78bccfb65794df0b90""]","[""ctx_c83f2c98dd7a948575b68fa6""]",1,1,1,1,True,True,BOTH_HIT,hit_at_evaluated_cutoff,BOTH_HIT,"{""bm25_hit"": true, ""dense_hit"": true, ""union_hit"": true, ""candidate_hit"": true, ""reranker_top_k_hit"": true, ""candidate_depth"": 100, ""ranking_k"": 10}"
drug_1366,Albendazol được chuyển hóa ở đâu?,2,"[""doc_25d9189920ce19b9dd23d58f""]","[""ctx_48ccb81067e571ad6cf6ab37""]",1,4,1,1,True,True,BOTH_HIT,hit_at_evaluated_cutoff,BOTH_HIT,"{""bm25_hit"": true, ""dense_hit"": true, ""union_hit"": true, ""candidate_hit"": true, ""reranker_top_k_hit"": true, ""candidate_depth"": 100, ""ranking_k"": 10}"
drug_8556,Clopias là thuốc gì?,2,"[""doc_e70de9a468512b59d3239283""]","[""ctx_10e984a2a315b43d24aca5a5""]",2,1,1,1,True,True,BOTH_HIT,hit_at_evaluated_cutoff,BOTH_HIT,"{""bm25_hit"": true, ""dense_hit"": true, ""union_hit"": true, ""candidate_hit"": true, ""reranker_top_k_hit"": true, ""candidate_depth"": 100, ""ranking_k"": 10}"
drug_2715,Phản ứng phản vệ là tác dụng phụ nào của Ampicillin Mekophar?,2,"[""doc_f32c3ea22a61be9519008128""]","[""ctx_465ed369327e976be17efefd""]",42,,87,1,True,True,BM25_ONLY_HIT,hit_at_evaluated_cutoff,BM25_ONLY_HIT,"{""bm25_hit"": true, ""dense_hit"": false, ""union_hit"": true, ""candidate_hit"": true, ""reranker_top_k_hit"": true, ""candidate_depth"": 100, ""ranking_k"": 10}"
drug_6096,Bixicam là loại thuốc gì?,2,"[""doc_dbc23c2a2333d9babf2f7806""]","[""ctx_e0ddbae6e52ffe7aa3959975""]",,,,,False,True,BOTH_MISS;CANDIDATE_MISS;DOC_HIT_CHUNK_MISS,retrieval_or_fusion,BOTH_MISS; CANDIDATE_MISS; DOC_HIT_CHUNK_MISS,"{""bm25_hit"": false, ""dense_hit"": false, ""union_hit"": false, ""candidate_hit"": false, ""reranker_top_k_hit"": false, ""candidate_depth"": 100, ""ranking_k"": 10}"
drug_669,"Trong quá trình sử dụng Actapulgite, nếu có xảy ra tác dụng không mong muốn nào thì nên làm gì?",2,"[""doc_d598c160218602b5ceedbb71""]","[""ctx_770d96a3ef17fbb00baa053f""]",1,3,1,2,True,True,BOTH_HIT,hit_at_evaluated_cutoff,BOTH_HIT,"{""bm25_hit"": true, ""dense_hit"": true, ""union_hit"": true, ""candidate_hit"": true, ""reranker_top_k_hit"": true, ""candidate_depth"": 100, ""ranking_k"": 10}"
drug_2775,Thuốc - An Thảo Nam Dược - có phù hợp cho phụ nữ mang thai sử dụng không?,2,"[""doc_cabb620db1d7957d5c61faec""]","[""ctx_9877b99037bd5d0cd9f81109""]",1,6,2,2,True,True,BOTH_HIT,hit_at_evaluated_cutoff,BOTH_HIT,"{""bm25_hit"": true, ""dense_hit"": true, ""union_hit"": true, ""candidate_hit"": true, ""reranker_top_k_hit"": true, ""candidate_depth"": 100, ""ranking_k"": 10}"
drug_1556,"Khi dùng Algelstad cùng với thuốc kháng acid, có thể xảy ra những tương tác gì?",2,"[""doc_7c80d0a835c97c670a6209d7""]","[""ctx_e79ebeb651a9b84879a0fba3""]",1,1,1,1,True,True,BOTH_HIT,hit_at_evaluated_cutoff,BOTH_HIT,"{""bm25_hit"": true, ""dense_hit"": true, ""union_hit"": true, ""candidate_hit"": true, ""reranker_top_k_hit"": true, ""candidate_depth"": 100, ""ranking_k"": 10}"
drug_432,Khi dùng thuốc Acetazolamid có thể gây ra tình trạng gì?,2,"[""doc_8df8cf08994011af0edbb16c""]","[""ctx_1974bda82cec3f4588961dcc""]",,,,,False,True,BOTH_MISS;CANDIDATE_MISS;DOC_HIT_CHUNK_MISS,retrieval_or_fusion,BOTH_MISS; CANDIDATE_MISS; DOC_HIT_CHUNK_MISS,"{""bm25_hit"": false, ""dense_hit"": false, ""union_hit"": false, ""candidate_hit"": false, ""reranker_top_k_hit"": false, ""candidate_depth"": 100, ""ranking_k"": 10}"
drug_6307,"Khi quá liều Brexin, cần làm gì để xử trí kịp thời?",2,"[""doc_6b8f3de16a479d143d38eca9""]","[""ctx_f1d32d7abcc07db0d7e87d44""]",1,1,1,1,True,True,BOTH_HIT,hit_at_evaluated_cutoff,BOTH_HIT,"{""bm25_hit"": true, ""dense_hit"": true, ""union_hit"": true, ""candidate_hit"": true, ""reranker_top_k_hit"": true, ""candidate_depth"": 100, ""ranking_k"": 10}"
drug_417,"Người bệnh nào có nguy cơ phản ứng kiểu dị ứng, phản vệ, hen đe dọa tính mạng khi dùng Acepron 250 mg?",2,"[""doc_6b06fb4395e4947bb9356e71""]","[""ctx_c7bf6f87264510a89c3ac529""]",1,24,5,1,True,True,BOTH_HIT,hit_at_evaluated_cutoff,BOTH_HIT,"{""bm25_hit"": true, ""dense_hit"": true, ""union_hit"": true, ""candidate_hit"": true, ""reranker_top_k_hit"": true, ""candidate_depth"": 100, ""ranking_k"": 10}"
drug_2836,Những đối tượng nào chống chỉ định dùng Anapa?,2,"[""doc_98e18ec808d9b4b2492c9191""]","[""ctx_bfde0a99ba21ffbe32287142""]",,,,,False,True,BOTH_MISS;CANDIDATE_MISS;DOC_HIT_CHUNK_MISS,retrieval_or_fusion,BOTH_MISS; CANDIDATE_MISS; DOC_HIT_CHUNK_MISS,"{""bm25_hit"": false, ""dense_hit"": false, ""union_hit"": false, ""candidate_hit"": false, ""reranker_top_k_hit"": false, ""candidate_depth"": 100, ""ranking_k"": 10}"
drug_7246,Carsantin nên được lưu giữ ở loại môi trường như thế nào?,2,"[""doc_148dffd00d9c8be20c89ffa9""]","[""ctx_046cb13ba583725a12621314""]",3,1,1,1,True,True,BOTH_HIT,hit_at_evaluated_cutoff,BOTH_HIT,"{""bm25_hit"": true, ""dense_hit"": true, ""union_hit"": true, ""candidate_hit"": true, ""reranker_top_k_hit"": true, ""candidate_depth"": 100, ""ranking_k"": 10}"
drug_7425,Có bằng chứng đầy đủ về các tác động của thuốc Cefaclor trên trẻ đang bú mẹ hay không?,2,"[""doc_ff60c710202e8ab1b16292e3""]","[""ctx_52d5c11cfb555c1b0ebf7749""]",1,1,1,1,True,True,BOTH_HIT,hit_at_evaluated_cutoff,BOTH_HIT,"{""bm25_hit"": true, ""dense_hit"": true, ""union_hit"": true, ""candidate_hit"": true, ""reranker_top_k_hit"": true, ""candidate_depth"": 100, ""ranking_k"": 10}"
drug_3357,Thuốc Aspilets EC có thể tương tác với thuốc Naproxen không?,2,"[""doc_ae74fe81300d2dbb35b2caaf""]","[""ctx_094fd0929f73716dbf3d10c0""]",57,,90,2,True,True,BM25_ONLY_HIT,hit_at_evaluated_cutoff,BM25_ONLY_HIT,"{""bm25_hit"": true, ""dense_hit"": false, ""union_hit"": true, ""candidate_hit"": true, ""reranker_top_k_hit"": true, ""candidate_depth"": 100, ""ranking_k"": 10}"
drug_5,"Để đảm bảo hiệu quả khi sử dụng thuốc 3B Medi, người dùng nên sử dụng thuốc như thế nào?",2,"[""doc_0ebd8c2a72d834e15acf2c9a""]","[""ctx_9d9ccdc7ec63c1318da1a578""]",1,2,1,1,True,True,BOTH_HIT,hit_at_evaluated_cutoff,BOTH_HIT,"{""bm25_hit"": true, ""dense_hit"": true, ""union_hit"": true, ""candidate_hit"": true, ""reranker_top_k_hit"": true, ""candidate_depth"": 100, ""ranking_k"": 10}"
drug_8310,Điều kiện nhiệt độ để bảo quản Cimetidine MKP là gì?,2,"[""doc_9be39bb152ed2eb72720c4f6""]","[""ctx_f951138c58451c0d656f336a""]",,,,,False,True,BOTH_MISS;CANDIDATE_MISS;DOC_HIT_CHUNK_MISS,retrieval_or_fusion,BOTH_MISS; CANDIDATE_MISS; DOC_HIT_CHUNK_MISS,"{""bm25_hit"": false, ""dense_hit"": false, ""union_hit"": false, ""candidate_hit"": false, ""reranker_top_k_hit"": false, ""candidate_depth"": 100, ""ranking_k"": 10}"
drug_6813,Khi nào phụ nữ mang thai và cho con bú nên dùng Calcium Corbiere Extra?,2,"[""doc_8482a296e03ed4699147f5be""]","[""ctx_e9ec9652cfa066ef5228733b""]",2,1,2,1,True,True,BOTH_HIT,hit_at_evaluated_cutoff,BOTH_HIT,"{""bm25_hit"": true, ""dense_hit"": true, ""union_hit"": true, ""candidate_hit"": true, ""reranker_top_k_hit"": true, ""candidate_depth"": 100, ""ranking_k"": 10}"
drug_3249,Sử dụng liều cao thuốc Artrodar có thể gây ra tình trạng nào?,2,"[""doc_492c9fc22a64ff6b57ea98bd""]","[""ctx_0b944c24cd92401175e0819e""]",,,,,False,True,BOTH_MISS;CANDIDATE_MISS;DOC_HIT_CHUNK_MISS,retrieval_or_fusion,BOTH_MISS; CANDIDATE_MISS; DOC_HIT_CHUNK_MISS,"{""bm25_hit"": false, ""dense_hit"": false, ""union_hit"": false, ""candidate_hit"": false, ""reranker_top_k_hit"": false, ""candidate_depth"": 100, ""ranking_k"": 10}"
drug_5490,Mục đích của việc dùng thuốc Betahistine với thức ăn là gì?,2,"[""doc_80b4491e400ace37d38cc0a7""]","[""ctx_242781fd589e2bd1a848c288""]",7,1,1,1,True,True,BOTH_HIT,hit_at_evaluated_cutoff,BOTH_HIT,"{""bm25_hit"": true, ""dense_hit"": true, ""union_hit"": true, ""candidate_hit"": true, ""reranker_top_k_hit"": true, ""candidate_depth"": 100, ""ranking_k"": 10}"
drug_7163,Thuốc Carbotrim được sử dụng trong tình huống nào?,2,"[""doc_7888c674cde3c265b9fdd529""]","[""ctx_abd0ac43d1edc1a2f4ef3cf4""]",1,1,1,1,True,True,BOTH_HIT,hit_at_evaluated_cutoff,BOTH_HIT,"{""bm25_hit"": true, ""dense_hit"": true, ""union_hit"": true, ""candidate_hit"": true, ""reranker_top_k_hit"": true, ""candidate_depth"": 100, ""ranking_k"": 10}"
drug_7733,Thuốc Celecoxib (Celebrex) có thể gây ra các vấn đề về tiêu hoá nào?,2,"[""doc_1a9ccc5f14e878ec652b8358""]","[""ctx_cf24ff4d540c508686fc5ac3""]",,71,,,False,True,DENSE_ONLY_HIT;FUSION_DROPPED;CANDIDATE_MISS;DOC_HIT_CHUNK_MISS,retrieval_or_fusion,DENSE_ONLY_HIT; FUSION_DROPPED; CANDIDATE_MISS; DOC_HIT_CHUNK_MISS,"{""bm25_hit"": false, ""dense_hit"": true, ""union_hit"": true, ""candidate_hit"": false, ""reranker_top_k_hit"": false, ""candidate_depth"": 100, ""ranking_k"": 10}"
drug_9234,Cravit có tác dụng đối với những loại vi khuẩn nào?,2,"[""doc_c206f5182a8840e423a6e8f0""]","[""ctx_0e5035670366a02c2b0e4b52""]",11,1,2,1,True,True,BOTH_HIT,hit_at_evaluated_cutoff,BOTH_HIT,"{""bm25_hit"": true, ""dense_hit"": true, ""union_hit"": true, ""candidate_hit"": true, ""reranker_top_k_hit"": true, ""candidate_depth"": 100, ""ranking_k"": 10}"
drug_8651,Khi nào phụ nữ có thai và mẹ cho con bú có thể sử dụng Cloviracinob?,2,"[""doc_0ff1134eee2bf3849726ae82""]","[""ctx_5ba91fc59455a509138512e0""]",1,1,1,1,True,True,BOTH_HIT,hit_at_evaluated_cutoff,BOTH_HIT,"{""bm25_hit"": true, ""dense_hit"": true, ""union_hit"": true, ""candidate_hit"": true, ""reranker_top_k_hit"": true, ""candidate_depth"": 100, ""ranking_k"": 10}"
drug_7300,Thuốc Cavinton có gây ra những tác dụng phụ nào liên quan đến hệ tiêu hóa?,2,"[""doc_1d1f8ac3bd8f8c61e73a986d""]","[""ctx_e26a60d4d4fac6c5915e2b88""]",,,,,False,False,BOTH_MISS;CANDIDATE_MISS;DOC_AND_CHUNK_MISS,retrieval_or_fusion,BOTH_MISS; CANDIDATE_MISS; DOC_AND_CHUNK_MISS,"{""bm25_hit"": false, ""dense_hit"": false, ""union_hit"": false, ""candidate_hit"": false, ""reranker_top_k_hit"": false, ""candidate_depth"": 100, ""ranking_k"": 10}"
drug_7467,"Ngoài điều trị các nhiễm khuẩn nặng, thuốc Cefalexin còn điều trị các trường hợp nhiễm khuẩn đường hô hấp nào?",2,"[""doc_4f5203dc4b2df6596732e85f""]","[""ctx_1a1d5016793da65526062a62""]",1,13,2,1,True,True,BOTH_HIT,hit_at_evaluated_cutoff,BOTH_HIT,"{""bm25_hit"": true, ""dense_hit"": true, ""union_hit"": true, ""candidate_hit"": true, ""reranker_top_k_hit"": true, ""candidate_depth"": 100, ""ranking_k"": 10}"
drug_8296,Thuốc Cimetidine MKP có tác dụng thế nào trong điều trị trào ngược dạ dày thực quản?,2,"[""doc_9be39bb152ed2eb72720c4f6""]","[""ctx_5aa369a63430366b5e0d93c4""]",1,1,1,1,True,True,BOTH_HIT,hit_at_evaluated_cutoff,BOTH_HIT,"{""bm25_hit"": true, ""dense_hit"": true, ""union_hit"": true, ""candidate_hit"": true, ""reranker_top_k_hit"": true, ""candidate_depth"": 100, ""ranking_k"": 10}"
drug_2215,Thuốc Amilavil được sử dụng như thế nào ở người cao tuổi bị sa sút trí tuệ và tổn thương não?,2,"[""doc_f0086dadfe67bc5bbba31701""]","[""ctx_6a1fd5a503c99072196621ca""]",12,,30,1,True,True,BM25_ONLY_HIT,hit_at_evaluated_cutoff,BM25_ONLY_HIT,"{""bm25_hit"": true, ""dense_hit"": false, ""union_hit"": true, ""candidate_hit"": true, ""reranker_top_k_hit"": true, ""candidate_depth"": 100, ""ranking_k"": 10}"
drug_1310,Biện pháp xử lý khi quá liều thuốc Air-X hương cam/hương bạc hà là gì?,2,"[""doc_9ab51b4f3885543e24c922e8""]","[""ctx_7cf685cf08ca94ef7806f3aa""]",6,,24,1,True,True,BM25_ONLY_HIT,hit_at_evaluated_cutoff,BM25_ONLY_HIT,"{""bm25_hit"": true, ""dense_hit"": false, ""union_hit"": true, ""candidate_hit"": true, ""reranker_top_k_hit"": true, ""candidate_depth"": 100, ""ranking_k"": 10}"
drug_1523,Tại sao cần phải lưu ý khi bảo quản thuốc Aldactone (spironolactone)?,2,"[""doc_4ecfd8106ba9a4d589d36cae""]","[""ctx_a99c852907abbfdf96503ba9""]",1,1,1,1,True,True,BOTH_HIT,hit_at_evaluated_cutoff,BOTH_HIT,"{""bm25_hit"": true, ""dense_hit"": true, ""union_hit"": true, ""candidate_hit"": true, ""reranker_top_k_hit"": true, ""candidate_depth"": 100, ""ranking_k"": 10}"
drug_4623,Trong thuốc Bactroban có hoạt tính mupirocin hay axit mupirocin?,2,"[""doc_f3199866dd6a59fe42ced86b""]","[""ctx_a404cce488db510612a67f0f""]",1,1,1,1,True,True,BOTH_HIT,hit_at_evaluated_cutoff,BOTH_HIT,"{""bm25_hit"": true, ""dense_hit"": true, ""union_hit"": true, ""candidate_hit"": true, ""reranker_top_k_hit"": true, ""candidate_depth"": 100, ""ranking_k"": 10}"
drug_1795,Alputine 80mg nên được bảo quản như thế nào để tránh các tác động xấu đến chất lượng thuốc?,2,"[""doc_1b31b2ed542bbac01fd5ee03""]","[""ctx_fba8aa9bbab20b91f5662ebb""]",,53,,,False,True,DENSE_ONLY_HIT;FUSION_DROPPED;CANDIDATE_MISS;DOC_HIT_CHUNK_MISS,retrieval_or_fusion,DENSE_ONLY_HIT; FUSION_DROPPED; CANDIDATE_MISS; DOC_HIT_CHUNK_MISS,"{""bm25_hit"": false, ""dense_hit"": true, ""union_hit"": true, ""candidate_hit"": false, ""reranker_top_k_hit"": false, ""candidate_depth"": 100, ""ranking_k"": 10}"
drug_299,Cần theo dõi biểu hiện nào ở người bệnh khi bị nôn dữ dội khi uống thuốc Acecyst?,2,"[""doc_5ee921f4ce59fbbcbfa7be0b""]","[""ctx_295e8d1c8799e5610d0edf35""]",1,1,1,1,True,True,BOTH_HIT,hit_at_evaluated_cutoff,BOTH_HIT,"{""bm25_hit"": true, ""dense_hit"": true, ""union_hit"": true, ""candidate_hit"": true, ""reranker_top_k_hit"": true, ""candidate_depth"": 100, ""ranking_k"": 10}"
drug_3221,Liều thuốc Artreil có thể chồng lên hay không?,2,"[""doc_ab00b8183937fa4cbf5192a0""]","[""ctx_19e356dba8179e34d0edfe27""]",,,,,False,False,BOTH_MISS;CANDIDATE_MISS;DOC_AND_CHUNK_MISS,retrieval_or_fusion,BOTH_MISS; CANDIDATE_MISS; DOC_AND_CHUNK_MISS,"{""bm25_hit"": false, ""dense_hit"": false, ""union_hit"": false, ""candidate_hit"": false, ""reranker_top_k_hit"": false, ""candidate_depth"": 100, ""ranking_k"": 10}"
drug_1532,Thuốc Aleucin 500 mg có chống chỉ định sử dụng đối với phụ nữ mang thai không?,2,"[""doc_c968e18da69a4d8e26d68e39""]","[""ctx_0fbb55a5d33d453bb7c22596""]",2,1,1,1,True,True,BOTH_HIT,hit_at_evaluated_cutoff,BOTH_HIT,"{""bm25_hit"": true, ""dense_hit"": true, ""union_hit"": true, ""candidate_hit"": true, ""reranker_top_k_hit"": true, ""candidate_depth"": 100, ""ranking_k"": 10}"
drug_9237,"Khi dùng thuốc Cravit, điều gì cần lưu ý?",2,"[""doc_c206f5182a8840e423a6e8f0""]","[""ctx_be88a63d5a61b14fa66d8f52""]",,,,,False,True,BOTH_MISS;CANDIDATE_MISS;DOC_HIT_CHUNK_MISS,retrieval_or_fusion,BOTH_MISS; CANDIDATE_MISS; DOC_HIT_CHUNK_MISS,"{""bm25_hit"": false, ""dense_hit"": false, ""union_hit"": false, ""candidate_hit"": false, ""reranker_top_k_hit"": false, ""candidate_depth"": 100, ""ranking_k"": 10}"
drug_3036,Phụ nữ mang thai có được sử dụng thuốc Apitim không?,2,"[""doc_d46931d16f62d5a98a0be9b5""]","[""ctx_5fe0f561473b79379a9a938d""]",,,,,False,False,BOTH_MISS;CANDIDATE_MISS;DOC_AND_CHUNK_MISS,retrieval_or_fusion,BOTH_MISS; CANDIDATE_MISS; DOC_AND_CHUNK_MISS,"{""bm25_hit"": false, ""dense_hit"": false, ""union_hit"": false, ""candidate_hit"": false, ""reranker_top_k_hit"": false, ""candidate_depth"": 100, ""ranking_k"": 10}"
drug_7890,Thuốc Ceritine có bài tiết qua sữa mẹ không?,2,"[""doc_05c2fbbf20bed1fc0d61d4c1""]","[""ctx_60f0e6b6f5dcddcd2fb89bcd""]",1,1,1,1,True,True,BOTH_HIT,hit_at_evaluated_cutoff,BOTH_HIT,"{""bm25_hit"": true, ""dense_hit"": true, ""union_hit"": true, ""candidate_hit"": true, ""reranker_top_k_hit"": true, ""candidate_depth"": 100, ""ranking_k"": 10}"
drug_7199,Cần lưu ý gì khi sử dụng thuốc Cardilopin?,2,"[""doc_3800295553ab37ea0921ad83""]","[""ctx_a4b946eab89ed979dc34fab3""]",17,2,4,3,True,True,BOTH_HIT,hit_at_evaluated_cutoff,BOTH_HIT,"{""bm25_hit"": true, ""dense_hit"": true, ""union_hit"": true, ""candidate_hit"": true, ""reranker_top_k_hit"": true, ""candidate_depth"": 100, ""ranking_k"": 10}"
drug_2491,Tại sao Amoxicillin 500 mg Mekophar không nên sử dụng cho người đã từng bị dị ứng với bất kỳ loại amoxicillin hoặc dị ứng với bất kỳ penicilin nào?,2,"[""doc_fc65fc11af8d074988e4e55b""]","[""ctx_c5acae9ae4ccaa859d8d54d6""]",1,1,1,1,True,True,BOTH_HIT,hit_at_evaluated_cutoff,BOTH_HIT,"{""bm25_hit"": true, ""dense_hit"": true, ""union_hit"": true, ""candidate_hit"": true, ""reranker_top_k_hit"": true, ""candidate_depth"": 100, ""ranking_k"": 10}"
drug_3909,Thuốc Atussin có thành phần tá dược nào?,2,"[""doc_ee1a88f1112268b4644f8055""]","[""ctx_f486d49f0311dbf31bcaf113""]",1,20,2,1,True,True,BOTH_HIT,hit_at_evaluated_cutoff,BOTH_HIT,"{""bm25_hit"": true, ""dense_hit"": true, ""union_hit"": true, ""candidate_hit"": true, ""reranker_top_k_hit"": true, ""candidate_depth"": 100, ""ranking_k"": 10}"
drug_1832,Sử dụng đồng thời Altamin với các thuốc nào có thể làm tăng tác dụng nhuận tẩy?,2,"[""doc_a363278e0a53c1a6de163838""]","[""ctx_bf3c352f38277a576eb854f1""]",1,1,1,1,True,True,BOTH_HIT,hit_at_evaluated_cutoff,BOTH_HIT,"{""bm25_hit"": true, ""dense_hit"": true, ""union_hit"": true, ""candidate_hit"": true, ""reranker_top_k_hit"": true, ""candidate_depth"": 100, ""ranking_k"": 10}"
drug_5706,Những nhóm người cần thận trọng khi sử dụng thuốc Bifril?,2,"[""doc_1906b10101f7b713889f225a""]","[""ctx_5977dfbfe542676b2b1b7ca2""]",2,4,1,1,True,True,BOTH_HIT,hit_at_evaluated_cutoff,BOTH_HIT,"{""bm25_hit"": true, ""dense_hit"": true, ""union_hit"": true, ""candidate_hit"": true, ""reranker_top_k_hit"": true, ""candidate_depth"": 100, ""ranking_k"": 10}"
drug_4678,Liều lượng thuốc Baby Septol là bao nhiêu đối với trẻ từ 2-6 tháng tuổi?,2,"[""doc_66ce1791093ffad2226472c9""]","[""ctx_8aca3b99c6a9812cd6dc14c3""]",,81,,,False,True,DENSE_ONLY_HIT;FUSION_DROPPED;CANDIDATE_MISS;DOC_HIT_CHUNK_MISS,retrieval_or_fusion,DENSE_ONLY_HIT; FUSION_DROPPED; CANDIDATE_MISS; DOC_HIT_CHUNK_MISS,"{""bm25_hit"": false, ""dense_hit"": true, ""union_hit"": true, ""candidate_hit"": false, ""reranker_top_k_hit"": false, ""candidate_depth"": 100, ""ranking_k"": 10}"
drug_3334,Khi uống quá liều thuốc Aspegic nên mang theo gì tới bác sĩ?,2,"[""doc_c367898ca1093210e5d8d547""]","[""ctx_4a3a5d397520e5af8b7c5151""]",2,1,1,1,True,True,BOTH_HIT,hit_at_evaluated_cutoff,BOTH_HIT,"{""bm25_hit"": true, ""dense_hit"": true, ""union_hit"": true, ""candidate_hit"": true, ""reranker_top_k_hit"": true, ""candidate_depth"": 100, ""ranking_k"": 10}"
drug_9661,Dexamethasone có tác dụng như thế nào khi điều trị trạng thái hen và bệnh dị ứng nặng?,2,"[""doc_17eeb28d3d3068d26a26b434""]","[""ctx_bb18d6fc558a36d701b6f88e""]",1,3,1,1,True,True,BOTH_HIT,hit_at_evaluated_cutoff,BOTH_HIT,"{""bm25_hit"": true, ""dense_hit"": true, ""union_hit"": true, ""candidate_hit"": true, ""reranker_top_k_hit"": true, ""candidate_depth"": 100, ""ranking_k"": 10}"
drug_4535,Khi nào cần dùng Azibiotic cho phụ nữ mang thai?,2,"[""doc_02e59a806c4e1fd3053a0501""]","[""ctx_e031a4c931be65e49afb6255""]",61,11,19,1,True,True,BOTH_HIT,hit_at_evaluated_cutoff,BOTH_HIT,"{""bm25_hit"": true, ""dense_hit"": true, ""union_hit"": true, ""candidate_hit"": true, ""reranker_top_k_hit"": true, ""candidate_depth"": 100, ""ranking_k"": 10}"
drug_145,Nên sử dụng A.t Ibuprofen Syrup như thế nào?,2,"[""doc_001c96959e111a675851c960""]","[""ctx_754942824d4ebc71c402be2b""]",2,1,1,1,True,True,BOTH_HIT,hit_at_evaluated_cutoff,BOTH_HIT,"{""bm25_hit"": true, ""dense_hit"": true, ""union_hit"": true, ""candidate_hit"": true, ""reranker_top_k_hit"": true, ""candidate_depth"": 100, ""ranking_k"": 10}"
drug_6657,Bột Pha Augmentin có những hàm lượng nào?,2,"[""doc_c59330defb7fb9abf9e1d4d7""]","[""ctx_d48dba9be78fefbe0d006b98""]",1,1,1,1,True,True,BOTH_HIT,hit_at_evaluated_cutoff,BOTH_HIT,"{""bm25_hit"": true, ""dense_hit"": true, ""union_hit"": true, ""candidate_hit"": true, ""reranker_top_k_hit"": true, ""candidate_depth"": 100, ""ranking_k"": 10}"
drug_9406,Cần lưu ý những nguy hiểm tiềm ẩn nào khi bảo quản Cồn Boric?,2,"[""doc_ac2a79090728701f32ee53be""]","[""ctx_ca57c374000e2cca299d3f91""]",1,1,1,2,True,True,BOTH_HIT,hit_at_evaluated_cutoff,BOTH_HIT,"{""bm25_hit"": true, ""dense_hit"": true, ""union_hit"": true, ""candidate_hit"": true, ""reranker_top_k_hit"": true, ""candidate_depth"": 100, ""ranking_k"": 10}"
drug_998,Aerius là loại thuốc gì?,2,"[""doc_12196952935e13a6b1d1fc01""]","[""ctx_ce5c340987b3e062ce8c72a7""]",4,1,2,1,True,True,BOTH_HIT,hit_at_evaluated_cutoff,BOTH_HIT,"{""bm25_hit"": true, ""dense_hit"": true, ""union_hit"": true, ""candidate_hit"": true, ""reranker_top_k_hit"": true, ""candidate_depth"": 100, ""ranking_k"": 10}"
drug_836,Thuốc Acyclovir Stella 800 mg có thể trộn lẫn với các thuốc khác không?,2,"[""doc_e87a0234ac967619f29125cd""]","[""ctx_d5b02d9432b3024475b7fcea""]",1,1,1,1,True,True,BOTH_HIT,hit_at_evaluated_cutoff,BOTH_HIT,"{""bm25_hit"": true, ""dense_hit"": true, ""union_hit"": true, ""candidate_hit"": true, ""reranker_top_k_hit"": true, ""candidate_depth"": 100, ""ranking_k"": 10}"
drug_440,"Nếu quên một liều thuốc Acetazolamid, cần làm gì?",2,"[""doc_9e0ceac1225a8fdce8f1dc8b""]","[""ctx_c42d72a696bb09cf6fdff8df""]",55,47,42,81,False,False,BOTH_HIT;RERANKER_MISS;SELECTION_MISS;DOC_AND_CHUNK_MISS,reranker,BOTH_HIT; RERANKER_MISS; SELECTION_MISS; DOC_AND_CHUNK_MISS,"{""bm25_hit"": true, ""dense_hit"": true, ""union_hit"": true, ""candidate_hit"": true, ""reranker_top_k_hit"": false, ""candidate_depth"": 100, ""ranking_k"": 10}"
drug_5674,Bibonlax có thể dùng để điều trị táo bón do các nguyên nhân gì?,2,"[""doc_5e014db2d16c3ddc9f73a981""]","[""ctx_cb6652ce50d54100956448a4""]",1,1,1,2,True,True,BOTH_HIT,hit_at_evaluated_cutoff,BOTH_HIT,"{""bm25_hit"": true, ""dense_hit"": true, ""union_hit"": true, ""candidate_hit"": true, ""reranker_top_k_hit"": true, ""candidate_depth"": 100, ""ranking_k"": 10}"
drug_6088,Thuốc Biviantac có thể tương tác với những loại thuốc nào?,2,"[""doc_2210e539b977599f120b7316""]","[""ctx_44b4ac98c1a9295953b0932b""]",2,1,1,1,True,True,BOTH_HIT,hit_at_evaluated_cutoff,BOTH_HIT,"{""bm25_hit"": true, ""dense_hit"": true, ""union_hit"": true, ""candidate_hit"": true, ""reranker_top_k_hit"": true, ""candidate_depth"": 100, ""ranking_k"": 10}"
drug_8027,Cần làm gì khi xuất hiện triệu chứng bất thường khi sử dụng thuốc Chlorocina-H?,2,"[""doc_4b4511a6756603028c5cc1a7""]","[""ctx_f0fda381c473507b2ef8f17e""]",1,4,1,3,True,True,BOTH_HIT,hit_at_evaluated_cutoff,BOTH_HIT,"{""bm25_hit"": true, ""dense_hit"": true, ""union_hit"": true, ""candidate_hit"": true, ""reranker_top_k_hit"": true, ""candidate_depth"": 100, ""ranking_k"": 10}"
drug_5631,Phụ nữ trong thời kỳ cho con bú có thể sử dụng thuốc Betmiga 50 mg không?,2,"[""doc_4140a3b8e79aa644b11541ab""]","[""ctx_d7438e3774767f0527e24990""]",1,1,1,1,True,True,BOTH_HIT,hit_at_evaluated_cutoff,BOTH_HIT,"{""bm25_hit"": true, ""dense_hit"": true, ""union_hit"": true, ""candidate_hit"": true, ""reranker_top_k_hit"": true, ""candidate_depth"": 100, ""ranking_k"": 10}"
drug_4661,Những tác dụng ngoại ý thường gặp của thuốc Baburol là gì?,2,"[""doc_8a1115fc2d86cf3d7a69d94a""]","[""ctx_fcecc319043a63ea7602f336""]",1,45,2,1,True,True,BOTH_HIT,hit_at_evaluated_cutoff,BOTH_HIT,"{""bm25_hit"": true, ""dense_hit"": true, ""union_hit"": true, ""candidate_hit"": true, ""reranker_top_k_hit"": true, ""candidate_depth"": 100, ""ranking_k"": 10}"
drug_9634,Phản ứng quá mẫn có thể xảy ra khi dùng thuốc methylprednisolone (Depo-Medrol) không?,2,"[""doc_a1b828f2ed9457f110eaa58e""]","[""ctx_d6e7d411648fd8ea7dafc710""]",,,,,False,True,BOTH_MISS;CANDIDATE_MISS;DOC_HIT_CHUNK_MISS,retrieval_or_fusion,BOTH_MISS; CANDIDATE_MISS; DOC_HIT_CHUNK_MISS,"{""bm25_hit"": false, ""dense_hit"": false, ""union_hit"": false, ""candidate_hit"": false, ""reranker_top_k_hit"": false, ""candidate_depth"": 100, ""ranking_k"": 10}"
drug_6259,"Ngoài việc bảo quản thuốc Bostanex trong bao bì kín, cần lưu ý gì về nơi bảo quản thuốc?",2,"[""doc_55b4e58aa6b141f62c2f48e5""]","[""ctx_dca565ee486840ebfd009971""]",1,1,1,1,True,True,BOTH_HIT,hit_at_evaluated_cutoff,BOTH_HIT,"{""bm25_hit"": true, ""dense_hit"": true, ""union_hit"": true, ""candidate_hit"": true, ""reranker_top_k_hit"": true, ""candidate_depth"": 100, ""ranking_k"": 10}"
drug_6665,Trẻ em từ 3 – 7 tuổi nên sử dụng liều lượng Ca - C 1000 Sandoz Orange như thế nào?,2,"[""doc_1ea0ab80284b4a7dcf8a29b7""]","[""ctx_9b495e77dacd4af8d05f074f""]",6,38,10,1,True,True,BOTH_HIT,hit_at_evaluated_cutoff,BOTH_HIT,"{""bm25_hit"": true, ""dense_hit"": true, ""union_hit"": true, ""candidate_hit"": true, ""reranker_top_k_hit"": true, ""candidate_depth"": 100, ""ranking_k"": 10}"
drug_4506,Azaroin gel có dùng cho phụ nữ mang thai hoặc cho con bú không?:,2,"[""doc_506db948e55e4f3a8ea838e8""]","[""ctx_2cf2e98fbc1622c1c53d9f08""]",1,1,1,1,True,True,BOTH_HIT,hit_at_evaluated_cutoff,BOTH_HIT,"{""bm25_hit"": true, ""dense_hit"": true, ""union_hit"": true, ""candidate_hit"": true, ""reranker_top_k_hit"": true, ""candidate_depth"": 100, ""ranking_k"": 10}"
drug_7789,"Khi không sử dụng thuốc CellCept nữa, nên xử lý thuốc như thế nào để bảo vệ môi trường?",2,"[""doc_55120b29f9e00fc2fd5e324e""]","[""ctx_368be7bd45aae75a1d4c8c23""]",1,1,1,1,True,True,BOTH_HIT,hit_at_evaluated_cutoff,BOTH_HIT,"{""bm25_hit"": true, ""dense_hit"": true, ""union_hit"": true, ""candidate_hit"": true, ""reranker_top_k_hit"": true, ""candidate_depth"": 100, ""ranking_k"": 10}"
drug_805,Cần phải theo dõi thận trọng biểu hiện nào của tác dụng không mong muốn ở bệnh nhân lớn tuổi và suy thận khi dùng Acyclovir Stella 400 mg?,2,"[""doc_25c8c5f149e1213a30a69e43""]","[""ctx_3f5e960e8d40bd520ee3f2d9""]",2,1,2,1,True,True,BOTH_HIT,hit_at_evaluated_cutoff,BOTH_HIT,"{""bm25_hit"": true, ""dense_hit"": true, ""union_hit"": true, ""candidate_hit"": true, ""reranker_top_k_hit"": true, ""candidate_depth"": 100, ""ranking_k"": 10}"
drug_6718,"Trong trường hợp có bất kỳ dấu hiệu nào bất thường khi dùng thuốc Cafein, bệnh nhân nên làm gì?",2,"[""doc_f133ca2299ba7b45dee176be""]","[""ctx_29a606562fdf032038b5ab94""]",9,2,2,1,True,True,BOTH_HIT,hit_at_evaluated_cutoff,BOTH_HIT,"{""bm25_hit"": true, ""dense_hit"": true, ""union_hit"": true, ""candidate_hit"": true, ""reranker_top_k_hit"": true, ""candidate_depth"": 100, ""ranking_k"": 10}"
drug_8160,Ciacca được điều chế dưới dạng gì?,2,"[""doc_f7f8a4d809172409faac93fd""]","[""ctx_4998650ce2e407a6aed7fde8""]",1,1,1,1,True,True,BOTH_HIT,hit_at_evaluated_cutoff,BOTH_HIT,"{""bm25_hit"": true, ""dense_hit"": true, ""union_hit"": true, ""candidate_hit"": true, ""reranker_top_k_hit"": true, ""candidate_depth"": 100, ""ranking_k"": 10}"
drug_5147,Mebendazole là hoạt chất chính có trong thuốc nào?,2,"[""doc_9b7bc27d3b48d3ff54096d2b""]","[""ctx_961dba04a0f5fc351cbab71d""]",1,1,1,1,True,True,BOTH_HIT,hit_at_evaluated_cutoff,BOTH_HIT,"{""bm25_hit"": true, ""dense_hit"": true, ""union_hit"": true, ""candidate_hit"": true, ""reranker_top_k_hit"": true, ""candidate_depth"": 100, ""ranking_k"": 10}"
drug_958,Tác dụng chính của thuốc Advil là gì?,2,"[""doc_21a10113dc26aed0ced514a2""]","[""ctx_05507b6598b6a52a066222a3""]",71,3,11,1,True,True,BOTH_HIT,hit_at_evaluated_cutoff,BOTH_HIT,"{""bm25_hit"": true, ""dense_hit"": true, ""union_hit"": true, ""candidate_hit"": true, ""reranker_top_k_hit"": true, ""candidate_depth"": 100, ""ranking_k"": 10}"
drug_1526,Một số nguyên nhân gây chóng mặt mà Aleucin 500 mg có thể điều trị là gì?,2,"[""doc_c968e18da69a4d8e26d68e39""]","[""ctx_e8182084c20076244a77137b""]",2,1,2,1,True,True,BOTH_HIT,hit_at_evaluated_cutoff,BOTH_HIT,"{""bm25_hit"": true, ""dense_hit"": true, ""union_hit"": true, ""candidate_hit"": true, ""reranker_top_k_hit"": true, ""candidate_depth"": 100, ""ranking_k"": 10}"
drug_5690,Nên thực hiện điều gì trước khi sử dụng thuốc Bibonlax?,2,"[""doc_5e014db2d16c3ddc9f73a981""]","[""ctx_b02d38fa9a189f27c3e046c0""]",,,,,False,True,BOTH_MISS;CANDIDATE_MISS;DOC_HIT_CHUNK_MISS,retrieval_or_fusion,BOTH_MISS; CANDIDATE_MISS; DOC_HIT_CHUNK_MISS,"{""bm25_hit"": false, ""dense_hit"": false, ""union_hit"": false, ""candidate_hit"": false, ""reranker_top_k_hit"": false, ""candidate_depth"": 100, ""ranking_k"": 10}"
drug_4382,Axit salicylic có những dạng nào để điều trị viêm da?,2,"[""doc_5182411c076e47f48c45bb06""]","[""ctx_9075f248cc814ae26dc29cfb""]",3,1,2,1,True,True,BOTH_HIT,hit_at_evaluated_cutoff,BOTH_HIT,"{""bm25_hit"": true, ""dense_hit"": true, ""union_hit"": true, ""candidate_hit"": true, ""reranker_top_k_hit"": true, ""candidate_depth"": 100, ""ranking_k"": 10}"
drug_2700,"Nếu có thắc mắc về thuốc Ampicillin Domesco, bạn nên làm gì?",2,"[""doc_1b37bf8707462cd2c758c450""]","[""ctx_89b3bb3989387ba29122a113""]",1,6,2,2,True,True,BOTH_HIT,hit_at_evaluated_cutoff,BOTH_HIT,"{""bm25_hit"": true, ""dense_hit"": true, ""union_hit"": true, ""candidate_hit"": true, ""reranker_top_k_hit"": true, ""candidate_depth"": 100, ""ranking_k"": 10}"
drug_5668,Bibonlax được sản xuất dưới dạng gì?,2,"[""doc_5e014db2d16c3ddc9f73a981""]","[""ctx_f04cf5178c66dd997c65b757""]",1,1,1,1,True,True,BOTH_HIT,hit_at_evaluated_cutoff,BOTH_HIT,"{""bm25_hit"": true, ""dense_hit"": true, ""union_hit"": true, ""candidate_hit"": true, ""reranker_top_k_hit"": true, ""candidate_depth"": 100, ""ranking_k"": 10}"
drug_6139,Bluemint có chống chỉ định cho đối tượng nào?,2,"[""doc_405570b7bce8bb54b96ba5cd""]","[""ctx_b7c5999a6f1ceffa5477ac86""]",22,2,3,2,True,True,BOTH_HIT,hit_at_evaluated_cutoff,BOTH_HIT,"{""bm25_hit"": true, ""dense_hit"": true, ""union_hit"": true, ""candidate_hit"": true, ""reranker_top_k_hit"": true, ""candidate_depth"": 100, ""ranking_k"": 10}"
drug_7816,Bảo quản Cenditan cần để ở đâu?,2,"[""doc_bceb46182f8a236c78fdfca6""]","[""ctx_a6b3bd49447a42576a8474c2""]",2,1,1,1,True,True,BOTH_HIT,hit_at_evaluated_cutoff,BOTH_HIT,"{""bm25_hit"": true, ""dense_hit"": true, ""union_hit"": true, ""candidate_hit"": true, ""reranker_top_k_hit"": true, ""candidate_depth"": 100, ""ranking_k"": 10}"
drug_4053,Trong những tình huống nào thuốc bổ mắt Augen Extra có thể phát huy tác dụng?,2,"[""doc_25637018a9ee3aac983d3b71""]","[""ctx_a9a391f397eb7e2fe6d15585""]",,15,26,1,True,True,DENSE_ONLY_HIT,hit_at_evaluated_cutoff,DENSE_ONLY_HIT,"{""bm25_hit"": false, ""dense_hit"": true, ""union_hit"": true, ""candidate_hit"": true, ""reranker_top_k_hit"": true, ""candidate_depth"": 100, ""ranking_k"": 10}"
drug_7930,Triệu chứng quá liều Cetirizine ở trẻ em khác với người lớn như thế nào?,2,"[""doc_b8b507475b1c6127a8b518f3""]","[""ctx_99eae6704cea2ad46ed93bea""]",1,1,1,1,True,True,BOTH_HIT,hit_at_evaluated_cutoff,BOTH_HIT,"{""bm25_hit"": true, ""dense_hit"": true, ""union_hit"": true, ""candidate_hit"": true, ""reranker_top_k_hit"": true, ""candidate_depth"": 100, ""ranking_k"": 10}"
drug_9079,Cotrimstada forte được bào chế ở dạng nào?,2,"[""doc_2c6e20d386d4f648e9422107""]","[""ctx_426b324111602463728c769d""]",1,1,1,1,True,True,BOTH_HIT,hit_at_evaluated_cutoff,BOTH_HIT,"{""bm25_hit"": true, ""dense_hit"": true, ""union_hit"": true, ""candidate_hit"": true, ""reranker_top_k_hit"": true, ""candidate_depth"": 100, ""ranking_k"": 10}"
drug_1448,Tá dược trong thuốc Albutein gồm những thành phần gì?,2,"[""doc_08ab5d7a9352ed28a2bf0ab9""]","[""ctx_19da6545d0d57cebc672da4f""]",4,1,1,1,True,True,BOTH_HIT,hit_at_evaluated_cutoff,BOTH_HIT,"{""bm25_hit"": true, ""dense_hit"": true, ""union_hit"": true, ""candidate_hit"": true, ""reranker_top_k_hit"": true, ""candidate_depth"": 100, ""ranking_k"": 10}"
drug_8435,Điều nên làm ngay lập tức khi phát hiện dùng quá liều thuốc Claminat là gì?,2,"[""doc_cc2beb0a93623509c13a42e1""]","[""ctx_14ff370aa25be934ecdf0ec8""]",86,,,,False,False,BM25_ONLY_HIT;FUSION_DROPPED;CANDIDATE_MISS;DOC_AND_CHUNK_MISS,retrieval_or_fusion,BM25_ONLY_HIT; FUSION_DROPPED; CANDIDATE_MISS; DOC_AND_CHUNK_MISS,"{""bm25_hit"": true, ""dense_hit"": false, ""union_hit"": true, ""candidate_hit"": false, ""reranker_top_k_hit"": false, ""candidate_depth"": 100, ""ranking_k"": 10}"
drug_9247,Tại sao cần đưa bệnh nhân đến trung tâm y tế khi dùng quá liều thuốc Cravit?,2,"[""doc_c206f5182a8840e423a6e8f0""]","[""ctx_3cc69cb8d8c11d8f47004008""]",1,1,1,1,True,True,BOTH_HIT,hit_at_evaluated_cutoff,BOTH_HIT,"{""bm25_hit"": true, ""dense_hit"": true, ""union_hit"": true, ""candidate_hit"": true, ""reranker_top_k_hit"": true, ""candidate_depth"": 100, ""ranking_k"": 10}"
drug_9706,Didicera có ghi nhận tác dụng phụ không?,2,"[""doc_ac21b0db03068a743a6af73b""]","[""ctx_da572195895a4a0c1024fb9d""]",1,1,1,1,True,True,BOTH_HIT,hit_at_evaluated_cutoff,BOTH_HIT,"{""bm25_hit"": true, ""dense_hit"": true, ""union_hit"": true, ""candidate_hit"": true, ""reranker_top_k_hit"": true, ""candidate_depth"": 100, ""ranking_k"": 10}"
drug_3610,Thuốc Atenolol ảnh hưởng đến trẻ bú mẹ như thế nào?,2,"[""doc_8ed9e08101df96a239a37050""]","[""ctx_a76f1b87969ae43b55608338""]",1,1,1,1,True,True,BOTH_HIT,hit_at_evaluated_cutoff,BOTH_HIT,"{""bm25_hit"": true, ""dense_hit"": true, ""union_hit"": true, ""candidate_hit"": true, ""reranker_top_k_hit"": true, ""candidate_depth"": 100, ""ranking_k"": 10}"
drug_8171,Tại sao phụ nữ trong độ tuổi sinh sản được khuyến cáo không sử dụng Ciacca trừ khi đã áp dụng các biện pháp tránh thai hiệu quả?,2,"[""doc_f7f8a4d809172409faac93fd""]","[""ctx_121c2153f0da9ed883f1799b""]",1,4,2,1,True,True,BOTH_HIT,hit_at_evaluated_cutoff,BOTH_HIT,"{""bm25_hit"": true, ""dense_hit"": true, ""union_hit"": true, ""candidate_hit"": true, ""reranker_top_k_hit"": true, ""candidate_depth"": 100, ""ranking_k"": 10}"
drug_4013,Augbactam có chống chỉ định với phụ nữ đang cho con bú không?,2,"[""doc_9d2d9f6cc24a37148542c822""]","[""ctx_15c61e8d88ec9e9f05736098""]",1,1,1,1,True,True,BOTH_HIT,hit_at_evaluated_cutoff,BOTH_HIT,"{""bm25_hit"": true, ""dense_hit"": true, ""union_hit"": true, ""candidate_hit"": true, ""reranker_top_k_hit"": true, ""candidate_depth"": 100, ""ranking_k"": 10}"
drug_3681,Trong những trường hợp nào thì không được sử dụng Atiliver?,2,"[""doc_183e80ccbfd4a30c71185874""]","[""ctx_5edda3d8765205e930f37f84""]",,,,,False,True,BOTH_MISS;CANDIDATE_MISS;DOC_HIT_CHUNK_MISS,retrieval_or_fusion,BOTH_MISS; CANDIDATE_MISS; DOC_HIT_CHUNK_MISS,"{""bm25_hit"": false, ""dense_hit"": false, ""union_hit"": false, ""candidate_hit"": false, ""reranker_top_k_hit"": false, ""candidate_depth"": 100, ""ranking_k"": 10}"
drug_8695,"Khi gặp những triệu chứng của tác dụng phụ nguy hiểm do thuốc Co-Diovan (valsartan, hydrochlorothiazide), bạn nên làm gì?",2,"[""doc_58d56e2b07a8afeb3b263797""]","[""ctx_734c081734a482c78256cd31""]",,,,,False,True,BOTH_MISS;CANDIDATE_MISS;DOC_HIT_CHUNK_MISS,retrieval_or_fusion,BOTH_MISS; CANDIDATE_MISS; DOC_HIT_CHUNK_MISS,"{""bm25_hit"": false, ""dense_hit"": false, ""union_hit"": false, ""candidate_hit"": false, ""reranker_top_k_hit"": false, ""candidate_depth"": 100, ""ranking_k"": 10}"
drug_4925,Thiếu hụt chất gì là một trong những tác dụng phụ khi sử dụng Barudon?,2,"[""doc_c62d67db59a4950190ae7ef5""]","[""ctx_adfbfb1ac515c6d2521415e1""]",1,1,1,1,True,True,BOTH_HIT,hit_at_evaluated_cutoff,BOTH_HIT,"{""bm25_hit"": true, ""dense_hit"": true, ""union_hit"": true, ""candidate_hit"": true, ""reranker_top_k_hit"": true, ""candidate_depth"": 100, ""ranking_k"": 10}"
drug_2213,Nôn là tác dụng phụ thường hay ít gặp khi dùng Amilavil?,2,"[""doc_f0086dadfe67bc5bbba31701""]","[""ctx_4727f420841fa424be8c1342""]",,96,,,False,False,DENSE_ONLY_HIT;FUSION_DROPPED;CANDIDATE_MISS;DOC_AND_CHUNK_MISS,retrieval_or_fusion,DENSE_ONLY_HIT; FUSION_DROPPED; CANDIDATE_MISS; DOC_AND_CHUNK_MISS,"{""bm25_hit"": false, ""dense_hit"": true, ""union_hit"": true, ""candidate_hit"": false, ""reranker_top_k_hit"": false, ""candidate_depth"": 100, ""ranking_k"": 10}"
drug_4137,Có bao nhiêu loại đóng gói khác nhau của thuốc Austriol Mebiphar?,2,"[""doc_abcfd8c7bcac3f742c526bd4""]","[""ctx_650e70a86fb207f7065d3854""]",1,1,1,1,True,True,BOTH_HIT,hit_at_evaluated_cutoff,BOTH_HIT,"{""bm25_hit"": true, ""dense_hit"": true, ""union_hit"": true, ""candidate_hit"": true, ""reranker_top_k_hit"": true, ""candidate_depth"": 100, ""ranking_k"": 10}"
drug_4109,Augmentin là thuốc gì?,2,"[""doc_f5ec9d813f1b1931641cfdb9""]","[""ctx_cc7e59bd05227cb4c92b272e""]",13,6,6,3,True,True,BOTH_HIT,hit_at_evaluated_cutoff,BOTH_HIT,"{""bm25_hit"": true, ""dense_hit"": true, ""union_hit"": true, ""candidate_hit"": true, ""reranker_top_k_hit"": true, ""candidate_depth"": 100, ""ranking_k"": 10}"
drug_2788,Có hiện tượng tương tác nào giữa Anaferon Materia và các thuốc khác không?,2,"[""doc_515e9fedb7acf84476cbff88""]","[""ctx_58006e331b6de641172dbe17""]",4,10,3,2,True,True,BOTH_HIT,hit_at_evaluated_cutoff,BOTH_HIT,"{""bm25_hit"": true, ""dense_hit"": true, ""union_hit"": true, ""candidate_hit"": true, ""reranker_top_k_hit"": true, ""candidate_depth"": 100, ""ranking_k"": 10}"
drug_3781,Liều dùng khởi đầu của thuốc Atorhasan cho người tăng cholesterol máu có tính chất gia đình đồng hợp tử 3 là bao nhiêu?,2,"[""doc_8b1a17a63bb84be23c5087d1""]","[""ctx_b0bfe3380d1a976312ef0499""]",51,7,13,1,True,True,BOTH_HIT,hit_at_evaluated_cutoff,BOTH_HIT,"{""bm25_hit"": true, ""dense_hit"": true, ""union_hit"": true, ""candidate_hit"": true, ""reranker_top_k_hit"": true, ""candidate_depth"": 100, ""ranking_k"": 10}"
drug_8250,Cimetidin là thuốc gì?,2,"[""doc_a8052819f5d590a3d80a9497""]","[""ctx_e28b0e72b1df5bf5e2e8cca7""]",10,1,2,1,True,True,BOTH_HIT,hit_at_evaluated_cutoff,BOTH_HIT,"{""bm25_hit"": true, ""dense_hit"": true, ""union_hit"": true, ""candidate_hit"": true, ""reranker_top_k_hit"": true, ""candidate_depth"": 100, ""ranking_k"": 10}"
drug_5510,Thuốc Betahistine nên được bảo quản ở loại môi trường nào?,2,"[""doc_80b4491e400ace37d38cc0a7""]","[""ctx_a3b156e3eef50b1204de113d""]",1,1,1,1,True,True,BOTH_HIT,hit_at_evaluated_cutoff,BOTH_HIT,"{""bm25_hit"": true, ""dense_hit"": true, ""union_hit"": true, ""candidate_hit"": true, ""reranker_top_k_hit"": true, ""candidate_depth"": 100, ""ranking_k"": 10}"
drug_4920,Tối đa trong ngày có thể sử dụng thuốc Barudon bao nhiêu lần?,2,"[""doc_c62d67db59a4950190ae7ef5""]","[""ctx_f338ea6ad75fecbc47fc1aad""]",83,52,17,2,True,True,BOTH_HIT,hit_at_evaluated_cutoff,BOTH_HIT,"{""bm25_hit"": true, ""dense_hit"": true, ""union_hit"": true, ""candidate_hit"": true, ""reranker_top_k_hit"": true, ""candidate_depth"": 100, ""ranking_k"": 10}"
drug_6897,Triệu chứng khi quá liều Candesartan cần xử trí là gì?,2,"[""doc_ab797aa3c347dbe2ae942890""]","[""ctx_5890c99671969a9650f9ed82""]",,35,79,1,True,True,DENSE_ONLY_HIT,hit_at_evaluated_cutoff,DENSE_ONLY_HIT,"{""bm25_hit"": false, ""dense_hit"": true, ""union_hit"": true, ""candidate_hit"": true, ""reranker_top_k_hit"": true, ""candidate_depth"": 100, ""ranking_k"": 10}"
drug_35,Nếu thời điểm quên dùng gần với liều thuốc tiếp theo thì nên xử lý như thế nào?,2,"[""doc_2432acce799852336d87c434""]","[""ctx_f0898ba9cc50f2578743ec42""]",,,,,False,False,BOTH_MISS;CANDIDATE_MISS;DOC_AND_CHUNK_MISS,retrieval_or_fusion,BOTH_MISS; CANDIDATE_MISS; DOC_AND_CHUNK_MISS,"{""bm25_hit"": false, ""dense_hit"": false, ""union_hit"": false, ""candidate_hit"": false, ""reranker_top_k_hit"": false, ""candidate_depth"": 100, ""ranking_k"": 10}"
drug_1564,Điều quan trọng nhất cần nhớ khi bỏ lỡ một liều Algelstad là gì?,2,"[""doc_7c80d0a835c97c670a6209d7""]","[""ctx_e491e214625ce34cd32e9686""]",,4,41,1,True,True,DENSE_ONLY_HIT,hit_at_evaluated_cutoff,DENSE_ONLY_HIT,"{""bm25_hit"": false, ""dense_hit"": true, ""union_hit"": true, ""candidate_hit"": true, ""reranker_top_k_hit"": true, ""candidate_depth"": 100, ""ranking_k"": 10}"
drug_7367,Viên nang mềm Cedipect F có thể gây kích ứng với người bị dị ứng hạt nào?,2,"[""doc_70544172d6a331b9a0f3044a""]","[""ctx_97938c6d1d6c7341597cccb3""]",1,1,1,1,True,True,BOTH_HIT,hit_at_evaluated_cutoff,BOTH_HIT,"{""bm25_hit"": true, ""dense_hit"": true, ""union_hit"": true, ""candidate_hit"": true, ""reranker_top_k_hit"": true, ""candidate_depth"": 100, ""ranking_k"": 10}"
drug_7979,Tác dụng phụ thường gặp nhất của thuốc Children’s Tylenol là gì?,2,"[""doc_b7359cffc91dcbbc0af98dd1""]","[""ctx_c56b061a11d179ddb5a63d81""]",1,1,1,1,True,True,BOTH_HIT,hit_at_evaluated_cutoff,BOTH_HIT,"{""bm25_hit"": true, ""dense_hit"": true, ""union_hit"": true, ""candidate_hit"": true, ""reranker_top_k_hit"": true, ""candidate_depth"": 100, ""ranking_k"": 10}"
drug_4105,"Khi sử dụng thuốc Augmentin, cần lưu ý gì tránh tình trạng tinh thể amoxicillin niệu?",2,"[""doc_f5ec9d813f1b1931641cfdb9""]","[""ctx_1271a8ee4e74a1f6d96e572e""]",9,3,3,1,True,True,BOTH_HIT,hit_at_evaluated_cutoff,BOTH_HIT,"{""bm25_hit"": true, ""dense_hit"": true, ""union_hit"": true, ""candidate_hit"": true, ""reranker_top_k_hit"": true, ""candidate_depth"": 100, ""ranking_k"": 10}"
drug_6918,Nhiễm độc gan có thể xảy ra khi sử dụng Canditral là do nguyên nhân gì?,2,"[""doc_bbb091f2f52b62d02a9609f1""]","[""ctx_37886bda8401fba8e664b19c""]",1,2,1,1,True,True,BOTH_HIT,hit_at_evaluated_cutoff,BOTH_HIT,"{""bm25_hit"": true, ""dense_hit"": true, ""union_hit"": true, ""candidate_hit"": true, ""reranker_top_k_hit"": true, ""candidate_depth"": 100, ""ranking_k"": 10}"
drug_5215,Nồng độ benzoyl peroxide trong dạng gel thường là bao nhiêu?,2,"[""doc_29fa822fdd0e85e7c1ab48ea""]","[""ctx_669e7f1714d188ea1e143334""]",1,1,1,1,True,True,BOTH_HIT,hit_at_evaluated_cutoff,BOTH_HIT,"{""bm25_hit"": true, ""dense_hit"": true, ""union_hit"": true, ""candidate_hit"": true, ""reranker_top_k_hit"": true, ""candidate_depth"": 100, ""ranking_k"": 10}"
drug_5737,Tôi có thể uống gấp đôi liều Biginol để bù liều trước đó không?,2,"[""doc_f5e83b9487a2959505733acb""]","[""ctx_bed3b54e04015777a0069d05""]",1,20,2,1,True,True,BOTH_HIT,hit_at_evaluated_cutoff,BOTH_HIT,"{""bm25_hit"": true, ""dense_hit"": true, ""union_hit"": true, ""candidate_hit"": true, ""reranker_top_k_hit"": true, ""candidate_depth"": 100, ""ranking_k"": 10}"
drug_7708,"Ngoài sốt, còn có thể biểu hiện thêm những phản ứng phụ nào khi sử dụng thuốc Cefuroxim?",2,"[""doc_1fc6315682a5eb531b781b72""]","[""ctx_815b4a3e0e98fed05742262a""]",,,,,False,True,BOTH_MISS;CANDIDATE_MISS;DOC_HIT_CHUNK_MISS,retrieval_or_fusion,BOTH_MISS; CANDIDATE_MISS; DOC_HIT_CHUNK_MISS,"{""bm25_hit"": false, ""dense_hit"": false, ""union_hit"": false, ""candidate_hit"": false, ""reranker_top_k_hit"": false, ""candidate_depth"": 100, ""ranking_k"": 10}"
drug_95,Khi nào cần thông báo cho bác sĩ khi dùng thuốc A.T.P?,2,"[""doc_7d7048fa4501da9d4addffd3""]","[""ctx_758d6b1244452a612b9acf14""]",,93,,,False,False,DENSE_ONLY_HIT;FUSION_DROPPED;CANDIDATE_MISS;DOC_AND_CHUNK_MISS,retrieval_or_fusion,DENSE_ONLY_HIT; FUSION_DROPPED; CANDIDATE_MISS; DOC_AND_CHUNK_MISS,"{""bm25_hit"": false, ""dense_hit"": true, ""union_hit"": true, ""candidate_hit"": false, ""reranker_top_k_hit"": false, ""candidate_depth"": 100, ""ranking_k"": 10}"
drug_562,Những đối tượng nào cần đặc biệt lưu ý khi sử dụng thuốc Acnekyn?,2,"[""doc_8c933ab8f24a25a80360c8b9""]","[""ctx_e9e90b3191fe2adf5c4ab54d""]",25,1,2,1,True,True,BOTH_HIT,hit_at_evaluated_cutoff,BOTH_HIT,"{""bm25_hit"": true, ""dense_hit"": true, ""union_hit"": true, ""candidate_hit"": true, ""reranker_top_k_hit"": true, ""candidate_depth"": 100, ""ranking_k"": 10}"
drug_6492,"Khi dùng chung Brufen với methotrexat, có thể gây ra hậu quả gì?",2,"[""doc_f6af4c3041480b16f15bc7bc""]","[""ctx_b30ab95382d8893c6f0a7bb8""]",1,1,1,1,True,True,BOTH_HIT,hit_at_evaluated_cutoff,BOTH_HIT,"{""bm25_hit"": true, ""dense_hit"": true, ""union_hit"": true, ""candidate_hit"": true, ""reranker_top_k_hit"": true, ""candidate_depth"": 100, ""ranking_k"": 10}"
drug_1015,Nếu gặp phải những triệu chứng lạ nào trong quá trình dùng thuốc Aerius thì cần phải làm gì?,2,"[""doc_12196952935e13a6b1d1fc01""]","[""ctx_db5891b8d68e60092598de4e""]",2,,13,2,True,True,BM25_ONLY_HIT,hit_at_evaluated_cutoff,BM25_ONLY_HIT,"{""bm25_hit"": true, ""dense_hit"": false, ""union_hit"": true, ""candidate_hit"": true, ""reranker_top_k_hit"": true, ""candidate_depth"": 100, ""ranking_k"": 10}"
drug_2297,Amiparen 5 Otsuka chứa loại chất dinh dưỡng nào?,2,"[""doc_9cc017879179a069ddd17e03""]","[""ctx_2108342342df4ac841a24ec3""]",3,3,3,2,True,True,BOTH_HIT,hit_at_evaluated_cutoff,BOTH_HIT,"{""bm25_hit"": true, ""dense_hit"": true, ""union_hit"": true, ""candidate_hit"": true, ""reranker_top_k_hit"": true, ""candidate_depth"": 100, ""ranking_k"": 10}"
drug_901,Bác sĩ thường đưa ra lời khuyên như thế nào cho những bệnh nhân đang sử dụng thuốc Adalat LA 20mg?,2,"[""doc_1e84174108b3fa6599000bcf""]","[""ctx_7a6c5ad0f6e960c88258fe68""]",,,,,False,True,BOTH_MISS;CANDIDATE_MISS;DOC_HIT_CHUNK_MISS,retrieval_or_fusion,BOTH_MISS; CANDIDATE_MISS; DOC_HIT_CHUNK_MISS,"{""bm25_hit"": false, ""dense_hit"": false, ""union_hit"": false, ""candidate_hit"": false, ""reranker_top_k_hit"": false, ""candidate_depth"": 100, ""ranking_k"": 10}"
drug_9072,Điều kiện để người lái tàu xe hay vận hành máy móc sử dụng thuốc Cotrimoxazol an toàn là gì?,2,"[""doc_1b9f62ab6e0c1063ac1770ca""]","[""ctx_5b4748d25e67e69e7282124a""]",9,1,2,1,True,True,BOTH_HIT,hit_at_evaluated_cutoff,BOTH_HIT,"{""bm25_hit"": true, ""dense_hit"": true, ""union_hit"": true, ""candidate_hit"": true, ""reranker_top_k_hit"": true, ""candidate_depth"": 100, ""ranking_k"": 10}"
drug_3148,Tại sao cần bảo quản thuốc Argide trong bao bì kín?,2,"[""doc_d58fe592d463740988065e13""]","[""ctx_62ee7fb3d42b4f0bb4ecb940""]",1,1,1,1,True,True,BOTH_HIT,hit_at_evaluated_cutoff,BOTH_HIT,"{""bm25_hit"": true, ""dense_hit"": true, ""union_hit"": true, ""candidate_hit"": true, ""reranker_top_k_hit"": true, ""candidate_depth"": 100, ""ranking_k"": 10}"
drug_8973,Liệu có thuốc giải độc đặc hiệu nào cho Coperil Plus không?,2,"[""doc_39ac28bc14a55d92240986b4""]","[""ctx_815fde3525348a9c223a19ae""]",30,4,13,1,True,True,BOTH_HIT,hit_at_evaluated_cutoff,BOTH_HIT,"{""bm25_hit"": true, ""dense_hit"": true, ""union_hit"": true, ""candidate_hit"": true, ""reranker_top_k_hit"": true, ""candidate_depth"": 100, ""ranking_k"": 10}"
drug_308,Người bệnh đã từng bị hen có nên dùng thuốc Acehasan không?,2,"[""doc_f3c1fde53ef4ab97025b37bd""]","[""ctx_7c4c767c3cf55061f181224d""]",9,25,8,4,True,True,BOTH_HIT,hit_at_evaluated_cutoff,BOTH_HIT,"{""bm25_hit"": true, ""dense_hit"": true, ""union_hit"": true, ""candidate_hit"": true, ""reranker_top_k_hit"": true, ""candidate_depth"": 100, ""ranking_k"": 10}"
drug_5099,Điều kiện bảo quản Belaf có gì cần lưu ý?,2,"[""doc_cce3e0fa8009b4ac854f89f2""]","[""ctx_6b98d98d06a6bd258bd92117""]",,,,,False,True,BOTH_MISS;CANDIDATE_MISS;DOC_HIT_CHUNK_MISS,retrieval_or_fusion,BOTH_MISS; CANDIDATE_MISS; DOC_HIT_CHUNK_MISS,"{""bm25_hit"": false, ""dense_hit"": false, ""union_hit"": false, ""candidate_hit"": false, ""reranker_top_k_hit"": false, ""candidate_depth"": 100, ""ranking_k"": 10}"
drug_6926,Khi cho con bú có được sử dụng Canditral không?,2,"[""doc_bbb091f2f52b62d02a9609f1""]","[""ctx_a3edf9b7bf5a925c0b160d6d""]",1,2,1,1,True,True,BOTH_HIT,hit_at_evaluated_cutoff,BOTH_HIT,"{""bm25_hit"": true, ""dense_hit"": true, ""union_hit"": true, ""candidate_hit"": true, ""reranker_top_k_hit"": true, ""candidate_depth"": 100, ""ranking_k"": 10}"
drug_1486,Có nên dùng Alchysin 8400 cho phụ nữ mang thai không?,2,"[""doc_167bb312ed75815e5547c47a""]","[""ctx_133348bac692708bc123fe2e""]",1,1,1,1,True,True,BOTH_HIT,hit_at_evaluated_cutoff,BOTH_HIT,"{""bm25_hit"": true, ""dense_hit"": true, ""union_hit"": true, ""candidate_hit"": true, ""reranker_top_k_hit"": true, ""candidate_depth"": 100, ""ranking_k"": 10}"
drug_7054,Khi nào cần phải dùng đến kháng sinh hoặc corticoid trong quá trình điều trị quá liều carbimazol?,2,"[""doc_565a3a9352e64e4675ab6e7e""]","[""ctx_854c2427af58a4f4cdbbe9fe""]",1,1,1,1,True,True,BOTH_HIT,hit_at_evaluated_cutoff,BOTH_HIT,"{""bm25_hit"": true, ""dense_hit"": true, ""union_hit"": true, ""candidate_hit"": true, ""reranker_top_k_hit"": true, ""candidate_depth"": 100, ""ranking_k"": 10}"
drug_8924,Thuốc Comozol dùng để làm gì?,2,"[""doc_20879e17a00bae4da503f377""]","[""ctx_66a07434015399232f31ae51""]",2,2,2,4,True,True,BOTH_HIT,hit_at_evaluated_cutoff,BOTH_HIT,"{""bm25_hit"": true, ""dense_hit"": true, ""union_hit"": true, ""candidate_hit"": true, ""reranker_top_k_hit"": true, ""candidate_depth"": 100, ""ranking_k"": 10}"
drug_1595,Allopurinol 300 mg có chứa thành phần chính nào?,2,"[""doc_dbb3992b40417a77da5d1d39""]","[""ctx_49dd818b846228b8b46770aa""]",1,1,1,2,True,True,BOTH_HIT,hit_at_evaluated_cutoff,BOTH_HIT,"{""bm25_hit"": true, ""dense_hit"": true, ""union_hit"": true, ""candidate_hit"": true, ""reranker_top_k_hit"": true, ""candidate_depth"": 100, ""ranking_k"": 10}"
drug_7985,Chloramphenicol là loại thuốc gì?,2,"[""doc_557386845360487cdd5735d1""]","[""ctx_777f9b1b1b42a6d170869b30""]",9,1,2,1,True,True,BOTH_HIT,hit_at_evaluated_cutoff,BOTH_HIT,"{""bm25_hit"": true, ""dense_hit"": true, ""union_hit"": true, ""candidate_hit"": true, ""reranker_top_k_hit"": true, ""candidate_depth"": 100, ""ranking_k"": 10}"
drug_7208,Những tác dụng phụ nào thường gặp khi sử dụng Carflem?,2,"[""doc_546c3a4b3eb3fc75bdb7689c""]","[""ctx_6dc5c6f4d62d8ac747e5f68b""]",,52,97,1,True,True,DENSE_ONLY_HIT,hit_at_evaluated_cutoff,DENSE_ONLY_HIT,"{""bm25_hit"": false, ""dense_hit"": true, ""union_hit"": true, ""candidate_hit"": true, ""reranker_top_k_hit"": true, ""candidate_depth"": 100, ""ranking_k"": 10}"
drug_8241,"Khi dùng chung với thuốc Cilzec, có xảy ra tương tác với các loại thuốc chuyển hóa bởi men CYP2C19 hay không?",2,"[""doc_5995e5b33a15f409ee4f66b4""]","[""ctx_4938ca70af6295e29a87c473""]",1,3,1,1,True,True,BOTH_HIT,hit_at_evaluated_cutoff,BOTH_HIT,"{""bm25_hit"": true, ""dense_hit"": true, ""union_hit"": true, ""candidate_hit"": true, ""reranker_top_k_hit"": true, ""candidate_depth"": 100, ""ranking_k"": 10}"
drug_6907,"Ngoài bệnh nấm, Canditral còn dùng để điều trị duy trì trong những trường hợp nào?",2,"[""doc_bbb091f2f52b62d02a9609f1""]","[""ctx_09b2140a01fb92aaa89f2301""]",1,1,1,1,True,True,BOTH_HIT,hit_at_evaluated_cutoff,BOTH_HIT,"{""bm25_hit"": true, ""dense_hit"": true, ""union_hit"": true, ""candidate_hit"": true, ""reranker_top_k_hit"": true, ""candidate_depth"": 100, ""ranking_k"": 10}"
drug_8398,Đối tượng dùng thuốc citicoline cần chú trọng vấn đề liều dùng không?,2,"[""doc_5eccc65e10536cf6b3988436""]","[""ctx_9dd2df4cea6d2e3e8d3a9e20""]",,65,,,False,True,DENSE_ONLY_HIT;FUSION_DROPPED;CANDIDATE_MISS;DOC_HIT_CHUNK_MISS,retrieval_or_fusion,DENSE_ONLY_HIT; FUSION_DROPPED; CANDIDATE_MISS; DOC_HIT_CHUNK_MISS,"{""bm25_hit"": false, ""dense_hit"": true, ""union_hit"": true, ""candidate_hit"": false, ""reranker_top_k_hit"": false, ""candidate_depth"": 100, ""ranking_k"": 10}"
drug_8469,"Ở người lớn, cách xử lý thế nào khi uống quá liều thuốc Clarityne?",2,"[""doc_c87187d1d855580c484b7239""]","[""ctx_43b65031d44f0d6da248c7a4""]",2,4,1,1,True,True,BOTH_HIT,hit_at_evaluated_cutoff,BOTH_HIT,"{""bm25_hit"": true, ""dense_hit"": true, ""union_hit"": true, ""candidate_hit"": true, ""reranker_top_k_hit"": true, ""candidate_depth"": 100, ""ranking_k"": 10}"
drug_9600,Có nên dùng gấp đôi liều Dentanalgi để bù cho liều đã quên không?,2,"[""doc_e412e4712dde4adcde37e000""]","[""ctx_b49ede6ca9dc0bf581e07fdf""]",1,1,1,1,True,True,BOTH_HIT,hit_at_evaluated_cutoff,BOTH_HIT,"{""bm25_hit"": true, ""dense_hit"": true, ""union_hit"": true, ""candidate_hit"": true, ""reranker_top_k_hit"": true, ""candidate_depth"": 100, ""ranking_k"": 10}"
drug_1669,Trong trường hợp nào Alpha Chymotrypsin không nên sử dụng?,2,"[""doc_8cb2dda5830c6275345f3626""]","[""ctx_9da0950093e8753b2102f924""]",23,3,8,1,True,True,BOTH_HIT,hit_at_evaluated_cutoff,BOTH_HIT,"{""bm25_hit"": true, ""dense_hit"": true, ""union_hit"": true, ""candidate_hit"": true, ""reranker_top_k_hit"": true, ""candidate_depth"": 100, ""ranking_k"": 10}"
medicine_5010,Có những cách chế biến Hoàng tinh nào?,3,"[""doc_54726e9879d19f17909745ae""]","[""ctx_952eb6757f2fa4201c6a8d18""]",1,1,1,1,True,True,BOTH_HIT,hit_at_evaluated_cutoff,BOTH_HIT,"{""bm25_hit"": true, ""dense_hit"": true, ""union_hit"": true, ""candidate_hit"": true, ""reranker_top_k_hit"": true, ""candidate_depth"": 100, ""ranking_k"": 10}"
medicine_11929,Trường sinh thảo có thể gây ra tác dụng không mong muốn nào không?,3,"[""doc_55567d8c29f038324c428940""]","[""ctx_3ed80a3532ed3be435c6b425""]",1,1,1,1,True,True,BOTH_HIT,hit_at_evaluated_cutoff,BOTH_HIT,"{""bm25_hit"": true, ""dense_hit"": true, ""union_hit"": true, ""candidate_hit"": true, ""reranker_top_k_hit"": true, ""candidate_depth"": 100, ""ranking_k"": 10}"
medicine_1827,Dược liệu nào cũng có độc tính như cà độc dược?,3,"[""doc_256342a6289eedd3e357b417""]","[""ctx_ce38b7dc319614c063f2f382""]",1,1,1,1,True,True,BOTH_HIT,hit_at_evaluated_cutoff,BOTH_HIT,"{""bm25_hit"": true, ""dense_hit"": true, ""union_hit"": true, ""candidate_hit"": true, ""reranker_top_k_hit"": true, ""candidate_depth"": 100, ""ranking_k"": 10}"
medicine_10162,Sơn thù có thể dùng riêng hoặc kết hợp với các vị thuốc khác không?,3,"[""doc_c7dae10b1be89f9afa43bb6f""]","[""ctx_9d8295df9e608a32f2af25d7""]",1,1,1,1,True,True,BOTH_HIT,hit_at_evaluated_cutoff,BOTH_HIT,"{""bm25_hit"": true, ""dense_hit"": true, ""union_hit"": true, ""candidate_hit"": true, ""reranker_top_k_hit"": true, ""candidate_depth"": 100, ""ranking_k"": 10}"
medicine_8171,Ngũ linh chi có tác dụng gì?,3,"[""doc_eeb34b74187e6e6447080bfe""]","[""ctx_34556f395aa4664486b45ce5""]",9,1,3,1,True,True,BOTH_HIT,hit_at_evaluated_cutoff,BOTH_HIT,"{""bm25_hit"": true, ""dense_hit"": true, ""union_hit"": true, ""candidate_hit"": true, ""reranker_top_k_hit"": true, ""candidate_depth"": 100, ""ranking_k"": 10}"
medicine_4233,Hàm lượng chất béo bão hòa trong 100g dầu dừa là bao nhiêu?,3,"[""doc_be17e4f84e087fddab75b57d""]","[""ctx_2101c426f89bae8d37d7cf61""]",1,1,1,1,True,True,BOTH_HIT,hit_at_evaluated_cutoff,BOTH_HIT,"{""bm25_hit"": true, ""dense_hit"": true, ""union_hit"": true, ""candidate_hit"": true, ""reranker_top_k_hit"": true, ""candidate_depth"": 100, ""ranking_k"": 10}"
medicine_6529,Những bộ phận nào của cây Long não được sử dụng và dùng để làm gì?,3,"[""doc_c9c2ce096d67c15698f38778""]","[""ctx_b927ef362d4252e5f5300c8a""]",1,3,1,1,True,True,BOTH_HIT,hit_at_evaluated_cutoff,BOTH_HIT,"{""bm25_hit"": true, ""dense_hit"": true, ""union_hit"": true, ""candidate_hit"": true, ""reranker_top_k_hit"": true, ""candidate_depth"": 100, ""ranking_k"": 10}"
medicine_10417,Một nghiên cứu năm 2014 đã chỉ ra Tang ký sinh có tác dụng gì trên chuột thực nghiệm bị mất trí nhớ?,3,"[""doc_b35bf9b4c896a5c41b6c2c78""]","[""ctx_154e02f911daccbe80dbfb90""]",1,1,1,1,True,True,BOTH_HIT,hit_at_evaluated_cutoff,BOTH_HIT,"{""bm25_hit"": true, ""dense_hit"": true, ""union_hit"": true, ""candidate_hit"": true, ""reranker_top_k_hit"": true, ""candidate_depth"": 100, ""ranking_k"": 10}"
medicine_10348,Hai loại Tam thất chính được chia theo hình dáng và màu sắc có tên gọi là gì?,3,"[""doc_ebcc4edbdd7bee1e1a914c88""]","[""ctx_ecbc4f15ab6203c2930b64d2""]",1,3,1,1,True,True,BOTH_HIT,hit_at_evaluated_cutoff,BOTH_HIT,"{""bm25_hit"": true, ""dense_hit"": true, ""union_hit"": true, ""candidate_hit"": true, ""reranker_top_k_hit"": true, ""candidate_depth"": 100, ""ranking_k"": 10}"
medicine_805,Bạch giới tử được sử dụng như thế nào?,3,"[""doc_475b67e5e04094797fd0e024""]","[""ctx_e4a4452778e0275c5605b0e1""]",53,3,5,1,True,True,BOTH_HIT,hit_at_evaluated_cutoff,BOTH_HIT,"{""bm25_hit"": true, ""dense_hit"": true, ""union_hit"": true, ""candidate_hit"": true, ""reranker_top_k_hit"": true, ""candidate_depth"": 100, ""ranking_k"": 10}"
medicine_8380,Nhung hươu có nguồn gốc từ đâu?,3,"[""doc_813e0f776161f489ec282376""]","[""ctx_b2ad682a44a96562ae69c665""]",3,3,2,8,False,True,BOTH_HIT;SELECTION_MISS;DOC_HIT_CHUNK_MISS,selection,BOTH_HIT; SELECTION_MISS; DOC_HIT_CHUNK_MISS,"{""bm25_hit"": true, ""dense_hit"": true, ""union_hit"": true, ""candidate_hit"": true, ""reranker_top_k_hit"": true, ""candidate_depth"": 100, ""ranking_k"": 10}"
medicine_11074,Sử dụng hạt thầu dầu bao nhiêu hạt thì có thể gây chết người?,3,"[""doc_6cb9ff4b9e97657c990fd60c""]","[""ctx_512619b5a4477220237d1676""]",1,1,1,1,True,True,BOTH_HIT,hit_at_evaluated_cutoff,BOTH_HIT,"{""bm25_hit"": true, ""dense_hit"": true, ""union_hit"": true, ""candidate_hit"": true, ""reranker_top_k_hit"": true, ""candidate_depth"": 100, ""ranking_k"": 10}"
medicine_8486,Nhũ hương có thể gây ra những triệu chứng phụ gì?,3,"[""doc_90bf3adcec427f03b2865a83""]","[""ctx_45684bcc11c69481284f2344""]",12,1,1,1,True,True,BOTH_HIT,hit_at_evaluated_cutoff,BOTH_HIT,"{""bm25_hit"": true, ""dense_hit"": true, ""union_hit"": true, ""candidate_hit"": true, ""reranker_top_k_hit"": true, ""candidate_depth"": 100, ""ranking_k"": 10}"
medicine_2371,Lá của cây lạc dại có đặc điểm gì?,3,"[""doc_beba27c379bf64e66a3b9722""]","[""ctx_4ed82d4bc9647c0c54149a8d""]",,15,36,1,True,True,DENSE_ONLY_HIT,hit_at_evaluated_cutoff,DENSE_ONLY_HIT,"{""bm25_hit"": false, ""dense_hit"": true, ""union_hit"": true, ""candidate_hit"": true, ""reranker_top_k_hit"": true, ""candidate_depth"": 100, ""ranking_k"": 10}"
medicine_13620,Ở đâu có phân bố cây Đại hồi hương?,3,"[""doc_7ffb5b935a8c727c882ef085""]","[""ctx_f67f476df08b73238ca413ed""]",1,1,1,1,True,True,BOTH_HIT,hit_at_evaluated_cutoff,BOTH_HIT,"{""bm25_hit"": true, ""dense_hit"": true, ""union_hit"": true, ""candidate_hit"": true, ""reranker_top_k_hit"": true, ""candidate_depth"": 100, ""ranking_k"": 10}"
medicine_11220,Thành phần chính của nhóm monoterpenes hydrocarbons trong tinh dầu cam Bergamot là gì?,3,"[""doc_a93d95e1e2fe2d8e5d82ab1c""]","[""ctx_57e8727e74efea6c64934b80""]",1,1,1,1,True,True,BOTH_HIT,hit_at_evaluated_cutoff,BOTH_HIT,"{""bm25_hit"": true, ""dense_hit"": true, ""union_hit"": true, ""candidate_hit"": true, ""reranker_top_k_hit"": true, ""candidate_depth"": 100, ""ranking_k"": 10}"
medicine_4462,Mùa hoa quả của cây Dền gai vào tháng nào?,3,"[""doc_7b0146b4ff12be6049a17a8f""]","[""ctx_001b0ac82ccddff8d8f0caf8""]",1,1,1,1,True,True,BOTH_HIT,hit_at_evaluated_cutoff,BOTH_HIT,"{""bm25_hit"": true, ""dense_hit"": true, ""union_hit"": true, ""candidate_hit"": true, ""reranker_top_k_hit"": true, ""candidate_depth"": 100, ""ranking_k"": 10}"
medicine_6705,Tác dụng lợi mật của Lá lốt được nghiên cứu như thế nào?,3,"[""doc_5d62ddeaafa7725dcf24b03c""]","[""ctx_43d1b09641ea2983f12e4d9f""]",1,1,1,1,True,True,BOTH_HIT,hit_at_evaluated_cutoff,BOTH_HIT,"{""bm25_hit"": true, ""dense_hit"": true, ""union_hit"": true, ""candidate_hit"": true, ""reranker_top_k_hit"": true, ""candidate_depth"": 100, ""ranking_k"": 10}"
medicine_5246,Vị thuốc Huyền sâm có tác dụng gì đối với cơ thể?,3,"[""doc_799e539e6f155fbee4d28168""]","[""ctx_da7d887ac3a3fdca107f3fc2""]",1,2,1,1,True,True,BOTH_HIT,hit_at_evaluated_cutoff,BOTH_HIT,"{""bm25_hit"": true, ""dense_hit"": true, ""union_hit"": true, ""candidate_hit"": true, ""reranker_top_k_hit"": true, ""candidate_depth"": 100, ""ranking_k"": 10}"
medicine_5086,Hoạt thạch còn có thể được dùng như thế nào ngoài việc đắp ngoài da?,3,"[""doc_1e59d6971912e7595f647f11""]","[""ctx_8392616068c705fc6608adc8""]",1,1,1,1,True,True,BOTH_HIT,hit_at_evaluated_cutoff,BOTH_HIT,"{""bm25_hit"": true, ""dense_hit"": true, ""union_hit"": true, ""candidate_hit"": true, ""reranker_top_k_hit"": true, ""candidate_depth"": 100, ""ranking_k"": 10}"
medicine_1576,"Ngoài các chất hóa học trên, còn có những thành phần nào khác trong Chè vằng?",3,"[""doc_479952c39272557de83a68f0""]","[""ctx_26c758d14e92e6d364152cdd""]",,,,,False,True,BOTH_MISS;CANDIDATE_MISS;DOC_HIT_CHUNK_MISS,retrieval_or_fusion,BOTH_MISS; CANDIDATE_MISS; DOC_HIT_CHUNK_MISS,"{""bm25_hit"": false, ""dense_hit"": false, ""union_hit"": false, ""candidate_hit"": false, ""reranker_top_k_hit"": false, ""candidate_depth"": 100, ""ranking_k"": 10}"
medicine_12858,Thân cây Xuyên tâm liên có đặc điểm gì?,3,"[""doc_0a4fb668bd3f1ce8de2edb5c""]","[""ctx_367064f6473aee182ca86ca2""]",1,1,1,1,True,True,BOTH_HIT,hit_at_evaluated_cutoff,BOTH_HIT,"{""bm25_hit"": true, ""dense_hit"": true, ""union_hit"": true, ""candidate_hit"": true, ""reranker_top_k_hit"": true, ""candidate_depth"": 100, ""ranking_k"": 10}"
medicine_8257,Ngưu hoàng tiêu diệt tác dụng giảm đau hay dễ vào giấc ngủ không?,3,"[""doc_c516a092ad10055ef19fa1c9""]","[""ctx_c0f6026c608d85e6d2ec4d5f""]",1,1,1,1,True,True,BOTH_HIT,hit_at_evaluated_cutoff,BOTH_HIT,"{""bm25_hit"": true, ""dense_hit"": true, ""union_hit"": true, ""candidate_hit"": true, ""reranker_top_k_hit"": true, ""candidate_depth"": 100, ""ranking_k"": 10}"
medicine_10613,"Theo Đông Y, Thiên tiên tử có tính gì và vị gì?",3,"[""doc_0ea90a863e2b03f4854818e2""]","[""ctx_56cd317bf1f0700bfbae6d5e""]",1,1,1,1,True,True,BOTH_HIT,hit_at_evaluated_cutoff,BOTH_HIT,"{""bm25_hit"": true, ""dense_hit"": true, ""union_hit"": true, ""candidate_hit"": true, ""reranker_top_k_hit"": true, ""candidate_depth"": 100, ""ranking_k"": 10}"
medicine_6097,"Trong Khổ qua rừng, loại dưỡng chất nào tạo vị đắng của quả?",3,"[""doc_c73ee0ce2f9d7a61e1e6f250""]","[""ctx_dc4e1b8a407ff7d3248418b1""]",1,1,1,1,True,True,BOTH_HIT,hit_at_evaluated_cutoff,BOTH_HIT,"{""bm25_hit"": true, ""dense_hit"": true, ""union_hit"": true, ""candidate_hit"": true, ""reranker_top_k_hit"": true, ""candidate_depth"": 100, ""ranking_k"": 10}"
medicine_401,Có thể sử dụng bèo cái để làm gì?,3,"[""doc_3349f2e4e8e11a4bb40bc9e5""]","[""ctx_049d7a37a473e21bde5e16e4""]",3,4,3,2,True,True,BOTH_HIT,hit_at_evaluated_cutoff,BOTH_HIT,"{""bm25_hit"": true, ""dense_hit"": true, ""union_hit"": true, ""candidate_hit"": true, ""reranker_top_k_hit"": true, ""candidate_depth"": 100, ""ranking_k"": 10}"
medicine_840,Đã có những nghiên cứu nào liên quan đến tác dụng bảo vệ thần kinh của Bạch hoa xà thiệt thảo?,3,"[""doc_fe69de7fcd647fe8a4cd3ce5""]","[""ctx_983adc0664d4f7c1a4e0086c""]",17,8,9,1,True,True,BOTH_HIT,hit_at_evaluated_cutoff,BOTH_HIT,"{""bm25_hit"": true, ""dense_hit"": true, ""union_hit"": true, ""candidate_hit"": true, ""reranker_top_k_hit"": true, ""candidate_depth"": 100, ""ranking_k"": 10}"
medicine_10886,"Đối với người bị hư lao, ho khan, sốt, Thạch hộc có tác dụng gì?",3,"[""doc_3c477ac8c6caa45ac9512a6f""]","[""ctx_d9b9920ffdc09ac7be858bf0""]",1,1,1,1,True,True,BOTH_HIT,hit_at_evaluated_cutoff,BOTH_HIT,"{""bm25_hit"": true, ""dense_hit"": true, ""union_hit"": true, ""candidate_hit"": true, ""reranker_top_k_hit"": true, ""candidate_depth"": 100, ""ranking_k"": 10}"
medicine_12583,Đặc điểm của thân uy linh tiên như thế nào?,3,"[""doc_285c8aaa7fc7ec3a7bc12f82""]","[""ctx_ab72a4010fba8d4bd83dd32c""]",13,1,3,1,True,True,BOTH_HIT,hit_at_evaluated_cutoff,BOTH_HIT,"{""bm25_hit"": true, ""dense_hit"": true, ""union_hit"": true, ""candidate_hit"": true, ""reranker_top_k_hit"": true, ""candidate_depth"": 100, ""ranking_k"": 10}"
medicine_7523,Mần tưới có chứa những thành phần hóa học nào?,3,"[""doc_8ca0bc28558b71fdfc0bb6b0""]","[""ctx_acf386cb8062fa666721b3cc""]",7,1,2,1,True,True,BOTH_HIT,hit_at_evaluated_cutoff,BOTH_HIT,"{""bm25_hit"": true, ""dense_hit"": true, ""union_hit"": true, ""candidate_hit"": true, ""reranker_top_k_hit"": true, ""candidate_depth"": 100, ""ranking_k"": 10}"
medicine_2489,"Theo Y học hiện đại, rễ cây Nhàu có công dụng gì?",3,"[""doc_533f6a9f0b968e539028a424""]","[""ctx_5a0e9ad73b0f8d3d7f884d2d""]",4,1,1,1,True,True,BOTH_HIT,hit_at_evaluated_cutoff,BOTH_HIT,"{""bm25_hit"": true, ""dense_hit"": true, ""union_hit"": true, ""candidate_hit"": true, ""reranker_top_k_hit"": true, ""candidate_depth"": 100, ""ranking_k"": 10}"
medicine_6770,Hợp chất nào trong lá tre có tác dụng chống oxy hóa?,3,"[""doc_380101b22af345738f5308e3""]","[""ctx_525fb173282e6d4d7c083050""]",1,1,1,1,True,True,BOTH_HIT,hit_at_evaluated_cutoff,BOTH_HIT,"{""bm25_hit"": true, ""dense_hit"": true, ""union_hit"": true, ""candidate_hit"": true, ""reranker_top_k_hit"": true, ""candidate_depth"": 100, ""ranking_k"": 10}"
medicine_262,Củ Bách bộ được sử dụng khi nào là tốt nhất?,3,"[""doc_85fec1e76a6289b94b760166""]","[""ctx_7588e96d6a653c662a299f4c""]",8,1,2,1,True,True,BOTH_HIT,hit_at_evaluated_cutoff,BOTH_HIT,"{""bm25_hit"": true, ""dense_hit"": true, ""union_hit"": true, ""candidate_hit"": true, ""reranker_top_k_hit"": true, ""candidate_depth"": 100, ""ranking_k"": 10}"
medicine_3537,"Để sử dụng cỏ xước an toàn và hiệu quả, cần lưu ý những vấn đề gì?",3,"[""doc_4bbd4aaea52aa57193679e55""]","[""ctx_edab7c0bca138bb8ec37195b""]",,1,9,1,True,True,DENSE_ONLY_HIT,hit_at_evaluated_cutoff,DENSE_ONLY_HIT,"{""bm25_hit"": false, ""dense_hit"": true, ""union_hit"": true, ""candidate_hit"": true, ""reranker_top_k_hit"": true, ""candidate_depth"": 100, ""ranking_k"": 10}"
medicine_6528,Cây Long não có nguồn gốc từ đâu?,3,"[""doc_c9c2ce096d67c15698f38778""]","[""ctx_b927ef362d4252e5f5300c8a""]",1,1,1,1,True,True,BOTH_HIT,hit_at_evaluated_cutoff,BOTH_HIT,"{""bm25_hit"": true, ""dense_hit"": true, ""union_hit"": true, ""candidate_hit"": true, ""reranker_top_k_hit"": true, ""candidate_depth"": 100, ""ranking_k"": 10}"
medicine_3632,Tác dụng giảm đau của củ Gấu tàu là gì?,3,"[""doc_7eaf74aa233222a22e0e61d7""]","[""ctx_8ffc0153b658eb03307cfa92""]",,,,,False,True,BOTH_MISS;CANDIDATE_MISS;DOC_HIT_CHUNK_MISS,retrieval_or_fusion,BOTH_MISS; CANDIDATE_MISS; DOC_HIT_CHUNK_MISS,"{""bm25_hit"": false, ""dense_hit"": false, ""union_hit"": false, ""candidate_hit"": false, ""reranker_top_k_hit"": false, ""candidate_depth"": 100, ""ranking_k"": 10}"
medicine_13097,Xạ hương được lấy từ loài vật nào?,3,"[""doc_cfc000bcf47553be0b0135f7""]","[""ctx_d8e275e8831d9c1eb6ccb0b4""]",1,10,2,1,True,True,BOTH_HIT,hit_at_evaluated_cutoff,BOTH_HIT,"{""bm25_hit"": true, ""dense_hit"": true, ""union_hit"": true, ""candidate_hit"": true, ""reranker_top_k_hit"": true, ""candidate_depth"": 100, ""ranking_k"": 10}"
medicine_12599,Khi sử dụng Uy linh tiên để trị bệnh cần lưu ý điều gì?,3,"[""doc_285c8aaa7fc7ec3a7bc12f82""]","[""ctx_112a2c9f8ea7c6bf2be0e8f3""]",1,2,1,2,True,True,BOTH_HIT,hit_at_evaluated_cutoff,BOTH_HIT,"{""bm25_hit"": true, ""dense_hit"": true, ""union_hit"": true, ""candidate_hit"": true, ""reranker_top_k_hit"": true, ""candidate_depth"": 100, ""ranking_k"": 10}"
medicine_10593,"Trước khi sử dụng Thiên niên kiện, tôi cần làm gì để đảm bảo an toàn?",3,"[""doc_a60fc13e95d33ec102e58107""]","[""ctx_5dc574c9e576d63d0330fbcc""]",15,1,1,1,True,True,BOTH_HIT,hit_at_evaluated_cutoff,BOTH_HIT,"{""bm25_hit"": true, ""dense_hit"": true, ""union_hit"": true, ""candidate_hit"": true, ""reranker_top_k_hit"": true, ""candidate_depth"": 100, ""ranking_k"": 10}"
medicine_13132,3 thành phần hóa học chính của Xạ đen đóng vai trò gì trong việc dự phòng và chống ung thư?,3,"[""doc_2404b0da3c8e0a22fa45d5fa""]","[""ctx_7139b6d2f70073d5d9ef1bcf""]",1,1,1,1,True,True,BOTH_HIT,hit_at_evaluated_cutoff,BOTH_HIT,"{""bm25_hit"": true, ""dense_hit"": true, ""union_hit"": true, ""candidate_hit"": true, ""reranker_top_k_hit"": true, ""candidate_depth"": 100, ""ranking_k"": 10}"
medicine_10030,Hợp chất phenolic trong sâm đất có dạng gì?,3,"[""doc_d840be697a1868500bb99da4""]","[""ctx_c1e3cae7a4cefdbf6eb59f10""]",1,3,2,1,True,True,BOTH_HIT,hit_at_evaluated_cutoff,BOTH_HIT,"{""bm25_hit"": true, ""dense_hit"": true, ""union_hit"": true, ""candidate_hit"": true, ""reranker_top_k_hit"": true, ""candidate_depth"": 100, ""ranking_k"": 10}"
medicine_10993,"Bên cạnh Biển súc và Thạch đen, bài thuốc hỗ trợ điều trị bệnh tiểu đường trên đây còn có vị thuốc thứ 3 nào?",3,"[""doc_a0b73d21e098e69274d5f7fb""]","[""ctx_5456b4cc3fd3ead43840572f""]",2,2,1,1,True,True,BOTH_HIT,hit_at_evaluated_cutoff,BOTH_HIT,"{""bm25_hit"": true, ""dense_hit"": true, ""union_hit"": true, ""candidate_hit"": true, ""reranker_top_k_hit"": true, ""candidate_depth"": 100, ""ranking_k"": 10}"
medicine_3961,Theo Đông y dây bông xanh có tính vị thế nào?,3,"[""doc_0aff3d4878e04279a166b24f""]","[""ctx_5faddb1e661c184d1b47aee9""]",,41,74,1,True,True,DENSE_ONLY_HIT,hit_at_evaluated_cutoff,DENSE_ONLY_HIT,"{""bm25_hit"": false, ""dense_hit"": true, ""union_hit"": true, ""candidate_hit"": true, ""reranker_top_k_hit"": true, ""candidate_depth"": 100, ""ranking_k"": 10}"
medicine_299,Vị trí nào là nơi sinh trưởng của Bán biên liên?,3,"[""doc_64f415babf140df6f545a29a""]","[""ctx_3e3307adabc54aefbce865fd""]",2,1,1,1,True,True,BOTH_HIT,hit_at_evaluated_cutoff,BOTH_HIT,"{""bm25_hit"": true, ""dense_hit"": true, ""union_hit"": true, ""candidate_hit"": true, ""reranker_top_k_hit"": true, ""candidate_depth"": 100, ""ranking_k"": 10}"
medicine_11719,Tri Mẫu là gì?,3,"[""doc_b4da61367947dae100d08521""]","[""ctx_0c905040beee779a52087dc0""]",1,5,1,6,False,True,BOTH_HIT;SELECTION_MISS;DOC_HIT_CHUNK_MISS,selection,BOTH_HIT; SELECTION_MISS; DOC_HIT_CHUNK_MISS,"{""bm25_hit"": true, ""dense_hit"": true, ""union_hit"": true, ""candidate_hit"": true, ""reranker_top_k_hit"": true, ""candidate_depth"": 100, ""ranking_k"": 10}"
medicine_2762,Hình dáng của lá cây Tỳ bà như thế nào?,3,"[""doc_f36aee15492545286509b9f5""]","[""ctx_301ceed5622061b34dfe03c3""]",4,1,2,1,True,True,BOTH_HIT,hit_at_evaluated_cutoff,BOTH_HIT,"{""bm25_hit"": true, ""dense_hit"": true, ""union_hit"": true, ""candidate_hit"": true, ""reranker_top_k_hit"": true, ""candidate_depth"": 100, ""ranking_k"": 10}"
medicine_13796,Đậu đỏ có tác dụng hỗ trợ điều trị đái tháo đường không?,3,"[""doc_51b4339e396ef03b5c479078""]","[""ctx_b1c8fddb3a7a98564d29067b""]",24,5,6,1,True,True,BOTH_HIT,hit_at_evaluated_cutoff,BOTH_HIT,"{""bm25_hit"": true, ""dense_hit"": true, ""union_hit"": true, ""candidate_hit"": true, ""reranker_top_k_hit"": true, ""candidate_depth"": 100, ""ranking_k"": 10}"
medicine_4154,Cách sử dụng bài thuốc có cây Dướng?,3,"[""doc_ee5a1e70ac0d76c769080bc9""]","[""ctx_e14a75ab4c8c10d31eb31062""]",67,,,,False,True,BM25_ONLY_HIT;FUSION_DROPPED;CANDIDATE_MISS;DOC_HIT_CHUNK_MISS,retrieval_or_fusion,BM25_ONLY_HIT; FUSION_DROPPED; CANDIDATE_MISS; DOC_HIT_CHUNK_MISS,"{""bm25_hit"": true, ""dense_hit"": false, ""union_hit"": true, ""candidate_hit"": false, ""reranker_top_k_hit"": false, ""candidate_depth"": 100, ""ranking_k"": 10}"
medicine_3063,"Theo nghiên cứu khoa học, Cây Cơm rượu có khả năng phòng ngừa loại bệnh nào?",3,"[""doc_fb60ea21888e30d0c6a6c19e""]","[""ctx_547ee79f0a99613a073cee3c""]",1,1,1,1,True,True,BOTH_HIT,hit_at_evaluated_cutoff,BOTH_HIT,"{""bm25_hit"": true, ""dense_hit"": true, ""union_hit"": true, ""candidate_hit"": true, ""reranker_top_k_hit"": true, ""candidate_depth"": 100, ""ranking_k"": 10}"
medicine_13849,Đỗ trọng có khả năng gì trong việc bảo vệ thần kinh?,3,"[""doc_b4b44cb98a276b7b01415087""]","[""ctx_e2598d2122b2cc5a62d836b7""]",1,1,1,1,True,True,BOTH_HIT,hit_at_evaluated_cutoff,BOTH_HIT,"{""bm25_hit"": true, ""dense_hit"": true, ""union_hit"": true, ""candidate_hit"": true, ""reranker_top_k_hit"": true, ""candidate_depth"": 100, ""ranking_k"": 10}"
medicine_5640,"Để cất giữ hạt tiêu lâu dài, cần lưu ý điều gì?",3,"[""doc_7fe66eb832ae63b68200bb58""]","[""ctx_5187746b1ac958a362c2b454""]",2,1,1,1,True,True,BOTH_HIT,hit_at_evaluated_cutoff,BOTH_HIT,"{""bm25_hit"": true, ""dense_hit"": true, ""union_hit"": true, ""candidate_hit"": true, ""reranker_top_k_hit"": true, ""candidate_depth"": 100, ""ranking_k"": 10}"
medicine_4912,Hoàng cầm có thể kết hợp với thảo dược nào để tạo hiệu quả tốt?,3,"[""doc_4214ed9e46e931bc9ef19ca1""]","[""ctx_9398da0c6efc732e049d0cb2""]",1,1,1,1,True,True,BOTH_HIT,hit_at_evaluated_cutoff,BOTH_HIT,"{""bm25_hit"": true, ""dense_hit"": true, ""union_hit"": true, ""candidate_hit"": true, ""reranker_top_k_hit"": true, ""candidate_depth"": 100, ""ranking_k"": 10}"
medicine_13456,"Trong điều kiện thích hợp, đông trùng hạ thảo ngâm mật ong có thể bảo quản được trong bao lâu?",3,"[""doc_7ea5c90c59a0313df828f6c8""]","[""ctx_54186eaf7aa3159ab5855146""]",1,1,1,1,True,True,BOTH_HIT,hit_at_evaluated_cutoff,BOTH_HIT,"{""bm25_hit"": true, ""dense_hit"": true, ""union_hit"": true, ""candidate_hit"": true, ""reranker_top_k_hit"": true, ""candidate_depth"": 100, ""ranking_k"": 10}"
medicine_10033,"Trong sâm đất, protein có tác dụng như thế nào đối với sức khỏe?",3,"[""doc_d840be697a1868500bb99da4""]","[""ctx_52471b57d80fbc493571430a""]",4,1,1,2,True,True,BOTH_HIT,hit_at_evaluated_cutoff,BOTH_HIT,"{""bm25_hit"": true, ""dense_hit"": true, ""union_hit"": true, ""candidate_hit"": true, ""reranker_top_k_hit"": true, ""candidate_depth"": 100, ""ranking_k"": 10}"
medicine_3454,"Theo Y học cổ truyền, cỏ sữa có mấy vị?",3,"[""doc_0155cb707bd3f90c8b756c97""]","[""ctx_930cc0ca6a514eeba344e324""]",1,1,1,1,True,True,BOTH_HIT,hit_at_evaluated_cutoff,BOTH_HIT,"{""bm25_hit"": true, ""dense_hit"": true, ""union_hit"": true, ""candidate_hit"": true, ""reranker_top_k_hit"": true, ""candidate_depth"": 100, ""ranking_k"": 10}"
medicine_8238,"Theo Y học cổ truyền, Ngưu bàng tử có tác dụng gì?",3,"[""doc_0a4a7be2cc295179671103ec""]","[""ctx_0c9e59bdeeeec4675014631d""]",,,,,False,True,BOTH_MISS;CANDIDATE_MISS;DOC_HIT_CHUNK_MISS,retrieval_or_fusion,BOTH_MISS; CANDIDATE_MISS; DOC_HIT_CHUNK_MISS,"{""bm25_hit"": false, ""dense_hit"": false, ""union_hit"": false, ""candidate_hit"": false, ""reranker_top_k_hit"": false, ""candidate_depth"": 100, ""ranking_k"": 10}"
medicine_2297,Trong khoảng thời gian nào cây La rừng ra hoa và fruiting?,3,"[""doc_c79f73cd60c0fe191b30e28a""]","[""ctx_8e1f0c6c2c1e818b43b0fc3d""]",,78,,,False,True,DENSE_ONLY_HIT;FUSION_DROPPED;CANDIDATE_MISS;DOC_HIT_CHUNK_MISS,retrieval_or_fusion,DENSE_ONLY_HIT; FUSION_DROPPED; CANDIDATE_MISS; DOC_HIT_CHUNK_MISS,"{""bm25_hit"": false, ""dense_hit"": true, ""union_hit"": true, ""candidate_hit"": false, ""reranker_top_k_hit"": false, ""candidate_depth"": 100, ""ranking_k"": 10}"
medicine_11061,Thầu dầu có khả năng chịu được ngập úng trong bao lâu?,3,"[""doc_6cb9ff4b9e97657c990fd60c""]","[""ctx_d6f6491a8dc8eb6db3dd42f3""]",1,1,1,1,True,True,BOTH_HIT,hit_at_evaluated_cutoff,BOTH_HIT,"{""bm25_hit"": true, ""dense_hit"": true, ""union_hit"": true, ""candidate_hit"": true, ""reranker_top_k_hit"": true, ""candidate_depth"": 100, ""ranking_k"": 10}"
medicine_6762,Lá tre thường được trồng ở đâu?,3,"[""doc_380101b22af345738f5308e3""]","[""ctx_99b3818abd60b86c3cd30cec""]",,,,,False,False,BOTH_MISS;CANDIDATE_MISS;DOC_AND_CHUNK_MISS,retrieval_or_fusion,BOTH_MISS; CANDIDATE_MISS; DOC_AND_CHUNK_MISS,"{""bm25_hit"": false, ""dense_hit"": false, ""union_hit"": false, ""candidate_hit"": false, ""reranker_top_k_hit"": false, ""candidate_depth"": 100, ""ranking_k"": 10}"
medicine_13839,"Ngoài dạng cao, Địa liền còn được bào chế thành dạng nào khác có tác dụng chống viêm tương tự?",3,"[""doc_aeea7f1c5965c631e217e242""]","[""ctx_fffdfe288412352bb6d8abfb""]",1,7,2,1,True,True,BOTH_HIT,hit_at_evaluated_cutoff,BOTH_HIT,"{""bm25_hit"": true, ""dense_hit"": true, ""union_hit"": true, ""candidate_hit"": true, ""reranker_top_k_hit"": true, ""candidate_depth"": 100, ""ranking_k"": 10}"
medicine_4410,"Dầu đậu nành có chứa carbohydrate, protein, cholesterol và chất xơ không?",3,"[""doc_eb20756b055dbdafbbe6fe24""]","[""ctx_8e65ebef5c54129f5be7542d""]",1,1,1,1,True,True,BOTH_HIT,hit_at_evaluated_cutoff,BOTH_HIT,"{""bm25_hit"": true, ""dense_hit"": true, ""union_hit"": true, ""candidate_hit"": true, ""reranker_top_k_hit"": true, ""candidate_depth"": 100, ""ranking_k"": 10}"
medicine_6773,Khi nào lá trầu không có thể được thu hái?,3,"[""doc_ce05fc611588e3d6d89c1d9e""]","[""ctx_8a6148224358c2fca97a2e14""]",1,1,1,1,True,True,BOTH_HIT,hit_at_evaluated_cutoff,BOTH_HIT,"{""bm25_hit"": true, ""dense_hit"": true, ""union_hit"": true, ""candidate_hit"": true, ""reranker_top_k_hit"": true, ""candidate_depth"": 100, ""ranking_k"": 10}"
medicine_4168,Công dụng của toàn cây dạ cẩm khác công dụng của lá và ngọn non như thế nào?,3,"[""doc_1638ca7db715c9de3c3992f0""]","[""ctx_63a6767f53df3e5db645f821""]",1,22,3,1,True,True,BOTH_HIT,hit_at_evaluated_cutoff,BOTH_HIT,"{""bm25_hit"": true, ""dense_hit"": true, ""union_hit"": true, ""candidate_hit"": true, ""reranker_top_k_hit"": true, ""candidate_depth"": 100, ""ranking_k"": 10}"
medicine_8374,Ngọc trúc có thể dùng cho những người nào?,3,"[""doc_667dde2d980e800611ea3ff6""]","[""ctx_1b9d9d002d98256a02ac2e86""]",7,1,3,1,True,True,BOTH_HIT,hit_at_evaluated_cutoff,BOTH_HIT,"{""bm25_hit"": true, ""dense_hit"": true, ""union_hit"": true, ""candidate_hit"": true, ""reranker_top_k_hit"": true, ""candidate_depth"": 100, ""ranking_k"": 10}"
medicine_1937,Cách sử dụng bài thuốc chữa suy nhược cơ thể từ Cát sâm như thế nào?,3,"[""doc_d84f69ba979f43a99f1ad3be""]","[""ctx_2410cb4922c4d5e6509b33d5""]",,12,37,1,True,True,DENSE_ONLY_HIT,hit_at_evaluated_cutoff,DENSE_ONLY_HIT,"{""bm25_hit"": false, ""dense_hit"": true, ""union_hit"": true, ""candidate_hit"": true, ""reranker_top_k_hit"": true, ""candidate_depth"": 100, ""ranking_k"": 10}"
medicine_9571,Rong biển có vị gì và tính gì theo y học cổ truyền?,3,"[""doc_a00b949a524ba4128bb482c0""]","[""ctx_a4860b5fbd97a8700f52f6e9""]",6,1,1,1,True,True,BOTH_HIT,hit_at_evaluated_cutoff,BOTH_HIT,"{""bm25_hit"": true, ""dense_hit"": true, ""union_hit"": true, ""candidate_hit"": true, ""reranker_top_k_hit"": true, ""candidate_depth"": 100, ""ranking_k"": 10}"
medicine_12209,"Theo Y học cổ truyền, Tô mộc có tác dụng gì?",3,"[""doc_9a5b3f4fdbb1c73062bcaea1""]","[""ctx_aa4e9718b86db37a8c51a774""]",86,1,12,1,True,True,BOTH_HIT,hit_at_evaluated_cutoff,BOTH_HIT,"{""bm25_hit"": true, ""dense_hit"": true, ""union_hit"": true, ""candidate_hit"": true, ""reranker_top_k_hit"": true, ""candidate_depth"": 100, ""ranking_k"": 10}"
medicine_6052,Liều dùng hằng ngày của khương hoạt là bao nhiêu?,3,"[""doc_6688ad95746d82a53d37cd25""]","[""ctx_9ba2d7f9310b42bbf7cd8ba5""]",1,1,1,1,True,True,BOTH_HIT,hit_at_evaluated_cutoff,BOTH_HIT,"{""bm25_hit"": true, ""dense_hit"": true, ""union_hit"": true, ""candidate_hit"": true, ""reranker_top_k_hit"": true, ""candidate_depth"": 100, ""ranking_k"": 10}"
medicine_970,"Theo nghiên cứu, tinh dầu Bạch đàn trắng có tác dụng kháng khuẩn nào?",3,"[""doc_8ec864e648337b40d5caa116""]","[""ctx_7fe60b403afe8f1cbe049cc6""]",1,1,1,1,True,True,BOTH_HIT,hit_at_evaluated_cutoff,BOTH_HIT,"{""bm25_hit"": true, ""dense_hit"": true, ""union_hit"": true, ""candidate_hit"": true, ""reranker_top_k_hit"": true, ""candidate_depth"": 100, ""ranking_k"": 10}"
medicine_11129,Đâu là lưu ý bảo quản chung cho thồm lồm?,3,"[""doc_233c407907336b138d405d2c""]","[""ctx_370300c4a0ef663193685713""]",1,1,1,1,True,True,BOTH_HIT,hit_at_evaluated_cutoff,BOTH_HIT,"{""bm25_hit"": true, ""dense_hit"": true, ""union_hit"": true, ""candidate_hit"": true, ""reranker_top_k_hit"": true, ""candidate_depth"": 100, ""ranking_k"": 10}"
medicine_11984,Trầm hương có thể được sử dụng dưới dạng nào?,3,"[""doc_3256a49207c9d0db136eba45""]","[""ctx_b1237b0b5fdf6e339abc7d3a""]",1,8,2,3,True,True,BOTH_HIT,hit_at_evaluated_cutoff,BOTH_HIT,"{""bm25_hit"": true, ""dense_hit"": true, ""union_hit"": true, ""candidate_hit"": true, ""reranker_top_k_hit"": true, ""candidate_depth"": 100, ""ranking_k"": 10}"
medicine_8906,"Trong nghiên cứu của Tôn Thế Tích, liều dùng của thuốc ngâm Phòng phong cho thỏ là bao nhiêu?",3,"[""doc_bbae02c77bae3e7d84354ef7""]","[""ctx_cd7e1b1f44c48b709b23ff2c""]",1,1,1,1,True,True,BOTH_HIT,hit_at_evaluated_cutoff,BOTH_HIT,"{""bm25_hit"": true, ""dense_hit"": true, ""union_hit"": true, ""candidate_hit"": true, ""reranker_top_k_hit"": true, ""candidate_depth"": 100, ""ranking_k"": 10}"
medicine_12256,Cây tầm gửi thuộc họ thực vật nào?,3,"[""doc_569e40454e32caa1c143950e""]","[""ctx_76c45bf2f8b6b11c27905cae""]",1,2,1,1,True,True,BOTH_HIT,hit_at_evaluated_cutoff,BOTH_HIT,"{""bm25_hit"": true, ""dense_hit"": true, ""union_hit"": true, ""candidate_hit"": true, ""reranker_top_k_hit"": true, ""candidate_depth"": 100, ""ranking_k"": 10}"
medicine_2960,Dạng bào chế của Cúc hoa là gì?,3,"[""doc_d94346b4a25264fb6dfccaa3""]","[""ctx_8593e06360f564c31a444246""]",,,,,False,True,BOTH_MISS;CANDIDATE_MISS;DOC_HIT_CHUNK_MISS,retrieval_or_fusion,BOTH_MISS; CANDIDATE_MISS; DOC_HIT_CHUNK_MISS,"{""bm25_hit"": false, ""dense_hit"": false, ""union_hit"": false, ""candidate_hit"": false, ""reranker_top_k_hit"": false, ""candidate_depth"": 100, ""ranking_k"": 10}"
medicine_13249,"Ở bài thuốc trên, cách dùng và liều lượng của Ích trí nhân là như thế nào?",3,"[""doc_6af297545d3aa8a3bdb2df75""]","[""ctx_d6f53c077999c637992050a8""]",95,2,3,1,True,True,BOTH_HIT,hit_at_evaluated_cutoff,BOTH_HIT,"{""bm25_hit"": true, ""dense_hit"": true, ""union_hit"": true, ""candidate_hit"": true, ""reranker_top_k_hit"": true, ""candidate_depth"": 100, ""ranking_k"": 10}"
medicine_10202,Loại hoạt chất chính có trong rễ cây sương sâm là gì?,3,"[""doc_2786fcb61c4fa205c0b7d1d5""]","[""ctx_a243a9fe155225a5e334f3f8""]",1,1,1,1,True,True,BOTH_HIT,hit_at_evaluated_cutoff,BOTH_HIT,"{""bm25_hit"": true, ""dense_hit"": true, ""union_hit"": true, ""candidate_hit"": true, ""reranker_top_k_hit"": true, ""candidate_depth"": 100, ""ranking_k"": 10}"
medicine_9373,Dịch chiết từ rau ngót có tác dụng gì đối với vết thương ở chuột?,3,"[""doc_fb6069e225f178689a074624""]","[""ctx_0875aa53e58fa9718e3e2780""]",1,1,1,1,True,True,BOTH_HIT,hit_at_evaluated_cutoff,BOTH_HIT,"{""bm25_hit"": true, ""dense_hit"": true, ""union_hit"": true, ""candidate_hit"": true, ""reranker_top_k_hit"": true, ""candidate_depth"": 100, ""ranking_k"": 10}"
medicine_7356,"Làm cách nào có thể nâng cao hiệu quả chống lão hóa da, chống oxy hóa của vỏ quả măng cụt?",3,"[""doc_baf9a96fe98441fc340e32ea""]","[""ctx_625a28f6efe31dc9726ce1ce""]",24,2,4,1,True,True,BOTH_HIT,hit_at_evaluated_cutoff,BOTH_HIT,"{""bm25_hit"": true, ""dense_hit"": true, ""union_hit"": true, ""candidate_hit"": true, ""reranker_top_k_hit"": true, ""candidate_depth"": 100, ""ranking_k"": 10}"
medicine_6640,Chất nào trong lá giang có tác dụng kháng khuẩn?,3,"[""doc_4841035303c30bb8aa5186fc""]","[""ctx_72ab63cc01b4f396a046c27d""]",1,4,1,1,True,True,BOTH_HIT,hit_at_evaluated_cutoff,BOTH_HIT,"{""bm25_hit"": true, ""dense_hit"": true, ""union_hit"": true, ""candidate_hit"": true, ""reranker_top_k_hit"": true, ""candidate_depth"": 100, ""ranking_k"": 10}"
medicine_12484,Tỏi có tác dụng như thế nào đối với các vi khuẩn Gram dương và Gram âm?,3,"[""doc_943ae76620dce846af5f07c3""]","[""ctx_94c1fd63fa1196e42d4e068f""]",17,1,4,1,True,True,BOTH_HIT,hit_at_evaluated_cutoff,BOTH_HIT,"{""bm25_hit"": true, ""dense_hit"": true, ""union_hit"": true, ""candidate_hit"": true, ""reranker_top_k_hit"": true, ""candidate_depth"": 100, ""ranking_k"": 10}"
medicine_10612,"Theo GS Đỗ Tất Lợi, Thiên tiên tử có tác dụng gì?",3,"[""doc_0ea90a863e2b03f4854818e2""]","[""ctx_b3fe6566e588d643ef2c78ca""]",1,1,1,1,True,True,BOTH_HIT,hit_at_evaluated_cutoff,BOTH_HIT,"{""bm25_hit"": true, ""dense_hit"": true, ""union_hit"": true, ""candidate_hit"": true, ""reranker_top_k_hit"": true, ""candidate_depth"": 100, ""ranking_k"": 10}"
medicine_9901,"Bổ khí, bổ huyết, giảm ho, trừ đờm theo lý luận của Dược điển Việt Nam đề cập trong văn bản là tác dụng gì của Sâm bố chính?",3,"[""doc_7e352291de544af8ddf9a68d""]","[""ctx_5b09515005b340440c9bf64e""]",1,1,1,1,True,True,BOTH_HIT,hit_at_evaluated_cutoff,BOTH_HIT,"{""bm25_hit"": true, ""dense_hit"": true, ""union_hit"": true, ""candidate_hit"": true, ""reranker_top_k_hit"": true, ""candidate_depth"": 100, ""ranking_k"": 10}"
medicine_10166,Sơn thù kiêng kỵ những vị thuốc nào?,3,"[""doc_c7dae10b1be89f9afa43bb6f""]","[""ctx_0375bb4570b565a2446e40ab""]",3,1,2,1,True,True,BOTH_HIT,hit_at_evaluated_cutoff,BOTH_HIT,"{""bm25_hit"": true, ""dense_hit"": true, ""union_hit"": true, ""candidate_hit"": true, ""reranker_top_k_hit"": true, ""candidate_depth"": 100, ""ranking_k"": 10}"
medicine_11964,Các tỉnh miền nào có nhiều Trầm hương nhất?,3,"[""doc_3256a49207c9d0db136eba45""]","[""ctx_b93ae94e4996175470d4f33e""]",1,1,1,1,True,True,BOTH_HIT,hit_at_evaluated_cutoff,BOTH_HIT,"{""bm25_hit"": true, ""dense_hit"": true, ""union_hit"": true, ""candidate_hit"": true, ""reranker_top_k_hit"": true, ""candidate_depth"": 100, ""ranking_k"": 10}"
medicine_7364,Hoa mơ tam thể ra vào tháng nào?,3,"[""doc_79eba5442701817766f40a98""]","[""ctx_8ab390ada33eb1db08b60b00""]",1,1,1,1,True,True,BOTH_HIT,hit_at_evaluated_cutoff,BOTH_HIT,"{""bm25_hit"": true, ""dense_hit"": true, ""union_hit"": true, ""candidate_hit"": true, ""reranker_top_k_hit"": true, ""candidate_depth"": 100, ""ranking_k"": 10}"
medicine_5691,"Theo Đông y, khi sử dụng hải sâm cần tránh dùng cùng vị thuốc nào?",3,"[""doc_32490e387b67704275b38327""]","[""ctx_47f09c14dca7f6ab80366857""]",1,1,1,1,True,True,BOTH_HIT,hit_at_evaluated_cutoff,BOTH_HIT,"{""bm25_hit"": true, ""dense_hit"": true, ""union_hit"": true, ""candidate_hit"": true, ""reranker_top_k_hit"": true, ""candidate_depth"": 100, ""ranking_k"": 10}"
medicine_13714,Đậu biếc được tìm thấy ở đâu?,3,"[""doc_09a3a4b883e81e75b8391275""]","[""ctx_9a95af77de22d1651a6f8e5e""]",6,3,5,2,True,True,BOTH_HIT,hit_at_evaluated_cutoff,BOTH_HIT,"{""bm25_hit"": true, ""dense_hit"": true, ""union_hit"": true, ""candidate_hit"": true, ""reranker_top_k_hit"": true, ""candidate_depth"": 100, ""ranking_k"": 10}"
medicine_11991,Trần bì giúp điều trị hiệu quả bệnh gì?,3,"[""doc_f5cfd70e67ab73ef8cc925a4""]","[""ctx_cd73bf5fcc6686010bdfdc49""]",20,3,4,1,True,True,BOTH_HIT,hit_at_evaluated_cutoff,BOTH_HIT,"{""bm25_hit"": true, ""dense_hit"": true, ""union_hit"": true, ""candidate_hit"": true, ""reranker_top_k_hit"": true, ""candidate_depth"": 100, ""ranking_k"": 10}"
medicine_8083,Có nên dùng quá nhiều Ngô thù du một lần không?,3,"[""doc_496380dc50be9176a531369d""]","[""ctx_9288c8149241163d140c6b12""]",1,1,1,1,True,True,BOTH_HIT,hit_at_evaluated_cutoff,BOTH_HIT,"{""bm25_hit"": true, ""dense_hit"": true, ""union_hit"": true, ""candidate_hit"": true, ""reranker_top_k_hit"": true, ""candidate_depth"": 100, ""ranking_k"": 10}"
medicine_3390,Việc sử dụng cỏ ngọt có thể gây ra những tác dụng phụ cấp tính hoặc bán cấp tính nào?,3,"[""doc_b40deffe16aca867ca1b02cd""]","[""ctx_4c4a20873dd851bbae7b4f64""]",1,3,2,1,True,True,BOTH_HIT,hit_at_evaluated_cutoff,BOTH_HIT,"{""bm25_hit"": true, ""dense_hit"": true, ""union_hit"": true, ""candidate_hit"": true, ""reranker_top_k_hit"": true, ""candidate_depth"": 100, ""ranking_k"": 10}"
medicine_9179,Bài thuốc từ Rau Khúc được đắp lên vị trí nào trên cơ thể để điều trị bệnh Gút?,3,"[""doc_69625f14d4903727c30adda6""]","[""ctx_8ace7c6abaae8266d25dacac""]",64,,,,False,False,BM25_ONLY_HIT;FUSION_DROPPED;CANDIDATE_MISS;DOC_AND_CHUNK_MISS,retrieval_or_fusion,BM25_ONLY_HIT; FUSION_DROPPED; CANDIDATE_MISS; DOC_AND_CHUNK_MISS,"{""bm25_hit"": true, ""dense_hit"": false, ""union_hit"": true, ""candidate_hit"": false, ""reranker_top_k_hit"": false, ""candidate_depth"": 100, ""ranking_k"": 10}"
medicine_7468,Cây mướp tây cao khoảng bao nhiêu?,3,"[""doc_06a8b5242c22d82fe810f1bb""]","[""ctx_c8e0214e4db0e0e67941349c""]",,19,39,1,True,True,DENSE_ONLY_HIT,hit_at_evaluated_cutoff,DENSE_ONLY_HIT,"{""bm25_hit"": false, ""dense_hit"": true, ""union_hit"": true, ""candidate_hit"": true, ""reranker_top_k_hit"": true, ""candidate_depth"": 100, ""ranking_k"": 10}"
medicine_5692,Tên hậu phác dùng để chỉ những loại thuốc nào?,3,"[""doc_a1418bd2a130fe0ca13ea634""]","[""ctx_f2a3089980cbc843db6ee413""]",1,1,1,1,True,True,BOTH_HIT,hit_at_evaluated_cutoff,BOTH_HIT,"{""bm25_hit"": true, ""dense_hit"": true, ""union_hit"": true, ""candidate_hit"": true, ""reranker_top_k_hit"": true, ""candidate_depth"": 100, ""ranking_k"": 10}"
medicine_7255,Mía dò là loại dược liệu gì?,3,"[""doc_b960363e4da3dcbe78023f3a""]","[""ctx_b3d698688242d827356aa961""]",6,8,5,4,True,True,BOTH_HIT,hit_at_evaluated_cutoff,BOTH_HIT,"{""bm25_hit"": true, ""dense_hit"": true, ""union_hit"": true, ""candidate_hit"": true, ""reranker_top_k_hit"": true, ""candidate_depth"": 100, ""ranking_k"": 10}"
medicine_973,Cây bạch đàn trắng thường được dùng làm thuốc gì?,3,"[""doc_8ec864e648337b40d5caa116""]","[""ctx_33c973a4d58f575b6928211d""]",,,,,False,True,BOTH_MISS;CANDIDATE_MISS;DOC_HIT_CHUNK_MISS,retrieval_or_fusion,BOTH_MISS; CANDIDATE_MISS; DOC_HIT_CHUNK_MISS,"{""bm25_hit"": false, ""dense_hit"": false, ""union_hit"": false, ""candidate_hit"": false, ""reranker_top_k_hit"": false, ""candidate_depth"": 100, ""ranking_k"": 10}"
medicine_5138,Huyết kiệt được thu hái từ đâu?,3,"[""doc_a40c5fb1a573be29cb35a531""]","[""ctx_490652b5ffbd51677b13271b""]",2,1,1,1,True,True,BOTH_HIT,hit_at_evaluated_cutoff,BOTH_HIT,"{""bm25_hit"": true, ""dense_hit"": true, ""union_hit"": true, ""candidate_hit"": true, ""reranker_top_k_hit"": true, ""candidate_depth"": 100, ""ranking_k"": 10}"
medicine_12995,Xương rồng tai thỏ có thể sống trong điều kiện thời tiết như thế nào?,3,"[""doc_4432869a07738a3662b62d93""]","[""ctx_cf4efb2f321b87812b88a5a1""]",1,1,1,1,True,True,BOTH_HIT,hit_at_evaluated_cutoff,BOTH_HIT,"{""bm25_hit"": true, ""dense_hit"": true, ""union_hit"": true, ""candidate_hit"": true, ""reranker_top_k_hit"": true, ""candidate_depth"": 100, ""ranking_k"": 10}"
medicine_8151,Thu hoạch và chế biến ngũ gia bì như thế nào?,3,"[""doc_510d769a5c6755af53f13122""]","[""ctx_271411d49838e24d77b55009""]",7,2,3,1,True,True,BOTH_HIT,hit_at_evaluated_cutoff,BOTH_HIT,"{""bm25_hit"": true, ""dense_hit"": true, ""union_hit"": true, ""candidate_hit"": true, ""reranker_top_k_hit"": true, ""candidate_depth"": 100, ""ranking_k"": 10}"
medicine_10705,Lá thông thiên được thu hoạch quanh năm hay theo mùa?,3,"[""doc_9bc601075708ab215aad5154""]","[""ctx_8f35a9ceae56dc7b82203ab4""]",14,,50,1,True,True,BM25_ONLY_HIT,hit_at_evaluated_cutoff,BM25_ONLY_HIT,"{""bm25_hit"": true, ""dense_hit"": false, ""union_hit"": true, ""candidate_hit"": true, ""reranker_top_k_hit"": true, ""candidate_depth"": 100, ""ranking_k"": 10}"
medicine_11725,Liều lượng dùng Tri mẫu như thế nào?,3,"[""doc_b4da61367947dae100d08521""]","[""ctx_0bdb3b582e439226c7bf1688""]",,,,,False,True,BOTH_MISS;CANDIDATE_MISS;DOC_HIT_CHUNK_MISS,retrieval_or_fusion,BOTH_MISS; CANDIDATE_MISS; DOC_HIT_CHUNK_MISS,"{""bm25_hit"": false, ""dense_hit"": false, ""union_hit"": false, ""candidate_hit"": false, ""reranker_top_k_hit"": false, ""candidate_depth"": 100, ""ranking_k"": 10}"
medicine_8941,"Trong các trường hợp sau, tình trạng nào không phù hợp sử dụng Phụ tử?",3,"[""doc_96b01b5136b5b760948f8476""]","[""ctx_da5f8986d35426ed97e02772""]",,4,15,3,True,True,DENSE_ONLY_HIT,hit_at_evaluated_cutoff,DENSE_ONLY_HIT,"{""bm25_hit"": false, ""dense_hit"": true, ""union_hit"": true, ""candidate_hit"": true, ""reranker_top_k_hit"": true, ""candidate_depth"": 100, ""ranking_k"": 10}"
medicine_10002,Cây sâm đại hành phát triển trong bao lâu?,3,"[""doc_1e30a54df2d807344d9d0659""]","[""ctx_fc17d2a071338bbeb4e9f489""]",11,2,4,1,True,True,BOTH_HIT,hit_at_evaluated_cutoff,BOTH_HIT,"{""bm25_hit"": true, ""dense_hit"": true, ""union_hit"": true, ""candidate_hit"": true, ""reranker_top_k_hit"": true, ""candidate_depth"": 100, ""ranking_k"": 10}"
medicine_11258,Tinh dầu hoa anh thảo có tác dụng ức chế những vi khuẩn và nấm nào?,3,"[""doc_8233e1c72b46f4cfcf9c8067""]","[""ctx_9c8b43930e939c86410a693c""]",2,1,1,1,True,True,BOTH_HIT,hit_at_evaluated_cutoff,BOTH_HIT,"{""bm25_hit"": true, ""dense_hit"": true, ""union_hit"": true, ""candidate_hit"": true, ""reranker_top_k_hit"": true, ""candidate_depth"": 100, ""ranking_k"": 10}"
medicine_3494,"Trong y học cổ truyền, bộ phận nào của cây cỏ tháp bút được dùng làm thuốc?",3,"[""doc_ecf65cf6be86cdb1218374e0""]","[""ctx_d5e6168ee512130a3ea5cd85""]",,15,36,1,True,True,DENSE_ONLY_HIT,hit_at_evaluated_cutoff,DENSE_ONLY_HIT,"{""bm25_hit"": false, ""dense_hit"": true, ""union_hit"": true, ""candidate_hit"": true, ""reranker_top_k_hit"": true, ""candidate_depth"": 100, ""ranking_k"": 10}"
medicine_6755,Chiết xuất lá Thường xuân có tác dụng gì trong việc điều trị bệnh đái tháo đường?,3,"[""doc_b49e9a5624be6378cc90cea5""]","[""ctx_f01532377675b3e4f429a8ab""]",1,1,1,1,True,True,BOTH_HIT,hit_at_evaluated_cutoff,BOTH_HIT,"{""bm25_hit"": true, ""dense_hit"": true, ""union_hit"": true, ""candidate_hit"": true, ""reranker_top_k_hit"": true, ""candidate_depth"": 100, ""ranking_k"": 10}"
medicine_13377,Hoa Đinh hương mọc ở đâu?,3,"[""doc_8a9e7d119a281887f5314a5b""]","[""ctx_f92f90c3feedc4034e057dc0""]",1,1,1,1,True,True,BOTH_HIT,hit_at_evaluated_cutoff,BOTH_HIT,"{""bm25_hit"": true, ""dense_hit"": true, ""union_hit"": true, ""candidate_hit"": true, ""reranker_top_k_hit"": true, ""candidate_depth"": 100, ""ranking_k"": 10}"
medicine_4317,Dầu hạt nho có thể dùng để làm gì?,3,"[""doc_39670641bd700d3f9ea1a23e""]","[""ctx_ea9f1da9d5144067a00b0061""]",8,6,7,5,True,True,BOTH_HIT,hit_at_evaluated_cutoff,BOTH_HIT,"{""bm25_hit"": true, ""dense_hit"": true, ""union_hit"": true, ""candidate_hit"": true, ""reranker_top_k_hit"": true, ""candidate_depth"": 100, ""ranking_k"": 10}"
medicine_1242,"Đối với kích ứng da do Bồng bồng, có thể dùng cách nào để điều trị?",3,"[""doc_925e7bd9f575a0c40cacc8a1""]","[""ctx_715d48fe736f2c08f7aea2fc""]",1,1,1,1,True,True,BOTH_HIT,hit_at_evaluated_cutoff,BOTH_HIT,"{""bm25_hit"": true, ""dense_hit"": true, ""union_hit"": true, ""candidate_hit"": true, ""reranker_top_k_hit"": true, ""candidate_depth"": 100, ""ranking_k"": 10}"
medicine_4516,"Trong nghiên cứu năm 1958, các hợp chất chính nào của Dừa cạn được chứng minh có khả năng tiêu diệt tế bào ung thư?",3,"[""doc_77ee5c1e876658bae2a1ea80""]","[""ctx_892e5d1672e5d95b3b00c3bb""]",1,1,1,1,True,True,BOTH_HIT,hit_at_evaluated_cutoff,BOTH_HIT,"{""bm25_hit"": true, ""dense_hit"": true, ""union_hit"": true, ""candidate_hit"": true, ""reranker_top_k_hit"": true, ""candidate_depth"": 100, ""ranking_k"": 10}"
medicine_11282,Tinh dầu hoa cam có tác dụng thế nào đối với phụ nữ trong quá trình chuyển dạ?,3,"[""doc_54dbcb8311f0bfbef2963f5d""]","[""ctx_c53dc09314f5979005bed607""]",1,1,1,1,True,True,BOTH_HIT,hit_at_evaluated_cutoff,BOTH_HIT,"{""bm25_hit"": true, ""dense_hit"": true, ""union_hit"": true, ""candidate_hit"": true, ""reranker_top_k_hit"": true, ""candidate_depth"": 100, ""ranking_k"": 10}"
medicine_5905,"Theo kinh nghiệm Việt Nam, khi sử dụng khiên ngưu thì có thể chế biến theo những cách nào?",3,"[""doc_6fbfe7b27a883c4bceb258b4""]","[""ctx_c8c0d5c23dffcf3a8b631d1b""]",5,,22,4,True,True,BM25_ONLY_HIT,hit_at_evaluated_cutoff,BM25_ONLY_HIT,"{""bm25_hit"": true, ""dense_hit"": false, ""union_hit"": true, ""candidate_hit"": true, ""reranker_top_k_hit"": true, ""candidate_depth"": 100, ""ranking_k"": 10}"
medicine_2290,Công dụng chủ yếu của cây hàm ếch là gì?,3,"[""doc_2fd99bd84bafe0360504dbf0""]","[""ctx_53e7f86a76d594fd0906e8de""]",2,4,3,1,True,True,BOTH_HIT,hit_at_evaluated_cutoff,BOTH_HIT,"{""bm25_hit"": true, ""dense_hit"": true, ""union_hit"": true, ""candidate_hit"": true, ""reranker_top_k_hit"": true, ""candidate_depth"": 100, ""ranking_k"": 10}"
medicine_3124,"Cách sắc cảo bản để điều trị cảm phải khí lạnh, hơi sương mù là gì?",3,"[""doc_43aa73824a3677465c0063a5""]","[""ctx_2aa02ccd1eecbe5ef1673e9f""]",2,35,2,1,True,True,BOTH_HIT,hit_at_evaluated_cutoff,BOTH_HIT,"{""bm25_hit"": true, ""dense_hit"": true, ""union_hit"": true, ""candidate_hit"": true, ""reranker_top_k_hit"": true, ""candidate_depth"": 100, ""ranking_k"": 10}"
medicine_3477,Cây cỏ the chứa những hoạt chất nào?,3,"[""doc_b95b8786eaa5e186c95807de""]","[""ctx_e8de0222eda888f30070ef1b""]",2,1,1,1,True,True,BOTH_HIT,hit_at_evaluated_cutoff,BOTH_HIT,"{""bm25_hit"": true, ""dense_hit"": true, ""union_hit"": true, ""candidate_hit"": true, ""reranker_top_k_hit"": true, ""candidate_depth"": 100, ""ranking_k"": 10}"
medicine_11891,Điều kiện thích hợp để bảo quản Trư linh là gì?,3,"[""doc_09b03f4d80ccd3a430c56f72""]","[""ctx_27fd2a402ed0558925537344""]",1,1,1,1,True,True,BOTH_HIT,hit_at_evaluated_cutoff,BOTH_HIT,"{""bm25_hit"": true, ""dense_hit"": true, ""union_hit"": true, ""candidate_hit"": true, ""reranker_top_k_hit"": true, ""candidate_depth"": 100, ""ranking_k"": 10}"
medicine_11595,Tôi có được sử dụng tinh dầu xá xị trong khi mang thai không?,3,"[""doc_7d74e1ca75ba13e53e374cef""]","[""ctx_7a25f7a8b6448761740819b9""]",,6,27,1,True,True,DENSE_ONLY_HIT,hit_at_evaluated_cutoff,DENSE_ONLY_HIT,"{""bm25_hit"": false, ""dense_hit"": true, ""union_hit"": true, ""candidate_hit"": true, ""reranker_top_k_hit"": true, ""candidate_depth"": 100, ""ranking_k"": 10}"
medicine_1508,Cây Chân bầu có hình dạng như thế nào?,3,"[""doc_ac56bb676c548162308cbcc8""]","[""ctx_e54397476e969957358a31ce""]",1,1,1,1,True,True,BOTH_HIT,hit_at_evaluated_cutoff,BOTH_HIT,"{""bm25_hit"": true, ""dense_hit"": true, ""union_hit"": true, ""candidate_hit"": true, ""reranker_top_k_hit"": true, ""candidate_depth"": 100, ""ranking_k"": 10}"
medicine_12629,"Theo Y học hiện đại, tác dụng chính của dược liệu Vàng đắng là gì?",3,"[""doc_c76e81398c20a85de4065336""]","[""ctx_07d96e7c8364fc38a0233aaf""]",,,,,False,True,BOTH_MISS;CANDIDATE_MISS;DOC_HIT_CHUNK_MISS,retrieval_or_fusion,BOTH_MISS; CANDIDATE_MISS; DOC_HIT_CHUNK_MISS,"{""bm25_hit"": false, ""dense_hit"": false, ""union_hit"": false, ""candidate_hit"": false, ""reranker_top_k_hit"": false, ""candidate_depth"": 100, ""ranking_k"": 10}"
medicine_5952,Khoai nưa thường mọc ở đâu?,3,"[""doc_6e82ff1889a0387a2812578b""]","[""ctx_96f4ebe8ec89e19bcce29397""]",7,1,3,1,True,True,BOTH_HIT,hit_at_evaluated_cutoff,BOTH_HIT,"{""bm25_hit"": true, ""dense_hit"": true, ""union_hit"": true, ""candidate_hit"": true, ""reranker_top_k_hit"": true, ""candidate_depth"": 100, ""ranking_k"": 10}"
medicine_308,Thu hái Bán biên liên vào thời điểm nào có tác dụng lợi tiểu tốt nhất?,3,"[""doc_64f415babf140df6f545a29a""]","[""ctx_74ddd58f5f375b1383650ec5""]",1,1,1,1,True,True,BOTH_HIT,hit_at_evaluated_cutoff,BOTH_HIT,"{""bm25_hit"": true, ""dense_hit"": true, ""union_hit"": true, ""candidate_hit"": true, ""reranker_top_k_hit"": true, ""candidate_depth"": 100, ""ranking_k"": 10}"
medicine_11452,Những thành phần nào trong tinh dầu khuynh diệp có tác dụng giảm đau?,3,"[""doc_7833bf2262f800302fff5057""]","[""ctx_7f2075339eb4fc44d1758ef1""]",1,1,1,1,True,True,BOTH_HIT,hit_at_evaluated_cutoff,BOTH_HIT,"{""bm25_hit"": true, ""dense_hit"": true, ""union_hit"": true, ""candidate_hit"": true, ""reranker_top_k_hit"": true, ""candidate_depth"": 100, ""ranking_k"": 10}"
medicine_13696,Đảng sâm có những hoạt tính sinh học khác đáng kể nào ngoài hoạt động chống oxy hóa và bảo vệ gan?,3,"[""doc_02661618b414742b232d00e1""]","[""ctx_b9f11589b4da58a53d026b29""]",1,15,2,2,True,True,BOTH_HIT,hit_at_evaluated_cutoff,BOTH_HIT,"{""bm25_hit"": true, ""dense_hit"": true, ""union_hit"": true, ""candidate_hit"": true, ""reranker_top_k_hit"": true, ""candidate_depth"": 100, ""ranking_k"": 10}"
medicine_562,Tác dụng của bài thuốc có chứa cây Bông móng tay là gì?,3,"[""doc_a4e536564d186b2efce8a2b8""]","[""ctx_4f7af7b4d94b9d5d82701f8e""]",4,1,2,2,True,True,BOTH_HIT,hit_at_evaluated_cutoff,BOTH_HIT,"{""bm25_hit"": true, ""dense_hit"": true, ""union_hit"": true, ""candidate_hit"": true, ""reranker_top_k_hit"": true, ""candidate_depth"": 100, ""ranking_k"": 10}"
medicine_12380,Đặc điểm cấu tạo của cây tỏi cô đơn như thế nào?,3,"[""doc_34cfed173f19dbf649db187e""]","[""ctx_4140dfab45a975295e9250e7""]",2,2,2,1,True,True,BOTH_HIT,hit_at_evaluated_cutoff,BOTH_HIT,"{""bm25_hit"": true, ""dense_hit"": true, ""union_hit"": true, ""candidate_hit"": true, ""reranker_top_k_hit"": true, ""candidate_depth"": 100, ""ranking_k"": 10}"
medicine_1041,Bạch đồng nữ thuộc loại cây gì và đặc điểm sinh trưởng của nó thế nào?,3,"[""doc_c2b6d385b1326b318e80a1f5""]","[""ctx_a0dbb41d3466eda72a139133""]",18,1,2,2,True,True,BOTH_HIT,hit_at_evaluated_cutoff,BOTH_HIT,"{""bm25_hit"": true, ""dense_hit"": true, ""union_hit"": true, ""candidate_hit"": true, ""reranker_top_k_hit"": true, ""candidate_depth"": 100, ""ranking_k"": 10}"
medicine_12237,Những bộ phận nào của cây tầm bóp được sử dụng làm thuốc?,3,"[""doc_b494b4ae17d0352842cb0e54""]","[""ctx_dd4a63e4c3892685328c3fd7""]",42,,81,12,False,True,BM25_ONLY_HIT;RERANKER_MISS;SELECTION_MISS;DOC_HIT_CHUNK_MISS,reranker,BM25_ONLY_HIT; RERANKER_MISS; SELECTION_MISS; DOC_HIT_CHUNK_MISS,"{""bm25_hit"": true, ""dense_hit"": false, ""union_hit"": true, ""candidate_hit"": true, ""reranker_top_k_hit"": false, ""candidate_depth"": 100, ""ranking_k"": 10}"
medicine_1540,Có thể dùng Chè dây theo những cách nào?,3,"[""doc_1f214e0e9ce7f5925e8f3af3""]","[""ctx_3c14dc7762b54c5fd22831a7""]",11,1,4,1,True,True,BOTH_HIT,hit_at_evaluated_cutoff,BOTH_HIT,"{""bm25_hit"": true, ""dense_hit"": true, ""union_hit"": true, ""candidate_hit"": true, ""reranker_top_k_hit"": true, ""candidate_depth"": 100, ""ranking_k"": 10}"
medicine_4347,Methyl este từ dầu jojoba có thể sử dụng để làm gì?,3,"[""doc_4678b9ac49c7bc57524e8226""]","[""ctx_66097d94419021f67481d56b""]",1,4,1,1,True,True,BOTH_HIT,hit_at_evaluated_cutoff,BOTH_HIT,"{""bm25_hit"": true, ""dense_hit"": true, ""union_hit"": true, ""candidate_hit"": true, ""reranker_top_k_hit"": true, ""candidate_depth"": 100, ""ranking_k"": 10}"
medicine_3929,Dây gắm có tên khoa học là gì?,3,"[""doc_6412da389593a24facb57593""]","[""ctx_de8f10f58b97cbc2d9c5032c""]",1,1,1,1,True,True,BOTH_HIT,hit_at_evaluated_cutoff,BOTH_HIT,"{""bm25_hit"": true, ""dense_hit"": true, ""union_hit"": true, ""candidate_hit"": true, ""reranker_top_k_hit"": true, ""candidate_depth"": 100, ""ranking_k"": 10}"
medicine_5706,"Theo Y học cổ truyền, hậu phác được sử dụng để điều trị những rối loạn tiêu hóa nào?",3,"[""doc_a1418bd2a130fe0ca13ea634""]","[""ctx_6e0cd340966f4f08e9f765e7""]",2,1,1,1,True,True,BOTH_HIT,hit_at_evaluated_cutoff,BOTH_HIT,"{""bm25_hit"": true, ""dense_hit"": true, ""union_hit"": true, ""candidate_hit"": true, ""reranker_top_k_hit"": true, ""candidate_depth"": 100, ""ranking_k"": 10}"
medicine_1258,Bổ cốt chỉ có tác dụng gì đối với tế bào ung thư?,3,"[""doc_0d1f60c91e5891325279f5e6""]","[""ctx_80d4c7f17a726263eb6aacd2""]",,,,,False,True,BOTH_MISS;CANDIDATE_MISS;DOC_HIT_CHUNK_MISS,retrieval_or_fusion,BOTH_MISS; CANDIDATE_MISS; DOC_HIT_CHUNK_MISS,"{""bm25_hit"": false, ""dense_hit"": false, ""union_hit"": false, ""candidate_hit"": false, ""reranker_top_k_hit"": false, ""candidate_depth"": 100, ""ranking_k"": 10}"
medicine_279,Làm thế nào để bảo quản vị thuốc Bách thảo sương?,3,"[""doc_6881eccd31c46e4eb0bf1fb4""]","[""ctx_c9113417cf352c25161b397e""]",,33,67,1,True,True,DENSE_ONLY_HIT,hit_at_evaluated_cutoff,DENSE_ONLY_HIT,"{""bm25_hit"": false, ""dense_hit"": true, ""union_hit"": true, ""candidate_hit"": true, ""reranker_top_k_hit"": true, ""candidate_depth"": 100, ""ranking_k"": 10}"
medicine_1240,"Ngoài ra, cây bồng bồng còn được dùng để chữa các bệnh gì?",3,"[""doc_925e7bd9f575a0c40cacc8a1""]","[""ctx_07d9cbb2a0af4febc28b587e""]",2,2,2,1,True,True,BOTH_HIT,hit_at_evaluated_cutoff,BOTH_HIT,"{""bm25_hit"": true, ""dense_hit"": true, ""union_hit"": true, ""candidate_hit"": true, ""reranker_top_k_hit"": true, ""candidate_depth"": 100, ""ranking_k"": 10}"
medicine_1562,"Trong một tuần, lượng chè dưỡng nhan tối đa nên ăn là bao nhiêu chén?",3,"[""doc_68c71b8d7abdaa97419e560d""]","[""ctx_e7488beffcd868efa8bfb406""]",8,2,5,1,True,True,BOTH_HIT,hit_at_evaluated_cutoff,BOTH_HIT,"{""bm25_hit"": true, ""dense_hit"": true, ""union_hit"": true, ""candidate_hit"": true, ""reranker_top_k_hit"": true, ""candidate_depth"": 100, ""ranking_k"": 10}"
medicine_2785,"Khi dùng Cây xấu hổ trực tiếp bên ngoài, liều lượng cần lưu ý như thế nào?",3,"[""doc_668850ad9c01e329ca20f8fb""]","[""ctx_52d455bcabd70b5438c737c9""]",,97,,,False,True,DENSE_ONLY_HIT;FUSION_DROPPED;CANDIDATE_MISS;DOC_HIT_CHUNK_MISS,retrieval_or_fusion,DENSE_ONLY_HIT; FUSION_DROPPED; CANDIDATE_MISS; DOC_HIT_CHUNK_MISS,"{""bm25_hit"": false, ""dense_hit"": true, ""union_hit"": true, ""candidate_hit"": false, ""reranker_top_k_hit"": false, ""candidate_depth"": 100, ""ranking_k"": 10}"
medicine_6943,Danh sách các tình huống nên tránh khi sử dụng Lạc tiên là gì?,3,"[""doc_fe66fbb53479a7f4887ccae1""]","[""ctx_77e6cf4ed654ba27efe87dc8""]",10,1,1,1,True,True,BOTH_HIT,hit_at_evaluated_cutoff,BOTH_HIT,"{""bm25_hit"": true, ""dense_hit"": true, ""union_hit"": true, ""candidate_hit"": true, ""reranker_top_k_hit"": true, ""candidate_depth"": 100, ""ranking_k"": 10}"
medicine_2545,Các nhà khoa học đã làm thí nghiệm gì để làm rõ hiệu quả và cơ chế hoạt động của tác dụng chữa bệnh của cây nở ngày đất?,3,"[""doc_e46a08574b9155db142fa45c""]","[""ctx_593fc195becf8df0d0f94631""]",1,1,1,1,True,True,BOTH_HIT,hit_at_evaluated_cutoff,BOTH_HIT,"{""bm25_hit"": true, ""dense_hit"": true, ""union_hit"": true, ""candidate_hit"": true, ""reranker_top_k_hit"": true, ""candidate_depth"": 100, ""ranking_k"": 10}"
medicine_10645,"Ngoài cây thuốc mọi, vị thuốc quý nào cũng được dùng để điều trị bệnh?",3,"[""doc_d2442770c43307b0b5cbb0ff""]","[""ctx_5301cb6a269d635e10aa1f5f""]",1,15,1,1,True,True,BOTH_HIT,hit_at_evaluated_cutoff,BOTH_HIT,"{""bm25_hit"": true, ""dense_hit"": true, ""union_hit"": true, ""candidate_hit"": true, ""reranker_top_k_hit"": true, ""candidate_depth"": 100, ""ranking_k"": 10}"
medicine_10840,Tác dụng chống khối u của Thương nhĩ tử đã được nghiên cứu ở những loại ung thư nào?,3,"[""doc_7b79c7bc903a527a6c8e4ec9""]","[""ctx_8642e6d125c689578ca2ce06""]",1,1,1,1,True,True,BOTH_HIT,hit_at_evaluated_cutoff,BOTH_HIT,"{""bm25_hit"": true, ""dense_hit"": true, ""union_hit"": true, ""candidate_hit"": true, ""reranker_top_k_hit"": true, ""candidate_depth"": 100, ""ranking_k"": 10}"
medicine_3027,Có những hoạt chất nào trong Cúc vạn thọ có tác dụng chống oxy hóa?,3,"[""doc_ab2411806c1ae35e74155c93""]","[""ctx_a132b2a213d40411071376d4""]",1,1,1,1,True,True,BOTH_HIT,hit_at_evaluated_cutoff,BOTH_HIT,"{""bm25_hit"": true, ""dense_hit"": true, ""union_hit"": true, ""candidate_hit"": true, ""reranker_top_k_hit"": true, ""candidate_depth"": 100, ""ranking_k"": 10}"
medicine_2450,Cây mật gấu chủ yếu ức chế sinh tổng hợp loại chất nào để có tác dụng chống viêm?,3,"[""doc_2379e122b0c38aa1ddc39a7a""]","[""ctx_44c03e17544caa8346163704""]",1,1,1,1,True,True,BOTH_HIT,hit_at_evaluated_cutoff,BOTH_HIT,"{""bm25_hit"": true, ""dense_hit"": true, ""union_hit"": true, ""candidate_hit"": true, ""reranker_top_k_hit"": true, ""candidate_depth"": 100, ""ranking_k"": 10}"
medicine_11192,Trong những tình trạng sức khỏe nào thì không nên sử dụng tinh bột nghệ/ bột nghệ?,3,"[""doc_68c534b13a99d13dd87f09dc""]","[""ctx_f135e230faf90bf41d858ee4""]",1,1,1,1,True,True,BOTH_HIT,hit_at_evaluated_cutoff,BOTH_HIT,"{""bm25_hit"": true, ""dense_hit"": true, ""union_hit"": true, ""candidate_hit"": true, ""reranker_top_k_hit"": true, ""candidate_depth"": 100, ""ranking_k"": 10}"
medicine_12090,Dược liệu Táo mèo thường phối hợp với những vị thuốc nào?,3,"[""doc_adbaf2a2e8cb3c934cf7ba92""]","[""ctx_9d9b6900a431437d27aa04d3""]",1,2,1,1,True,True,BOTH_HIT,hit_at_evaluated_cutoff,BOTH_HIT,"{""bm25_hit"": true, ""dense_hit"": true, ""union_hit"": true, ""candidate_hit"": true, ""reranker_top_k_hit"": true, ""candidate_depth"": 100, ""ranking_k"": 10}"
medicine_10361,Lá của Tang bạch bì có đặc điểm gì?,3,"[""doc_842735fb70f4d86c48853ae7""]","[""ctx_1019a90a6b809761fd96aa8a""]",,,,,False,True,BOTH_MISS;CANDIDATE_MISS;DOC_HIT_CHUNK_MISS,retrieval_or_fusion,BOTH_MISS; CANDIDATE_MISS; DOC_HIT_CHUNK_MISS,"{""bm25_hit"": false, ""dense_hit"": false, ""union_hit"": false, ""candidate_hit"": false, ""reranker_top_k_hit"": false, ""candidate_depth"": 100, ""ranking_k"": 10}"
medicine_8244,"Ngoài Ngưu bàng tử, bài thuốc còn bao gồm những vị nào?",3,"[""doc_0a4a7be2cc295179671103ec""]","[""ctx_b12bb184271d7f6d95887ec1""]",2,4,2,2,True,True,BOTH_HIT,hit_at_evaluated_cutoff,BOTH_HIT,"{""bm25_hit"": true, ""dense_hit"": true, ""union_hit"": true, ""candidate_hit"": true, ""reranker_top_k_hit"": true, ""candidate_depth"": 100, ""ranking_k"": 10}"
medicine_12347,Tác dụng diệt khuẩn của tế tân như thế nào?,3,"[""doc_db5b125167d20eb1de95eed3""]","[""ctx_b0e6db5317894d3ae4f6db2a""]",3,1,1,1,True,True,BOTH_HIT,hit_at_evaluated_cutoff,BOTH_HIT,"{""bm25_hit"": true, ""dense_hit"": true, ""union_hit"": true, ""candidate_hit"": true, ""reranker_top_k_hit"": true, ""candidate_depth"": 100, ""ranking_k"": 10}"
medicine_2966,Cúc hoa có tương tác với những loại thảo dược nào?,3,"[""doc_d94346b4a25264fb6dfccaa3""]","[""ctx_817993b56a096ab1668a4e8c""]",1,1,1,1,True,True,BOTH_HIT,hit_at_evaluated_cutoff,BOTH_HIT,"{""bm25_hit"": true, ""dense_hit"": true, ""union_hit"": true, ""candidate_hit"": true, ""reranker_top_k_hit"": true, ""candidate_depth"": 100, ""ranking_k"": 10}"
medicine_6757,Lá Thường xuân có thể dùng để chăm sóc da bằng cách nào?,3,"[""doc_b49e9a5624be6378cc90cea5""]","[""ctx_f01532377675b3e4f429a8ab""]",1,2,1,2,True,True,BOTH_HIT,hit_at_evaluated_cutoff,BOTH_HIT,"{""bm25_hit"": true, ""dense_hit"": true, ""union_hit"": true, ""candidate_hit"": true, ""reranker_top_k_hit"": true, ""candidate_depth"": 100, ""ranking_k"": 10}"
medicine_12776,Tác dụng của vỏ trấu trong công nghiệp là gì?,3,"[""doc_4fee902bb6e0382f9f1b279f""]","[""ctx_5feb87f1b765ca6bbb669c35""]",3,14,5,4,True,True,BOTH_HIT,hit_at_evaluated_cutoff,BOTH_HIT,"{""bm25_hit"": true, ""dense_hit"": true, ""union_hit"": true, ""candidate_hit"": true, ""reranker_top_k_hit"": true, ""candidate_depth"": 100, ""ranking_k"": 10}"
medicine_7287,Làm thế nào để nhân giống cây mít?,3,"[""doc_bed28ce3f38a1fde35352db9""]","[""ctx_f1b7ada994a49867fdef8ca3""]",1,1,1,1,True,True,BOTH_HIT,hit_at_evaluated_cutoff,BOTH_HIT,"{""bm25_hit"": true, ""dense_hit"": true, ""union_hit"": true, ""candidate_hit"": true, ""reranker_top_k_hit"": true, ""candidate_depth"": 100, ""ranking_k"": 10}"
medicine_327,Hãy kể tên một số quốc gia có sự phân bố của cây Bán chi liên?,3,"[""doc_5c6af7ba07b23bfd61d1e23c""]","[""ctx_05a351fead8b55afb696719c""]",27,1,6,1,True,True,BOTH_HIT,hit_at_evaluated_cutoff,BOTH_HIT,"{""bm25_hit"": true, ""dense_hit"": true, ""union_hit"": true, ""candidate_hit"": true, ""reranker_top_k_hit"": true, ""candidate_depth"": 100, ""ranking_k"": 10}"
medicine_6424,Tại sao nấm linh chi được coi là quý hiếm?,3,"[""doc_2ce12dfd3a5388c362cba3a7""]","[""ctx_80886a3a52ac1c556c8dcd4e""]",2,1,2,1,True,True,BOTH_HIT,hit_at_evaluated_cutoff,BOTH_HIT,"{""bm25_hit"": true, ""dense_hit"": true, ""union_hit"": true, ""candidate_hit"": true, ""reranker_top_k_hit"": true, ""candidate_depth"": 100, ""ranking_k"": 10}"
medicine_8418,Hợp chất nào đóng vai trò thành phần phong phú nhất có trong Nhân sâm?,3,"[""doc_6f5d854e48544d824468eded""]","[""ctx_2c8023ae85d302561a0018e9""]",1,1,1,1,True,True,BOTH_HIT,hit_at_evaluated_cutoff,BOTH_HIT,"{""bm25_hit"": true, ""dense_hit"": true, ""union_hit"": true, ""candidate_hit"": true, ""reranker_top_k_hit"": true, ""candidate_depth"": 100, ""ranking_k"": 10}"
medicine_4368,Dầu mù u có tác dụng diệt vi khuẩn gây mụn nào?,3,"[""doc_0865a1108a787b99da83b980""]","[""ctx_a5b3cfcd5eb5f7b45642ec24""]",1,1,1,1,True,True,BOTH_HIT,hit_at_evaluated_cutoff,BOTH_HIT,"{""bm25_hit"": true, ""dense_hit"": true, ""union_hit"": true, ""candidate_hit"": true, ""reranker_top_k_hit"": true, ""candidate_depth"": 100, ""ranking_k"": 10}"
medicine_7779,Tên gọi khác của Thổ mộc hương là gì?,3,"[""doc_73c16b42351956331d150f77""]","[""ctx_5b4c8e1f19713527af865cd3""]",1,1,1,1,True,True,BOTH_HIT,hit_at_evaluated_cutoff,BOTH_HIT,"{""bm25_hit"": true, ""dense_hit"": true, ""union_hit"": true, ""candidate_hit"": true, ""reranker_top_k_hit"": true, ""candidate_depth"": 100, ""ranking_k"": 10}"
medicine_12254,Cần lưu ý gì khi sử dụng cây Tầm bóp để chữa bệnh?,3,"[""doc_b494b4ae17d0352842cb0e54""]","[""ctx_889fbec8a881f0c3a7d912e1""]",5,1,1,1,True,True,BOTH_HIT,hit_at_evaluated_cutoff,BOTH_HIT,"{""bm25_hit"": true, ""dense_hit"": true, ""union_hit"": true, ""candidate_hit"": true, ""reranker_top_k_hit"": true, ""candidate_depth"": 100, ""ranking_k"": 10}"
medicine_2407,"Theo kinh nghiệm dân gian, ăn rể cây mú từn có tác dụng gì đối với thú vật?",3,"[""doc_5a2fcb4f686a30ebb3270feb""]","[""ctx_9ade8922a8207bee9d695eea""]",8,1,3,1,True,True,BOTH_HIT,hit_at_evaluated_cutoff,BOTH_HIT,"{""bm25_hit"": true, ""dense_hit"": true, ""union_hit"": true, ""candidate_hit"": true, ""reranker_top_k_hit"": true, ""candidate_depth"": 100, ""ranking_k"": 10}"
medicine_8566,Náng hoa trắng thường dùng để làm gì?,3,"[""doc_7a52c612bbc325db3a9e14c5""]","[""ctx_e9d8b481b36e3532dcc38d05""]",,67,,,False,True,DENSE_ONLY_HIT;FUSION_DROPPED;CANDIDATE_MISS;DOC_HIT_CHUNK_MISS,retrieval_or_fusion,DENSE_ONLY_HIT; FUSION_DROPPED; CANDIDATE_MISS; DOC_HIT_CHUNK_MISS,"{""bm25_hit"": false, ""dense_hit"": true, ""union_hit"": true, ""candidate_hit"": false, ""reranker_top_k_hit"": false, ""candidate_depth"": 100, ""ranking_k"": 10}"
medicine_7367,Ở đâu có thể bắt gặp cây Mơ tam thể mọc hoang?,3,"[""doc_79eba5442701817766f40a98""]","[""ctx_763a3c0b4baa52af29d78979""]",95,,,,False,True,BM25_ONLY_HIT;FUSION_DROPPED;CANDIDATE_MISS;DOC_HIT_CHUNK_MISS,retrieval_or_fusion,BM25_ONLY_HIT; FUSION_DROPPED; CANDIDATE_MISS; DOC_HIT_CHUNK_MISS,"{""bm25_hit"": true, ""dense_hit"": false, ""union_hit"": true, ""candidate_hit"": false, ""reranker_top_k_hit"": false, ""candidate_depth"": 100, ""ranking_k"": 10}"
medicine_7784,Người ta bắt đầu thu hoạch dược liệu cây Mộc hương sau bao lâu?,3,"[""doc_73c16b42351956331d150f77""]","[""ctx_fb8b9e30ff193c2e4e18523d""]",1,43,6,1,True,True,BOTH_HIT,hit_at_evaluated_cutoff,BOTH_HIT,"{""bm25_hit"": true, ""dense_hit"": true, ""union_hit"": true, ""candidate_hit"": true, ""reranker_top_k_hit"": true, ""candidate_depth"": 100, ""ranking_k"": 10}"
medicine_6259,Có nên tự ý sử dụng thuốc Kim vàng mà không tham khảo ý kiến bác sĩ không?,3,"[""doc_c7837cc97f13a4aa5b951600""]","[""ctx_6c0f0ed7ce204a6506298d75""]",2,1,1,1,True,True,BOTH_HIT,hit_at_evaluated_cutoff,BOTH_HIT,"{""bm25_hit"": true, ""dense_hit"": true, ""union_hit"": true, ""candidate_hit"": true, ""reranker_top_k_hit"": true, ""candidate_depth"": 100, ""ranking_k"": 10}"
medicine_9205,Rau muống có nguồn gốc từ đâu?,3,"[""doc_0067c2852c32d9286b49b177""]","[""ctx_1d6f821a025300379d250616""]",3,1,1,1,True,True,BOTH_HIT,hit_at_evaluated_cutoff,BOTH_HIT,"{""bm25_hit"": true, ""dense_hit"": true, ""union_hit"": true, ""candidate_hit"": true, ""reranker_top_k_hit"": true, ""candidate_depth"": 100, ""ranking_k"": 10}"
medicine_7191,Liều dùng trung bình của Mã tiền cho người lớn là bao nhiêu?,3,"[""doc_605eae28322b77a48c010dd6""]","[""ctx_dfec7a4633cadc8d82f59fcf""]",1,1,1,1,True,True,BOTH_HIT,hit_at_evaluated_cutoff,BOTH_HIT,"{""bm25_hit"": true, ""dense_hit"": true, ""union_hit"": true, ""candidate_hit"": true, ""reranker_top_k_hit"": true, ""candidate_depth"": 100, ""ranking_k"": 10}"
medicine_3282,Thời điểm nào là tốt nhất để thu hoạch cỏ dùi trống?,3,"[""doc_6200ec6bde8a45e1a1c5fb0a""]","[""ctx_20907b963d73792a99c0b4e1""]",1,1,1,1,True,True,BOTH_HIT,hit_at_evaluated_cutoff,BOTH_HIT,"{""bm25_hit"": true, ""dense_hit"": true, ""union_hit"": true, ""candidate_hit"": true, ""reranker_top_k_hit"": true, ""candidate_depth"": 100, ""ranking_k"": 10}"
medicine_10505,Thiên hoa phấn có tác dụng như thế nào đến biến chứng của bệnh đái tháo đường?,3,"[""doc_79e1dfe6bbd65d744e1e361e""]","[""ctx_990e810eea7b1198c152d28a""]",1,1,1,1,True,True,BOTH_HIT,hit_at_evaluated_cutoff,BOTH_HIT,"{""bm25_hit"": true, ""dense_hit"": true, ""union_hit"": true, ""candidate_hit"": true, ""reranker_top_k_hit"": true, ""candidate_depth"": 100, ""ranking_k"": 10}"
medicine_8302,Chiết xuất từ lá Ngải cứu có tác dụng gì đối với ký sinh trùng sốt rét Plasmodium yoelii?,3,"[""doc_677b5da371a6f5fa55a7154b""]","[""ctx_7e59a30ed7b67e1af8ca61c1""]",1,1,1,1,True,True,BOTH_HIT,hit_at_evaluated_cutoff,BOTH_HIT,"{""bm25_hit"": true, ""dense_hit"": true, ""union_hit"": true, ""candidate_hit"": true, ""reranker_top_k_hit"": true, ""candidate_depth"": 100, ""ranking_k"": 10}"
medicine_6798,Lá vối có đặc điểm gì nổi bật?,3,"[""doc_4d1b5fda66a15ef08edc257e""]","[""ctx_0f11be7a9f81dd0419cd0e5f""]",6,2,4,1,True,True,BOTH_HIT,hit_at_evaluated_cutoff,BOTH_HIT,"{""bm25_hit"": true, ""dense_hit"": true, ""union_hit"": true, ""candidate_hit"": true, ""reranker_top_k_hit"": true, ""candidate_depth"": 100, ""ranking_k"": 10}"
medicine_1448,Chi tử là gì?,3,"[""doc_af868186a171f0c8580f04e9""]","[""ctx_8b59e79d43dd508739acdee8""]",23,27,12,15,False,True,BOTH_HIT;RERANKER_MISS;SELECTION_MISS;DOC_HIT_CHUNK_MISS,reranker,BOTH_HIT; RERANKER_MISS; SELECTION_MISS; DOC_HIT_CHUNK_MISS,"{""bm25_hit"": true, ""dense_hit"": true, ""union_hit"": true, ""candidate_hit"": true, ""reranker_top_k_hit"": false, ""candidate_depth"": 100, ""ranking_k"": 10}"
medicine_13526,Thời điểm nào là tốt nhất để thu hái Đơn lá đỏ?,3,"[""doc_1346ab49d678a5e12ac111a6""]","[""ctx_47c27ad5b1c164e794747769""]",2,1,1,1,True,True,BOTH_HIT,hit_at_evaluated_cutoff,BOTH_HIT,"{""bm25_hit"": true, ""dense_hit"": true, ""union_hit"": true, ""candidate_hit"": true, ""reranker_top_k_hit"": true, ""candidate_depth"": 100, ""ranking_k"": 10}"
medicine_1950,Hàm lượng vitamin C trong Câu kỷ tử là bao nhiêu?,3,"[""doc_f73914bd24d2716be03bc185""]","[""ctx_f7ea346d5075614f09f7df0b""]",1,1,1,1,True,True,BOTH_HIT,hit_at_evaluated_cutoff,BOTH_HIT,"{""bm25_hit"": true, ""dense_hit"": true, ""union_hit"": true, ""candidate_hit"": true, ""reranker_top_k_hit"": true, ""candidate_depth"": 100, ""ranking_k"": 10}"
medicine_5022,Liều dùng thông thường của Hoàng tinh như thế nào?,3,"[""doc_54726e9879d19f17909745ae""]","[""ctx_c75d436e4201537316ed5d29""]",2,1,1,1,True,True,BOTH_HIT,hit_at_evaluated_cutoff,BOTH_HIT,"{""bm25_hit"": true, ""dense_hit"": true, ""union_hit"": true, ""candidate_hit"": true, ""reranker_top_k_hit"": true, ""candidate_depth"": 100, ""ranking_k"": 10}"
medicine_5523,Hạ khô thảo được dùng trong lâm sàng để chữa những chứng bệnh nào?,3,"[""doc_04646ebb406accfbfa5da722""]","[""ctx_2f16c0dfe824fe3b45d03efb""]",1,1,1,1,True,True,BOTH_HIT,hit_at_evaluated_cutoff,BOTH_HIT,"{""bm25_hit"": true, ""dense_hit"": true, ""union_hit"": true, ""candidate_hit"": true, ""reranker_top_k_hit"": true, ""candidate_depth"": 100, ""ranking_k"": 10}"
medicine_2588,Đặc điểm của cây Sả Java là gì?,3,"[""doc_24f6e68491613c955d867ae9""]","[""ctx_bc61e942c27492d1d2d95f3e""]",1,1,1,1,True,True,BOTH_HIT,hit_at_evaluated_cutoff,BOTH_HIT,"{""bm25_hit"": true, ""dense_hit"": true, ""union_hit"": true, ""candidate_hit"": true, ""reranker_top_k_hit"": true, ""candidate_depth"": 100, ""ranking_k"": 10}"
medicine_3496,"Qua lại quá trình chuyển xương, cỏ tháp bút tác động lên đâu tiên trong xương?",3,"[""doc_ecf65cf6be86cdb1218374e0""]","[""ctx_ce1c32f7b3fba98a405c9728""]",1,1,1,1,True,True,BOTH_HIT,hit_at_evaluated_cutoff,BOTH_HIT,"{""bm25_hit"": true, ""dense_hit"": true, ""union_hit"": true, ""candidate_hit"": true, ""reranker_top_k_hit"": true, ""candidate_depth"": 100, ""ranking_k"": 10}"
medicine_9716,Quả sa nhân tím như thế nào?,3,"[""doc_1fa8a562e9efb7feb6c4445d""]","[""ctx_49796b963bd6d7dc78e8e4ba""]",7,1,4,1,True,True,BOTH_HIT,hit_at_evaluated_cutoff,BOTH_HIT,"{""bm25_hit"": true, ""dense_hit"": true, ""union_hit"": true, ""candidate_hit"": true, ""reranker_top_k_hit"": true, ""candidate_depth"": 100, ""ranking_k"": 10}"
medicine_7378,Liều dùng Mơ tam thể dạng thuốc sắc là bao nhiêu mỗi ngày?,3,"[""doc_79eba5442701817766f40a98""]","[""ctx_105d0f2704aae36c97114d7a""]",,,,,False,True,BOTH_MISS;CANDIDATE_MISS;DOC_HIT_CHUNK_MISS,retrieval_or_fusion,BOTH_MISS; CANDIDATE_MISS; DOC_HIT_CHUNK_MISS,"{""bm25_hit"": false, ""dense_hit"": false, ""union_hit"": false, ""candidate_hit"": false, ""reranker_top_k_hit"": false, ""candidate_depth"": 100, ""ranking_k"": 10}"
medicine_5099,Cây Hoắc hương còn có những hoạt chất khác nào bên cạnh alcohol patchoulic và patchoulen?,3,"[""doc_56aa61b96e5a46b4580bb440""]","[""ctx_612878c513e715c542622218""]",1,1,1,1,True,True,BOTH_HIT,hit_at_evaluated_cutoff,BOTH_HIT,"{""bm25_hit"": true, ""dense_hit"": true, ""union_hit"": true, ""candidate_hit"": true, ""reranker_top_k_hit"": true, ""candidate_depth"": 100, ""ranking_k"": 10}"
medicine_11576,Khi sử dụng tinh dầu trị thâm môi cần lưu ý điều gì?,3,"[""doc_6bdf231fc8d229b144525442""]","[""ctx_4301ed9b57c71b4c24791ea1""]",1,1,1,1,True,True,BOTH_HIT,hit_at_evaluated_cutoff,BOTH_HIT,"{""bm25_hit"": true, ""dense_hit"": true, ""union_hit"": true, ""candidate_hit"": true, ""reranker_top_k_hit"": true, ""candidate_depth"": 100, ""ranking_k"": 10}"
medicine_3649,Củ lùn có những thành phần dinh dưỡng nổi bật nào?,3,"[""doc_6e3a7885f3cf645574f2a3f9""]","[""ctx_37f51533e07d50271520d18e""]",16,2,2,2,True,True,BOTH_HIT,hit_at_evaluated_cutoff,BOTH_HIT,"{""bm25_hit"": true, ""dense_hit"": true, ""union_hit"": true, ""candidate_hit"": true, ""reranker_top_k_hit"": true, ""candidate_depth"": 100, ""ranking_k"": 10}"
medicine_6792,Lá trầu không dùng để làm gì?,3,"[""doc_ce05fc611588e3d6d89c1d9e""]","[""ctx_52cd7d19bef7b00d18bbcce3""]",18,20,13,9,False,True,BOTH_HIT;SELECTION_MISS;DOC_HIT_CHUNK_MISS,selection,BOTH_HIT; SELECTION_MISS; DOC_HIT_CHUNK_MISS,"{""bm25_hit"": true, ""dense_hit"": true, ""union_hit"": true, ""candidate_hit"": true, ""reranker_top_k_hit"": true, ""candidate_depth"": 100, ""ranking_k"": 10}"
medicine_5516,"Ngoài phơi nắng, còn có thể dùng phương pháp nào để làm khô Hạ khô thảo?",3,"[""doc_04646ebb406accfbfa5da722""]","[""ctx_13904ef9ba9393cedd551506""]",21,5,2,9,False,True,BOTH_HIT;SELECTION_MISS;DOC_HIT_CHUNK_MISS,selection,BOTH_HIT; SELECTION_MISS; DOC_HIT_CHUNK_MISS,"{""bm25_hit"": true, ""dense_hit"": true, ""union_hit"": true, ""candidate_hit"": true, ""reranker_top_k_hit"": true, ""candidate_depth"": 100, ""ranking_k"": 10}"
medicine_7490,Mạch môn đông mang lại hiệu quả bảo vệ tim mạch đáng kể bằng cách nào?,3,"[""doc_202df2e101c8c4e8a94ede64""]","[""ctx_b7a8c6db32b00bfb1b50d649""]",1,1,1,1,True,True,BOTH_HIT,hit_at_evaluated_cutoff,BOTH_HIT,"{""bm25_hit"": true, ""dense_hit"": true, ""union_hit"": true, ""candidate_hit"": true, ""reranker_top_k_hit"": true, ""candidate_depth"": 100, ""ranking_k"": 10}"
medicine_1252,Còn những dược liệu nào có công dụng tráng dương giống như Bổ cốt chỉ?,3,"[""doc_0d1f60c91e5891325279f5e6""]","[""ctx_d46d1e19ccf6e616b614499a""]",1,4,1,1,True,True,BOTH_HIT,hit_at_evaluated_cutoff,BOTH_HIT,"{""bm25_hit"": true, ""dense_hit"": true, ""union_hit"": true, ""candidate_hit"": true, ""reranker_top_k_hit"": true, ""candidate_depth"": 100, ""ranking_k"": 10}"
medicine_11556,Làm thế nào để bảo vệ tinh dầu trầm hương khỏi hư hỏng?,3,"[""doc_59397437dd2243fecdedc732""]","[""ctx_d03c90f470c30ee80dcbb5f1""]",10,1,2,1,True,True,BOTH_HIT,hit_at_evaluated_cutoff,BOTH_HIT,"{""bm25_hit"": true, ""dense_hit"": true, ""union_hit"": true, ""candidate_hit"": true, ""reranker_top_k_hit"": true, ""candidate_depth"": 100, ""ranking_k"": 10}"
medicine_5805,Hạt hồng xiêm có tác dụng gì?,3,"[""doc_e33710ce26ca4207c26615dc""]","[""ctx_0d9f8b24d9ac2db007d45203""]",,,,,False,True,BOTH_MISS;CANDIDATE_MISS;DOC_HIT_CHUNK_MISS,retrieval_or_fusion,BOTH_MISS; CANDIDATE_MISS; DOC_HIT_CHUNK_MISS,"{""bm25_hit"": false, ""dense_hit"": false, ""union_hit"": false, ""candidate_hit"": false, ""reranker_top_k_hit"": false, ""candidate_depth"": 100, ""ranking_k"": 10}"
medicine_13651,Đại táo có khả năng điều trị bệnh đái tháo đường bằng cách nào?,3,"[""doc_25172b445208bdfd0971490f""]","[""ctx_0cef842542243609345d87ac""]",30,,61,1,True,True,BM25_ONLY_HIT,hit_at_evaluated_cutoff,BM25_ONLY_HIT,"{""bm25_hit"": true, ""dense_hit"": false, ""union_hit"": true, ""candidate_hit"": true, ""reranker_top_k_hit"": true, ""candidate_depth"": 100, ""ranking_k"": 10}"
medicine_13675,"Theo y học cổ truyền, vị lá, hạt của cây Đại tướng quân có vị gì?",3,"[""doc_51170fe132d4f128d75f592c""]","[""ctx_88230b9fdbd660937a7b1cab""]",,10,24,3,True,True,DENSE_ONLY_HIT,hit_at_evaluated_cutoff,DENSE_ONLY_HIT,"{""bm25_hit"": false, ""dense_hit"": true, ""union_hit"": true, ""candidate_hit"": true, ""reranker_top_k_hit"": true, ""candidate_depth"": 100, ""ranking_k"": 10}"
medicine_4660,"Theo bạn, liều lượng phù hợp để sử dụng Gối hạc là bao nhiêu?",3,"[""doc_c6fe395f0d34d85d8e28369f""]","[""ctx_e0369f0deee65e32876e2cb1""]",8,1,3,1,True,True,BOTH_HIT,hit_at_evaluated_cutoff,BOTH_HIT,"{""bm25_hit"": true, ""dense_hit"": true, ""union_hit"": true, ""candidate_hit"": true, ""reranker_top_k_hit"": true, ""candidate_depth"": 100, ""ranking_k"": 10}"
medicine_1911,"Theo y học cổ truyền, cát cánh có tính vị như thế nào?",3,"[""doc_1b8ca109234b270e07e526bf""]","[""ctx_46de91d11bc770c42f22dc27""]",11,1,1,1,True,True,BOTH_HIT,hit_at_evaluated_cutoff,BOTH_HIT,"{""bm25_hit"": true, ""dense_hit"": true, ""union_hit"": true, ""candidate_hit"": true, ""reranker_top_k_hit"": true, ""candidate_depth"": 100, ""ranking_k"": 10}"
medicine_12039,Liệu bệnh nhân có nên tự ý sử dụng Trắc bá diệp để chữa chảy máu chân răng?,3,"[""doc_c0afab96df0d4b3211bcbd98""]","[""ctx_649dbc63f42570e1e548ecd8""]",2,2,2,1,True,True,BOTH_HIT,hit_at_evaluated_cutoff,BOTH_HIT,"{""bm25_hit"": true, ""dense_hit"": true, ""union_hit"": true, ""candidate_hit"": true, ""reranker_top_k_hit"": true, ""candidate_depth"": 100, ""ranking_k"": 10}"
medicine_7063,Liều lượng sử dụng rễ cây Me rừng sắc lấy nước uống để trị bệnh là bao nhiêu?,3,"[""doc_261200bde610450f2944fd26""]","[""ctx_876d480d1adfda466ea0518e""]",18,3,4,1,True,True,BOTH_HIT,hit_at_evaluated_cutoff,BOTH_HIT,"{""bm25_hit"": true, ""dense_hit"": true, ""union_hit"": true, ""candidate_hit"": true, ""reranker_top_k_hit"": true, ""candidate_depth"": 100, ""ranking_k"": 10}"
medicine_8580,Vỏ thân cây Núc nác khi thu hái được chế biến như thế nào?,3,"[""doc_c46c09397fa05ceffb10b972""]","[""ctx_b8abe42f7a469bd5fd5789b2""]",1,1,1,1,True,True,BOTH_HIT,hit_at_evaluated_cutoff,BOTH_HIT,"{""bm25_hit"": true, ""dense_hit"": true, ""union_hit"": true, ""candidate_hit"": true, ""reranker_top_k_hit"": true, ""candidate_depth"": 100, ""ranking_k"": 10}"
medicine_13129,Xạ đen cần được bảo quản trong môi trường như thế nào?,3,"[""doc_2404b0da3c8e0a22fa45d5fa""]","[""ctx_94bb066326a7b44194be56fe""]",,68,,,False,True,DENSE_ONLY_HIT;FUSION_DROPPED;CANDIDATE_MISS;DOC_HIT_CHUNK_MISS,retrieval_or_fusion,DENSE_ONLY_HIT; FUSION_DROPPED; CANDIDATE_MISS; DOC_HIT_CHUNK_MISS,"{""bm25_hit"": false, ""dense_hit"": true, ""union_hit"": true, ""candidate_hit"": false, ""reranker_top_k_hit"": false, ""candidate_depth"": 100, ""ranking_k"": 10}"
medicine_4464,Cấu tạo các lá cây Dền gai như thế nào?,3,"[""doc_7b0146b4ff12be6049a17a8f""]","[""ctx_410b88c154cb23e6ffe40225""]",4,1,1,1,True,True,BOTH_HIT,hit_at_evaluated_cutoff,BOTH_HIT,"{""bm25_hit"": true, ""dense_hit"": true, ""union_hit"": true, ""candidate_hit"": true, ""reranker_top_k_hit"": true, ""candidate_depth"": 100, ""ranking_k"": 10}"
medicine_5947,Những dạng dùng nào có thể bào chế từ Khiếm thực?,3,"[""doc_d4d5033ef924dd8f2babcfce""]","[""ctx_a260598d20b5dffbaa4b041b""]",,,,,False,True,BOTH_MISS;CANDIDATE_MISS;DOC_HIT_CHUNK_MISS,retrieval_or_fusion,BOTH_MISS; CANDIDATE_MISS; DOC_HIT_CHUNK_MISS,"{""bm25_hit"": false, ""dense_hit"": false, ""union_hit"": false, ""candidate_hit"": false, ""reranker_top_k_hit"": false, ""candidate_depth"": 100, ""ranking_k"": 10}"
medicine_9286,Liều dùng của rau mùi tây là bao nhiêu?,3,"[""doc_ad9d200aeb79454a2dab2f1a""]","[""ctx_1d3cf127af89dcf3756589ec""]",6,1,2,1,True,True,BOTH_HIT,hit_at_evaluated_cutoff,BOTH_HIT,"{""bm25_hit"": true, ""dense_hit"": true, ""union_hit"": true, ""candidate_hit"": true, ""reranker_top_k_hit"": true, ""candidate_depth"": 100, ""ranking_k"": 10}"
medicine_12532,Đâu là dược liệu khác cũng có khả năng trừ đờm hiệu quả như Tử uyển?,3,"[""doc_06f9191d4146336feba26588""]","[""ctx_59f71a41a33e8891c2b239b9""]",1,1,1,1,True,True,BOTH_HIT,hit_at_evaluated_cutoff,BOTH_HIT,"{""bm25_hit"": true, ""dense_hit"": true, ""union_hit"": true, ""candidate_hit"": true, ""reranker_top_k_hit"": true, ""candidate_depth"": 100, ""ranking_k"": 10}"
medicine_707,Cách sử dụng Bạc thau - Bạch đồng nữ ra sao?,3,"[""doc_ee30da1dddbcc9454e2f1d7e""]","[""ctx_413aa8a92c65a1e0dce1c142""]",1,1,1,1,True,True,BOTH_HIT,hit_at_evaluated_cutoff,BOTH_HIT,"{""bm25_hit"": true, ""dense_hit"": true, ""union_hit"": true, ""candidate_hit"": true, ""reranker_top_k_hit"": true, ""candidate_depth"": 100, ""ranking_k"": 10}"
medicine_10575,Thiên môn đông có tác dụng gì?,3,"[""doc_35ce771f8497b0fe282fd6c7""]","[""ctx_5667ca0647ce7fa1bd36e63b""]",2,1,1,1,True,True,BOTH_HIT,hit_at_evaluated_cutoff,BOTH_HIT,"{""bm25_hit"": true, ""dense_hit"": true, ""union_hit"": true, ""candidate_hit"": true, ""reranker_top_k_hit"": true, ""candidate_depth"": 100, ""ranking_k"": 10}"
medicine_4393,Dầu tầm xuân chứa những chất nào có khả năng chống viêm?,3,"[""doc_8d75a9844264b65bfc25c9ab""]","[""ctx_ca5ce8d1094b9cfbfdbc8e38""]",7,2,2,1,True,True,BOTH_HIT,hit_at_evaluated_cutoff,BOTH_HIT,"{""bm25_hit"": true, ""dense_hit"": true, ""union_hit"": true, ""candidate_hit"": true, ""reranker_top_k_hit"": true, ""candidate_depth"": 100, ""ranking_k"": 10}"
medicine_5749,"Trong Y học cổ truyền, đặc tính của lá cây hồng bì là gì?",3,"[""doc_41361c65a78e042bc2a3ced3""]","[""ctx_92d1e91279291cbe936e917d""]",,3,18,1,True,True,DENSE_ONLY_HIT,hit_at_evaluated_cutoff,DENSE_ONLY_HIT,"{""bm25_hit"": false, ""dense_hit"": true, ""union_hit"": true, ""candidate_hit"": true, ""reranker_top_k_hit"": true, ""candidate_depth"": 100, ""ranking_k"": 10}"
medicine_4075,"Ngoài chữa trất khớp và bong gân, còn có thể dùng dây đau xương để trị những bệnh nào nữa không ?",3,"[""doc_42138ddc051bca4b017277fd""]","[""ctx_71b64be2ffc3cfa183f4d7e6""]",41,3,7,3,True,True,BOTH_HIT,hit_at_evaluated_cutoff,BOTH_HIT,"{""bm25_hit"": true, ""dense_hit"": true, ""union_hit"": true, ""candidate_hit"": true, ""reranker_top_k_hit"": true, ""candidate_depth"": 100, ""ranking_k"": 10}"
medicine_1068,Các nhà khoa học đã nghiên cứu thành phần hóa học của Bại tương thảo qua bộ phận nào của cây?,3,"[""doc_4a9648116494552cacf91b85""]","[""ctx_9ed63732a8e74567b36cc171""]",36,18,3,11,False,True,BOTH_HIT;RERANKER_MISS;SELECTION_MISS;DOC_HIT_CHUNK_MISS,reranker,BOTH_HIT; RERANKER_MISS; SELECTION_MISS; DOC_HIT_CHUNK_MISS,"{""bm25_hit"": true, ""dense_hit"": true, ""union_hit"": true, ""candidate_hit"": true, ""reranker_top_k_hit"": false, ""candidate_depth"": 100, ""ranking_k"": 10}"
medicine_9713,Khi nào nên tham khảo ý kiến bác sĩ trước khi sử dụng Sa kê để trị bệnh?,3,"[""doc_b51a205850a3da27b2867e1e""]","[""ctx_9611f9e7caaffa72b905c1f6""]",2,1,1,1,True,True,BOTH_HIT,hit_at_evaluated_cutoff,BOTH_HIT,"{""bm25_hit"": true, ""dense_hit"": true, ""union_hit"": true, ""candidate_hit"": true, ""reranker_top_k_hit"": true, ""candidate_depth"": 100, ""ranking_k"": 10}"
medicine_4928,Hoàng kỳ chích mật có tác dụng gì?,3,"[""doc_ce8601552623aa3e42428371""]","[""ctx_45c23fb0d44cdfe3f1339608""]",3,1,2,1,True,True,BOTH_HIT,hit_at_evaluated_cutoff,BOTH_HIT,"{""bm25_hit"": true, ""dense_hit"": true, ""union_hit"": true, ""candidate_hit"": true, ""reranker_top_k_hit"": true, ""candidate_depth"": 100, ""ranking_k"": 10}"
medicine_13085,Xạ can được ứng dụng để điều trị những bệnh nào?,3,"[""doc_17f062000a102bc9f8da9e47""]","[""ctx_1b751d28c196a9b13683eaed""]",14,3,3,1,True,True,BOTH_HIT,hit_at_evaluated_cutoff,BOTH_HIT,"{""bm25_hit"": true, ""dense_hit"": true, ""union_hit"": true, ""candidate_hit"": true, ""reranker_top_k_hit"": true, ""candidate_depth"": 100, ""ranking_k"": 10}"
medicine_12637,Đặt tên khác của Vòi voi.,3,"[""doc_0a449afe4f25c34b55340ca5""]","[""ctx_23fe787a9ef63d4ce1242716""]",1,1,1,1,True,True,BOTH_HIT,hit_at_evaluated_cutoff,BOTH_HIT,"{""bm25_hit"": true, ""dense_hit"": true, ""union_hit"": true, ""candidate_hit"": true, ""reranker_top_k_hit"": true, ""candidate_depth"": 100, ""ranking_k"": 10}"
medicine_809,Nơi tốt nhất để bảo quản Bạch giới tử là ở đâu?,3,"[""doc_475b67e5e04094797fd0e024""]","[""ctx_ac40e73b1ea201e41cd8a2db""]",,8,25,1,True,True,DENSE_ONLY_HIT,hit_at_evaluated_cutoff,DENSE_ONLY_HIT,"{""bm25_hit"": false, ""dense_hit"": true, ""union_hit"": true, ""candidate_hit"": true, ""reranker_top_k_hit"": true, ""candidate_depth"": 100, ""ranking_k"": 10}"
medicine_7208,"Sau khi thu hoạch mã đề, cần xử lý như thế nào trước khi sử dụng?",3,"[""doc_efb1c43712d3be8b0c0adbdf""]","[""ctx_c926ae6f2f5fe385b40c2c41""]",,,,,False,False,BOTH_MISS;CANDIDATE_MISS;DOC_AND_CHUNK_MISS,retrieval_or_fusion,BOTH_MISS; CANDIDATE_MISS; DOC_AND_CHUNK_MISS,"{""bm25_hit"": false, ""dense_hit"": false, ""union_hit"": false, ""candidate_hit"": false, ""reranker_top_k_hit"": false, ""candidate_depth"": 100, ""ranking_k"": 10}"
medicine_2929,Đặc điểm nổi bật của Cúc hoa trắng khô là gì?,3,"[""doc_8608e544aeb83c0a2ee7dbcc""]","[""ctx_4864d69661b644b32939a97d""]",2,3,1,1,True,True,BOTH_HIT,hit_at_evaluated_cutoff,BOTH_HIT,"{""bm25_hit"": true, ""dense_hit"": true, ""union_hit"": true, ""candidate_hit"": true, ""reranker_top_k_hit"": true, ""candidate_depth"": 100, ""ranking_k"": 10}"
medicine_9698,Lá cây sa kê có đặc điểm gì?,3,"[""doc_b51a205850a3da27b2867e1e""]","[""ctx_fe0916aa0f59fe7593ae220f""]",4,1,2,1,True,True,BOTH_HIT,hit_at_evaluated_cutoff,BOTH_HIT,"{""bm25_hit"": true, ""dense_hit"": true, ""union_hit"": true, ""candidate_hit"": true, ""reranker_top_k_hit"": true, ""candidate_depth"": 100, ""ranking_k"": 10}"
medicine_12787,Vừng có vị gì và tính như thế nào?,3,"[""doc_0b8077b01c449e47544f3ff7""]","[""ctx_a8d98200d9a0041609d8ad83""]",1,1,1,1,True,True,BOTH_HIT,hit_at_evaluated_cutoff,BOTH_HIT,"{""bm25_hit"": true, ""dense_hit"": true, ""union_hit"": true, ""candidate_hit"": true, ""reranker_top_k_hit"": true, ""candidate_depth"": 100, ""ranking_k"": 10}"
medicine_4341,Dầu jojoba có thể sử dụng như thế nào để chăm sóc tóc?,3,"[""doc_4678b9ac49c7bc57524e8226""]","[""ctx_31c2f73c7702a4ad7a32b209""]",2,1,1,2,True,True,BOTH_HIT,hit_at_evaluated_cutoff,BOTH_HIT,"{""bm25_hit"": true, ""dense_hit"": true, ""union_hit"": true, ""candidate_hit"": true, ""reranker_top_k_hit"": true, ""candidate_depth"": 100, ""ranking_k"": 10}"
medicine_6354,Có thể sử dụng kê nội kim như thế nào?,3,"[""doc_d28277a81762443f97b7d39d""]","[""ctx_08c702301d758fdf5f5e8b8a""]",6,3,3,2,True,True,BOTH_HIT,hit_at_evaluated_cutoff,BOTH_HIT,"{""bm25_hit"": true, ""dense_hit"": true, ""union_hit"": true, ""candidate_hit"": true, ""reranker_top_k_hit"": true, ""candidate_depth"": 100, ""ranking_k"": 10}"
medicine_3781,"Sau khi thu hái, cây diếp cá được xử lý như thế nào trước khi sử dụng?",3,"[""doc_4f5ae4223ff5a4a3f5ab5d82""]","[""ctx_497097c391595288f045d5e5""]",,,,,False,False,BOTH_MISS;CANDIDATE_MISS;DOC_AND_CHUNK_MISS,retrieval_or_fusion,BOTH_MISS; CANDIDATE_MISS; DOC_AND_CHUNK_MISS,"{""bm25_hit"": false, ""dense_hit"": false, ""union_hit"": false, ""candidate_hit"": false, ""reranker_top_k_hit"": false, ""candidate_depth"": 100, ""ranking_k"": 10}"
medicine_10486,Thanh yên có công dụng gì?,3,"[""doc_725ce41404e2695db43d23bc""]","[""ctx_0a10887e71d3ee2d33dd5a62""]",,,,,False,True,BOTH_MISS;CANDIDATE_MISS;DOC_HIT_CHUNK_MISS,retrieval_or_fusion,BOTH_MISS; CANDIDATE_MISS; DOC_HIT_CHUNK_MISS,"{""bm25_hit"": false, ""dense_hit"": false, ""union_hit"": false, ""candidate_hit"": false, ""reranker_top_k_hit"": false, ""candidate_depth"": 100, ""ranking_k"": 10}"
medicine_13092,"Dấu hiệu cho thấy bài thuốc trị báng bụng, da đen sạm bằng Xạ can có hiệu quả là gì?",3,"[""doc_17f062000a102bc9f8da9e47""]","[""ctx_d0fe821fed231cba434fdfc0""]",,67,,,False,True,DENSE_ONLY_HIT;FUSION_DROPPED;CANDIDATE_MISS;DOC_HIT_CHUNK_MISS,retrieval_or_fusion,DENSE_ONLY_HIT; FUSION_DROPPED; CANDIDATE_MISS; DOC_HIT_CHUNK_MISS,"{""bm25_hit"": false, ""dense_hit"": true, ""union_hit"": true, ""candidate_hit"": false, ""reranker_top_k_hit"": false, ""candidate_depth"": 100, ""ranking_k"": 10}"
medicine_1202,Liều lượng sử dụng hạt Bồ hòn được đề xuất là bao nhiêu?,3,"[""doc_add18738cac4edd364f8d5f9""]","[""ctx_05f61df7dcd9686d749f3828""]",6,16,3,3,True,True,BOTH_HIT,hit_at_evaluated_cutoff,BOTH_HIT,"{""bm25_hit"": true, ""dense_hit"": true, ""union_hit"": true, ""candidate_hit"": true, ""reranker_top_k_hit"": true, ""candidate_depth"": 100, ""ranking_k"": 10}"
medicine_9093,"Theo nghiên cứu, Rau bợ chứa hàm lượng nước chiếm bao nhiêu phần trăm?",3,"[""doc_701ab86940d34ec8411eb9c5""]","[""ctx_2e69c9bd1f641dab220844de""]",1,1,1,1,True,True,BOTH_HIT,hit_at_evaluated_cutoff,BOTH_HIT,"{""bm25_hit"": true, ""dense_hit"": true, ""union_hit"": true, ""candidate_hit"": true, ""reranker_top_k_hit"": true, ""candidate_depth"": 100, ""ranking_k"": 10}"
medicine_2800,Vỏ thân cây đước bao gồm các thành phần hóa học đa dạng nào?,3,"[""doc_e2bbd5498940512ddbf37e70""]","[""ctx_7f28efbe63c383715421cf7e""]",1,1,1,1,True,True,BOTH_HIT,hit_at_evaluated_cutoff,BOTH_HIT,"{""bm25_hit"": true, ""dense_hit"": true, ""union_hit"": true, ""candidate_hit"": true, ""reranker_top_k_hit"": true, ""candidate_depth"": 100, ""ranking_k"": 10}"
medicine_1298,"Khi sử dụng bụp giấm, cần lưu ý những điều gì để tránh tác dụng không mong muốn?",3,"[""doc_1acdf6d3a29498c33be9d70d""]","[""ctx_819a9ac7868bc83c18afc49a""]",1,1,1,1,True,True,BOTH_HIT,hit_at_evaluated_cutoff,BOTH_HIT,"{""bm25_hit"": true, ""dense_hit"": true, ""union_hit"": true, ""candidate_hit"": true, ""reranker_top_k_hit"": true, ""candidate_depth"": 100, ""ranking_k"": 10}"
medicine_3289,Cỏ dùi trống được sử dụng ở bài thuốc nào?,3,"[""doc_6200ec6bde8a45e1a1c5fb0a""]","[""ctx_85d85f1f07ca60dc1b726032""]",6,5,6,3,True,True,BOTH_HIT,hit_at_evaluated_cutoff,BOTH_HIT,"{""bm25_hit"": true, ""dense_hit"": true, ""union_hit"": true, ""candidate_hit"": true, ""reranker_top_k_hit"": true, ""candidate_depth"": 100, ""ranking_k"": 10}"
medicine_2616,Cây Sậy có thể sinh trưởng ở những nơi nào?,3,"[""doc_897075f0b29acdbc1d2684a2""]","[""ctx_d5cbac4f82398c5bbee175c0""]",1,1,1,1,True,True,BOTH_HIT,hit_at_evaluated_cutoff,BOTH_HIT,"{""bm25_hit"": true, ""dense_hit"": true, ""union_hit"": true, ""candidate_hit"": true, ""reranker_top_k_hit"": true, ""candidate_depth"": 100, ""ranking_k"": 10}"
medicine_5813,Làm sao để phân biệt Hồng xiêm chín và Hồng xiêm chưa chín?,3,"[""doc_e33710ce26ca4207c26615dc""]","[""ctx_d95a5ffc1ee44ec80dfd745b""]",1,1,1,1,True,True,BOTH_HIT,hit_at_evaluated_cutoff,BOTH_HIT,"{""bm25_hit"": true, ""dense_hit"": true, ""union_hit"": true, ""candidate_hit"": true, ""reranker_top_k_hit"": true, ""candidate_depth"": 100, ""ranking_k"": 10}"
medicine_5645,Sử dụng hạt tiêu cao từ 50mg/kg sẽ tiềm ẩn những độc tính nào?,3,"[""doc_7fe66eb832ae63b68200bb58""]","[""ctx_a573bb761e93c6dafa7593ca""]",1,7,1,1,True,True,BOTH_HIT,hit_at_evaluated_cutoff,BOTH_HIT,"{""bm25_hit"": true, ""dense_hit"": true, ""union_hit"": true, ""candidate_hit"": true, ""reranker_top_k_hit"": true, ""candidate_depth"": 100, ""ranking_k"": 10}"
medicine_10889,Thạch hộc được sử dụng trong các bài thuốc Đông y nhằm mục đích gì?,3,"[""doc_3c477ac8c6caa45ac9512a6f""]","[""ctx_154870e7f6bf51f349309c9d""]",24,15,8,2,True,True,BOTH_HIT,hit_at_evaluated_cutoff,BOTH_HIT,"{""bm25_hit"": true, ""dense_hit"": true, ""union_hit"": true, ""candidate_hit"": true, ""reranker_top_k_hit"": true, ""candidate_depth"": 100, ""ranking_k"": 10}"
medicine_7272,"Để có hàm răng sáng bóng, bên cạnh việc ăn mía lau sau bữa ăn, ta cần lưu ý điều gì?",3,"[""doc_bc7458febed084e806f4133e""]","[""ctx_f2f7364aa377b0131124dd3a""]",1,1,1,1,True,True,BOTH_HIT,hit_at_evaluated_cutoff,BOTH_HIT,"{""bm25_hit"": true, ""dense_hit"": true, ""union_hit"": true, ""candidate_hit"": true, ""reranker_top_k_hit"": true, ""candidate_depth"": 100, ""ranking_k"": 10}"
medicine_12833,"Theo Trung y, khi chế biến xuyên tiêu, cần thực hiện những bước nào?",3,"[""doc_8a3aa1216bbe67a561a305b8""]","[""ctx_0557d44a0ac924087315ebba""]",,24,49,1,True,True,DENSE_ONLY_HIT,hit_at_evaluated_cutoff,DENSE_ONLY_HIT,"{""bm25_hit"": false, ""dense_hit"": true, ""union_hit"": true, ""candidate_hit"": true, ""reranker_top_k_hit"": true, ""candidate_depth"": 100, ""ranking_k"": 10}"
medicine_8010,Tác dụng của Ngân hạnh trong bảo vệ tim mạch có liên quan đến những yếu tố nào?,3,"[""doc_b0f9bf21fb5a233018f82250""]","[""ctx_1c6392f004c5117dfd5a8e94""]",2,1,1,1,True,True,BOTH_HIT,hit_at_evaluated_cutoff,BOTH_HIT,"{""bm25_hit"": true, ""dense_hit"": true, ""union_hit"": true, ""candidate_hit"": true, ""reranker_top_k_hit"": true, ""candidate_depth"": 100, ""ranking_k"": 10}"
medicine_5252,"Sau khi chế biến, Hy thiêm trông như thế nào?",3,"[""doc_e42b1f017e9b74be04e6b41a""]","[""ctx_f793a5d0e39a06537fbfd683""]",,19,39,1,True,True,DENSE_ONLY_HIT,hit_at_evaluated_cutoff,DENSE_ONLY_HIT,"{""bm25_hit"": false, ""dense_hit"": true, ""union_hit"": true, ""candidate_hit"": true, ""reranker_top_k_hit"": true, ""candidate_depth"": 100, ""ranking_k"": 10}"
medicine_12968,"Có những bài thuốc nào có thành phần xích thược để dùng khi mụn nhọt sưng đau do huyết nhiệt, huyết ứ?",3,"[""doc_62d84d738879a3c2647c3e16""]","[""ctx_7dd73559a979a67ea65c6813""]",17,2,2,1,True,True,BOTH_HIT,hit_at_evaluated_cutoff,BOTH_HIT,"{""bm25_hit"": true, ""dense_hit"": true, ""union_hit"": true, ""candidate_hit"": true, ""reranker_top_k_hit"": true, ""candidate_depth"": 100, ""ranking_k"": 10}"
medicine_3751,Củ ấu có tác dụng gì đối với tiêu chảy phân sống?,3,"[""doc_249ff8d2ee13c8b4a308c970""]","[""ctx_c3c65753cd9522a87a1ca924""]",1,1,1,1,True,True,BOTH_HIT,hit_at_evaluated_cutoff,BOTH_HIT,"{""bm25_hit"": true, ""dense_hit"": true, ""union_hit"": true, ""candidate_hit"": true, ""reranker_top_k_hit"": true, ""candidate_depth"": 100, ""ranking_k"": 10}"
medicine_3557,Hoạt chất chiết xuất từ Cốt khí củ có tác dụng gì đối với Helicobacter Pylori?,3,"[""doc_5f460c81f18ff3e5b77a27a4""]","[""ctx_c3fb3318b58d630394d37ae9""]",1,1,1,1,True,True,BOTH_HIT,hit_at_evaluated_cutoff,BOTH_HIT,"{""bm25_hit"": true, ""dense_hit"": true, ""union_hit"": true, ""candidate_hit"": true, ""reranker_top_k_hit"": true, ""candidate_depth"": 100, ""ranking_k"": 10}"
medicine_13013,Xương rồng tai thỏ có tác dụng gì đối với lượng đường trong máu?,3,"[""doc_4432869a07738a3662b62d93""]","[""ctx_564a2fcebcb01631e6425fd2""]",1,1,1,1,True,True,BOTH_HIT,hit_at_evaluated_cutoff,BOTH_HIT,"{""bm25_hit"": true, ""dense_hit"": true, ""union_hit"": true, ""candidate_hit"": true, ""reranker_top_k_hit"": true, ""candidate_depth"": 100, ""ranking_k"": 10}"
medicine_9231,Chất chịu trách nhiệm trong việc chữa bệnh trong rau má là gì?,3,"[""doc_392106fd6dbe8db8afe8040c""]","[""ctx_6d2e5537699b325421f2d88b""]",1,1,1,1,True,True,BOTH_HIT,hit_at_evaluated_cutoff,BOTH_HIT,"{""bm25_hit"": true, ""dense_hit"": true, ""union_hit"": true, ""candidate_hit"": true, ""reranker_top_k_hit"": true, ""candidate_depth"": 100, ""ranking_k"": 10}"
medicine_10295,Cây Tai chuột thường sống ở những môi trường nào?,3,"[""doc_81b5a3738415c4c933f0475a""]","[""ctx_a4b70a372e1e64f141a7484d""]",9,2,2,1,True,True,BOTH_HIT,hit_at_evaluated_cutoff,BOTH_HIT,"{""bm25_hit"": true, ""dense_hit"": true, ""union_hit"": true, ""candidate_hit"": true, ""reranker_top_k_hit"": true, ""candidate_depth"": 100, ""ranking_k"": 10}"
medicine_3796,Diếp cá có thể gây hại cho những người nào?,3,"[""doc_4f5ae4223ff5a4a3f5ab5d82""]","[""ctx_69ca96cede424f83f99f8872""]",1,1,1,1,True,True,BOTH_HIT,hit_at_evaluated_cutoff,BOTH_HIT,"{""bm25_hit"": true, ""dense_hit"": true, ""union_hit"": true, ""candidate_hit"": true, ""reranker_top_k_hit"": true, ""candidate_depth"": 100, ""ranking_k"": 10}"
medicine_3807,Diệp hạ châu có chứa chất đắng nào không?,3,"[""doc_6b73b857e6573c9a0c77b4fe""]","[""ctx_9a7a6df12787a751c09ff996""]",1,1,1,1,True,True,BOTH_HIT,hit_at_evaluated_cutoff,BOTH_HIT,"{""bm25_hit"": true, ""dense_hit"": true, ""union_hit"": true, ""candidate_hit"": true, ""reranker_top_k_hit"": true, ""candidate_depth"": 100, ""ranking_k"": 10}"
medicine_7467,Nêu công dụng của chiết xuất từ Mướp sát trong điều trị các bệnh liên quan đến viêm?,3,"[""doc_09c3a704a2d83dc817f3be33""]","[""ctx_95d91bfb0be83e4556e30b3f""]",1,1,1,1,True,True,BOTH_HIT,hit_at_evaluated_cutoff,BOTH_HIT,"{""bm25_hit"": true, ""dense_hit"": true, ""union_hit"": true, ""candidate_hit"": true, ""reranker_top_k_hit"": true, ""candidate_depth"": 100, ""ranking_k"": 10}"
medicine_8168,"Ngoài tác dụng ức chế vi khuẩn lao, Ngũ linh chi còn có tác dụng ức chế gì?",3,"[""doc_eeb34b74187e6e6447080bfe""]","[""ctx_57ddba4ab1d4336eee69ed20""]",1,2,1,1,True,True,BOTH_HIT,hit_at_evaluated_cutoff,BOTH_HIT,"{""bm25_hit"": true, ""dense_hit"": true, ""union_hit"": true, ""candidate_hit"": true, ""reranker_top_k_hit"": true, ""candidate_depth"": 100, ""ranking_k"": 10}"
medicine_6809,Uống quá nhiều lá vối có thể gây ra tác dụng phụ gì?,3,"[""doc_4d1b5fda66a15ef08edc257e""]","[""ctx_43dae4cc4d448019de534aa7""]",1,1,1,1,True,True,BOTH_HIT,hit_at_evaluated_cutoff,BOTH_HIT,"{""bm25_hit"": true, ""dense_hit"": true, ""union_hit"": true, ""candidate_hit"": true, ""reranker_top_k_hit"": true, ""candidate_depth"": 100, ""ranking_k"": 10}"
medicine_5631,Công dụng của hạt sachi đối với tóc là gì?,3,"[""doc_77d4fe9927c04c04d7ca8274""]","[""ctx_92cfc94d57e98daf87bb3e0a""]",1,1,1,1,True,True,BOTH_HIT,hit_at_evaluated_cutoff,BOTH_HIT,"{""bm25_hit"": true, ""dense_hit"": true, ""union_hit"": true, ""candidate_hit"": true, ""reranker_top_k_hit"": true, ""candidate_depth"": 100, ""ranking_k"": 10}"
medicine_1499,"Khi dùng chuối hột theo cách truyền thống, người bệnh thường làm gì với chúng để dễ dàng bảo quản hơn?",3,"[""doc_62b95a0f63690af6a56a5a3d""]","[""ctx_50d882bc67539a4834fa7cb4""]",1,1,1,1,True,True,BOTH_HIT,hit_at_evaluated_cutoff,BOTH_HIT,"{""bm25_hit"": true, ""dense_hit"": true, ""union_hit"": true, ""candidate_hit"": true, ""reranker_top_k_hit"": true, ""candidate_depth"": 100, ""ranking_k"": 10}"
medicine_97,Atiso đỏ có thể gây nguy hiểm gì cho phụ nữ mang thai?,3,"[""doc_19cf57ac7ad3b2bb79ca40ac""]","[""ctx_71179a33d9113fe48c10b318""]",1,1,1,1,True,True,BOTH_HIT,hit_at_evaluated_cutoff,BOTH_HIT,"{""bm25_hit"": true, ""dense_hit"": true, ""union_hit"": true, ""candidate_hit"": true, ""reranker_top_k_hit"": true, ""candidate_depth"": 100, ""ranking_k"": 10}"
medicine_12113,Táo ta có đặc điểm gì?,3,"[""doc_b2c2fe9c3893d6fd52940f94""]","[""ctx_4bcc95124c649ef9c50339e8""]",11,2,1,2,True,True,BOTH_HIT,hit_at_evaluated_cutoff,BOTH_HIT,"{""bm25_hit"": true, ""dense_hit"": true, ""union_hit"": true, ""candidate_hit"": true, ""reranker_top_k_hit"": true, ""candidate_depth"": 100, ""ranking_k"": 10}"
medicine_5649,Hạt đác có đặc điểm gì?,3,"[""doc_ed2e1f2a8278a24743ea0f98""]","[""ctx_2c277ecaf72d952d6fd7ce9a""]",2,1,1,1,True,True,BOTH_HIT,hit_at_evaluated_cutoff,BOTH_HIT,"{""bm25_hit"": true, ""dense_hit"": true, ""union_hit"": true, ""candidate_hit"": true, ""reranker_top_k_hit"": true, ""candidate_depth"": 100, ""ranking_k"": 10}"
medicine_2207,"Cây cối xay có thể sử dụng bao lâu để chữa mụn nhọt, mề đay?",3,"[""doc_0f796083a68b504719de2e05""]","[""ctx_1b458ebd6ddaab90412a32dd""]",,9,21,1,True,True,DENSE_ONLY_HIT,hit_at_evaluated_cutoff,DENSE_ONLY_HIT,"{""bm25_hit"": false, ""dense_hit"": true, ""union_hit"": true, ""candidate_hit"": true, ""reranker_top_k_hit"": true, ""candidate_depth"": 100, ""ranking_k"": 10}"
medicine_11203,"Ngoài tác dụng giảm khó tiêu, tinh dầu bạc hà có khả năng gây ra chứng bệnh tiêu hóa nào?",3,"[""doc_da5983f431d4b1d1a443fcfb""]","[""ctx_a695b5ac899af3b94fda983d""]",2,1,1,1,True,True,BOTH_HIT,hit_at_evaluated_cutoff,BOTH_HIT,"{""bm25_hit"": true, ""dense_hit"": true, ""union_hit"": true, ""candidate_hit"": true, ""reranker_top_k_hit"": true, ""candidate_depth"": 100, ""ranking_k"": 10}"
medicine_1117,"Đối với phụ nữ mang thai và đang cho con bú, việc sử dụng dược liệu Bằng lăng cần cân nhắc điều gì?",3,"[""doc_332c713c7e9a215f026b6ef9""]","[""ctx_1cedab16467c54f8d37b74dc""]",64,4,6,3,True,True,BOTH_HIT,hit_at_evaluated_cutoff,BOTH_HIT,"{""bm25_hit"": true, ""dense_hit"": true, ""union_hit"": true, ""candidate_hit"": true, ""reranker_top_k_hit"": true, ""candidate_depth"": 100, ""ranking_k"": 10}"
medicine_10668,Mô tả về hình dạng lá của cây Thành ngạnh là gì?,3,"[""doc_f0efe2eb90941384374aa4e2""]","[""ctx_5ca1580b48306a3fadb6f6b1""]",1,1,1,1,True,True,BOTH_HIT,hit_at_evaluated_cutoff,BOTH_HIT,"{""bm25_hit"": true, ""dense_hit"": true, ""union_hit"": true, ""candidate_hit"": true, ""reranker_top_k_hit"": true, ""candidate_depth"": 100, ""ranking_k"": 10}"
medicine_9080,"Theo Y học cổ truyền, vị và tính của Quế nhục là gì?",3,"[""doc_03d35c922169ddc82c2c6281""]","[""ctx_0b255acf7903e1042e1a0218""]",18,1,1,1,True,True,BOTH_HIT,hit_at_evaluated_cutoff,BOTH_HIT,"{""bm25_hit"": true, ""dense_hit"": true, ""union_hit"": true, ""candidate_hit"": true, ""reranker_top_k_hit"": true, ""candidate_depth"": 100, ""ranking_k"": 10}"
medicine_9199,Bên cạnh Rau muống biển và Cây hoa giấy thì bài thuốc chữa đau thần kinh tọa sử dụng những vị thuốc nào khác?,3,"[""doc_29e143e18b3f564f2eabb911""]","[""ctx_ffc76d962dc6259658031921""]",1,1,1,1,True,True,BOTH_HIT,hit_at_evaluated_cutoff,BOTH_HIT,"{""bm25_hit"": true, ""dense_hit"": true, ""union_hit"": true, ""candidate_hit"": true, ""reranker_top_k_hit"": true, ""candidate_depth"": 100, ""ranking_k"": 10}"
medicine_634,Băng phiến có tác dụng gì theo y học hiện đại?,3,"[""doc_21f6c73b52e46512a0c40f89""]","[""ctx_7ded2e61690a928158475b04""]",,2,20,2,True,True,DENSE_ONLY_HIT,hit_at_evaluated_cutoff,DENSE_ONLY_HIT,"{""bm25_hit"": false, ""dense_hit"": true, ""union_hit"": true, ""candidate_hit"": true, ""reranker_top_k_hit"": true, ""candidate_depth"": 100, ""ranking_k"": 10}"
medicine_11520,Tinh dầu quế có tác dụng gì?,3,"[""doc_10451e5d01b137ad67b21a3b""]","[""ctx_2b7cdbaecd6889928fb3527e""]",24,17,18,4,True,True,BOTH_HIT,hit_at_evaluated_cutoff,BOTH_HIT,"{""bm25_hit"": true, ""dense_hit"": true, ""union_hit"": true, ""candidate_hit"": true, ""reranker_top_k_hit"": true, ""candidate_depth"": 100, ""ranking_k"": 10}"
medicine_11550,Chất lượng tinh dầu trầm hương được phân loại dựa trên những yếu tố nào?,3,"[""doc_59397437dd2243fecdedc732""]","[""ctx_b5fa3d5d8c0f1089ddffd31c""]",1,1,1,1,True,True,BOTH_HIT,hit_at_evaluated_cutoff,BOTH_HIT,"{""bm25_hit"": true, ""dense_hit"": true, ""union_hit"": true, ""candidate_hit"": true, ""reranker_top_k_hit"": true, ""candidate_depth"": 100, ""ranking_k"": 10}"
medicine_3977,Cây Dây gân có đặc điểm gì về môi trường sống?,3,"[""doc_f7c36a9befc36c2e0f40a035""]","[""ctx_91896f1e3bb7fc3265c6547c""]",20,1,1,2,True,True,BOTH_HIT,hit_at_evaluated_cutoff,BOTH_HIT,"{""bm25_hit"": true, ""dense_hit"": true, ""union_hit"": true, ""candidate_hit"": true, ""reranker_top_k_hit"": true, ""candidate_depth"": 100, ""ranking_k"": 10}"
medicine_2299,"Ngoài rễ, Cây La rừng còn có bộ phận nào được dùng làm thuốc?",3,"[""doc_c79f73cd60c0fe191b30e28a""]","[""ctx_2ad08e024406b1403397c798""]",,,,,False,True,BOTH_MISS;CANDIDATE_MISS;DOC_HIT_CHUNK_MISS,retrieval_or_fusion,BOTH_MISS; CANDIDATE_MISS; DOC_HIT_CHUNK_MISS,"{""bm25_hit"": false, ""dense_hit"": false, ""union_hit"": false, ""candidate_hit"": false, ""reranker_top_k_hit"": false, ""candidate_depth"": 100, ""ranking_k"": 10}"
medicine_4678,Các bước thực hiện món canh hoa bách hợp - cá diếc như thế nào?,3,"[""doc_fe7f23103333abf5766c6d78""]","[""ctx_55f201b6669c8bb1489eff52""]",1,1,1,1,True,True,BOTH_HIT,hit_at_evaluated_cutoff,BOTH_HIT,"{""bm25_hit"": true, ""dense_hit"": true, ""union_hit"": true, ""candidate_hit"": true, ""reranker_top_k_hit"": true, ""candidate_depth"": 100, ""ranking_k"": 10}"
medicine_13533,Liều dùng của Đơn lá đỏ hàng ngày như thế nào?,3,"[""doc_1346ab49d678a5e12ac111a6""]","[""ctx_5adc82fee61f5f035045a9b9""]",3,1,1,1,True,True,BOTH_HIT,hit_at_evaluated_cutoff,BOTH_HIT,"{""bm25_hit"": true, ""dense_hit"": true, ""union_hit"": true, ""candidate_hit"": true, ""reranker_top_k_hit"": true, ""candidate_depth"": 100, ""ranking_k"": 10}"
medicine_7768,Có thể dùng dạng bột từ hạt mộc hoa trắng với liều dùng bao nhiêu?,3,"[""doc_7338cff072417c864ceefa18""]","[""ctx_74e1555d6563e6840af3ba96""]",20,5,6,1,True,True,BOTH_HIT,hit_at_evaluated_cutoff,BOTH_HIT,"{""bm25_hit"": true, ""dense_hit"": true, ""union_hit"": true, ""candidate_hit"": true, ""reranker_top_k_hit"": true, ""candidate_depth"": 100, ""ranking_k"": 10}"
medicine_9994,Sâm vũ diệp có gì đặc biệt so với các loại sâm khác?,3,"[""doc_20329090336aa2344e110b36""]","[""ctx_71eacdf6f04fb980f43157b2""]",2,4,2,3,True,True,BOTH_HIT,hit_at_evaluated_cutoff,BOTH_HIT,"{""bm25_hit"": true, ""dense_hit"": true, ""union_hit"": true, ""candidate_hit"": true, ""reranker_top_k_hit"": true, ""candidate_depth"": 100, ""ranking_k"": 10}"
medicine_9794,"Ngoài Trung Quốc, những nước nào cũng trồng cây thuốc sinh địa?",3,"[""doc_272ff6d1760c28a57bb57aa5""]","[""ctx_c2485b7b4bc9abd7815225c5""]",1,3,1,1,True,True,BOTH_HIT,hit_at_evaluated_cutoff,BOTH_HIT,"{""bm25_hit"": true, ""dense_hit"": true, ""union_hit"": true, ""candidate_hit"": true, ""reranker_top_k_hit"": true, ""candidate_depth"": 100, ""ranking_k"": 10}"
medicine_13112,"Ngoài dùng để đốt cứu trong cấp cứu các chứng hôn mê, kỹ thuật cứu Xạ hương còn dùng để hỗ trợ cứu tỉnh trong các chứng bệnh nào?",3,"[""doc_cfc000bcf47553be0b0135f7""]","[""ctx_a64773b466b9bb49e682f930""]",1,1,1,1,True,True,BOTH_HIT,hit_at_evaluated_cutoff,BOTH_HIT,"{""bm25_hit"": true, ""dense_hit"": true, ""union_hit"": true, ""candidate_hit"": true, ""reranker_top_k_hit"": true, ""candidate_depth"": 100, ""ranking_k"": 10}"
medicine_3710,Liều dùng của củ sen như thế nào?,3,"[""doc_52ae7704d6539728a10ecc6a""]","[""ctx_bce4b77643c242d7cab7ee22""]",,,,,False,True,BOTH_MISS;CANDIDATE_MISS;DOC_HIT_CHUNK_MISS,retrieval_or_fusion,BOTH_MISS; CANDIDATE_MISS; DOC_HIT_CHUNK_MISS,"{""bm25_hit"": false, ""dense_hit"": false, ""union_hit"": false, ""candidate_hit"": false, ""reranker_top_k_hit"": false, ""candidate_depth"": 100, ""ranking_k"": 10}"
medicine_5018,"Hoàng tinh điều chỉnh những chất chuyển hóa nào trong mẫu huyết thanh, nước tiểu và gan?",3,"[""doc_54726e9879d19f17909745ae""]","[""ctx_f76d2fc813dd61c81c5d565b""]",1,1,1,1,True,True,BOTH_HIT,hit_at_evaluated_cutoff,BOTH_HIT,"{""bm25_hit"": true, ""dense_hit"": true, ""union_hit"": true, ""candidate_hit"": true, ""reranker_top_k_hit"": true, ""candidate_depth"": 100, ""ranking_k"": 10}"
medicine_11109,Đường Thốt nốt có đặc điểm gì?,3,"[""doc_8ce231fe585fccf2bd4496ee""]","[""ctx_174b567746412242a903404c""]",1,1,1,1,True,True,BOTH_HIT,hit_at_evaluated_cutoff,BOTH_HIT,"{""bm25_hit"": true, ""dense_hit"": true, ""union_hit"": true, ""candidate_hit"": true, ""reranker_top_k_hit"": true, ""candidate_depth"": 100, ""ranking_k"": 10}"
medicine_2942,Cúc hoa trắng được dùng trong những trường hợp nào?,3,"[""doc_8608e544aeb83c0a2ee7dbcc""]","[""ctx_dc78cd430f7db18b356b1618""]",7,1,2,2,True,True,BOTH_HIT,hit_at_evaluated_cutoff,BOTH_HIT,"{""bm25_hit"": true, ""dense_hit"": true, ""union_hit"": true, ""candidate_hit"": true, ""reranker_top_k_hit"": true, ""candidate_depth"": 100, ""ranking_k"": 10}"
medicine_7554,Mẫu lệ là gì?,3,"[""doc_9e5cff9b45e70055225ffeef""]","[""ctx_3dda65ee40e15199f43ce915""]",4,,24,3,True,True,BM25_ONLY_HIT,hit_at_evaluated_cutoff,BM25_ONLY_HIT,"{""bm25_hit"": true, ""dense_hit"": false, ""union_hit"": true, ""candidate_hit"": true, ""reranker_top_k_hit"": true, ""candidate_depth"": 100, ""ranking_k"": 10}"
medicine_10721,Phần giữa của Thông thảo có cấu tạo thế nào?,3,"[""doc_596875ebd6f5be8595b5abac""]","[""ctx_468ae2152ebc4a2807f9d385""]",16,1,1,1,True,True,BOTH_HIT,hit_at_evaluated_cutoff,BOTH_HIT,"{""bm25_hit"": true, ""dense_hit"": true, ""union_hit"": true, ""candidate_hit"": true, ""reranker_top_k_hit"": true, ""candidate_depth"": 100, ""ranking_k"": 10}"
medicine_13417,"Khi gặp phải những vết thương, bạn cần sử dụng bộ phận nào của cây đinh lăng để điều trị?",3,"[""doc_70e5ef879e4a21e5564e05a8""]","[""ctx_ecb253f7aa7f743bb4f34c5a""]",53,1,5,2,True,True,BOTH_HIT,hit_at_evaluated_cutoff,BOTH_HIT,"{""bm25_hit"": true, ""dense_hit"": true, ""union_hit"": true, ""candidate_hit"": true, ""reranker_top_k_hit"": true, ""candidate_depth"": 100, ""ranking_k"": 10}"
medicine_5690,Ai không nên sử dụng hải sâm?,3,"[""doc_32490e387b67704275b38327""]","[""ctx_47f09c14dca7f6ab80366857""]",1,1,1,1,True,True,BOTH_HIT,hit_at_evaluated_cutoff,BOTH_HIT,"{""bm25_hit"": true, ""dense_hit"": true, ""union_hit"": true, ""candidate_hit"": true, ""reranker_top_k_hit"": true, ""candidate_depth"": 100, ""ranking_k"": 10}"
medicine_491,Cách dùng Bí kỳ nam để chữa đau nhức xương khớp?,3,"[""doc_04db17504060091c89d24704""]","[""ctx_87a1f10ff8a1e93bde009529""]",49,8,9,1,True,True,BOTH_HIT,hit_at_evaluated_cutoff,BOTH_HIT,"{""bm25_hit"": true, ""dense_hit"": true, ""union_hit"": true, ""candidate_hit"": true, ""reranker_top_k_hit"": true, ""candidate_depth"": 100, ""ranking_k"": 10}"
medicine_3816,Diệp hạ châu đắng được sử dụng như thế nào trong y học cổ truyền Ấn Độ?,3,"[""doc_6b73b857e6573c9a0c77b4fe""]","[""ctx_d24e0044e99f5eeb393341d3""]",1,1,1,1,True,True,BOTH_HIT,hit_at_evaluated_cutoff,BOTH_HIT,"{""bm25_hit"": true, ""dense_hit"": true, ""union_hit"": true, ""candidate_hit"": true, ""reranker_top_k_hit"": true, ""candidate_depth"": 100, ""ranking_k"": 10}"
medicine_11766,Những ai không được sử dụng Trà tiên?,3,"[""doc_4d964f0d2a643cc65f70280b""]","[""ctx_2adb07db55ebc1f8aa6b9d4c""]",1,1,1,1,True,True,BOTH_HIT,hit_at_evaluated_cutoff,BOTH_HIT,"{""bm25_hit"": true, ""dense_hit"": true, ""union_hit"": true, ""candidate_hit"": true, ""reranker_top_k_hit"": true, ""candidate_depth"": 100, ""ranking_k"": 10}"
medicine_3472,Ở Việt Nam có bao nhiêu loài Cỏ the?,3,"[""doc_b95b8786eaa5e186c95807de""]","[""ctx_01f1439cfe85edd4d5a44971""]",1,1,1,1,True,True,BOTH_HIT,hit_at_evaluated_cutoff,BOTH_HIT,"{""bm25_hit"": true, ""dense_hit"": true, ""union_hit"": true, ""candidate_hit"": true, ""reranker_top_k_hit"": true, ""candidate_depth"": 100, ""ranking_k"": 10}"
medicine_13843,Địa liền còn được dùng để làm gì?,3,"[""doc_aeea7f1c5965c631e217e242""]","[""ctx_4816105c84535a0f009a2d3b""]",3,1,1,2,True,True,BOTH_HIT,hit_at_evaluated_cutoff,BOTH_HIT,"{""bm25_hit"": true, ""dense_hit"": true, ""union_hit"": true, ""candidate_hit"": true, ""reranker_top_k_hit"": true, ""candidate_depth"": 100, ""ranking_k"": 10}"
medicine_6576,Lá cách có khả năng gì trong việc bảo vệ gan?,3,"[""doc_8b7ca13c32a7eea76d22cee5""]","[""ctx_8c60f9b83a430bd868018cf2""]",1,7,1,1,True,True,BOTH_HIT,hit_at_evaluated_cutoff,BOTH_HIT,"{""bm25_hit"": true, ""dense_hit"": true, ""union_hit"": true, ""candidate_hit"": true, ""reranker_top_k_hit"": true, ""candidate_depth"": 100, ""ranking_k"": 10}"
medicine_2459,Những hoạt động chống ung thư nào của cây Mật gấu đã được nghiên cứu?,3,"[""doc_2379e122b0c38aa1ddc39a7a""]","[""ctx_ea28ce12d30ab1ef8dcd7113""]",1,1,1,1,True,True,BOTH_HIT,hit_at_evaluated_cutoff,BOTH_HIT,"{""bm25_hit"": true, ""dense_hit"": true, ""union_hit"": true, ""candidate_hit"": true, ""reranker_top_k_hit"": true, ""candidate_depth"": 100, ""ranking_k"": 10}"
medicine_2752,Cây trứng cá có những công dụng gì khi sử dụng rễ cây ở Campuchia?,3,"[""doc_fc7e372280475dc8b041766b""]","[""ctx_a92234a248968c98901de623""]",1,1,1,1,True,True,BOTH_HIT,hit_at_evaluated_cutoff,BOTH_HIT,"{""bm25_hit"": true, ""dense_hit"": true, ""union_hit"": true, ""candidate_hit"": true, ""reranker_top_k_hit"": true, ""candidate_depth"": 100, ""ranking_k"": 10}"
medicine_11379,Thành phần hoạt chất nào trong tinh dầu húng quế có tác dụng giảm huyết áp?,3,"[""doc_37fcf4a8cf7b064fe564ca79""]","[""ctx_a9e3f27f744d002bb8857f1d""]",1,1,1,2,True,True,BOTH_HIT,hit_at_evaluated_cutoff,BOTH_HIT,"{""bm25_hit"": true, ""dense_hit"": true, ""union_hit"": true, ""candidate_hit"": true, ""reranker_top_k_hit"": true, ""candidate_depth"": 100, ""ranking_k"": 10}"
medicine_4105,Dương xỉ thường mọc như thế nào?,3,"[""doc_32cce32a9e12b89e29bc3be0""]","[""ctx_7ff342b56815dfc743a3763d""]",4,1,2,1,True,True,BOTH_HIT,hit_at_evaluated_cutoff,BOTH_HIT,"{""bm25_hit"": true, ""dense_hit"": true, ""union_hit"": true, ""candidate_hit"": true, ""reranker_top_k_hit"": true, ""candidate_depth"": 100, ""ranking_k"": 10}"
medicine_11491,"Theo như các nghiên cứu, tinh dầu nghệ có công dụng gì?",3,"[""doc_016df7614cf13a03dcf3353e""]","[""ctx_45486fcccc5428ffdb2fb955""]",3,8,5,3,True,True,BOTH_HIT,hit_at_evaluated_cutoff,BOTH_HIT,"{""bm25_hit"": true, ""dense_hit"": true, ""union_hit"": true, ""candidate_hit"": true, ""reranker_top_k_hit"": true, ""candidate_depth"": 100, ""ranking_k"": 10}"
medicine_11977,Chiết xuất Trầm hương có thể giúp giảm những tình trạng nào?,3,"[""doc_3256a49207c9d0db136eba45""]","[""ctx_ca6aa4f80cf37ebb3a063b6e""]",1,13,3,1,True,True,BOTH_HIT,hit_at_evaluated_cutoff,BOTH_HIT,"{""bm25_hit"": true, ""dense_hit"": true, ""union_hit"": true, ""candidate_hit"": true, ""reranker_top_k_hit"": true, ""candidate_depth"": 100, ""ranking_k"": 10}"
medicine_201,Liều dùng Binh lang thông thường là bao nhiêu?,3,"[""doc_5e465be35080072af1c7a450""]","[""ctx_b471a9321c11ff402083b135""]",2,1,1,1,True,True,BOTH_HIT,hit_at_evaluated_cutoff,BOTH_HIT,"{""bm25_hit"": true, ""dense_hit"": true, ""union_hit"": true, ""candidate_hit"": true, ""reranker_top_k_hit"": true, ""candidate_depth"": 100, ""ranking_k"": 10}"
medicine_10841,Thương nhĩ tử có tác dụng gì khác ngoài việc điều trị các bệnh về mũi và chống khối u?,3,"[""doc_7b79c7bc903a527a6c8e4ec9""]","[""ctx_8642e6d125c689578ca2ce06""]",1,1,1,1,True,True,BOTH_HIT,hit_at_evaluated_cutoff,BOTH_HIT,"{""bm25_hit"": true, ""dense_hit"": true, ""union_hit"": true, ""candidate_hit"": true, ""reranker_top_k_hit"": true, ""candidate_depth"": 100, ""ranking_k"": 10}"
medicine_886,Cách sử dụng bài thuốc chứa Bạch linh như thế nào?,3,"[""doc_80b3b971cf1c76438a30646d""]","[""ctx_a5a073ff31c26ab7278481ab""]",,3,18,2,True,True,DENSE_ONLY_HIT,hit_at_evaluated_cutoff,DENSE_ONLY_HIT,"{""bm25_hit"": false, ""dense_hit"": true, ""union_hit"": true, ""candidate_hit"": true, ""reranker_top_k_hit"": true, ""candidate_depth"": 100, ""ranking_k"": 10}"
medicine_10179,Từ đâu người ta biết được tác dụng của sơn tra?,3,"[""doc_34e17e3cc8d6a6356518efc5""]","[""ctx_c11cad35000b33d8161fbb93""]",,,,,False,True,BOTH_MISS;CANDIDATE_MISS;DOC_HIT_CHUNK_MISS,retrieval_or_fusion,BOTH_MISS; CANDIDATE_MISS; DOC_HIT_CHUNK_MISS,"{""bm25_hit"": false, ""dense_hit"": false, ""union_hit"": false, ""candidate_hit"": false, ""reranker_top_k_hit"": false, ""candidate_depth"": 100, ""ranking_k"": 10}"
medicine_8310,Cách chế biến Ngải cứu để dùng thay trà?,3,"[""doc_677b5da371a6f5fa55a7154b""]","[""ctx_102008184e5c9d791ac213ee""]",1,2,2,1,True,True,BOTH_HIT,hit_at_evaluated_cutoff,BOTH_HIT,"{""bm25_hit"": true, ""dense_hit"": true, ""union_hit"": true, ""candidate_hit"": true, ""reranker_top_k_hit"": true, ""candidate_depth"": 100, ""ranking_k"": 10}"
medicine_801,Cách dùng đối với đơn thuốc kinh nghiệm với vị Bạch cập gồm những thao tác cụ thể nào?,3,"[""doc_39c486dc6f226c004f085835""]","[""ctx_4d489f162d3a87157830ff1b""]",,,,,False,True,BOTH_MISS;CANDIDATE_MISS;DOC_HIT_CHUNK_MISS,retrieval_or_fusion,BOTH_MISS; CANDIDATE_MISS; DOC_HIT_CHUNK_MISS,"{""bm25_hit"": false, ""dense_hit"": false, ""union_hit"": false, ""candidate_hit"": false, ""reranker_top_k_hit"": false, ""candidate_depth"": 100, ""ranking_k"": 10}"
medicine_12330,Tế tân phân bố ở những tỉnh nào của Trung Quốc?,3,"[""doc_db5b125167d20eb1de95eed3""]","[""ctx_9b22a1bc1a61faa75a3268cf""]",1,1,1,1,True,True,BOTH_HIT,hit_at_evaluated_cutoff,BOTH_HIT,"{""bm25_hit"": true, ""dense_hit"": true, ""union_hit"": true, ""candidate_hit"": true, ""reranker_top_k_hit"": true, ""candidate_depth"": 100, ""ranking_k"": 10}"
medicine_13659,Các bộ phận được thu hoạch của cây Đại tướng quân?,3,"[""doc_51170fe132d4f128d75f592c""]","[""ctx_468bd14e6cbcb6214035ae4c""]",1,1,1,1,True,True,BOTH_HIT,hit_at_evaluated_cutoff,BOTH_HIT,"{""bm25_hit"": true, ""dense_hit"": true, ""union_hit"": true, ""candidate_hit"": true, ""reranker_top_k_hit"": true, ""candidate_depth"": 100, ""ranking_k"": 10}"
medicine_6902,Có thể tìm thấy cây lược vàng ở đâu?,3,"[""doc_609f0ef66ebca079bac35503""]","[""ctx_7d330617f854e5da3d0850a3""]",8,62,11,6,False,False,BOTH_HIT;SELECTION_MISS;DOC_AND_CHUNK_MISS,selection,BOTH_HIT; SELECTION_MISS; DOC_AND_CHUNK_MISS,"{""bm25_hit"": true, ""dense_hit"": true, ""union_hit"": true, ""candidate_hit"": true, ""reranker_top_k_hit"": true, ""candidate_depth"": 100, ""ranking_k"": 10}"
medicine_3525,Cỏ xước có chứa những thành phần hóa học nào khác giúp tăng cường sức khỏe?,3,"[""doc_4bbd4aaea52aa57193679e55""]","[""ctx_7559ffafbabac98f2928c9ed""]",1,1,1,1,True,True,BOTH_HIT,hit_at_evaluated_cutoff,BOTH_HIT,"{""bm25_hit"": true, ""dense_hit"": true, ""union_hit"": true, ""candidate_hit"": true, ""reranker_top_k_hit"": true, ""candidate_depth"": 100, ""ranking_k"": 10}"
medicine_4022,Dây thìa canh còn chứa những thành phần nào khác?,3,"[""doc_ee38e5386979215f809f1324""]","[""ctx_eb3c2a87c534bbb2afde9af4""]",1,1,1,1,True,True,BOTH_HIT,hit_at_evaluated_cutoff,BOTH_HIT,"{""bm25_hit"": true, ""dense_hit"": true, ""union_hit"": true, ""candidate_hit"": true, ""reranker_top_k_hit"": true, ""candidate_depth"": 100, ""ranking_k"": 10}"
medicine_2607,Cây Sảng có những đặc điểm sinh thái gì?,3,"[""doc_9d0af4808a97a93aecbe2b1e""]","[""ctx_6a40d77b6f33f7de6530bdb8""]",2,2,1,1,True,True,BOTH_HIT,hit_at_evaluated_cutoff,BOTH_HIT,"{""bm25_hit"": true, ""dense_hit"": true, ""union_hit"": true, ""candidate_hit"": true, ""reranker_top_k_hit"": true, ""candidate_depth"": 100, ""ranking_k"": 10}"
medicine_8092,"Hiện nay, đã có nhiều nghiên cứu về tác dụng của cây Ngô đồng chưa?",3,"[""doc_5ea4efdb1191e55d8ccae5aa""]","[""ctx_f8f2044e003c40d445d0ce04""]",1,1,1,1,True,True,BOTH_HIT,hit_at_evaluated_cutoff,BOTH_HIT,"{""bm25_hit"": true, ""dense_hit"": true, ""union_hit"": true, ""candidate_hit"": true, ""reranker_top_k_hit"": true, ""candidate_depth"": 100, ""ranking_k"": 10}"
medicine_1753,Hàm lượng alcaloid toàn phần trong quả Cà dại hoa tím là bao nhiêu?,3,"[""doc_b1946972a6fa57ab73181c79""]","[""ctx_d7cb399f6403fd3ecececda4""]",1,1,1,1,True,True,BOTH_HIT,hit_at_evaluated_cutoff,BOTH_HIT,"{""bm25_hit"": true, ""dense_hit"": true, ""union_hit"": true, ""candidate_hit"": true, ""reranker_top_k_hit"": true, ""candidate_depth"": 100, ""ranking_k"": 10}"
medicine_11331,Trong trường hợp nào không được sử dụng tinh dầu hoa oải hương?,3,"[""doc_d525dc71294a77261393580c""]","[""ctx_9b8f88ba8c7d4b111a18ac71""]",8,1,1,1,True,True,BOTH_HIT,hit_at_evaluated_cutoff,BOTH_HIT,"{""bm25_hit"": true, ""dense_hit"": true, ""union_hit"": true, ""candidate_hit"": true, ""reranker_top_k_hit"": true, ""candidate_depth"": 100, ""ranking_k"": 10}"
medicine_12055,"Theo cách dùng ở đoạn trích, cần ngâm tuyết yến bao lâu trước khi đem hầm?",3,"[""doc_b55df7ff165c10ea19b24dab""]","[""ctx_05e6036dd252bfa7b1dced5a""]",3,1,2,1,True,True,BOTH_HIT,hit_at_evaluated_cutoff,BOTH_HIT,"{""bm25_hit"": true, ""dense_hit"": true, ""union_hit"": true, ""candidate_hit"": true, ""reranker_top_k_hit"": true, ""candidate_depth"": 100, ""ranking_k"": 10}"
medicine_1081,Bộ phận nào của cây Bầu đất được sử dụng làm thuốc?,3,"[""doc_d67a9c85cc0b310672cd74d8""]","[""ctx_92878147b9e33ee598a540e1""]",,,,,False,True,BOTH_MISS;CANDIDATE_MISS;DOC_HIT_CHUNK_MISS,retrieval_or_fusion,BOTH_MISS; CANDIDATE_MISS; DOC_HIT_CHUNK_MISS,"{""bm25_hit"": false, ""dense_hit"": false, ""union_hit"": false, ""candidate_hit"": false, ""reranker_top_k_hit"": false, ""candidate_depth"": 100, ""ranking_k"": 10}"
medicine_3134,Cây cần tây bắt nguồn từ đâu?,3,"[""doc_194405cf9b4ab5a88e14e0d5""]","[""ctx_0ccd68a813cdd4624cf81e72""]",2,1,1,1,True,True,BOTH_HIT,hit_at_evaluated_cutoff,BOTH_HIT,"{""bm25_hit"": true, ""dense_hit"": true, ""union_hit"": true, ""candidate_hit"": true, ""reranker_top_k_hit"": true, ""candidate_depth"": 100, ""ranking_k"": 10}"
medicine_7436,"Trong bài thuốc, để chữa viêm họng, họng sưng đau thì cần dùng bộ phận nào của cây mướp hương?",3,"[""doc_c7e110b3c57b3fb392501a50""]","[""ctx_27f91678cd4f2120238c49c7""]",,,,,False,True,BOTH_MISS;CANDIDATE_MISS;DOC_HIT_CHUNK_MISS,retrieval_or_fusion,BOTH_MISS; CANDIDATE_MISS; DOC_HIT_CHUNK_MISS,"{""bm25_hit"": false, ""dense_hit"": false, ""union_hit"": false, ""candidate_hit"": false, ""reranker_top_k_hit"": false, ""candidate_depth"": 100, ""ranking_k"": 10}"
medicine_2430,Cây Móc có chiều cao trung bình là bao nhiêu?,3,"[""doc_9886618051b28e1e7c13f243""]","[""ctx_562b0782c11dc8d343e2e957""]",,89,,,False,False,DENSE_ONLY_HIT;FUSION_DROPPED;CANDIDATE_MISS;DOC_AND_CHUNK_MISS,retrieval_or_fusion,DENSE_ONLY_HIT; FUSION_DROPPED; CANDIDATE_MISS; DOC_AND_CHUNK_MISS,"{""bm25_hit"": false, ""dense_hit"": true, ""union_hit"": true, ""candidate_hit"": false, ""reranker_top_k_hit"": false, ""candidate_depth"": 100, ""ranking_k"": 10}"
medicine_7875,Thành phần chính của tinh dầu trong một dược là gì?,3,"[""doc_2158a6f3273e9eb408d8a0bc""]","[""ctx_28b5c9e3a17d5d7a29a19b4f""]",1,3,1,2,True,True,BOTH_HIT,hit_at_evaluated_cutoff,BOTH_HIT,"{""bm25_hit"": true, ""dense_hit"": true, ""union_hit"": true, ""candidate_hit"": true, ""reranker_top_k_hit"": true, ""candidate_depth"": 100, ""ranking_k"": 10}"
medicine_6096,"Nêu các thành phần hóa học, dược lý có trong Khổ qua rừng.",3,"[""doc_c73ee0ce2f9d7a61e1e6f250""]","[""ctx_dc4e1b8a407ff7d3248418b1""]",3,1,1,1,True,True,BOTH_HIT,hit_at_evaluated_cutoff,BOTH_HIT,"{""bm25_hit"": true, ""dense_hit"": true, ""union_hit"": true, ""candidate_hit"": true, ""reranker_top_k_hit"": true, ""candidate_depth"": 100, ""ranking_k"": 10}"
medicine_10511,Cây Thiên lý thuộc họ nào?,3,"[""doc_513e59995eb68b68dcb47fe8""]","[""ctx_d822666a2c2e4dc1fc23bef7""]",3,1,1,1,True,True,BOTH_HIT,hit_at_evaluated_cutoff,BOTH_HIT,"{""bm25_hit"": true, ""dense_hit"": true, ""union_hit"": true, ""candidate_hit"": true, ""reranker_top_k_hit"": true, ""candidate_depth"": 100, ""ranking_k"": 10}"
medicine_1569,Dược liệu chè vằng có tên khoa học gì?,3,"[""doc_479952c39272557de83a68f0""]","[""ctx_d012cc32692f45ab658a1da0""]",1,1,1,1,True,True,BOTH_HIT,hit_at_evaluated_cutoff,BOTH_HIT,"{""bm25_hit"": true, ""dense_hit"": true, ""union_hit"": true, ""candidate_hit"": true, ""reranker_top_k_hit"": true, ""candidate_depth"": 100, ""ranking_k"": 10}"
medicine_2239,Liều lượng và thời gian sử dụng cây dung để trị rong kinh như thế nào?,3,"[""doc_19569514e35af80ceadfef70""]","[""ctx_c9cee1bd0466cda5b172f56f""]",,,,,False,True,BOTH_MISS;CANDIDATE_MISS;DOC_HIT_CHUNK_MISS,retrieval_or_fusion,BOTH_MISS; CANDIDATE_MISS; DOC_HIT_CHUNK_MISS,"{""bm25_hit"": false, ""dense_hit"": false, ""union_hit"": false, ""candidate_hit"": false, ""reranker_top_k_hit"": false, ""candidate_depth"": 100, ""ranking_k"": 10}"
medicine_9160,"Khi nào mùa lá non của Cây rau dớn bắt đầu ở vùng nhiệt đới núi cao như Sa Pa, Sìn Hồ?",3,"[""doc_45d98f0a4e5a83664abbaf72""]","[""ctx_1f95390c9b8c89470963a99b""]",1,1,1,1,True,True,BOTH_HIT,hit_at_evaluated_cutoff,BOTH_HIT,"{""bm25_hit"": true, ""dense_hit"": true, ""union_hit"": true, ""candidate_hit"": true, ""reranker_top_k_hit"": true, ""candidate_depth"": 100, ""ranking_k"": 10}"
medicine_3414,Cần chuẩn bị như thế nào để áp dụng bài thuốc chữa di mộng tinh từ Cỏ nhọ nồi?,3,"[""doc_698f261d37f0cfd2f3492efb""]","[""ctx_06f1d5a7f0ae264f5a08fefa""]",30,,51,1,True,True,BM25_ONLY_HIT,hit_at_evaluated_cutoff,BM25_ONLY_HIT,"{""bm25_hit"": true, ""dense_hit"": false, ""union_hit"": true, ""candidate_hit"": true, ""reranker_top_k_hit"": true, ""candidate_depth"": 100, ""ranking_k"": 10}"
medicine_5544,"Theo Y học cổ truyền, hạt Bo bo có vị gì và tính gì?",3,"[""doc_495cba7794e9d3f199b68448""]","[""ctx_27b8699019b9b9f877448340""]",1,1,1,1,True,True,BOTH_HIT,hit_at_evaluated_cutoff,BOTH_HIT,"{""bm25_hit"": true, ""dense_hit"": true, ""union_hit"": true, ""candidate_hit"": true, ""reranker_top_k_hit"": true, ""candidate_depth"": 100, ""ranking_k"": 10}"
medicine_8304,Hoạt động dược lý của ngải cứu là gì?,3,"[""doc_677b5da371a6f5fa55a7154b""]","[""ctx_06061d408a392a77364a629b""]",2,8,4,4,True,True,BOTH_HIT,hit_at_evaluated_cutoff,BOTH_HIT,"{""bm25_hit"": true, ""dense_hit"": true, ""union_hit"": true, ""candidate_hit"": true, ""reranker_top_k_hit"": true, ""candidate_depth"": 100, ""ranking_k"": 10}"
medicine_10450,Cây Thanh táo thường cao bao nhiêu?,3,"[""doc_ceed783c0d4725f4e8229255""]","[""ctx_371418e12e73863207a8b201""]",8,1,2,1,True,True,BOTH_HIT,hit_at_evaluated_cutoff,BOTH_HIT,"{""bm25_hit"": true, ""dense_hit"": true, ""union_hit"": true, ""candidate_hit"": true, ""reranker_top_k_hit"": true, ""candidate_depth"": 100, ""ranking_k"": 10}"
medicine_7766,Tác dụng của mộc hoa trắng theo y học cổ truyền là gì?,3,"[""doc_7338cff072417c864ceefa18""]","[""ctx_d3d91e9a1c0d732ffce575e5""]",1,1,1,1,True,True,BOTH_HIT,hit_at_evaluated_cutoff,BOTH_HIT,"{""bm25_hit"": true, ""dense_hit"": true, ""union_hit"": true, ""candidate_hit"": true, ""reranker_top_k_hit"": true, ""candidate_depth"": 100, ""ranking_k"": 10}"
medicine_13350,Đan sâm thuộc nhóm thực vật nào?,3,"[""doc_16b30da6f345213e803eeebe""]","[""ctx_32cab86a84b21b5bcb754c64""]",,1,15,2,True,True,DENSE_ONLY_HIT,hit_at_evaluated_cutoff,DENSE_ONLY_HIT,"{""bm25_hit"": false, ""dense_hit"": true, ""union_hit"": true, ""candidate_hit"": true, ""reranker_top_k_hit"": true, ""candidate_depth"": 100, ""ranking_k"": 10}"
medicine_746,Quá trình chế biến Bạch chỉ gồm những bước nào?,3,"[""doc_379ce558c29fff57e193490f""]","[""ctx_907644a46e66c7b16e5ac67c""]",,1,5,1,True,True,DENSE_ONLY_HIT,hit_at_evaluated_cutoff,DENSE_ONLY_HIT,"{""bm25_hit"": false, ""dense_hit"": true, ""union_hit"": true, ""candidate_hit"": true, ""reranker_top_k_hit"": true, ""candidate_depth"": 100, ""ranking_k"": 10}"
medicine_5147,Huyết kiệt có tác động thế nào đến quá trình hình thành xương?,3,"[""doc_a40c5fb1a573be29cb35a531""]","[""ctx_8c53c38e26217278fcf3d5b9""]",1,1,1,1,True,True,BOTH_HIT,hit_at_evaluated_cutoff,BOTH_HIT,"{""bm25_hit"": true, ""dense_hit"": true, ""union_hit"": true, ""candidate_hit"": true, ""reranker_top_k_hit"": true, ""candidate_depth"": 100, ""ranking_k"": 10}"
medicine_5725,Hắc sâm tác dụng như thế nào trên mô hình gây viêm phù chân chuột?,3,"[""doc_97f34d7ba5ee006a2440f317""]","[""ctx_08310d8814e31415cfa547db""]",1,1,1,1,True,True,BOTH_HIT,hit_at_evaluated_cutoff,BOTH_HIT,"{""bm25_hit"": true, ""dense_hit"": true, ""union_hit"": true, ""candidate_hit"": true, ""reranker_top_k_hit"": true, ""candidate_depth"": 100, ""ranking_k"": 10}"
medicine_13150,Tính vị của yến sào được ghi nhận là gì?,3,"[""doc_39b8b8bfc375bc2ad2814399""]","[""ctx_ecb76c45a44b1b2a4a8b6c41""]",1,1,1,1,True,True,BOTH_HIT,hit_at_evaluated_cutoff,BOTH_HIT,"{""bm25_hit"": true, ""dense_hit"": true, ""union_hit"": true, ""candidate_hit"": true, ""reranker_top_k_hit"": true, ""candidate_depth"": 100, ""ranking_k"": 10}"
medicine_3851,Làm thế nào để dùng cây duối chữa sâu răng?,3,"[""doc_e7b29b9aa997653aeb336657""]","[""ctx_48d36bd5a6054f4bb71508de""]",13,2,4,1,True,True,BOTH_HIT,hit_at_evaluated_cutoff,BOTH_HIT,"{""bm25_hit"": true, ""dense_hit"": true, ""union_hit"": true, ""candidate_hit"": true, ""reranker_top_k_hit"": true, ""candidate_depth"": 100, ""ranking_k"": 10}"
medicine_27,Actiso có tác dụng gì đối với gan?,3,"[""doc_945c0b8a6657ab898f29a5ec""]","[""ctx_cdd9c64fe251ece823b1ba1d""]",24,2,5,1,True,True,BOTH_HIT,hit_at_evaluated_cutoff,BOTH_HIT,"{""bm25_hit"": true, ""dense_hit"": true, ""union_hit"": true, ""candidate_hit"": true, ""reranker_top_k_hit"": true, ""candidate_depth"": 100, ""ranking_k"": 10}"
medicine_6495,Liên tu có những tác dụng gì trong y học cổ truyền?,3,"[""doc_81e755de0f32a77541e9c325""]","[""ctx_ff3df76907ff577169766b35""]",2,1,1,1,True,True,BOTH_HIT,hit_at_evaluated_cutoff,BOTH_HIT,"{""bm25_hit"": true, ""dense_hit"": true, ""union_hit"": true, ""candidate_hit"": true, ""reranker_top_k_hit"": true, ""candidate_depth"": 100, ""ranking_k"": 10}"
medicine_10980,Liều lượng và cách dùng của thuốc viên có thạch xương bồ là gì?,3,"[""doc_8a93a5a91c76781bfa0e7f46""]","[""ctx_a57f6b0d84a23d1f7c87a694""]",2,2,2,2,True,True,BOTH_HIT,hit_at_evaluated_cutoff,BOTH_HIT,"{""bm25_hit"": true, ""dense_hit"": true, ""union_hit"": true, ""candidate_hit"": true, ""reranker_top_k_hit"": true, ""candidate_depth"": 100, ""ranking_k"": 10}"
medicine_11430,"Ngoài tác dụng chống oxy hóa và chống viêm, tinh dầu hồi còn có những công dụng gì?",3,"[""doc_e7ebee4c4c083ca6948daca9""]","[""ctx_da32dedb33bc32264dd1caad""]",1,1,1,1,True,True,BOTH_HIT,hit_at_evaluated_cutoff,BOTH_HIT,"{""bm25_hit"": true, ""dense_hit"": true, ""union_hit"": true, ""candidate_hit"": true, ""reranker_top_k_hit"": true, ""candidate_depth"": 100, ""ranking_k"": 10}"
medicine_4367,"Ngoài tác dụng kháng khuẩn và chữa lành vết thương, dầu mù u có đặc tính gì khác?",3,"[""doc_0865a1108a787b99da83b980""]","[""ctx_a5b3cfcd5eb5f7b45642ec24""]",1,1,1,1,True,True,BOTH_HIT,hit_at_evaluated_cutoff,BOTH_HIT,"{""bm25_hit"": true, ""dense_hit"": true, ""union_hit"": true, ""candidate_hit"": true, ""reranker_top_k_hit"": true, ""candidate_depth"": 100, ""ranking_k"": 10}"
medicine_6718,"Ở trạng thái tươi, lá móng chứa chất nào có tác dụng kháng sinh rất mạnh?",3,"[""doc_9d410572dfce99296672579d""]","[""ctx_0dd23b53bd2a69979cdee7dc""]",1,1,1,1,True,True,BOTH_HIT,hit_at_evaluated_cutoff,BOTH_HIT,"{""bm25_hit"": true, ""dense_hit"": true, ""union_hit"": true, ""candidate_hit"": true, ""reranker_top_k_hit"": true, ""candidate_depth"": 100, ""ranking_k"": 10}"
medicine_3036,"Ở Nepal, cụm hoa của cây Cúc áo hoa vàng được dùng điều trị những bệnh gì?",3,"[""doc_37e2dfcd0bb36323d5347819""]","[""ctx_8256889a97ba37db9785a780""]",1,1,1,1,True,True,BOTH_HIT,hit_at_evaluated_cutoff,BOTH_HIT,"{""bm25_hit"": true, ""dense_hit"": true, ""union_hit"": true, ""candidate_hit"": true, ""reranker_top_k_hit"": true, ""candidate_depth"": 100, ""ranking_k"": 10}"
medicine_7924,Lá của cây Nam sâm có hình dạng như thế nào?,3,"[""doc_59461053584699151c2ae55c""]","[""ctx_265650c18730d3c7b94a60f4""]",13,2,4,1,True,True,BOTH_HIT,hit_at_evaluated_cutoff,BOTH_HIT,"{""bm25_hit"": true, ""dense_hit"": true, ""union_hit"": true, ""candidate_hit"": true, ""reranker_top_k_hit"": true, ""candidate_depth"": 100, ""ranking_k"": 10}"
medicine_6107,Làm thế nào để sử dụng Khổ qua rừng trong nấu ăn?,3,"[""doc_c73ee0ce2f9d7a61e1e6f250""]","[""ctx_540a4ea2f6a39c938de7fa9e""]",1,1,1,1,True,True,BOTH_HIT,hit_at_evaluated_cutoff,BOTH_HIT,"{""bm25_hit"": true, ""dense_hit"": true, ""union_hit"": true, ""candidate_hit"": true, ""reranker_top_k_hit"": true, ""candidate_depth"": 100, ""ranking_k"": 10}"
medicine_10641,Nêu tên các bộ phận của cây Thuốc mọi được dùng làm thuốc?,3,"[""doc_d2442770c43307b0b5cbb0ff""]","[""ctx_7cdc1769a0c244ad3f336e24""]",89,3,14,1,True,True,BOTH_HIT,hit_at_evaluated_cutoff,BOTH_HIT,"{""bm25_hit"": true, ""dense_hit"": true, ""union_hit"": true, ""candidate_hit"": true, ""reranker_top_k_hit"": true, ""candidate_depth"": 100, ""ranking_k"": 10}"
medicine_3844,Dược liệu - Duối có tên khoa học là gì?,3,"[""doc_e7b29b9aa997653aeb336657""]","[""ctx_64da961a289d1d8d9c417f1a""]",1,1,1,1,True,True,BOTH_HIT,hit_at_evaluated_cutoff,BOTH_HIT,"{""bm25_hit"": true, ""dense_hit"": true, ""union_hit"": true, ""candidate_hit"": true, ""reranker_top_k_hit"": true, ""candidate_depth"": 100, ""ranking_k"": 10}"
medicine_7904,Na rừng là loại cây như thế nào?,3,"[""doc_ff22bd8795975276dde653b1""]","[""ctx_fba352fec09b3a2a26b5a399""]",3,1,2,1,True,True,BOTH_HIT,hit_at_evaluated_cutoff,BOTH_HIT,"{""bm25_hit"": true, ""dense_hit"": true, ""union_hit"": true, ""candidate_hit"": true, ""reranker_top_k_hit"": true, ""candidate_depth"": 100, ""ranking_k"": 10}"
medicine_4630,Những bộ phận nào của cây Găng tu hú được sử dụng làm thuốc?,3,"[""doc_9c58bfdcb76917075fc1dc2c""]","[""ctx_b99bfb945904a3dc570dc214""]",,,,,False,True,BOTH_MISS;CANDIDATE_MISS;DOC_HIT_CHUNK_MISS,retrieval_or_fusion,BOTH_MISS; CANDIDATE_MISS; DOC_HIT_CHUNK_MISS,"{""bm25_hit"": false, ""dense_hit"": false, ""union_hit"": false, ""candidate_hit"": false, ""reranker_top_k_hit"": false, ""candidate_depth"": 100, ""ranking_k"": 10}"
medicine_11639,Tiền hồ nên được sử dụng với liều lượng bao nhiêu?,3,"[""doc_fd478929d744b04c75594429""]","[""ctx_0555f0bbfbaf4452c62da879""]",29,3,3,1,True,True,BOTH_HIT,hit_at_evaluated_cutoff,BOTH_HIT,"{""bm25_hit"": true, ""dense_hit"": true, ""union_hit"": true, ""candidate_hit"": true, ""reranker_top_k_hit"": true, ""candidate_depth"": 100, ""ranking_k"": 10}"
medicine_11353,Tinh dầu húng chanh có tác dụng gì đối với muỗi?,3,"[""doc_138fdb37c6bb2506d2ccefe4""]","[""ctx_41d82fa04927d0fdbbf3c9c5""]",2,1,1,1,True,True,BOTH_HIT,hit_at_evaluated_cutoff,BOTH_HIT,"{""bm25_hit"": true, ""dense_hit"": true, ""union_hit"": true, ""candidate_hit"": true, ""reranker_top_k_hit"": true, ""candidate_depth"": 100, ""ranking_k"": 10}"
medicine_3590,Có nghiên cứu nào khác về cây củ Chóc ngoài nghiên cứu năm 2012 không?,3,"[""doc_29d22d73e653928d73506fe4""]","[""ctx_9596d53eb05e30d3a37e4a96""]",1,1,1,1,True,True,BOTH_HIT,hit_at_evaluated_cutoff,BOTH_HIT,"{""bm25_hit"": true, ""dense_hit"": true, ""union_hit"": true, ""candidate_hit"": true, ""reranker_top_k_hit"": true, ""candidate_depth"": 100, ""ranking_k"": 10}"
medicine_7819,Trong mộc qua còn có những thành phần nào khác ngoài đường?,3,"[""doc_4fbe5f11b3485bcbb6967853""]","[""ctx_c5fe70d572df313a662c2015""]",4,1,3,1,True,True,BOTH_HIT,hit_at_evaluated_cutoff,BOTH_HIT,"{""bm25_hit"": true, ""dense_hit"": true, ""union_hit"": true, ""candidate_hit"": true, ""reranker_top_k_hit"": true, ""candidate_depth"": 100, ""ranking_k"": 10}"
medicine_7703,Tác dụng của Mắc khén làm thay đổi lượng Tổng Bilirubin và Trực tiếp như thế nào?,3,"[""doc_877175b59f0864ca30e8b513""]","[""ctx_81a696d1aa46c72b014ccef3""]",1,1,1,1,True,True,BOTH_HIT,hit_at_evaluated_cutoff,BOTH_HIT,"{""bm25_hit"": true, ""dense_hit"": true, ""union_hit"": true, ""candidate_hit"": true, ""reranker_top_k_hit"": true, ""candidate_depth"": 100, ""ranking_k"": 10}"
medicine_10242,Liều lượng nào của Sắn dây được biết là gây hại?,3,"[""doc_0915d4a06c7005f0db92b4a2""]","[""ctx_7f697824139283c411c4a4a9""]",1,1,1,1,True,True,BOTH_HIT,hit_at_evaluated_cutoff,BOTH_HIT,"{""bm25_hit"": true, ""dense_hit"": true, ""union_hit"": true, ""candidate_hit"": true, ""reranker_top_k_hit"": true, ""candidate_depth"": 100, ""ranking_k"": 10}"
medicine_9191,Cách sử dụng Rau muống biển như thế nào?,3,"[""doc_29e143e18b3f564f2eabb911""]","[""ctx_ce1f3e0196f2fdfd7f9e9a86""]",,,,,False,True,BOTH_MISS;CANDIDATE_MISS;DOC_HIT_CHUNK_MISS,retrieval_or_fusion,BOTH_MISS; CANDIDATE_MISS; DOC_HIT_CHUNK_MISS,"{""bm25_hit"": false, ""dense_hit"": false, ""union_hit"": false, ""candidate_hit"": false, ""reranker_top_k_hit"": false, ""candidate_depth"": 100, ""ranking_k"": 10}"
medicine_7915,Na rừng có những công dụng gì?,3,"[""doc_ff22bd8795975276dde653b1""]","[""ctx_f2158bf4c51647229c484a7c""]",2,1,1,1,True,True,BOTH_HIT,hit_at_evaluated_cutoff,BOTH_HIT,"{""bm25_hit"": true, ""dense_hit"": true, ""union_hit"": true, ""candidate_hit"": true, ""reranker_top_k_hit"": true, ""candidate_depth"": 100, ""ranking_k"": 10}"
medicine_12092,"""Táo rừng"" thuộc họ nào?",3,"[""doc_38b0dc414570af0f9551bab7""]","[""ctx_9b30529eda69b2d21faf6229""]",1,5,3,1,True,True,BOTH_HIT,hit_at_evaluated_cutoff,BOTH_HIT,"{""bm25_hit"": true, ""dense_hit"": true, ""union_hit"": true, ""candidate_hit"": true, ""reranker_top_k_hit"": true, ""candidate_depth"": 100, ""ranking_k"": 10}"
medicine_6717,Thành phần chính trong thành phần hóa học của Lá móng là gì?,3,"[""doc_9d410572dfce99296672579d""]","[""ctx_0dd23b53bd2a69979cdee7dc""]",,1,28,1,True,True,DENSE_ONLY_HIT,hit_at_evaluated_cutoff,DENSE_ONLY_HIT,"{""bm25_hit"": false, ""dense_hit"": true, ""union_hit"": true, ""candidate_hit"": true, ""reranker_top_k_hit"": true, ""candidate_depth"": 100, ""ranking_k"": 10}"
medicine_12610,Nơi bảo quản Viễn chí là gì?,3,"[""doc_204576399c354a8d4bfd62b4""]","[""ctx_54c302e6fde9da0b236a340b""]",,92,,,False,True,DENSE_ONLY_HIT;FUSION_DROPPED;CANDIDATE_MISS;DOC_HIT_CHUNK_MISS,retrieval_or_fusion,DENSE_ONLY_HIT; FUSION_DROPPED; CANDIDATE_MISS; DOC_HIT_CHUNK_MISS,"{""bm25_hit"": false, ""dense_hit"": true, ""union_hit"": true, ""candidate_hit"": false, ""reranker_top_k_hit"": false, ""candidate_depth"": 100, ""ranking_k"": 10}"
medicine_8040,"Khi có xuất huyết, liều lượng sử dụng lá sen và ngó sen là bao nhiêu?",3,"[""doc_550435e9caa2b833a770c927""]","[""ctx_693472bf8866032d7fcdb3fb""]",1,1,1,1,True,True,BOTH_HIT,hit_at_evaluated_cutoff,BOTH_HIT,"{""bm25_hit"": true, ""dense_hit"": true, ""union_hit"": true, ""candidate_hit"": true, ""reranker_top_k_hit"": true, ""candidate_depth"": 100, ""ranking_k"": 10}"
medicine_13851,Những bệnh lý nào thường được điều trị bằng Đỗ trọng?,3,"[""doc_b4b44cb98a276b7b01415087""]","[""ctx_7e8033ea4f6af94045daf437""]",,,,,False,True,BOTH_MISS;CANDIDATE_MISS;DOC_HIT_CHUNK_MISS,retrieval_or_fusion,BOTH_MISS; CANDIDATE_MISS; DOC_HIT_CHUNK_MISS,"{""bm25_hit"": false, ""dense_hit"": false, ""union_hit"": false, ""candidate_hit"": false, ""reranker_top_k_hit"": false, ""candidate_depth"": 100, ""ranking_k"": 10}"
medicine_6506,Một bài thuốc nổi tiếng có chứa Long cốt là gì?,3,"[""doc_c5fa14d414e2697d0cedfb8f""]","[""ctx_013d38b5860ade48e49f7db9""]",1,1,1,1,True,True,BOTH_HIT,hit_at_evaluated_cutoff,BOTH_HIT,"{""bm25_hit"": true, ""dense_hit"": true, ""union_hit"": true, ""candidate_hit"": true, ""reranker_top_k_hit"": true, ""candidate_depth"": 100, ""ranking_k"": 10}"
medicine_5427,Chính vì sao cây hương bài là một loại cây nguy hiểm?,3,"[""doc_3f571f8ea48ab8de6a217b7e""]","[""ctx_86314bf98ad9ecaae2ec2f4c""]",1,1,1,1,True,True,BOTH_HIT,hit_at_evaluated_cutoff,BOTH_HIT,"{""bm25_hit"": true, ""dense_hit"": true, ""union_hit"": true, ""candidate_hit"": true, ""reranker_top_k_hit"": true, ""candidate_depth"": 100, ""ranking_k"": 10}"
medicine_7985,Điều kiện khí hậu nào phù hợp cho sinh trưởng và phát triển của nghệ đỏ?,3,"[""doc_4a583cb390063b98269a0c6c""]","[""ctx_0b0fb486d26259e2a8386686""]",1,1,1,1,True,True,BOTH_HIT,hit_at_evaluated_cutoff,BOTH_HIT,"{""bm25_hit"": true, ""dense_hit"": true, ""union_hit"": true, ""candidate_hit"": true, ""reranker_top_k_hit"": true, ""candidate_depth"": 100, ""ranking_k"": 10}"
medicine_8556,Náng hoa trắng phân bố ở những nước nào?,3,"[""doc_7a52c612bbc325db3a9e14c5""]","[""ctx_9af23bd8e28a6d3ac3795e28""]",1,1,1,1,True,True,BOTH_HIT,hit_at_evaluated_cutoff,BOTH_HIT,"{""bm25_hit"": true, ""dense_hit"": true, ""union_hit"": true, ""candidate_hit"": true, ""reranker_top_k_hit"": true, ""candidate_depth"": 100, ""ranking_k"": 10}"
medicine_7305,"Ngoài Việt Nam, mù u còn phân bố ở những quốc gia nào?",3,"[""doc_0359e358fbb87a504c56fbdc""]","[""ctx_c4b36510d8dae6978c98f047""]",1,1,1,1,True,True,BOTH_HIT,hit_at_evaluated_cutoff,BOTH_HIT,"{""bm25_hit"": true, ""dense_hit"": true, ""union_hit"": true, ""candidate_hit"": true, ""reranker_top_k_hit"": true, ""candidate_depth"": 100, ""ranking_k"": 10}"
medicine_4336,"Làm thế nào dầu jojoba ức chế sự phát triển của trực khuẩn lao, trực khuẩn phong và Brucelli?",3,"[""doc_4678b9ac49c7bc57524e8226""]","[""ctx_c35979f94574919ca8070c7e""]",1,1,1,1,True,True,BOTH_HIT,hit_at_evaluated_cutoff,BOTH_HIT,"{""bm25_hit"": true, ""dense_hit"": true, ""union_hit"": true, ""candidate_hit"": true, ""reranker_top_k_hit"": true, ""candidate_depth"": 100, ""ranking_k"": 10}"
medicine_3219,"Bài thuốc trị ho gà, viêm phế quản sử dụng Cỏ Bạc đầu dưới dạng bào chế nào?",3,"[""doc_a08f9d9db89eb1346f17e0b4""]","[""ctx_efa528360443df23d6107c9b""]",,,,,False,True,BOTH_MISS;CANDIDATE_MISS;DOC_HIT_CHUNK_MISS,retrieval_or_fusion,BOTH_MISS; CANDIDATE_MISS; DOC_HIT_CHUNK_MISS,"{""bm25_hit"": false, ""dense_hit"": false, ""union_hit"": false, ""candidate_hit"": false, ""reranker_top_k_hit"": false, ""candidate_depth"": 100, ""ranking_k"": 10}"
medicine_5674,Hải sâm sống ở môi trường nào?,3,"[""doc_32490e387b67704275b38327""]","[""ctx_e983b05d4fba330a8cbf2fd5""]",2,1,2,1,True,True,BOTH_HIT,hit_at_evaluated_cutoff,BOTH_HIT,"{""bm25_hit"": true, ""dense_hit"": true, ""union_hit"": true, ""candidate_hit"": true, ""reranker_top_k_hit"": true, ""candidate_depth"": 100, ""ranking_k"": 10}"
medicine_3869,Dành dành có thể dùng dưới dạng nào?,3,"[""doc_48ab4edf259876d3992ba02e""]","[""ctx_f054559a1294bf7457369dea""]",1,3,1,1,True,True,BOTH_HIT,hit_at_evaluated_cutoff,BOTH_HIT,"{""bm25_hit"": true, ""dense_hit"": true, ""union_hit"": true, ""candidate_hit"": true, ""reranker_top_k_hit"": true, ""candidate_depth"": 100, ""ranking_k"": 10}"
medicine_5028,"Bên cạnh tên khoa học Cupressus torulosa D.Don, ""Hoàng đàn"" còn có tên gọi khác là gì?",3,"[""doc_95bb9f476b68c7c164076b91""]","[""ctx_ff6c65243c564586c032d9b9""]",1,1,1,1,True,True,BOTH_HIT,hit_at_evaluated_cutoff,BOTH_HIT,"{""bm25_hit"": true, ""dense_hit"": true, ""union_hit"": true, ""candidate_hit"": true, ""reranker_top_k_hit"": true, ""candidate_depth"": 100, ""ranking_k"": 10}"
medicine_13670,Hợp chất nào có trong rễ cây Đại tướng quân?,3,"[""doc_51170fe132d4f128d75f592c""]","[""ctx_1cb3af24a9fde0083d9d1835""]",1,1,1,1,True,True,BOTH_HIT,hit_at_evaluated_cutoff,BOTH_HIT,"{""bm25_hit"": true, ""dense_hit"": true, ""union_hit"": true, ""candidate_hit"": true, ""reranker_top_k_hit"": true, ""candidate_depth"": 100, ""ranking_k"": 10}"
medicine_5793,Lá cây hồng xiêm có hình dạng như thế nào?,3,"[""doc_e33710ce26ca4207c26615dc""]","[""ctx_8b9dda8f75924794e8dfdf2a""]",,,,,False,True,BOTH_MISS;CANDIDATE_MISS;DOC_HIT_CHUNK_MISS,retrieval_or_fusion,BOTH_MISS; CANDIDATE_MISS; DOC_HIT_CHUNK_MISS,"{""bm25_hit"": false, ""dense_hit"": false, ""union_hit"": false, ""candidate_hit"": false, ""reranker_top_k_hit"": false, ""candidate_depth"": 100, ""ranking_k"": 10}"
medicine_2715,Cách sử dụng dược liệu từ cây thần xạ hiệu quả nhất qua thử nghiệm?,3,"[""doc_838c844b3c2af0af7c8a4f1e""]","[""ctx_3b21f6861321ae78efcffd40""]",62,3,3,1,True,True,BOTH_HIT,hit_at_evaluated_cutoff,BOTH_HIT,"{""bm25_hit"": true, ""dense_hit"": true, ""union_hit"": true, ""candidate_hit"": true, ""reranker_top_k_hit"": true, ""candidate_depth"": 100, ""ranking_k"": 10}"
medicine_9850,Có nên tự ý sử dụng cây sui để làm thuốc không?,3,"[""doc_62e5b51253b4835dac007afb""]","[""ctx_10826dccdfddac8d5db6e92b""]",1,2,1,1,True,True,BOTH_HIT,hit_at_evaluated_cutoff,BOTH_HIT,"{""bm25_hit"": true, ""dense_hit"": true, ""union_hit"": true, ""candidate_hit"": true, ""reranker_top_k_hit"": true, ""candidate_depth"": 100, ""ranking_k"": 10}"
medicine_1805,Liều lượng dùng Cà na là bao nhiêu?,3,"[""doc_c02cbb15c03fee64c14eb915""]","[""ctx_96c03601037a74ebe35ce43e""]",1,1,1,1,True,True,BOTH_HIT,hit_at_evaluated_cutoff,BOTH_HIT,"{""bm25_hit"": true, ""dense_hit"": true, ""union_hit"": true, ""candidate_hit"": true, ""reranker_top_k_hit"": true, ""candidate_depth"": 100, ""ranking_k"": 10}"
medicine_7645,Sử dụng chiết xuất từ rễ và thân cây Mật nhân trên động vật giống đực thấy điều gì?,3,"[""doc_7896cf4b4d05af7dc902c04b""]","[""ctx_af91ec8c90ba7ec6c2d81495""]",1,1,1,1,True,True,BOTH_HIT,hit_at_evaluated_cutoff,BOTH_HIT,"{""bm25_hit"": true, ""dense_hit"": true, ""union_hit"": true, ""candidate_hit"": true, ""reranker_top_k_hit"": true, ""candidate_depth"": 100, ""ranking_k"": 10}"
medicine_6768,"Theo Y học cổ truyền, lá tre có tính vị gì?",3,"[""doc_380101b22af345738f5308e3""]","[""ctx_fae8a79785e09b624731dcd0""]",30,1,4,1,True,True,BOTH_HIT,hit_at_evaluated_cutoff,BOTH_HIT,"{""bm25_hit"": true, ""dense_hit"": true, ""union_hit"": true, ""candidate_hit"": true, ""reranker_top_k_hit"": true, ""candidate_depth"": 100, ""ranking_k"": 10}"
medicine_5137,Người đọc cần có gì để biết được nên hay không không nên sử dụng cây Huyết dụ?,3,"[""doc_4ffb4a4064b2dc27620ef6d9""]","[""ctx_6565774ce49905711f06a637""]",2,1,1,1,True,True,BOTH_HIT,hit_at_evaluated_cutoff,BOTH_HIT,"{""bm25_hit"": true, ""dense_hit"": true, ""union_hit"": true, ""candidate_hit"": true, ""reranker_top_k_hit"": true, ""candidate_depth"": 100, ""ranking_k"": 10}"
medicine_6413,Mục đích sử dụng La hán quả phù hợp với những ai?,3,"[""doc_f0e1e1ff70f5ed51c386020a""]","[""ctx_1249723aeae8f66d9d3cabf0""]",1,1,1,1,True,True,BOTH_HIT,hit_at_evaluated_cutoff,BOTH_HIT,"{""bm25_hit"": true, ""dense_hit"": true, ""union_hit"": true, ""candidate_hit"": true, ""reranker_top_k_hit"": true, ""candidate_depth"": 100, ""ranking_k"": 10}"
medicine_9042,Quả sung có màu gì khi chín?,3,"[""doc_343738ceca1f087779a06104""]","[""ctx_c1b75a4ddecc356bab53ec8c""]",1,1,1,1,True,True,BOTH_HIT,hit_at_evaluated_cutoff,BOTH_HIT,"{""bm25_hit"": true, ""dense_hit"": true, ""union_hit"": true, ""candidate_hit"": true, ""reranker_top_k_hit"": true, ""candidate_depth"": 100, ""ranking_k"": 10}"
medicine_8892,"Theo y học cổ truyền, phòng phong có tác dụng chữa trị những loại bệnh nào?",3,"[""doc_bbae02c77bae3e7d84354ef7""]","[""ctx_edded8024b357f9cbfdf08e8""]",,36,68,6,False,True,DENSE_ONLY_HIT;SELECTION_MISS;DOC_HIT_CHUNK_MISS,selection,DENSE_ONLY_HIT; SELECTION_MISS; DOC_HIT_CHUNK_MISS,"{""bm25_hit"": false, ""dense_hit"": true, ""union_hit"": true, ""candidate_hit"": true, ""reranker_top_k_hit"": true, ""candidate_depth"": 100, ""ranking_k"": 10}"
medicine_13653,Cơ chế nào liên quan đến tác dụng bảo vệ của Đại táo chống lại bệnh viêm ruột?,3,"[""doc_25172b445208bdfd0971490f""]","[""ctx_20b0487c09d0e2aa3fcef8c7""]",1,1,1,1,True,True,BOTH_HIT,hit_at_evaluated_cutoff,BOTH_HIT,"{""bm25_hit"": true, ""dense_hit"": true, ""union_hit"": true, ""candidate_hit"": true, ""reranker_top_k_hit"": true, ""candidate_depth"": 100, ""ranking_k"": 10}"
medicine_7291,Đặc điểm của quả mít là gì?,3,"[""doc_bed28ce3f38a1fde35352db9""]","[""ctx_e53136d903213e40d779c9d7""]",6,1,3,1,True,True,BOTH_HIT,hit_at_evaluated_cutoff,BOTH_HIT,"{""bm25_hit"": true, ""dense_hit"": true, ""union_hit"": true, ""candidate_hit"": true, ""reranker_top_k_hit"": true, ""candidate_depth"": 100, ""ranking_k"": 10}"
medicine_2798,Cây Đước nên được bảo quản như thế nào?,3,"[""doc_e2bbd5498940512ddbf37e70""]","[""ctx_39edb88c0676106c45c8e4b6""]",9,3,2,1,True,True,BOTH_HIT,hit_at_evaluated_cutoff,BOTH_HIT,"{""bm25_hit"": true, ""dense_hit"": true, ""union_hit"": true, ""candidate_hit"": true, ""reranker_top_k_hit"": true, ""candidate_depth"": 100, ""ranking_k"": 10}"
medicine_1900,Phải sử dụng bao nhiêu Cáp giới để làm thuốc?,3,"[""doc_f6c9c03da64a3614c1bdb563""]","[""ctx_314ffeec59123e3c7fab848b""]",4,17,4,3,True,True,BOTH_HIT,hit_at_evaluated_cutoff,BOTH_HIT,"{""bm25_hit"": true, ""dense_hit"": true, ""union_hit"": true, ""candidate_hit"": true, ""reranker_top_k_hit"": true, ""candidate_depth"": 100, ""ranking_k"": 10}"
medicine_8836,Những vị thuốc nào trong bài thuốc có chứa Phèn chua?,3,"[""doc_eaf5150b648e7866a132fd21""]","[""ctx_68afe4f1d7f2558048995fc1""]",,,,,False,True,BOTH_MISS;CANDIDATE_MISS;DOC_HIT_CHUNK_MISS,retrieval_or_fusion,BOTH_MISS; CANDIDATE_MISS; DOC_HIT_CHUNK_MISS,"{""bm25_hit"": false, ""dense_hit"": false, ""union_hit"": false, ""candidate_hit"": false, ""reranker_top_k_hit"": false, ""candidate_depth"": 100, ""ranking_k"": 10}"
medicine_11153,Bề mặt của thục địa chuẩn có đặc điểm gì?,3,"[""doc_9fed68def32de851d2f82dc7""]","[""ctx_9806cde74904aa8c21d2a062""]",1,1,1,1,True,True,BOTH_HIT,hit_at_evaluated_cutoff,BOTH_HIT,"{""bm25_hit"": true, ""dense_hit"": true, ""union_hit"": true, ""candidate_hit"": true, ""reranker_top_k_hit"": true, ""candidate_depth"": 100, ""ranking_k"": 10}"
medicine_2236,Vị của vỏ Cây dung có đặc điểm gì?,3,"[""doc_19569514e35af80ceadfef70""]","[""ctx_cbf292ca78458e41db7c5d58""]",28,3,2,3,True,True,BOTH_HIT,hit_at_evaluated_cutoff,BOTH_HIT,"{""bm25_hit"": true, ""dense_hit"": true, ""union_hit"": true, ""candidate_hit"": true, ""reranker_top_k_hit"": true, ""candidate_depth"": 100, ""ranking_k"": 10}"
medicine_3778,Thân ngầm của Diếp cá có đặc điểm gì?,3,"[""doc_4f5ae4223ff5a4a3f5ab5d82""]","[""ctx_67e31460cd6076f3280f7749""]",1,1,1,1,True,True,BOTH_HIT,hit_at_evaluated_cutoff,BOTH_HIT,"{""bm25_hit"": true, ""dense_hit"": true, ""union_hit"": true, ""candidate_hit"": true, ""reranker_top_k_hit"": true, ""candidate_depth"": 100, ""ranking_k"": 10}"
medicine_287,Cần lưu ý thêm gì khi sử dụng Bách thảo sương để chữa chứng kẽ răng ra máu?,3,"[""doc_6881eccd31c46e4eb0bf1fb4""]","[""ctx_404e2965ea5db419978141d3""]",2,2,2,1,True,True,BOTH_HIT,hit_at_evaluated_cutoff,BOTH_HIT,"{""bm25_hit"": true, ""dense_hit"": true, ""union_hit"": true, ""candidate_hit"": true, ""reranker_top_k_hit"": true, ""candidate_depth"": 100, ""ranking_k"": 10}"
medicine_1565,Nên sử dụng đường gì để nấu chè dưỡng nhan?,3,"[""doc_68c71b8d7abdaa97419e560d""]","[""ctx_69b765c2d09f029deaaf918c""]",1,1,1,1,True,True,BOTH_HIT,hit_at_evaluated_cutoff,BOTH_HIT,"{""bm25_hit"": true, ""dense_hit"": true, ""union_hit"": true, ""candidate_hit"": true, ""reranker_top_k_hit"": true, ""candidate_depth"": 100, ""ranking_k"": 10}"
medicine_1836,Càng cua có tác dụng kháng khuẩn với loại vi khuẩn nào?,3,"[""doc_0acdc25dd32d825880fdb99d""]","[""ctx_b0282ff4702c2aed5b6fb8f4""]",10,2,4,1,True,True,BOTH_HIT,hit_at_evaluated_cutoff,BOTH_HIT,"{""bm25_hit"": true, ""dense_hit"": true, ""union_hit"": true, ""candidate_hit"": true, ""reranker_top_k_hit"": true, ""candidate_depth"": 100, ""ranking_k"": 10}"
medicine_5510,Tại sao người ta thu hoạch cây thuốc Hạ khô thảo vào khoảng tháng 5 - 6?,3,"[""doc_04646ebb406accfbfa5da722""]","[""ctx_887edca0ef9b3a3b774e6c7d""]",2,20,5,1,True,True,BOTH_HIT,hit_at_evaluated_cutoff,BOTH_HIT,"{""bm25_hit"": true, ""dense_hit"": true, ""union_hit"": true, ""candidate_hit"": true, ""reranker_top_k_hit"": true, ""candidate_depth"": 100, ""ranking_k"": 10}"
medicine_7300,Hiệu quả trị mụn nhọt của bài thuốc từ mít như thế nào?,3,"[""doc_bed28ce3f38a1fde35352db9""]","[""ctx_a636e312c5890dee2c986856""]",1,1,1,1,True,True,BOTH_HIT,hit_at_evaluated_cutoff,BOTH_HIT,"{""bm25_hit"": true, ""dense_hit"": true, ""union_hit"": true, ""candidate_hit"": true, ""reranker_top_k_hit"": true, ""candidate_depth"": 100, ""ranking_k"": 10}"
medicine_3545,Cần lưu ý điều gì khi bảo quản cỏ đuôi lươn để đảm bảo chất lượng thuốc?,3,"[""doc_2654faf319bb040d036e60d1""]","[""ctx_6924ef8a0c494d475bd4f5a3""]",4,1,1,1,True,True,BOTH_HIT,hit_at_evaluated_cutoff,BOTH_HIT,"{""bm25_hit"": true, ""dense_hit"": true, ""union_hit"": true, ""candidate_hit"": true, ""reranker_top_k_hit"": true, ""candidate_depth"": 100, ""ranking_k"": 10}"
medicine_1971,"Trong mô hình động kinh của chuột, Câu đằng có tác dụng gì?",3,"[""doc_261e8882beb069a05883c6f4""]","[""ctx_a101c34b1cbbfc84a0920b6a""]",1,1,1,1,True,True,BOTH_HIT,hit_at_evaluated_cutoff,BOTH_HIT,"{""bm25_hit"": true, ""dense_hit"": true, ""union_hit"": true, ""candidate_hit"": true, ""reranker_top_k_hit"": true, ""candidate_depth"": 100, ""ranking_k"": 10}"
medicine_6736,Lá sen có công dụng gì đối với gan?,3,"[""doc_7f47097ec00a0b866dcd3ca8""]","[""ctx_51b9b9aae822c22d703db527""]",5,2,1,1,True,True,BOTH_HIT,hit_at_evaluated_cutoff,BOTH_HIT,"{""bm25_hit"": true, ""dense_hit"": true, ""union_hit"": true, ""candidate_hit"": true, ""reranker_top_k_hit"": true, ""candidate_depth"": 100, ""ranking_k"": 10}"
medicine_7022,Liều dùng của ma tử nhân khi sử dụng là bao nhiêu?,3,"[""doc_35abf1ec27cc4b8b01e40936""]","[""ctx_d1c6e74490c017feeeba981e""]",1,1,1,1,True,True,BOTH_HIT,hit_at_evaluated_cutoff,BOTH_HIT,"{""bm25_hit"": true, ""dense_hit"": true, ""union_hit"": true, ""candidate_hit"": true, ""reranker_top_k_hit"": true, ""candidate_depth"": 100, ""ranking_k"": 10}"
medicine_2263,Bộ phận nào của loài Cây hoa mào gà đỏ được sử dụng để làm dược liệu?,3,"[""doc_525c34a3f8a3ec37090f770e""]","[""ctx_cceef60aa8ed21210e820741""]",3,4,3,4,True,True,BOTH_HIT,hit_at_evaluated_cutoff,BOTH_HIT,"{""bm25_hit"": true, ""dense_hit"": true, ""union_hit"": true, ""candidate_hit"": true, ""reranker_top_k_hit"": true, ""candidate_depth"": 100, ""ranking_k"": 10}"
medicine_6950,Dược liệu lẻ bạn có khả năng sinh trường như thế nào?,3,"[""doc_223d1d772fe40200a41a8fa7""]","[""ctx_53341ab11cce93984ba1eb73""]",,,,,False,True,BOTH_MISS;CANDIDATE_MISS;DOC_HIT_CHUNK_MISS,retrieval_or_fusion,BOTH_MISS; CANDIDATE_MISS; DOC_HIT_CHUNK_MISS,"{""bm25_hit"": false, ""dense_hit"": false, ""union_hit"": false, ""candidate_hit"": false, ""reranker_top_k_hit"": false, ""candidate_depth"": 100, ""ranking_k"": 10}"
medicine_8615,Kích thước của nấm lim xanh so với các loại nấm linh chi như thế nào?,3,"[""doc_5f1503af23044df39044ee20""]","[""ctx_82bfa34f4f43f17fcf78cd63""]",1,1,1,1,True,True,BOTH_HIT,hit_at_evaluated_cutoff,BOTH_HIT,"{""bm25_hit"": true, ""dense_hit"": true, ""union_hit"": true, ""candidate_hit"": true, ""reranker_top_k_hit"": true, ""candidate_depth"": 100, ""ranking_k"": 10}"
medicine_1995,"Sau khi chuẩn bị, cần thực hiện những bước nào tiếp theo để sử dụng cây an xoa cho bệnh nhân ung thư gan?",3,"[""doc_5c38eb9d713a3d71a8865002""]","[""ctx_86eb1385ea685cb819ff3336""]",2,1,1,1,True,True,BOTH_HIT,hit_at_evaluated_cutoff,BOTH_HIT,"{""bm25_hit"": true, ""dense_hit"": true, ""union_hit"": true, ""candidate_hit"": true, ""reranker_top_k_hit"": true, ""candidate_depth"": 100, ""ranking_k"": 10}"
medicine_9535,Riềng còn có tác dụng chữa các triệu chứng của bệnh gì?,3,"[""doc_48bcd76300538317b29efc2c""]","[""ctx_927354b52ab2c34e6016d587""]",1,1,1,1,True,True,BOTH_HIT,hit_at_evaluated_cutoff,BOTH_HIT,"{""bm25_hit"": true, ""dense_hit"": true, ""union_hit"": true, ""candidate_hit"": true, ""reranker_top_k_hit"": true, ""candidate_depth"": 100, ""ranking_k"": 10}"
medicine_1114,Dùng trong dưới dạng thuốc sắc có liều dùng Bằng lăng bao nhiêu?,3,"[""doc_332c713c7e9a215f026b6ef9""]","[""ctx_f5c26b21df6a4d84e1def10f""]",1,1,1,1,True,True,BOTH_HIT,hit_at_evaluated_cutoff,BOTH_HIT,"{""bm25_hit"": true, ""dense_hit"": true, ""union_hit"": true, ""candidate_hit"": true, ""reranker_top_k_hit"": true, ""candidate_depth"": 100, ""ranking_k"": 10}"
medicine_11598,Cần lưu ý gì khi sử dụng tinh dầu xá xị?,3,"[""doc_7d74e1ca75ba13e53e374cef""]","[""ctx_9d93f94105df0cfbb3d2c875""]",1,1,1,1,True,True,BOTH_HIT,hit_at_evaluated_cutoff,BOTH_HIT,"{""bm25_hit"": true, ""dense_hit"": true, ""union_hit"": true, ""candidate_hit"": true, ""reranker_top_k_hit"": true, ""candidate_depth"": 100, ""ranking_k"": 10}"
medicine_7342,Cây Măng cụt được nhân giống bằng phương pháp nào?,3,"[""doc_baf9a96fe98441fc340e32ea""]","[""ctx_96587a7c94d830315d4fd6a7""]",1,1,1,1,True,True,BOTH_HIT,hit_at_evaluated_cutoff,BOTH_HIT,"{""bm25_hit"": true, ""dense_hit"": true, ""union_hit"": true, ""candidate_hit"": true, ""reranker_top_k_hit"": true, ""candidate_depth"": 100, ""ranking_k"": 10}"
medicine_13344,"Cây nào kết hợp với Đa lông để trị đau đầu, viêm xoang mũi, ngứa mũi, chảy nước mũi?",3,"[""doc_166dba39029b35ca806bee4c""]","[""ctx_0f555f7981aa051a5c36b1db""]",,52,,,False,True,DENSE_ONLY_HIT;FUSION_DROPPED;CANDIDATE_MISS;DOC_HIT_CHUNK_MISS,retrieval_or_fusion,DENSE_ONLY_HIT; FUSION_DROPPED; CANDIDATE_MISS; DOC_HIT_CHUNK_MISS,"{""bm25_hit"": false, ""dense_hit"": true, ""union_hit"": true, ""candidate_hit"": false, ""reranker_top_k_hit"": false, ""candidate_depth"": 100, ""ranking_k"": 10}"
medicine_10393,Trong Tang diệp chứa loại vitamin nào?,3,"[""doc_384fdabfabf90bc456925a0f""]","[""ctx_874ce8272b12b3296b5f6218""]",2,1,1,1,True,True,BOTH_HIT,hit_at_evaluated_cutoff,BOTH_HIT,"{""bm25_hit"": true, ""dense_hit"": true, ""union_hit"": true, ""candidate_hit"": true, ""reranker_top_k_hit"": true, ""candidate_depth"": 100, ""ranking_k"": 10}"
medicine_3038,Cúc áo có thể được thu hái quanh năm không?,3,"[""doc_37e2dfcd0bb36323d5347819""]","[""ctx_0b93e9dc78373037f4227236""]",56,54,43,1,True,True,BOTH_HIT,hit_at_evaluated_cutoff,BOTH_HIT,"{""bm25_hit"": true, ""dense_hit"": true, ""union_hit"": true, ""candidate_hit"": true, ""reranker_top_k_hit"": true, ""candidate_depth"": 100, ""ranking_k"": 10}"
medicine_261,Tại sao Bách bộ dễ nhầm lẫn với các loại sâm khác?,3,"[""doc_85fec1e76a6289b94b760166""]","[""ctx_7588e96d6a653c662a299f4c""]",1,1,1,1,True,True,BOTH_HIT,hit_at_evaluated_cutoff,BOTH_HIT,"{""bm25_hit"": true, ""dense_hit"": true, ""union_hit"": true, ""candidate_hit"": true, ""reranker_top_k_hit"": true, ""candidate_depth"": 100, ""ranking_k"": 10}"
medicine_7883,Liều lượng cụ thể và cách dùng bài thuốc Một dược để điều trị chấn thương lưng gây đau cấp như thế nào?,3,"[""doc_2158a6f3273e9eb408d8a0bc""]","[""ctx_1616563b7b0d3da0bf492245""]",,47,91,1,True,True,DENSE_ONLY_HIT,hit_at_evaluated_cutoff,DENSE_ONLY_HIT,"{""bm25_hit"": false, ""dense_hit"": true, ""union_hit"": true, ""candidate_hit"": true, ""reranker_top_k_hit"": true, ""candidate_depth"": 100, ""ranking_k"": 10}"
medicine_8747,Nữ lang có ảnh hưởng gì đến sức khỏe người dùng?,3,"[""doc_d241bf737b1f8a109fa40a8a""]","[""ctx_868e6416fbd506e5e3ebb3b4""]",49,2,3,1,True,True,BOTH_HIT,hit_at_evaluated_cutoff,BOTH_HIT,"{""bm25_hit"": true, ""dense_hit"": true, ""union_hit"": true, ""candidate_hit"": true, ""reranker_top_k_hit"": true, ""candidate_depth"": 100, ""ranking_k"": 10}"
medicine_836,Bạch hoa xà thiệt thảo có tác dụng gì đối với tế bào gan?,3,"[""doc_fe69de7fcd647fe8a4cd3ce5""]","[""ctx_3b801a837b031d9dbd0ac901""]",1,1,1,1,True,True,BOTH_HIT,hit_at_evaluated_cutoff,BOTH_HIT,"{""bm25_hit"": true, ""dense_hit"": true, ""union_hit"": true, ""candidate_hit"": true, ""reranker_top_k_hit"": true, ""candidate_depth"": 100, ""ranking_k"": 10}"
medicine_95,"Ngoài ngâm đường phèn với hoa Atiso đỏ theo tỉ lệ 1:1, trà Atiso đỏ có thể sử dụng cho mục đích gì nữa?",3,"[""doc_19cf57ac7ad3b2bb79ca40ac""]","[""ctx_852e7e1420f54705d8f294a5""]",1,1,1,1,True,True,BOTH_HIT,hit_at_evaluated_cutoff,BOTH_HIT,"{""bm25_hit"": true, ""dense_hit"": true, ""union_hit"": true, ""candidate_hit"": true, ""reranker_top_k_hit"": true, ""candidate_depth"": 100, ""ranking_k"": 10}"
medicine_12471,Mô tả cấu trúc của thân hành tỏi?,3,"[""doc_943ae76620dce846af5f07c3""]","[""ctx_f43f65948e34012111588e05""]",9,2,4,1,True,True,BOTH_HIT,hit_at_evaluated_cutoff,BOTH_HIT,"{""bm25_hit"": true, ""dense_hit"": true, ""union_hit"": true, ""candidate_hit"": true, ""reranker_top_k_hit"": true, ""candidate_depth"": 100, ""ranking_k"": 10}"
medicine_584,Bông ổi được sử dụng để điều trị những tình trạng sức khỏe nào?,3,"[""doc_433de883159b2e94649a95f9""]","[""ctx_9aaacaf9605d6e0b06ce7a9c""]",45,6,8,9,False,True,BOTH_HIT;SELECTION_MISS;DOC_HIT_CHUNK_MISS,selection,BOTH_HIT; SELECTION_MISS; DOC_HIT_CHUNK_MISS,"{""bm25_hit"": true, ""dense_hit"": true, ""union_hit"": true, ""candidate_hit"": true, ""reranker_top_k_hit"": true, ""candidate_depth"": 100, ""ranking_k"": 10}"
medicine_9392,Khi nào Rau Ngổ được thu hái?,3,"[""doc_82facb41caafc29d7f51d517""]","[""ctx_e5d1388ef05dbac22da361e8""]",,28,72,1,True,True,DENSE_ONLY_HIT,hit_at_evaluated_cutoff,DENSE_ONLY_HIT,"{""bm25_hit"": false, ""dense_hit"": true, ""union_hit"": true, ""candidate_hit"": true, ""reranker_top_k_hit"": true, ""candidate_depth"": 100, ""ranking_k"": 10}"
medicine_1447,"Khi sử dụng Chi tử dạng dùng ngoài, cách dùng cụ thể như thế nào?",3,"[""doc_af868186a171f0c8580f04e9""]","[""ctx_725f9c91c5fe196282f0031c""]",7,1,1,1,True,True,BOTH_HIT,hit_at_evaluated_cutoff,BOTH_HIT,"{""bm25_hit"": true, ""dense_hit"": true, ""union_hit"": true, ""candidate_hit"": true, ""reranker_top_k_hit"": true, ""candidate_depth"": 100, ""ranking_k"": 10}"
medicine_1513,Thành phần hóa học chính của hạt Chân bầu là gì?,3,"[""doc_ac56bb676c548162308cbcc8""]","[""ctx_334337c5708bc1993df4ba33""]",,1,25,2,True,True,DENSE_ONLY_HIT,hit_at_evaluated_cutoff,DENSE_ONLY_HIT,"{""bm25_hit"": false, ""dense_hit"": true, ""union_hit"": true, ""candidate_hit"": true, ""reranker_top_k_hit"": true, ""candidate_depth"": 100, ""ranking_k"": 10}"
medicine_11843,Làm thế nào một người có thể tiêu thụ trái quách non?,3,"[""doc_893264ca987b50e0731de741""]","[""ctx_94cc5c8b7cedaba11b67186d""]",2,1,2,1,True,True,BOTH_HIT,hit_at_evaluated_cutoff,BOTH_HIT,"{""bm25_hit"": true, ""dense_hit"": true, ""union_hit"": true, ""candidate_hit"": true, ""reranker_top_k_hit"": true, ""candidate_depth"": 100, ""ranking_k"": 10}"
medicine_3908,Cây Dâu tằm thường cao bao nhiêu mét?,3,"[""doc_02ed9bf502a2b1921f040671""]","[""ctx_62d6c668299a4bf4478ddac0""]",4,1,1,1,True,True,BOTH_HIT,hit_at_evaluated_cutoff,BOTH_HIT,"{""bm25_hit"": true, ""dense_hit"": true, ""union_hit"": true, ""candidate_hit"": true, ""reranker_top_k_hit"": true, ""candidate_depth"": 100, ""ranking_k"": 10}"
medicine_8241,Khi dùng Ngưu bàng tử để thoa ngoài thì có quy định liều lượng cụ thể không?,3,"[""doc_0a4a7be2cc295179671103ec""]","[""ctx_dc26f15d622c261fae7252a5""]",1,1,1,1,True,True,BOTH_HIT,hit_at_evaluated_cutoff,BOTH_HIT,"{""bm25_hit"": true, ""dense_hit"": true, ""union_hit"": true, ""candidate_hit"": true, ""reranker_top_k_hit"": true, ""candidate_depth"": 100, ""ranking_k"": 10}"
medicine_11378,Sử dụng tinh dầu húng quế lên da có lợi ích gì?,3,"[""doc_37fcf4a8cf7b064fe564ca79""]","[""ctx_4fddc769814c791fba76e070""]",3,1,2,1,True,True,BOTH_HIT,hit_at_evaluated_cutoff,BOTH_HIT,"{""bm25_hit"": true, ""dense_hit"": true, ""union_hit"": true, ""candidate_hit"": true, ""reranker_top_k_hit"": true, ""candidate_depth"": 100, ""ranking_k"": 10}"
medicine_13258,Có thể thu hái Ô dược vào thời điểm nào trong năm?,3,"[""doc_6b2242ff379cacbbd440ceee""]","[""ctx_68742480688307587e811d01""]",81,67,51,1,True,True,BOTH_HIT,hit_at_evaluated_cutoff,BOTH_HIT,"{""bm25_hit"": true, ""dense_hit"": true, ""union_hit"": true, ""candidate_hit"": true, ""reranker_top_k_hit"": true, ""candidate_depth"": 100, ""ranking_k"": 10}"
medicine_7817,Mộc qua chứa các loại đường nào?,3,"[""doc_4fbe5f11b3485bcbb6967853""]","[""ctx_c5fe70d572df313a662c2015""]",1,1,1,1,True,True,BOTH_HIT,hit_at_evaluated_cutoff,BOTH_HIT,"{""bm25_hit"": true, ""dense_hit"": true, ""union_hit"": true, ""candidate_hit"": true, ""reranker_top_k_hit"": true, ""candidate_depth"": 100, ""ranking_k"": 10}"
medicine_11022,Đặc điểm nổi bật của cây thảo quả là gì?,3,"[""doc_1c76b76158bf60767d8dd838""]","[""ctx_eb8bacd790e2c39d2af7ff49""]",61,2,1,1,True,True,BOTH_HIT,hit_at_evaluated_cutoff,BOTH_HIT,"{""bm25_hit"": true, ""dense_hit"": true, ""union_hit"": true, ""candidate_hit"": true, ""reranker_top_k_hit"": true, ""candidate_depth"": 100, ""ranking_k"": 10}"
medicine_11198,Phương pháp nào được sử dụng để tách tinh dầu bạc hà ra khỏi hỗn hợp sau khi cất?,3,"[""doc_da5983f431d4b1d1a443fcfb""]","[""ctx_307aae444b668d619beacccb""]",4,1,2,1,True,True,BOTH_HIT,hit_at_evaluated_cutoff,BOTH_HIT,"{""bm25_hit"": true, ""dense_hit"": true, ""union_hit"": true, ""candidate_hit"": true, ""reranker_top_k_hit"": true, ""candidate_depth"": 100, ""ranking_k"": 10}"
medicine_7909,Na rừng được xếp vào nhóm cây gì ở Việt Nam?,3,"[""doc_ff22bd8795975276dde653b1""]","[""ctx_faa9e0ce330aae195d1d7201""]",1,2,1,1,True,True,BOTH_HIT,hit_at_evaluated_cutoff,BOTH_HIT,"{""bm25_hit"": true, ""dense_hit"": true, ""union_hit"": true, ""candidate_hit"": true, ""reranker_top_k_hit"": true, ""candidate_depth"": 100, ""ranking_k"": 10}"
medicine_4371,Người dân gian truyền tụng dầu mù u có công dụng gì với mái tóc?,3,"[""doc_0865a1108a787b99da83b980""]","[""ctx_85e5d089753ce59f64db4362""]",1,1,1,1,True,True,BOTH_HIT,hit_at_evaluated_cutoff,BOTH_HIT,"{""bm25_hit"": true, ""dense_hit"": true, ""union_hit"": true, ""candidate_hit"": true, ""reranker_top_k_hit"": true, ""candidate_depth"": 100, ""ranking_k"": 10}"
medicine_8567,Phần nào của Náng hoa trắng có thể dùng để uống?,3,"[""doc_7a52c612bbc325db3a9e14c5""]","[""ctx_e9d8b481b36e3532dcc38d05""]",,49,89,1,True,True,DENSE_ONLY_HIT,hit_at_evaluated_cutoff,DENSE_ONLY_HIT,"{""bm25_hit"": false, ""dense_hit"": true, ""union_hit"": true, ""candidate_hit"": true, ""reranker_top_k_hit"": true, ""candidate_depth"": 100, ""ranking_k"": 10}"
medicine_8113,"Ngoài tanin, trong ngũ bội tử còn có những thành phần khác nào?",3,"[""doc_d2f72723131cbb7a6b50f7d1""]","[""ctx_087aa81f7fb819a8ccf955f3""]",1,1,1,1,True,True,BOTH_HIT,hit_at_evaluated_cutoff,BOTH_HIT,"{""bm25_hit"": true, ""dense_hit"": true, ""union_hit"": true, ""candidate_hit"": true, ""reranker_top_k_hit"": true, ""candidate_depth"": 100, ""ranking_k"": 10}"
medicine_9445,"Rau sam có những hợp chất nào có tác dụng gây độc tế bào ung thư, điều hòa miễn dịch của cơ thể không?",3,"[""doc_d22050312eadf984a9d75b0d""]","[""ctx_e62e219686857af88c35870e""]",1,1,1,1,True,True,BOTH_HIT,hit_at_evaluated_cutoff,BOTH_HIT,"{""bm25_hit"": true, ""dense_hit"": true, ""union_hit"": true, ""candidate_hit"": true, ""reranker_top_k_hit"": true, ""candidate_depth"": 100, ""ranking_k"": 10}"
medicine_6395,La bạc tử có những tác dụng dược lý nào?,3,"[""doc_d43225c41397bf1b35614502""]","[""ctx_03acdb95dafd2de476b2eb7d""]",12,2,5,1,True,True,BOTH_HIT,hit_at_evaluated_cutoff,BOTH_HIT,"{""bm25_hit"": true, ""dense_hit"": true, ""union_hit"": true, ""candidate_hit"": true, ""reranker_top_k_hit"": true, ""candidate_depth"": 100, ""ranking_k"": 10}"
medicine_10727,Quá trình chế biến thông thảo bao gồm những bước chính nào?,3,"[""doc_596875ebd6f5be8595b5abac""]","[""ctx_e8be999553b238875bf41b61""]",,69,,,False,True,DENSE_ONLY_HIT;FUSION_DROPPED;CANDIDATE_MISS;DOC_HIT_CHUNK_MISS,retrieval_or_fusion,DENSE_ONLY_HIT; FUSION_DROPPED; CANDIDATE_MISS; DOC_HIT_CHUNK_MISS,"{""bm25_hit"": false, ""dense_hit"": true, ""union_hit"": true, ""candidate_hit"": false, ""reranker_top_k_hit"": false, ""candidate_depth"": 100, ""ranking_k"": 10}"
medicine_9741,Sa nhân được quy kinh vào các kinh nào trên cơ thể?,3,"[""doc_043fae766c797264bf232318""]","[""ctx_f4277327cefe67af8dd17527""]",,23,58,1,True,True,DENSE_ONLY_HIT,hit_at_evaluated_cutoff,DENSE_ONLY_HIT,"{""bm25_hit"": false, ""dense_hit"": true, ""union_hit"": true, ""candidate_hit"": true, ""reranker_top_k_hit"": true, ""candidate_depth"": 100, ""ranking_k"": 10}"
medicine_5315,Các bác sĩ Việt Nam cho rằng vị Hà Thủ Ô trắng có cùng một công dụng gì với Hà Thủ Ô đỏ?,3,"[""doc_e2a9a416f3f6943df9777039""]","[""ctx_5742cba6125ed479a1855be6""]",1,1,1,1,True,True,BOTH_HIT,hit_at_evaluated_cutoff,BOTH_HIT,"{""bm25_hit"": true, ""dense_hit"": true, ""union_hit"": true, ""candidate_hit"": true, ""reranker_top_k_hit"": true, ""candidate_depth"": 100, ""ranking_k"": 10}"
medicine_13411,Đinh lăng dùng để chữa bệnh gì?,3,"[""doc_70e5ef879e4a21e5564e05a8""]","[""ctx_c872a9a64937d83ec8922bb4""]",12,33,16,2,True,True,BOTH_HIT,hit_at_evaluated_cutoff,BOTH_HIT,"{""bm25_hit"": true, ""dense_hit"": true, ""union_hit"": true, ""candidate_hit"": true, ""reranker_top_k_hit"": true, ""candidate_depth"": 100, ""ranking_k"": 10}"
medicine_9707,"Ở Pháp, người ta sẽ làm gì với quả Sa kê có thể thu hoạch được?",3,"[""doc_b51a205850a3da27b2867e1e""]","[""ctx_e1b5da67175807a7d238c639""]",1,1,1,1,True,True,BOTH_HIT,hit_at_evaluated_cutoff,BOTH_HIT,"{""bm25_hit"": true, ""dense_hit"": true, ""union_hit"": true, ""candidate_hit"": true, ""reranker_top_k_hit"": true, ""candidate_depth"": 100, ""ranking_k"": 10}"
medicine_10869,Trong điều kiện nào cây Thạch hộc có thể phát triển tốt?,3,"[""doc_3c477ac8c6caa45ac9512a6f""]","[""ctx_23c1c919db7fdb66ca62f18d""]",5,1,3,1,True,True,BOTH_HIT,hit_at_evaluated_cutoff,BOTH_HIT,"{""bm25_hit"": true, ""dense_hit"": true, ""union_hit"": true, ""candidate_hit"": true, ""reranker_top_k_hit"": true, ""candidate_depth"": 100, ""ranking_k"": 10}"
medicine_3331,Cỏ mần trầu có đặc điểm gì?,3,"[""doc_6e2979ebc2b396b059ff2e69""]","[""ctx_1879da2660812cdad5b83557""]",10,1,6,1,True,True,BOTH_HIT,hit_at_evaluated_cutoff,BOTH_HIT,"{""bm25_hit"": true, ""dense_hit"": true, ""union_hit"": true, ""candidate_hit"": true, ""reranker_top_k_hit"": true, ""candidate_depth"": 100, ""ranking_k"": 10}"
medicine_1901,Những bộ phận nào của Cáp giới được sử dụng làm thuốc?,3,"[""doc_f6c9c03da64a3614c1bdb563""]","[""ctx_314ffeec59123e3c7fab848b""]",20,7,6,3,True,True,BOTH_HIT,hit_at_evaluated_cutoff,BOTH_HIT,"{""bm25_hit"": true, ""dense_hit"": true, ""union_hit"": true, ""candidate_hit"": true, ""reranker_top_k_hit"": true, ""candidate_depth"": 100, ""ranking_k"": 10}"
medicine_2344,Rễ cây lưỡi bò chứa những thành phần hoá học nào?,3,"[""doc_d837bcf2797e81f3f07afb5c""]","[""ctx_2d8034115f4527815c90fb6d""]",6,1,3,1,True,True,BOTH_HIT,hit_at_evaluated_cutoff,BOTH_HIT,"{""bm25_hit"": true, ""dense_hit"": true, ""union_hit"": true, ""candidate_hit"": true, ""reranker_top_k_hit"": true, ""candidate_depth"": 100, ""ranking_k"": 10}"
medicine_2754,Làm cách nào để chế biến thuốc từ cây trứng cá chữa bệnh gout?,3,"[""doc_fc7e372280475dc8b041766b""]","[""ctx_b49d25c068ead869419146ea""]",,9,29,1,True,True,DENSE_ONLY_HIT,hit_at_evaluated_cutoff,DENSE_ONLY_HIT,"{""bm25_hit"": false, ""dense_hit"": true, ""union_hit"": true, ""candidate_hit"": true, ""reranker_top_k_hit"": true, ""candidate_depth"": 100, ""ranking_k"": 10}"
medicine_10133,Sơn thù du ra hoa vào mùa nào?,3,"[""doc_c98fe03ec8662dad391d00c8""]","[""ctx_ec56ed18c49fc10477c771a7""]",,,,,False,True,BOTH_MISS;CANDIDATE_MISS;DOC_HIT_CHUNK_MISS,retrieval_or_fusion,BOTH_MISS; CANDIDATE_MISS; DOC_HIT_CHUNK_MISS,"{""bm25_hit"": false, ""dense_hit"": false, ""union_hit"": false, ""candidate_hit"": false, ""reranker_top_k_hit"": false, ""candidate_depth"": 100, ""ranking_k"": 10}"
medicine_2226,Cách dùng Cây cứt lợn như thế nào?,3,"[""doc_f296a07da03b83ad7350dae8""]","[""ctx_7e80409ce00cc4361f430540""]",,,,,False,True,BOTH_MISS;CANDIDATE_MISS;DOC_HIT_CHUNK_MISS,retrieval_or_fusion,BOTH_MISS; CANDIDATE_MISS; DOC_HIT_CHUNK_MISS,"{""bm25_hit"": false, ""dense_hit"": false, ""union_hit"": false, ""candidate_hit"": false, ""reranker_top_k_hit"": false, ""candidate_depth"": 100, ""ranking_k"": 10}"
medicine_8881,Phòng kỷ có tác dụng thế nào trong điều trị ung thư vú?,3,"[""doc_9fb2a5a7c2e8bad0a7ad13c1""]","[""ctx_9e6716ea2913e692ee09f3a7""]",1,1,1,1,True,True,BOTH_HIT,hit_at_evaluated_cutoff,BOTH_HIT,"{""bm25_hit"": true, ""dense_hit"": true, ""union_hit"": true, ""candidate_hit"": true, ""reranker_top_k_hit"": true, ""candidate_depth"": 100, ""ranking_k"": 10}"
medicine_1795,Nhựa cây cà na có ứng dụng gì?,3,"[""doc_c02cbb15c03fee64c14eb915""]","[""ctx_566bae50d114db83bc05ca58""]",1,1,1,1,True,True,BOTH_HIT,hit_at_evaluated_cutoff,BOTH_HIT,"{""bm25_hit"": true, ""dense_hit"": true, ""union_hit"": true, ""candidate_hit"": true, ""reranker_top_k_hit"": true, ""candidate_depth"": 100, ""ranking_k"": 10}"
medicine_7979,Trong trường hợp nào thì cần tham khảo ý kiến của bác sĩ chuyên môn trước khi sử dụng nghệ trắng?,3,"[""doc_0a0f3db0b5dfb8f953e982d3""]","[""ctx_bfe342b83709c16d935f1ac4""]",1,1,1,1,True,True,BOTH_HIT,hit_at_evaluated_cutoff,BOTH_HIT,"{""bm25_hit"": true, ""dense_hit"": true, ""union_hit"": true, ""candidate_hit"": true, ""reranker_top_k_hit"": true, ""candidate_depth"": 100, ""ranking_k"": 10}"
medicine_11795,"Sau khi thu hái, lá tràm, cành non được xử lý ra sao?",3,"[""doc_d379d3082965995c74d9736c""]","[""ctx_e745a0ecc55ffd098a843ba5""]",1,1,1,1,True,True,BOTH_HIT,hit_at_evaluated_cutoff,BOTH_HIT,"{""bm25_hit"": true, ""dense_hit"": true, ""union_hit"": true, ""candidate_hit"": true, ""reranker_top_k_hit"": true, ""candidate_depth"": 100, ""ranking_k"": 10}"
medicine_1371,Bài thuốc sử dụng Cao ban long có tên gọi là gì?,3,"[""doc_57fbf5022f621266860e80e9""]","[""ctx_2c298f88cecaa369d1e217f0""]",31,,56,2,True,True,BM25_ONLY_HIT,hit_at_evaluated_cutoff,BM25_ONLY_HIT,"{""bm25_hit"": true, ""dense_hit"": false, ""union_hit"": true, ""candidate_hit"": true, ""reranker_top_k_hit"": true, ""candidate_depth"": 100, ""ranking_k"": 10}"
medicine_6564,Có bao nhiêu cách sử dụng lá bàng tươi để trị viêm da cơ địa?,3,"[""doc_b458bcc5698d35b8da10089c""]","[""ctx_529cec158cb24569dc335681""]",1,1,1,1,True,True,BOTH_HIT,hit_at_evaluated_cutoff,BOTH_HIT,"{""bm25_hit"": true, ""dense_hit"": true, ""union_hit"": true, ""candidate_hit"": true, ""reranker_top_k_hit"": true, ""candidate_depth"": 100, ""ranking_k"": 10}"
medicine_12487,Saponin chiết xuất từ Tỏi có tác dụng gì?,3,"[""doc_943ae76620dce846af5f07c3""]","[""ctx_4d30308446f1280a50629b17""]",1,3,1,1,True,True,BOTH_HIT,hit_at_evaluated_cutoff,BOTH_HIT,"{""bm25_hit"": true, ""dense_hit"": true, ""union_hit"": true, ""candidate_hit"": true, ""reranker_top_k_hit"": true, ""candidate_depth"": 100, ""ranking_k"": 10}"
medicine_9426,"Trong dân gian, rau răm được dùng để điều trị bệnh gì?",3,"[""doc_54dbf47fcabd53e5e14d1a70""]","[""ctx_446841c0b64b869862eb0864""]",1,2,1,1,True,True,BOTH_HIT,hit_at_evaluated_cutoff,BOTH_HIT,"{""bm25_hit"": true, ""dense_hit"": true, ""union_hit"": true, ""candidate_hit"": true, ""reranker_top_k_hit"": true, ""candidate_depth"": 100, ""ranking_k"": 10}"
medicine_9848,Gây ngộ độc cây sui sẽ có các biểu hiện nào ở mắt?,3,"[""doc_62e5b51253b4835dac007afb""]","[""ctx_10826dccdfddac8d5db6e92b""]",1,1,1,1,True,True,BOTH_HIT,hit_at_evaluated_cutoff,BOTH_HIT,"{""bm25_hit"": true, ""dense_hit"": true, ""union_hit"": true, ""candidate_hit"": true, ""reranker_top_k_hit"": true, ""candidate_depth"": 100, ""ranking_k"": 10}"
medicine_5375,Húng chanh có hiệu quả chống nấm đến mức nào?,3,"[""doc_b6a0b9d5ab0884fe14939815""]","[""ctx_7926772692f29f6eb185486f""]",1,1,1,1,True,True,BOTH_HIT,hit_at_evaluated_cutoff,BOTH_HIT,"{""bm25_hit"": true, ""dense_hit"": true, ""union_hit"": true, ""candidate_hit"": true, ""reranker_top_k_hit"": true, ""candidate_depth"": 100, ""ranking_k"": 10}"
medicine_12813,"Theo cách dùng Xuyên khung, liều dùng xuyên khung không phụ thuộc vào điều gì?",3,"[""doc_945db0ea18435f28a02e029e""]","[""ctx_ecb94bf2c715b48663d19980""]",2,1,1,1,True,True,BOTH_HIT,hit_at_evaluated_cutoff,BOTH_HIT,"{""bm25_hit"": true, ""dense_hit"": true, ""union_hit"": true, ""candidate_hit"": true, ""reranker_top_k_hit"": true, ""candidate_depth"": 100, ""ranking_k"": 10}"
medicine_6831,"Trong quá trình bảo quản Lô căn, bạn cần lưu ý điều gì?",3,"[""doc_c378ecc36afb1c8c5fdfdcdd""]","[""ctx_327102cff7dc9b4458c4adad""]",,16,41,1,True,True,DENSE_ONLY_HIT,hit_at_evaluated_cutoff,DENSE_ONLY_HIT,"{""bm25_hit"": false, ""dense_hit"": true, ""union_hit"": true, ""candidate_hit"": true, ""reranker_top_k_hit"": true, ""candidate_depth"": 100, ""ranking_k"": 10}"
medicine_6038,Dịch tiêm chế từ Khương hoạt có tác dụng tương đương với thành phần nào trong thuốc hạ sốt Analgin?,3,"[""doc_6688ad95746d82a53d37cd25""]","[""ctx_723b09e663e1afb9ee92a185""]",1,1,1,1,True,True,BOTH_HIT,hit_at_evaluated_cutoff,BOTH_HIT,"{""bm25_hit"": true, ""dense_hit"": true, ""union_hit"": true, ""candidate_hit"": true, ""reranker_top_k_hit"": true, ""candidate_depth"": 100, ""ranking_k"": 10}"
medicine_2276,"Để phát huy tác dụng của cây hoa mào gà đối với sức khỏe, cần làm gì?",3,"[""doc_525c34a3f8a3ec37090f770e""]","[""ctx_69ffdf08f7139927cdf9dd3f""]",1,1,1,1,True,True,BOTH_HIT,hit_at_evaluated_cutoff,BOTH_HIT,"{""bm25_hit"": true, ""dense_hit"": true, ""union_hit"": true, ""candidate_hit"": true, ""reranker_top_k_hit"": true, ""candidate_depth"": 100, ""ranking_k"": 10}"
medicine_10861,Thương truật được sử dụng để hỗ trợ điều trị những triệu chứng nào?,3,"[""doc_6237fa42b7c782ff11c08b02""]","[""ctx_e6311bea1d6d5ad45c5eed97""]",,,,,False,True,BOTH_MISS;CANDIDATE_MISS;DOC_HIT_CHUNK_MISS,retrieval_or_fusion,BOTH_MISS; CANDIDATE_MISS; DOC_HIT_CHUNK_MISS,"{""bm25_hit"": false, ""dense_hit"": false, ""union_hit"": false, ""candidate_hit"": false, ""reranker_top_k_hit"": false, ""candidate_depth"": 100, ""ranking_k"": 10}"
medicine_3954,Những bộ phận nào của cây dây bông xanh được sử dụng làm thuốc?,3,"[""doc_0aff3d4878e04279a166b24f""]","[""ctx_fc24b5ac8a048d424c25562c""]",28,21,14,1,True,True,BOTH_HIT,hit_at_evaluated_cutoff,BOTH_HIT,"{""bm25_hit"": true, ""dense_hit"": true, ""union_hit"": true, ""candidate_hit"": true, ""reranker_top_k_hit"": true, ""candidate_depth"": 100, ""ranking_k"": 10}"
medicine_13047,Xương sông có chiều cao thân cây là bao nhiêu?,3,"[""doc_1041c4a4f613afd6a832a5fb""]","[""ctx_0c0f03520fe86fa714a21aef""]",1,1,1,1,True,True,BOTH_HIT,hit_at_evaluated_cutoff,BOTH_HIT,"{""bm25_hit"": true, ""dense_hit"": true, ""union_hit"": true, ""candidate_hit"": true, ""reranker_top_k_hit"": true, ""candidate_depth"": 100, ""ranking_k"": 10}"
medicine_12730,Lá của cây Vạn tuế có hình dạng như thế nào?,3,"[""doc_e93f59f032eeeac66fea2400""]","[""ctx_099b4b06526fe82f9bb1c0a7""]",2,1,1,1,True,True,BOTH_HIT,hit_at_evaluated_cutoff,BOTH_HIT,"{""bm25_hit"": true, ""dense_hit"": true, ""union_hit"": true, ""candidate_hit"": true, ""reranker_top_k_hit"": true, ""candidate_depth"": 100, ""ranking_k"": 10}"
medicine_3681,Thành phần nào trong củ nén có tác dụng chống oxy hóa?,3,"[""doc_7fea8cc3d67a5a9f4af76789""]","[""ctx_e85b1c7e4151620a664a57b6""]",,54,92,1,True,True,DENSE_ONLY_HIT,hit_at_evaluated_cutoff,DENSE_ONLY_HIT,"{""bm25_hit"": false, ""dense_hit"": true, ""union_hit"": true, ""candidate_hit"": true, ""reranker_top_k_hit"": true, ""candidate_depth"": 100, ""ranking_k"": 10}"
medicine_12513,Tại sao Tục đoạn thường được dùng làm thuốc bổ toàn thân.?,3,"[""doc_ba3107c3073eed434254cb81""]","[""ctx_4cb443629d3ad695eba848c4""]",1,1,1,1,True,True,BOTH_HIT,hit_at_evaluated_cutoff,BOTH_HIT,"{""bm25_hit"": true, ""dense_hit"": true, ""union_hit"": true, ""candidate_hit"": true, ""reranker_top_k_hit"": true, ""candidate_depth"": 100, ""ranking_k"": 10}"
medicine_667,Dùng Bướm bạc cho đối tượng nào có thể bị tác dụng phụ?,3,"[""doc_fc2b778d1c3e0540da1b3e04""]","[""ctx_857a7b3e32f4829140a546a1""]",1,1,1,1,True,True,BOTH_HIT,hit_at_evaluated_cutoff,BOTH_HIT,"{""bm25_hit"": true, ""dense_hit"": true, ""union_hit"": true, ""candidate_hit"": true, ""reranker_top_k_hit"": true, ""candidate_depth"": 100, ""ranking_k"": 10}"
medicine_6829,Đặc điểm của vị thuốc Lô căn sau khi chế biến là gì?,3,"[""doc_c378ecc36afb1c8c5fdfdcdd""]","[""ctx_35dfee746521d312f1698066""]",3,3,4,1,True,True,BOTH_HIT,hit_at_evaluated_cutoff,BOTH_HIT,"{""bm25_hit"": true, ""dense_hit"": true, ""union_hit"": true, ""candidate_hit"": true, ""reranker_top_k_hit"": true, ""candidate_depth"": 100, ""ranking_k"": 10}"
medicine_1974,"Theo nghiên cứu, tác dụng chính của câu đằng là gì?",3,"[""doc_261e8882beb069a05883c6f4""]","[""ctx_c5d19951dcc9018369fa520d""]",21,3,8,4,True,True,BOTH_HIT,hit_at_evaluated_cutoff,BOTH_HIT,"{""bm25_hit"": true, ""dense_hit"": true, ""union_hit"": true, ""candidate_hit"": true, ""reranker_top_k_hit"": true, ""candidate_depth"": 100, ""ranking_k"": 10}"
medicine_8695,Nắp ấm có công dụng gì trong hỗ trợ sức khỏe?,3,"[""doc_46a80e8a59fc15d0e8ff62b2""]","[""ctx_3fc149234b7ef8b25a1b412f""]",41,,76,4,True,True,BM25_ONLY_HIT,hit_at_evaluated_cutoff,BM25_ONLY_HIT,"{""bm25_hit"": true, ""dense_hit"": false, ""union_hit"": true, ""candidate_hit"": true, ""reranker_top_k_hit"": true, ""candidate_depth"": 100, ""ranking_k"": 10}"
medicine_3742,Liều lượng nào của Củ ấu có hiệu quả trong việc cải thiện trí nhớ?,3,"[""doc_249ff8d2ee13c8b4a308c970""]","[""ctx_743287336bf60467f59ee864""]",1,1,1,1,True,True,BOTH_HIT,hit_at_evaluated_cutoff,BOTH_HIT,"{""bm25_hit"": true, ""dense_hit"": true, ""union_hit"": true, ""candidate_hit"": true, ""reranker_top_k_hit"": true, ""candidate_depth"": 100, ""ranking_k"": 10}"
medicine_13545,Đương quy có tác dụng nhuận táo. Vậy người nào không nên dùng Đương quy?,3,"[""doc_69f0af4eb12ba5846600e676""]","[""ctx_837fa6b296d66015f24dc7d2""]",1,1,1,1,True,True,BOTH_HIT,hit_at_evaluated_cutoff,BOTH_HIT,"{""bm25_hit"": true, ""dense_hit"": true, ""union_hit"": true, ""candidate_hit"": true, ""reranker_top_k_hit"": true, ""candidate_depth"": 100, ""ranking_k"": 10}"
medicine_817,Liều lượng sử dụng Bạch giới tử như thế nào?,3,"[""doc_475b67e5e04094797fd0e024""]","[""ctx_268b6b9ec54208a21aafda00""]",2,1,1,1,True,True,BOTH_HIT,hit_at_evaluated_cutoff,BOTH_HIT,"{""bm25_hit"": true, ""dense_hit"": true, ""union_hit"": true, ""candidate_hit"": true, ""reranker_top_k_hit"": true, ""candidate_depth"": 100, ""ranking_k"": 10}"
medicine_6610,Làm thế nào để bảo quản Lá dứa sau khi sơ chế?,3,"[""doc_400d968769de69ba183e2e65""]","[""ctx_f53e26dafc0ec75669f4a858""]",1,1,1,1,True,True,BOTH_HIT,hit_at_evaluated_cutoff,BOTH_HIT,"{""bm25_hit"": true, ""dense_hit"": true, ""union_hit"": true, ""candidate_hit"": true, ""reranker_top_k_hit"": true, ""candidate_depth"": 100, ""ranking_k"": 10}"
medicine_11199,"Trong tinh dầu bạc hà, thành phần menthol toàn phần chiếm bao nhiêu phần trăm khối lượng?",3,"[""doc_da5983f431d4b1d1a443fcfb""]","[""ctx_f04a5a94013cc16fff53e28a""]",1,1,1,1,True,True,BOTH_HIT,hit_at_evaluated_cutoff,BOTH_HIT,"{""bm25_hit"": true, ""dense_hit"": true, ""union_hit"": true, ""candidate_hit"": true, ""reranker_top_k_hit"": true, ""candidate_depth"": 100, ""ranking_k"": 10}"
medicine_9714,Mô tả về sa nhân tím?,3,"[""doc_1fa8a562e9efb7feb6c4445d""]","[""ctx_49796b963bd6d7dc78e8e4ba""]",12,1,7,1,True,True,BOTH_HIT,hit_at_evaluated_cutoff,BOTH_HIT,"{""bm25_hit"": true, ""dense_hit"": true, ""union_hit"": true, ""candidate_hit"": true, ""reranker_top_k_hit"": true, ""candidate_depth"": 100, ""ranking_k"": 10}"
medicine_7,A giao có tác dụng gì đối với phụ nữ mang thai bị thalassemia?,3,"[""doc_fc37ab7b061c50625d70246e""]","[""ctx_3d0f5aab5e543dec4c45746d""]",1,1,1,1,True,True,BOTH_HIT,hit_at_evaluated_cutoff,BOTH_HIT,"{""bm25_hit"": true, ""dense_hit"": true, ""union_hit"": true, ""candidate_hit"": true, ""reranker_top_k_hit"": true, ""candidate_depth"": 100, ""ranking_k"": 10}"
medicine_8819,Phèn chua gọi là gì theo danh pháp?,3,"[""doc_eaf5150b648e7866a132fd21""]","[""ctx_fd2e37d9af7b752c55f39c8e""]",13,6,7,1,True,True,BOTH_HIT,hit_at_evaluated_cutoff,BOTH_HIT,"{""bm25_hit"": true, ""dense_hit"": true, ""union_hit"": true, ""candidate_hit"": true, ""reranker_top_k_hit"": true, ""candidate_depth"": 100, ""ranking_k"": 10}"
medicine_13641,"Theo Đông Y, Đại hồi có tác dụng gì?",3,"[""doc_11d620fd96a885ac962634c6""]","[""ctx_dfe460fe59ace6b476c8a4c5""]",1,1,1,1,True,True,BOTH_HIT,hit_at_evaluated_cutoff,BOTH_HIT,"{""bm25_hit"": true, ""dense_hit"": true, ""union_hit"": true, ""candidate_hit"": true, ""reranker_top_k_hit"": true, ""candidate_depth"": 100, ""ranking_k"": 10}"
medicine_4160,Dạ cẩm có thể được nhận biết với những tên nào?,3,"[""doc_1638ca7db715c9de3c3992f0""]","[""ctx_1775182941c85932d58640f2""]",2,1,1,1,True,True,BOTH_HIT,hit_at_evaluated_cutoff,BOTH_HIT,"{""bm25_hit"": true, ""dense_hit"": true, ""union_hit"": true, ""candidate_hit"": true, ""reranker_top_k_hit"": true, ""candidate_depth"": 100, ""ranking_k"": 10}"
medicine_8660,Mục đích chính của việc uống nấm lim xanh vào buổi sáng trước khi ăn là gì?,3,"[""doc_5f1503af23044df39044ee20""]","[""ctx_a81b3453485a5df75b02a2cb""]",1,1,1,1,True,True,BOTH_HIT,hit_at_evaluated_cutoff,BOTH_HIT,"{""bm25_hit"": true, ""dense_hit"": true, ""union_hit"": true, ""candidate_hit"": true, ""reranker_top_k_hit"": true, ""candidate_depth"": 100, ""ranking_k"": 10}"
medicine_503,Cây bòng bong có những thành phần hóa học nào?,3,"[""doc_bbf776bd18f87e7112b212d5""]","[""ctx_d5487db0ba3e24748712ff09""]",1,1,1,1,True,True,BOTH_HIT,hit_at_evaluated_cutoff,BOTH_HIT,"{""bm25_hit"": true, ""dense_hit"": true, ""union_hit"": true, ""candidate_hit"": true, ""reranker_top_k_hit"": true, ""candidate_depth"": 100, ""ranking_k"": 10}"
medicine_10815,Thương lục có tác dụng gì đối với sức khỏe?,3,"[""doc_56e0f5fc59646ff415e0beac""]","[""ctx_e804342be8a43a03d2d8ab05""]",,1,8,1,True,True,DENSE_ONLY_HIT,hit_at_evaluated_cutoff,DENSE_ONLY_HIT,"{""bm25_hit"": false, ""dense_hit"": true, ""union_hit"": true, ""candidate_hit"": true, ""reranker_top_k_hit"": true, ""candidate_depth"": 100, ""ranking_k"": 10}"
medicine_5000,Nêu 3 công dụng của Hoàng nàn theo Y học cổ truyền?,3,"[""doc_6652c6e678e9bb135ba588dd""]","[""ctx_ea72e85c78f00a1ee5f39bcb""]",,,,,False,True,BOTH_MISS;CANDIDATE_MISS;DOC_HIT_CHUNK_MISS,retrieval_or_fusion,BOTH_MISS; CANDIDATE_MISS; DOC_HIT_CHUNK_MISS,"{""bm25_hit"": false, ""dense_hit"": false, ""union_hit"": false, ""candidate_hit"": false, ""reranker_top_k_hit"": false, ""candidate_depth"": 100, ""ranking_k"": 10}"
medicine_5558,Hạt dổi có thành phần chính là gì?,3,"[""doc_74ab1a059157a9f1bc4b6265""]","[""ctx_4574010158eb1f4d8d4919af""]",2,2,2,1,True,True,BOTH_HIT,hit_at_evaluated_cutoff,BOTH_HIT,"{""bm25_hit"": true, ""dense_hit"": true, ""union_hit"": true, ""candidate_hit"": true, ""reranker_top_k_hit"": true, ""candidate_depth"": 100, ""ranking_k"": 10}"
medicine_10277,Cây tai chua phân bố ở đâu trên thế giới?,3,"[""doc_af4c277db762fa8167611f8d""]","[""ctx_1199b871c2d773768fd7a251""]",72,24,24,1,True,True,BOTH_HIT,hit_at_evaluated_cutoff,BOTH_HIT,"{""bm25_hit"": true, ""dense_hit"": true, ""union_hit"": true, ""candidate_hit"": true, ""reranker_top_k_hit"": true, ""candidate_depth"": 100, ""ranking_k"": 10}"
medicine_4506,Dừa cạn có nguồn gốc từ đâu?,3,"[""doc_77ee5c1e876658bae2a1ea80""]","[""ctx_215f010f42aadb949f8a3369""]",65,25,21,1,True,True,BOTH_HIT,hit_at_evaluated_cutoff,BOTH_HIT,"{""bm25_hit"": true, ""dense_hit"": true, ""union_hit"": true, ""candidate_hit"": true, ""reranker_top_k_hit"": true, ""candidate_depth"": 100, ""ranking_k"": 10}"
medicine_10528,"Ngoài việc dùng để ăn, hoa thiên lý còn có thể dùng để làm gì?",3,"[""doc_513e59995eb68b68dcb47fe8""]","[""ctx_5ca12c92406b30e6f1b450a2""]",4,2,3,3,True,True,BOTH_HIT,hit_at_evaluated_cutoff,BOTH_HIT,"{""bm25_hit"": true, ""dense_hit"": true, ""union_hit"": true, ""candidate_hit"": true, ""reranker_top_k_hit"": true, ""candidate_depth"": 100, ""ranking_k"": 10}"
medicine_13273,Cây Ô môi có nguồn gốc từ đâu?,3,"[""doc_ae465bdbc5645cfeb5745a33""]","[""ctx_11d35473585e2d744e511782""]",3,1,1,1,True,True,BOTH_HIT,hit_at_evaluated_cutoff,BOTH_HIT,"{""bm25_hit"": true, ""dense_hit"": true, ""union_hit"": true, ""candidate_hit"": true, ""reranker_top_k_hit"": true, ""candidate_depth"": 100, ""ranking_k"": 10}"
medicine_5561,"Ngoài công dụng làm tăng hương vị cho nhiều món ăn đặc sản, hạt dổi còn có những lợi ích sức khoẻ nào khác?",3,"[""doc_74ab1a059157a9f1bc4b6265""]","[""ctx_7907116320b3521dfdad61b6""]",1,3,2,1,True,True,BOTH_HIT,hit_at_evaluated_cutoff,BOTH_HIT,"{""bm25_hit"": true, ""dense_hit"": true, ""union_hit"": true, ""candidate_hit"": true, ""reranker_top_k_hit"": true, ""candidate_depth"": 100, ""ranking_k"": 10}"
medicine_7759,"Ở cây mộc hoa trắng, hạt có đặc điểm như thế nào?",3,"[""doc_7338cff072417c864ceefa18""]","[""ctx_daaeb5a6acf5e2e702ca32fc""]",,,,,False,True,BOTH_MISS;CANDIDATE_MISS;DOC_HIT_CHUNK_MISS,retrieval_or_fusion,BOTH_MISS; CANDIDATE_MISS; DOC_HIT_CHUNK_MISS,"{""bm25_hit"": false, ""dense_hit"": false, ""union_hit"": false, ""candidate_hit"": false, ""reranker_top_k_hit"": false, ""candidate_depth"": 100, ""ranking_k"": 10}"
medicine_2964,Cúc hoa có thể gây ra tác dụng phụ nào nếu dùng không đúng cách?,3,"[""doc_d94346b4a25264fb6dfccaa3""]","[""ctx_817993b56a096ab1668a4e8c""]",1,1,1,1,True,True,BOTH_HIT,hit_at_evaluated_cutoff,BOTH_HIT,"{""bm25_hit"": true, ""dense_hit"": true, ""union_hit"": true, ""candidate_hit"": true, ""reranker_top_k_hit"": true, ""candidate_depth"": 100, ""ranking_k"": 10}"
medicine_12816,Xuyên khung có thể sử dụng cho những đối tượng nào?,3,"[""doc_945db0ea18435f28a02e029e""]","[""ctx_4e1b3ee8ff7601cbced528c2""]",1,1,1,1,True,True,BOTH_HIT,hit_at_evaluated_cutoff,BOTH_HIT,"{""bm25_hit"": true, ""dense_hit"": true, ""union_hit"": true, ""candidate_hit"": true, ""reranker_top_k_hit"": true, ""candidate_depth"": 100, ""ranking_k"": 10}"
medicine_12206,Tô mộc là gì?,3,"[""doc_9a5b3f4fdbb1c73062bcaea1""]","[""ctx_dfe9df9ec782343520b15d76""]",6,4,4,3,True,True,BOTH_HIT,hit_at_evaluated_cutoff,BOTH_HIT,"{""bm25_hit"": true, ""dense_hit"": true, ""union_hit"": true, ""candidate_hit"": true, ""reranker_top_k_hit"": true, ""candidate_depth"": 100, ""ranking_k"": 10}"
medicine_3375,Cỏ ngọt là loại cỏ như thế nào?,3,"[""doc_b40deffe16aca867ca1b02cd""]","[""ctx_4e6a8033489843f040bec1ff""]",17,1,4,1,True,True,BOTH_HIT,hit_at_evaluated_cutoff,BOTH_HIT,"{""bm25_hit"": true, ""dense_hit"": true, ""union_hit"": true, ""candidate_hit"": true, ""reranker_top_k_hit"": true, ""candidate_depth"": 100, ""ranking_k"": 10}"
medicine_9615,"Râu mèo đem đến tác dụng gì đối với bệnh nhân mắc sỏi thận, gout, tiểu đường?",3,"[""doc_91a94fd0ccf5e68f61643951""]","[""ctx_6e551c83ddfd453026f30a9e""]",1,1,1,1,True,True,BOTH_HIT,hit_at_evaluated_cutoff,BOTH_HIT,"{""bm25_hit"": true, ""dense_hit"": true, ""union_hit"": true, ""candidate_hit"": true, ""reranker_top_k_hit"": true, ""candidate_depth"": 100, ""ranking_k"": 10}"
medicine_8924,Bài thuốc Phật thủ có tác dụng gì?,3,"[""doc_d98295cd7f72cd2b603bab37""]","[""ctx_61b4029fa6f4e02cdf54147b""]",,,,,False,True,BOTH_MISS;CANDIDATE_MISS;DOC_HIT_CHUNK_MISS,retrieval_or_fusion,BOTH_MISS; CANDIDATE_MISS; DOC_HIT_CHUNK_MISS,"{""bm25_hit"": false, ""dense_hit"": false, ""union_hit"": false, ""candidate_hit"": false, ""reranker_top_k_hit"": false, ""candidate_depth"": 100, ""ranking_k"": 10}"
medicine_13301,Những hợp chất có trong cây Ô rô nước có tác dụng gì đối với virus cúm?,3,"[""doc_d21683ca35bd44c87cc59a87""]","[""ctx_e896ae5f70e6b45aeb73ea12""]",1,1,1,1,True,True,BOTH_HIT,hit_at_evaluated_cutoff,BOTH_HIT,"{""bm25_hit"": true, ""dense_hit"": true, ""union_hit"": true, ""candidate_hit"": true, ""reranker_top_k_hit"": true, ""candidate_depth"": 100, ""ranking_k"": 10}"
medicine_5118,Huyết dụ có tác dụng chống lại vi khuẩn nào không?,3,"[""doc_4ffb4a4064b2dc27620ef6d9""]","[""ctx_dae7a2c6e7d6a128a5efb712""]",1,1,1,1,True,True,BOTH_HIT,hit_at_evaluated_cutoff,BOTH_HIT,"{""bm25_hit"": true, ""dense_hit"": true, ""union_hit"": true, ""candidate_hit"": true, ""reranker_top_k_hit"": true, ""candidate_depth"": 100, ""ranking_k"": 10}"
medicine_10692,Trong thành phần của Thì là có chứa thành phần hóa học nào?,3,"[""doc_1a9b46fdb765d3c9d3eb3eb8""]","[""ctx_795d16518238a564e3d928d4""]",55,2,8,1,True,True,BOTH_HIT,hit_at_evaluated_cutoff,BOTH_HIT,"{""bm25_hit"": true, ""dense_hit"": true, ""union_hit"": true, ""candidate_hit"": true, ""reranker_top_k_hit"": true, ""candidate_depth"": 100, ""ranking_k"": 10}"
medicine_11768,Khi sử dụng trà tiên để trị cảm cần kết hợp với những loại lá gì?,3,"[""doc_4d964f0d2a643cc65f70280b""]","[""ctx_b9f5293fdf400279c1e97e15""]",5,2,3,1,True,True,BOTH_HIT,hit_at_evaluated_cutoff,BOTH_HIT,"{""bm25_hit"": true, ""dense_hit"": true, ""union_hit"": true, ""candidate_hit"": true, ""reranker_top_k_hit"": true, ""candidate_depth"": 100, ""ranking_k"": 10}"
medicine_891,Bạch mao căn là cây gì?,3,"[""doc_dac86020215a4b520188d68b""]","[""ctx_b114b99fff9b9876ae870f6d""]",1,1,1,1,True,True,BOTH_HIT,hit_at_evaluated_cutoff,BOTH_HIT,"{""bm25_hit"": true, ""dense_hit"": true, ""union_hit"": true, ""candidate_hit"": true, ""reranker_top_k_hit"": true, ""candidate_depth"": 100, ""ranking_k"": 10}"
medicine_781,"Từ ""Bạch cập"" có ý nghĩa gì, và gắn liền với loài thực vật nào?",3,"[""doc_39c486dc6f226c004f085835""]","[""ctx_86c08c0c0d2e73eece001e15""]",,1,9,2,True,True,DENSE_ONLY_HIT,hit_at_evaluated_cutoff,DENSE_ONLY_HIT,"{""bm25_hit"": false, ""dense_hit"": true, ""union_hit"": true, ""candidate_hit"": true, ""reranker_top_k_hit"": true, ""candidate_depth"": 100, ""ranking_k"": 10}"
medicine_1591,Khi nào là thời điểm thích hợp nhất để thu hái dược liệu chìa vôi?,3,"[""doc_00340990486d9e47fcf324f9""]","[""ctx_c7e10866f300d4c96ad7d893""]",,,,,False,False,BOTH_MISS;CANDIDATE_MISS;DOC_AND_CHUNK_MISS,retrieval_or_fusion,BOTH_MISS; CANDIDATE_MISS; DOC_AND_CHUNK_MISS,"{""bm25_hit"": false, ""dense_hit"": false, ""union_hit"": false, ""candidate_hit"": false, ""reranker_top_k_hit"": false, ""candidate_depth"": 100, ""ranking_k"": 10}"
medicine_11518,Tinh dầu quế được chiết xuất từ đâu?,3,"[""doc_10451e5d01b137ad67b21a3b""]","[""ctx_e243896d0d825991b17f83d2""]",1,1,1,1,True,True,BOTH_HIT,hit_at_evaluated_cutoff,BOTH_HIT,"{""bm25_hit"": true, ""dense_hit"": true, ""union_hit"": true, ""candidate_hit"": true, ""reranker_top_k_hit"": true, ""candidate_depth"": 100, ""ranking_k"": 10}"
medicine_10294,"Ngoài Việt Nam, cây Tai chuột còn phân bố ở những quốc gia nào?",3,"[""doc_81b5a3738415c4c933f0475a""]","[""ctx_a4b70a372e1e64f141a7484d""]",11,1,1,1,True,True,BOTH_HIT,hit_at_evaluated_cutoff,BOTH_HIT,"{""bm25_hit"": true, ""dense_hit"": true, ""union_hit"": true, ""candidate_hit"": true, ""reranker_top_k_hit"": true, ""candidate_depth"": 100, ""ranking_k"": 10}"
medicine_3909,Đặc điểm hình dạng của lá Dâu tằm là gì?,3,"[""doc_02ed9bf502a2b1921f040671""]","[""ctx_c12cb21a777eab63e0e26d5d""]",8,1,3,1,True,True,BOTH_HIT,hit_at_evaluated_cutoff,BOTH_HIT,"{""bm25_hit"": true, ""dense_hit"": true, ""union_hit"": true, ""candidate_hit"": true, ""reranker_top_k_hit"": true, ""candidate_depth"": 100, ""ranking_k"": 10}"
medicine_11975,"Theo các nghiên cứu, chiết xuất Trầm hương có tác dụng gì?",3,"[""doc_3256a49207c9d0db136eba45""]","[""ctx_ca6aa4f80cf37ebb3a063b6e""]",1,9,2,1,True,True,BOTH_HIT,hit_at_evaluated_cutoff,BOTH_HIT,"{""bm25_hit"": true, ""dense_hit"": true, ""union_hit"": true, ""candidate_hit"": true, ""reranker_top_k_hit"": true, ""candidate_depth"": 100, ""ranking_k"": 10}"
medicine_442,Thành phần hóa học chính trong vỏ thân và rễ Bình bát là gì?,3,"[""doc_79c9a2e06fe1d544c0fdaefc""]","[""ctx_8c969fb01f061c96a1e278d1""]",,,,,False,False,BOTH_MISS;CANDIDATE_MISS;DOC_AND_CHUNK_MISS,retrieval_or_fusion,BOTH_MISS; CANDIDATE_MISS; DOC_AND_CHUNK_MISS,"{""bm25_hit"": false, ""dense_hit"": false, ""union_hit"": false, ""candidate_hit"": false, ""reranker_top_k_hit"": false, ""candidate_depth"": 100, ""ranking_k"": 10}"
medicine_11615,Một số hình thức sử dụng tinh dầu đuổi muỗi gồm...?,3,"[""doc_85b649c25864368e14bbc33d""]","[""ctx_06df33691d4ce8d9f84b3ef0""]",1,1,1,1,True,True,BOTH_HIT,hit_at_evaluated_cutoff,BOTH_HIT,"{""bm25_hit"": true, ""dense_hit"": true, ""union_hit"": true, ""candidate_hit"": true, ""reranker_top_k_hit"": true, ""candidate_depth"": 100, ""ranking_k"": 10}"
medicine_9234,Rau má có khả năng ức chế những vi sinh vật gây bệnh nào trên da?,3,"[""doc_392106fd6dbe8db8afe8040c""]","[""ctx_79b71e23a7c3b87d2915ab86""]",1,1,1,1,True,True,BOTH_HIT,hit_at_evaluated_cutoff,BOTH_HIT,"{""bm25_hit"": true, ""dense_hit"": true, ""union_hit"": true, ""candidate_hit"": true, ""reranker_top_k_hit"": true, ""candidate_depth"": 100, ""ranking_k"": 10}"
medicine_675,Có thể sử dụng bộ phận nào của cây Bạc hà để làm thuốc?,3,"[""doc_42b67cb3c7242516df021343""]","[""ctx_8db97c8e1f755419d7d3df1b""]",1,1,1,1,True,True,BOTH_HIT,hit_at_evaluated_cutoff,BOTH_HIT,"{""bm25_hit"": true, ""dense_hit"": true, ""union_hit"": true, ""candidate_hit"": true, ""reranker_top_k_hit"": true, ""candidate_depth"": 100, ""ranking_k"": 10}"
medicine_11102,Làm thế nào để sử dụng Thốt nốt?,3,"[""doc_8ce231fe585fccf2bd4496ee""]","[""ctx_81782e49c87b16213565c340""]",3,1,1,1,True,True,BOTH_HIT,hit_at_evaluated_cutoff,BOTH_HIT,"{""bm25_hit"": true, ""dense_hit"": true, ""union_hit"": true, ""candidate_hit"": true, ""reranker_top_k_hit"": true, ""candidate_depth"": 100, ""ranking_k"": 10}"
medicine_8674,Nấm ngọc cẩu được dùng theo cách nào để tốt cho sức khỏe?,3,"[""doc_a4b9f77eabda18bee619aa62""]","[""ctx_c675982cb8657100f15d5d3e""]",1,4,2,2,True,True,BOTH_HIT,hit_at_evaluated_cutoff,BOTH_HIT,"{""bm25_hit"": true, ""dense_hit"": true, ""union_hit"": true, ""candidate_hit"": true, ""reranker_top_k_hit"": true, ""candidate_depth"": 100, ""ranking_k"": 10}"
medicine_5004,Trường hợp nào dùng Hoàng nàn có hiệu quả?,3,"[""doc_6652c6e678e9bb135ba588dd""]","[""ctx_8e6b8f7ee802d224b9ccbdf0""]",1,1,1,1,True,True,BOTH_HIT,hit_at_evaluated_cutoff,BOTH_HIT,"{""bm25_hit"": true, ""dense_hit"": true, ""union_hit"": true, ""candidate_hit"": true, ""reranker_top_k_hit"": true, ""candidate_depth"": 100, ""ranking_k"": 10}"
medicine_5387,Những trường hợp nào không nên tự ý sử dụng các bài thuốc có sử dụng cây húng chanh?,3,"[""doc_b6a0b9d5ab0884fe14939815""]","[""ctx_dd3c18d541b0804aa1094fd0""]",1,1,1,1,True,True,BOTH_HIT,hit_at_evaluated_cutoff,BOTH_HIT,"{""bm25_hit"": true, ""dense_hit"": true, ""union_hit"": true, ""candidate_hit"": true, ""reranker_top_k_hit"": true, ""candidate_depth"": 100, ""ranking_k"": 10}"
medicine_2116,"Ngoài cây Bồ đề, còn có cây nào khác cũng có khả năng trị bệnh hiệu quả?",3,"[""doc_08e00821197bf979b253ac34""]","[""ctx_6972156980b0c150fe33bcdb""]",1,5,2,1,True,True,BOTH_HIT,hit_at_evaluated_cutoff,BOTH_HIT,"{""bm25_hit"": true, ""dense_hit"": true, ""union_hit"": true, ""candidate_hit"": true, ""reranker_top_k_hit"": true, ""candidate_depth"": 100, ""ranking_k"": 10}"
medicine_8296,Thành phần hóa học chính của Ngải cứu là gì?,3,"[""doc_677b5da371a6f5fa55a7154b""]","[""ctx_6c377d54d5a3719697170680""]",13,1,3,1,True,True,BOTH_HIT,hit_at_evaluated_cutoff,BOTH_HIT,"{""bm25_hit"": true, ""dense_hit"": true, ""union_hit"": true, ""candidate_hit"": true, ""reranker_top_k_hit"": true, ""candidate_depth"": 100, ""ranking_k"": 10}"
medicine_11465,Có khả năng xảy ra phản ứng dị ứng khi sử dụng tinh dầu khuynh diệp không?,3,"[""doc_7833bf2262f800302fff5057""]","[""ctx_d2d9e912b7203e82cb8bbe80""]",1,1,1,1,True,True,BOTH_HIT,hit_at_evaluated_cutoff,BOTH_HIT,"{""bm25_hit"": true, ""dense_hit"": true, ""union_hit"": true, ""candidate_hit"": true, ""reranker_top_k_hit"": true, ""candidate_depth"": 100, ""ranking_k"": 10}"
medicine_9473,Cần chế biến Rau ôm như thế nào rồi mới có thể sử dụng chúng làm thuốc?,3,"[""doc_5ddcbe82cb933f7cd6072545""]","[""ctx_57b15b7e1e6f5c762a79a57f""]",82,4,11,3,True,True,BOTH_HIT,hit_at_evaluated_cutoff,BOTH_HIT,"{""bm25_hit"": true, ""dense_hit"": true, ""union_hit"": true, ""candidate_hit"": true, ""reranker_top_k_hit"": true, ""candidate_depth"": 100, ""ranking_k"": 10}"
medicine_79,Tràng hoa của Dược liệu Atiso đỏ có kích thước ra sao?,3,"[""doc_19cf57ac7ad3b2bb79ca40ac""]","[""ctx_35adb4823216b118046b42ef""]",89,79,33,2,True,True,BOTH_HIT,hit_at_evaluated_cutoff,BOTH_HIT,"{""bm25_hit"": true, ""dense_hit"": true, ""union_hit"": true, ""candidate_hit"": true, ""reranker_top_k_hit"": true, ""candidate_depth"": 100, ""ranking_k"": 10}"
medicine_9926,"Ở Việt Nam, đâu là địa phương nào thường dùng Sâm cau để chữa bệnh?",3,"[""doc_cb89ec943d52b072681f993c""]","[""ctx_63dd61d42469cd62a667c830""]",4,1,2,1,True,True,BOTH_HIT,hit_at_evaluated_cutoff,BOTH_HIT,"{""bm25_hit"": true, ""dense_hit"": true, ""union_hit"": true, ""candidate_hit"": true, ""reranker_top_k_hit"": true, ""candidate_depth"": 100, ""ranking_k"": 10}"
medicine_2577,Nhựa cây Si được chích ở đâu?,3,"[""doc_cd749bb9b79d40421c344b1a""]","[""ctx_b1199138c8b7d4b1f55ae07e""]",1,1,1,1,True,True,BOTH_HIT,hit_at_evaluated_cutoff,BOTH_HIT,"{""bm25_hit"": true, ""dense_hit"": true, ""union_hit"": true, ""candidate_hit"": true, ""reranker_top_k_hit"": true, ""candidate_depth"": 100, ""ranking_k"": 10}"
medicine_10510,"Ngoài công dụng gây sẩy thai, Thiên hoa phấn còn có những tác dụng nào khác?",3,"[""doc_79e1dfe6bbd65d744e1e361e""]","[""ctx_ed0d5baa5ffc130437df5a11""]",1,1,1,1,True,True,BOTH_HIT,hit_at_evaluated_cutoff,BOTH_HIT,"{""bm25_hit"": true, ""dense_hit"": true, ""union_hit"": true, ""candidate_hit"": true, ""reranker_top_k_hit"": true, ""candidate_depth"": 100, ""ranking_k"": 10}"
medicine_8398,Tại sao nhuỵ hoa nghệ tây cần được hái vào buổi sáng trước khi mặt trời lên?,3,"[""doc_470993a673e3f6b9a96fa31d""]","[""ctx_db12a7033f1920b83a9d8f82""]",1,2,1,1,True,True,BOTH_HIT,hit_at_evaluated_cutoff,BOTH_HIT,"{""bm25_hit"": true, ""dense_hit"": true, ""union_hit"": true, ""candidate_hit"": true, ""reranker_top_k_hit"": true, ""candidate_depth"": 100, ""ranking_k"": 10}"
medicine_7683,Trong trường hợp nào không nên dùng mật ong?,3,"[""doc_77f24c1e82377ffc76b9993a""]","[""ctx_49d9fb48a06d9858c014c294""]",2,1,1,1,True,True,BOTH_HIT,hit_at_evaluated_cutoff,BOTH_HIT,"{""bm25_hit"": true, ""dense_hit"": true, ""union_hit"": true, ""candidate_hit"": true, ""reranker_top_k_hit"": true, ""candidate_depth"": 100, ""ranking_k"": 10}"
medicine_13108,Liều lượng chung của Xạ hương thường là bao nhiêu?,3,"[""doc_cfc000bcf47553be0b0135f7""]","[""ctx_0925f8c389af4eb93f990207""]",,9,26,1,True,True,DENSE_ONLY_HIT,hit_at_evaluated_cutoff,DENSE_ONLY_HIT,"{""bm25_hit"": false, ""dense_hit"": true, ""union_hit"": true, ""candidate_hit"": true, ""reranker_top_k_hit"": true, ""candidate_depth"": 100, ""ranking_k"": 10}"
medicine_12805,Xuyên khung được sử dụng như thế nào để điều trị nhiễm trùng do nấm?,3,"[""doc_945db0ea18435f28a02e029e""]","[""ctx_82d6e0aa614c69dba6b9e338""]",1,1,1,1,True,True,BOTH_HIT,hit_at_evaluated_cutoff,BOTH_HIT,"{""bm25_hit"": true, ""dense_hit"": true, ""union_hit"": true, ""candidate_hit"": true, ""reranker_top_k_hit"": true, ""candidate_depth"": 100, ""ranking_k"": 10}"
medicine_447,Bình bát có tác dụng kháng khuẩn với những loại vi khuẩn nào?,3,"[""doc_79c9a2e06fe1d544c0fdaefc""]","[""ctx_9b2eba6eeea3f792d1f79495""]",3,1,1,1,True,True,BOTH_HIT,hit_at_evaluated_cutoff,BOTH_HIT,"{""bm25_hit"": true, ""dense_hit"": true, ""union_hit"": true, ""candidate_hit"": true, ""reranker_top_k_hit"": true, ""candidate_depth"": 100, ""ranking_k"": 10}"
medicine_2260,Tác dụng chống oxy hóa của cây hoa mào gà đỏ được ghi chép ở đâu?,3,"[""doc_525c34a3f8a3ec37090f770e""]","[""ctx_43d3d65658a40100f13324b5""]",1,1,1,1,True,True,BOTH_HIT,hit_at_evaluated_cutoff,BOTH_HIT,"{""bm25_hit"": true, ""dense_hit"": true, ""union_hit"": true, ""candidate_hit"": true, ""reranker_top_k_hit"": true, ""candidate_depth"": 100, ""ranking_k"": 10}"
medicine_8313,Ngải cứu có thể sử dụng trong những trường hợp nào?,3,"[""doc_677b5da371a6f5fa55a7154b""]","[""ctx_30fca49d2e8f2d20701c5969""]",2,3,3,1,True,True,BOTH_HIT,hit_at_evaluated_cutoff,BOTH_HIT,"{""bm25_hit"": true, ""dense_hit"": true, ""union_hit"": true, ""candidate_hit"": true, ""reranker_top_k_hit"": true, ""candidate_depth"": 100, ""ranking_k"": 10}"
medicine_1394,"Theo Y học cổ truyền, vị của cao khỉ là gì?",3,"[""doc_236edccd920fb0a51056062d""]","[""ctx_37eb04e852945665a9c5452d""]",1,1,1,1,True,True,BOTH_HIT,hit_at_evaluated_cutoff,BOTH_HIT,"{""bm25_hit"": true, ""dense_hit"": true, ""union_hit"": true, ""candidate_hit"": true, ""reranker_top_k_hit"": true, ""candidate_depth"": 100, ""ranking_k"": 10}"
medicine_13491,Cách ngắt đăng tâm thảo khi dùng dược liệu như thuốc thang thế nào?,3,"[""doc_e164c27a88b7c0842ce5c9a1""]","[""ctx_e6af5bd12c6b28b18112ede5""]",1,2,2,1,True,True,BOTH_HIT,hit_at_evaluated_cutoff,BOTH_HIT,"{""bm25_hit"": true, ""dense_hit"": true, ""union_hit"": true, ""candidate_hit"": true, ""reranker_top_k_hit"": true, ""candidate_depth"": 100, ""ranking_k"": 10}"
medicine_2572,Dược liệu Cây ráy nên được sử dụng như thế nào?,3,"[""doc_b4429b3611b9f84de23c6c4d""]","[""ctx_5808c9a3ca404f589571e6d0""]",1,2,1,2,True,True,BOTH_HIT,hit_at_evaluated_cutoff,BOTH_HIT,"{""bm25_hit"": true, ""dense_hit"": true, ""union_hit"": true, ""candidate_hit"": true, ""reranker_top_k_hit"": true, ""candidate_depth"": 100, ""ranking_k"": 10}"
medicine_13490,Đăng tâm thảo được chế biến như thế nào?,3,"[""doc_e164c27a88b7c0842ce5c9a1""]","[""ctx_e6af5bd12c6b28b18112ede5""]",5,2,2,1,True,True,BOTH_HIT,hit_at_evaluated_cutoff,BOTH_HIT,"{""bm25_hit"": true, ""dense_hit"": true, ""union_hit"": true, ""candidate_hit"": true, ""reranker_top_k_hit"": true, ""candidate_depth"": 100, ""ranking_k"": 10}"
medicine_6157,Kim ngân hoa thể hiện tác dụng chống oxy hóa được thực hiện bằng cách nào?,3,"[""doc_ef23b4a234e82be6ac889da2""]","[""ctx_35f2aed03f683d67f3295d9a""]",2,3,1,1,True,True,BOTH_HIT,hit_at_evaluated_cutoff,BOTH_HIT,"{""bm25_hit"": true, ""dense_hit"": true, ""union_hit"": true, ""candidate_hit"": true, ""reranker_top_k_hit"": true, ""candidate_depth"": 100, ""ranking_k"": 10}"
medicine_5412,Húng quế được sử dụng để chữa bệnh gì?,3,"[""doc_455fc09ab1bb93a8afe25b40""]","[""ctx_420c8fe5cfd0fb8299efa771""]",8,9,6,4,True,True,BOTH_HIT,hit_at_evaluated_cutoff,BOTH_HIT,"{""bm25_hit"": true, ""dense_hit"": true, ""union_hit"": true, ""candidate_hit"": true, ""reranker_top_k_hit"": true, ""candidate_depth"": 100, ""ranking_k"": 10}"
medicine_10099,Liều lượng sử dụng bài thuốc lá Sòi là bao nhiêu?,3,"[""doc_2c0887532f3f10ce1c16ef78""]","[""ctx_ebe22bd2c3b29a81b15e58cf""]",12,1,2,1,True,True,BOTH_HIT,hit_at_evaluated_cutoff,BOTH_HIT,"{""bm25_hit"": true, ""dense_hit"": true, ""union_hit"": true, ""candidate_hit"": true, ""reranker_top_k_hit"": true, ""candidate_depth"": 100, ""ranking_k"": 10}"
medicine_4172,Công dụng của Dạ cẩm là gì?,3,"[""doc_1638ca7db715c9de3c3992f0""]","[""ctx_fd0032eae767d3fc72796aa6""]",1,1,1,1,True,True,BOTH_HIT,hit_at_evaluated_cutoff,BOTH_HIT,"{""bm25_hit"": true, ""dense_hit"": true, ""union_hit"": true, ""candidate_hit"": true, ""reranker_top_k_hit"": true, ""candidate_depth"": 100, ""ranking_k"": 10}"
medicine_11326,"Theo nghiên cứu công bố trên Tạp chí Y tế Phytomedicine vào năm 2012, liệu pháp hương thơm dựa trên tinh dầu hoa oải hương có tác dụng như thế nào?",3,"[""doc_d525dc71294a77261393580c""]","[""ctx_9fb32609d5d0b6f8ce9ff22a""]",1,1,1,1,True,True,BOTH_HIT,hit_at_evaluated_cutoff,BOTH_HIT,"{""bm25_hit"": true, ""dense_hit"": true, ""union_hit"": true, ""candidate_hit"": true, ""reranker_top_k_hit"": true, ""candidate_depth"": 100, ""ranking_k"": 10}"
medicine_8763,Nữ trinh tử có vị gì?,3,"[""doc_d3c2d281043b2cd0e2476251""]","[""ctx_633fe3761f74098bd7e3874a""]",5,1,3,1,True,True,BOTH_HIT,hit_at_evaluated_cutoff,BOTH_HIT,"{""bm25_hit"": true, ""dense_hit"": true, ""union_hit"": true, ""candidate_hit"": true, ""reranker_top_k_hit"": true, ""candidate_depth"": 100, ""ranking_k"": 10}"
medicine_2894,Được sử dụng bộ phận nào của cây Cù mạch?,3,"[""doc_cb2d0deabf61051796b7f876""]","[""ctx_938ee9f2b13ce2a8ffd2cae2""]",6,1,3,1,True,True,BOTH_HIT,hit_at_evaluated_cutoff,BOTH_HIT,"{""bm25_hit"": true, ""dense_hit"": true, ""union_hit"": true, ""candidate_hit"": true, ""reranker_top_k_hit"": true, ""candidate_depth"": 100, ""ranking_k"": 10}"
medicine_9220,Rau muống có công dụng gì?,3,"[""doc_0067c2852c32d9286b49b177""]","[""ctx_93e86500e22c334b7adc7ab2""]",3,4,3,5,True,True,BOTH_HIT,hit_at_evaluated_cutoff,BOTH_HIT,"{""bm25_hit"": true, ""dense_hit"": true, ""union_hit"": true, ""candidate_hit"": true, ""reranker_top_k_hit"": true, ""candidate_depth"": 100, ""ranking_k"": 10}"
medicine_2189,Cây cỏ lào có đặc điểm gì?,3,"[""doc_8dc124fc38ffbed511730aae""]","[""ctx_542659584d60bd6041e08d9b""]",1,3,1,2,True,True,BOTH_HIT,hit_at_evaluated_cutoff,BOTH_HIT,"{""bm25_hit"": true, ""dense_hit"": true, ""union_hit"": true, ""candidate_hit"": true, ""reranker_top_k_hit"": true, ""candidate_depth"": 100, ""ranking_k"": 10}"
medicine_4517,"Hoa, lá và rễ dừa cạn có tác dụng gì đối với nấm?",3,"[""doc_77ee5c1e876658bae2a1ea80""]","[""ctx_88efc197bad2a8aee9bc27c2""]",1,1,1,1,True,True,BOTH_HIT,hit_at_evaluated_cutoff,BOTH_HIT,"{""bm25_hit"": true, ""dense_hit"": true, ""union_hit"": true, ""candidate_hit"": true, ""reranker_top_k_hit"": true, ""candidate_depth"": 100, ""ranking_k"": 10}"
medicine_3687,Củ nén hỗ trợ quá trình tiêu hóa bằng cách nào?,3,"[""doc_7fea8cc3d67a5a9f4af76789""]","[""ctx_68ca712c6ecef88ea778a028""]",55,1,2,1,True,True,BOTH_HIT,hit_at_evaluated_cutoff,BOTH_HIT,"{""bm25_hit"": true, ""dense_hit"": true, ""union_hit"": true, ""candidate_hit"": true, ""reranker_top_k_hit"": true, ""candidate_depth"": 100, ""ranking_k"": 10}"
medicine_8986,Qua lâu thường được biết đến với tên gọi khác là gì?,3,"[""doc_107c779ac6667e85e22cecaa""]","[""ctx_7c38b725fd560ae4af419ef0""]",86,20,13,2,True,True,BOTH_HIT,hit_at_evaluated_cutoff,BOTH_HIT,"{""bm25_hit"": true, ""dense_hit"": true, ""union_hit"": true, ""candidate_hit"": true, ""reranker_top_k_hit"": true, ""candidate_depth"": 100, ""ranking_k"": 10}"
medicine_7899,Thành phần hóa học của mủ trôm bao gồm những chất nào?,3,"[""doc_24d65a7290a2ec4a7a21e8a9""]","[""ctx_dc92d5bf2b3842c4b6093d9d""]",1,1,1,1,True,True,BOTH_HIT,hit_at_evaluated_cutoff,BOTH_HIT,"{""bm25_hit"": true, ""dense_hit"": true, ""union_hit"": true, ""candidate_hit"": true, ""reranker_top_k_hit"": true, ""candidate_depth"": 100, ""ranking_k"": 10}"
medicine_9144,Ở những khu vực nào trên thế giới có thể tìm thấy cây rau dền cơm?,3,"[""doc_d397dcba12c999332e1e1a25""]","[""ctx_cdd55b1801779b5d1cd644d5""]",1,1,1,1,True,True,BOTH_HIT,hit_at_evaluated_cutoff,BOTH_HIT,"{""bm25_hit"": true, ""dense_hit"": true, ""union_hit"": true, ""candidate_hit"": true, ""reranker_top_k_hit"": true, ""candidate_depth"": 100, ""ranking_k"": 10}"
medicine_9573,"Theo y học cổ truyền, rong biển được dùng để điều trị các chứng bệnh gì?",3,"[""doc_a00b949a524ba4128bb482c0""]","[""ctx_a4860b5fbd97a8700f52f6e9""]",3,2,2,1,True,True,BOTH_HIT,hit_at_evaluated_cutoff,BOTH_HIT,"{""bm25_hit"": true, ""dense_hit"": true, ""union_hit"": true, ""candidate_hit"": true, ""reranker_top_k_hit"": true, ""candidate_depth"": 100, ""ranking_k"": 10}"
medicine_10053,"Khi sử dụng sâm đất, vì sao không nên dùng chung với rượu?",3,"[""doc_d840be697a1868500bb99da4""]","[""ctx_fa127e20ca61419f3f54766b""]",1,1,1,1,True,True,BOTH_HIT,hit_at_evaluated_cutoff,BOTH_HIT,"{""bm25_hit"": true, ""dense_hit"": true, ""union_hit"": true, ""candidate_hit"": true, ""reranker_top_k_hit"": true, ""candidate_depth"": 100, ""ranking_k"": 10}"
medicine_998,Cần sử dụng dầu bạch đàn như thế nào khi bị cảm lạnh?,3,"[""doc_7d2d13122919f79b734112d1""]","[""ctx_310b8d10c706824753236096""]",2,1,1,1,True,True,BOTH_HIT,hit_at_evaluated_cutoff,BOTH_HIT,"{""bm25_hit"": true, ""dense_hit"": true, ""union_hit"": true, ""candidate_hit"": true, ""reranker_top_k_hit"": true, ""candidate_depth"": 100, ""ranking_k"": 10}"
medicine_2165,"Cây chàm được sử dụng như thế nào để chữa nhọt lở, đau nhức?",3,"[""doc_87aa3ad30c7622d59ee7268a""]","[""ctx_3fa5e3b29d841ae896c52f9a""]",,6,26,1,True,True,DENSE_ONLY_HIT,hit_at_evaluated_cutoff,DENSE_ONLY_HIT,"{""bm25_hit"": false, ""dense_hit"": true, ""union_hit"": true, ""candidate_hit"": true, ""reranker_top_k_hit"": true, ""candidate_depth"": 100, ""ranking_k"": 10}"
medicine_6886,Nơi phân bố chính của cây lưỡi rắn là ở đâu?,3,"[""doc_28c957f5386785463d039c4d""]","[""ctx_c48db8da55d79354e8dfb4e9""]",1,1,1,1,True,True,BOTH_HIT,hit_at_evaluated_cutoff,BOTH_HIT,"{""bm25_hit"": true, ""dense_hit"": true, ""union_hit"": true, ""candidate_hit"": true, ""reranker_top_k_hit"": true, ""candidate_depth"": 100, ""ranking_k"": 10}"
medicine_9371,Cơ chế tác dụng kháng khuẩn của rau ngót như thế nào?,3,"[""doc_fb6069e225f178689a074624""]","[""ctx_f7bcd8ac742f7712b45a7f05""]",3,1,2,1,True,True,BOTH_HIT,hit_at_evaluated_cutoff,BOTH_HIT,"{""bm25_hit"": true, ""dense_hit"": true, ""union_hit"": true, ""candidate_hit"": true, ""reranker_top_k_hit"": true, ""candidate_depth"": 100, ""ranking_k"": 10}"
medicine_440,Trong lá Bình bát có chứa hợp chất triterpenoid nào mới?,3,"[""doc_79c9a2e06fe1d544c0fdaefc""]","[""ctx_bffea145b6a5c6ec68eee93e""]",1,3,1,1,True,True,BOTH_HIT,hit_at_evaluated_cutoff,BOTH_HIT,"{""bm25_hit"": true, ""dense_hit"": true, ""union_hit"": true, ""candidate_hit"": true, ""reranker_top_k_hit"": true, ""candidate_depth"": 100, ""ranking_k"": 10}"
medicine_5096,Nên tránh điều gì khi bảo quản Hoắc hương?,3,"[""doc_56aa61b96e5a46b4580bb440""]","[""ctx_e378243494f096d1509b5501""]",,,,,False,True,BOTH_MISS;CANDIDATE_MISS;DOC_HIT_CHUNK_MISS,retrieval_or_fusion,BOTH_MISS; CANDIDATE_MISS; DOC_HIT_CHUNK_MISS,"{""bm25_hit"": false, ""dense_hit"": false, ""union_hit"": false, ""candidate_hit"": false, ""reranker_top_k_hit"": false, ""candidate_depth"": 100, ""ranking_k"": 10}"
medicine_8952,Phục thần có thành phần nào đặc biệt không?,3,"[""doc_3ddfe9bb23492abe65ff4dda""]","[""ctx_eff7fe29192ec8cf6b619b10""]",2,2,1,2,True,True,BOTH_HIT,hit_at_evaluated_cutoff,BOTH_HIT,"{""bm25_hit"": true, ""dense_hit"": true, ""union_hit"": true, ""candidate_hit"": true, ""reranker_top_k_hit"": true, ""candidate_depth"": 100, ""ranking_k"": 10}"
medicine_4487,Dứa dại có tên gọi khác là gì?,3,"[""doc_1c1d78071912f1e902c0f67f""]","[""ctx_451bfd47b419870067295342""]",1,1,1,1,True,True,BOTH_HIT,hit_at_evaluated_cutoff,BOTH_HIT,"{""bm25_hit"": true, ""dense_hit"": true, ""union_hit"": true, ""candidate_hit"": true, ""reranker_top_k_hit"": true, ""candidate_depth"": 100, ""ranking_k"": 10}"
medicine_11743,"Trong nghiên cứu trên mô hình gây u báng ở chuột nhắt trắng, tác dụng của thuốc bào chế từ hỗn hợp 3 dược liệu: lá Trinh nữ hoàng cung, củ tam thất, lá đu đủ như thế nào?",3,"[""doc_0f4dedf8c7142a5f657c64e9""]","[""ctx_de114101e99daa1c30d19b3f""]",1,1,1,1,True,True,BOTH_HIT,hit_at_evaluated_cutoff,BOTH_HIT,"{""bm25_hit"": true, ""dense_hit"": true, ""union_hit"": true, ""candidate_hit"": true, ""reranker_top_k_hit"": true, ""candidate_depth"": 100, ""ranking_k"": 10}"
medicine_247,"Theo đoạn trích, lượng thuốc ""Bá tử nhân"" được phép dùng trong 1 ngày là bao nhiêu?",3,"[""doc_5cd5b90341f41216476a7be2""]","[""ctx_97dd87626e6159539661ecba""]",1,1,1,1,True,True,BOTH_HIT,hit_at_evaluated_cutoff,BOTH_HIT,"{""bm25_hit"": true, ""dense_hit"": true, ""union_hit"": true, ""candidate_hit"": true, ""reranker_top_k_hit"": true, ""candidate_depth"": 100, ""ranking_k"": 10}"
medicine_7565,Vỏ cây mẫu đơn bì còn có tên gọi nào khác?,3,"[""doc_d788e12dd22bbb499a1e89b5""]","[""ctx_e9f45362d014f0569c7000b8""]",1,1,1,1,True,True,BOTH_HIT,hit_at_evaluated_cutoff,BOTH_HIT,"{""bm25_hit"": true, ""dense_hit"": true, ""union_hit"": true, ""candidate_hit"": true, ""reranker_top_k_hit"": true, ""candidate_depth"": 100, ""ranking_k"": 10}"
medicine_5820,Baltic được biết đến là khu vực có trữ lượng hổ phách như thế nào?,3,"[""doc_b6e17980ea299ec51b09f8f9""]","[""ctx_eb338a26009fbad5088b60a5""]",1,1,1,1,True,True,BOTH_HIT,hit_at_evaluated_cutoff,BOTH_HIT,"{""bm25_hit"": true, ""dense_hit"": true, ""union_hit"": true, ""candidate_hit"": true, ""reranker_top_k_hit"": true, ""candidate_depth"": 100, ""ranking_k"": 10}"
medicine_7073,Muối ăn có tính chất gì đặc biệt?,3,"[""doc_d84f3a0d8a15094d3eca23df""]","[""ctx_af6254a54bfdca7b81e19d74""]",2,1,1,1,True,True,BOTH_HIT,hit_at_evaluated_cutoff,BOTH_HIT,"{""bm25_hit"": true, ""dense_hit"": true, ""union_hit"": true, ""candidate_hit"": true, ""reranker_top_k_hit"": true, ""candidate_depth"": 100, ""ranking_k"": 10}"
medicine_10416,"Ngoài tác dụng bảo vệ thần kinh, an thần, chống ung thư, điều hòa miễn dịch, thuốc kháng vi rút, thuốc lợi tiểu và thuốc hạ huyết áp, Tang ký sinh còn có tác dụng khác gì không?",3,"[""doc_b35bf9b4c896a5c41b6c2c78""]","[""ctx_154e02f911daccbe80dbfb90""]",1,1,1,1,True,True,BOTH_HIT,hit_at_evaluated_cutoff,BOTH_HIT,"{""bm25_hit"": true, ""dense_hit"": true, ""union_hit"": true, ""candidate_hit"": true, ""reranker_top_k_hit"": true, ""candidate_depth"": 100, ""ranking_k"": 10}"
medicine_10050,Sâm đất có tác dụng gì trong điều trị các bệnh nhiễm trùng ảnh hưởng đến làn da?,3,"[""doc_d840be697a1868500bb99da4""]","[""ctx_c4a2c0794396a5df9ab01233""]",1,1,1,1,True,True,BOTH_HIT,hit_at_evaluated_cutoff,BOTH_HIT,"{""bm25_hit"": true, ""dense_hit"": true, ""union_hit"": true, ""candidate_hit"": true, ""reranker_top_k_hit"": true, ""candidate_depth"": 100, ""ranking_k"": 10}"
medicine_5593,Hạt kê có tác dụng gì trong việc thải nước tiểu?,3,"[""doc_b4cce3e193f38b31b77c79d8""]","[""ctx_ca2792a8296beba566d41505""]",1,1,1,1,True,True,BOTH_HIT,hit_at_evaluated_cutoff,BOTH_HIT,"{""bm25_hit"": true, ""dense_hit"": true, ""union_hit"": true, ""candidate_hit"": true, ""reranker_top_k_hit"": true, ""candidate_depth"": 100, ""ranking_k"": 10}"
medicine_6907,Thành phần hóa học của Lược vàng có những loại acid béo nào?,3,"[""doc_609f0ef66ebca079bac35503""]","[""ctx_4531878b7392a871b53782cc""]",10,1,2,1,True,True,BOTH_HIT,hit_at_evaluated_cutoff,BOTH_HIT,"{""bm25_hit"": true, ""dense_hit"": true, ""union_hit"": true, ""candidate_hit"": true, ""reranker_top_k_hit"": true, ""candidate_depth"": 100, ""ranking_k"": 10}"
medicine_3475,Khi nào thì thu hái cây Cỏ the?,3,"[""doc_b95b8786eaa5e186c95807de""]","[""ctx_a3820d3a983794729b9617a2""]",1,1,1,1,True,True,BOTH_HIT,hit_at_evaluated_cutoff,BOTH_HIT,"{""bm25_hit"": true, ""dense_hit"": true, ""union_hit"": true, ""candidate_hit"": true, ""reranker_top_k_hit"": true, ""candidate_depth"": 100, ""ranking_k"": 10}"
medicine_2412,Lá cây muối có hình dạng như thế nào?,3,"[""doc_89fa7b3b27adc574c912b633""]","[""ctx_aaff4c6a874d27b562f565b0""]",,,,,False,True,BOTH_MISS;CANDIDATE_MISS;DOC_HIT_CHUNK_MISS,retrieval_or_fusion,BOTH_MISS; CANDIDATE_MISS; DOC_HIT_CHUNK_MISS,"{""bm25_hit"": false, ""dense_hit"": false, ""union_hit"": false, ""candidate_hit"": false, ""reranker_top_k_hit"": false, ""candidate_depth"": 100, ""ranking_k"": 10}"
medicine_10070,Điều kiện bảo quản sâu ban miêu như thế nào?,3,"[""doc_fec310368c1a67d4d914d275""]","[""ctx_1842d940ce60909879aaf685""]",3,1,1,1,True,True,BOTH_HIT,hit_at_evaluated_cutoff,BOTH_HIT,"{""bm25_hit"": true, ""dense_hit"": true, ""union_hit"": true, ""candidate_hit"": true, ""reranker_top_k_hit"": true, ""candidate_depth"": 100, ""ranking_k"": 10}"
medicine_7850,Khi nào thu hoạch cây Mộc thông?,3,"[""doc_6438555ddc5ca026c7e6e82a""]","[""ctx_d30d6ca4f949225ba1346ba2""]",1,1,1,1,True,True,BOTH_HIT,hit_at_evaluated_cutoff,BOTH_HIT,"{""bm25_hit"": true, ""dense_hit"": true, ""union_hit"": true, ""candidate_hit"": true, ""reranker_top_k_hit"": true, ""candidate_depth"": 100, ""ranking_k"": 10}"
medicine_10199,Nấu thạch từ bộ phận nào của cây sương sâm?,3,"[""doc_2786fcb61c4fa205c0b7d1d5""]","[""ctx_9046eedeeba7105779ba392d""]",10,30,9,1,True,True,BOTH_HIT,hit_at_evaluated_cutoff,BOTH_HIT,"{""bm25_hit"": true, ""dense_hit"": true, ""union_hit"": true, ""candidate_hit"": true, ""reranker_top_k_hit"": true, ""candidate_depth"": 100, ""ranking_k"": 10}"
medicine_12373,"Khi sử dụng bài thuốc Tỏa dương và rượu với tỉ lệ 1:5, cần chú ý điều gì?",3,"[""doc_c50a01b4ec84cc107a766baf""]","[""ctx_fef3951645b4f4059565ad95""]",1,2,1,1,True,True,BOTH_HIT,hit_at_evaluated_cutoff,BOTH_HIT,"{""bm25_hit"": true, ""dense_hit"": true, ""union_hit"": true, ""candidate_hit"": true, ""reranker_top_k_hit"": true, ""candidate_depth"": 100, ""ranking_k"": 10}"
medicine_9934,Sâm tố nữ thuộc họ nào?,3,"[""doc_ffe5ffa62e2d307c73d04939""]","[""ctx_2a08e1612598501a532239b3""]",1,2,1,1,True,True,BOTH_HIT,hit_at_evaluated_cutoff,BOTH_HIT,"{""bm25_hit"": true, ""dense_hit"": true, ""union_hit"": true, ""candidate_hit"": true, ""reranker_top_k_hit"": true, ""candidate_depth"": 100, ""ranking_k"": 10}"
medicine_323,Cây thuốc Bán chi liên có đặc điểm gì về thân cây?,3,"[""doc_5c6af7ba07b23bfd61d1e23c""]","[""ctx_913f542896d53c8fe30034d3""]",1,1,1,1,True,True,BOTH_HIT,hit_at_evaluated_cutoff,BOTH_HIT,"{""bm25_hit"": true, ""dense_hit"": true, ""union_hit"": true, ""candidate_hit"": true, ""reranker_top_k_hit"": true, ""candidate_depth"": 100, ""ranking_k"": 10}"
medicine_11424,"Theo nghiên cứu, thành phần trong tinh dầu hồi nào có tác dụng kháng nấm?",3,"[""doc_e7ebee4c4c083ca6948daca9""]","[""ctx_c0144636603b25eece1ad119""]",1,1,1,1,True,True,BOTH_HIT,hit_at_evaluated_cutoff,BOTH_HIT,"{""bm25_hit"": true, ""dense_hit"": true, ""union_hit"": true, ""candidate_hit"": true, ""reranker_top_k_hit"": true, ""candidate_depth"": 100, ""ranking_k"": 10}"
medicine_2314,Quy trình sơ chế rễ cây lá gai sử dụng làm thuốc diễn ra như thế nào?,3,"[""doc_9e302e0f709652d9d24dc3c7""]","[""ctx_a59711d8d8cbed5028bb8d6a""]",6,3,2,1,True,True,BOTH_HIT,hit_at_evaluated_cutoff,BOTH_HIT,"{""bm25_hit"": true, ""dense_hit"": true, ""union_hit"": true, ""candidate_hit"": true, ""reranker_top_k_hit"": true, ""candidate_depth"": 100, ""ranking_k"": 10}"
medicine_5630,Hạt sachi chứa chất dinh dưỡng nào có lợi cho làn da?,3,"[""doc_77d4fe9927c04c04d7ca8274""]","[""ctx_6e13704be10056d2f13a760f""]",1,1,1,1,True,True,BOTH_HIT,hit_at_evaluated_cutoff,BOTH_HIT,"{""bm25_hit"": true, ""dense_hit"": true, ""union_hit"": true, ""candidate_hit"": true, ""reranker_top_k_hit"": true, ""candidate_depth"": 100, ""ranking_k"": 10}"
medicine_3580,"Theo Y học cổ truyền, củ Niễng quy vào những kinh nào?",3,"[""doc_a016c933d82af855fe1663f7""]","[""ctx_375c87c09d1e94707ccfa900""]",1,2,1,1,True,True,BOTH_HIT,hit_at_evaluated_cutoff,BOTH_HIT,"{""bm25_hit"": true, ""dense_hit"": true, ""union_hit"": true, ""candidate_hit"": true, ""reranker_top_k_hit"": true, ""candidate_depth"": 100, ""ranking_k"": 10}"
medicine_3129,"Trong bài thuốc chữa trẻ em bị ghẻ lở loang loét, Cảo bản có tác dụng gì?",3,"[""doc_43aa73824a3677465c0063a5""]","[""ctx_efd7887c45e65dc0d4e61bfa""]",88,5,11,1,True,True,BOTH_HIT,hit_at_evaluated_cutoff,BOTH_HIT,"{""bm25_hit"": true, ""dense_hit"": true, ""union_hit"": true, ""candidate_hit"": true, ""reranker_top_k_hit"": true, ""candidate_depth"": 100, ""ranking_k"": 10}"
medicine_7261,Phần lá mọc ở vị trí nào trên thân cây mía lau?,3,"[""doc_bc7458febed084e806f4133e""]","[""ctx_1edc942cc0c908dec199a2ac""]",1,1,1,1,True,True,BOTH_HIT,hit_at_evaluated_cutoff,BOTH_HIT,"{""bm25_hit"": true, ""dense_hit"": true, ""union_hit"": true, ""candidate_hit"": true, ""reranker_top_k_hit"": true, ""candidate_depth"": 100, ""ranking_k"": 10}"
medicine_485,"Theo kinh nghiệm dân gian, Bí kỳ nam có tác dụng gì?",3,"[""doc_04db17504060091c89d24704""]","[""ctx_c0dd40e1d59a3b8d839fea97""]",1,1,1,1,True,True,BOTH_HIT,hit_at_evaluated_cutoff,BOTH_HIT,"{""bm25_hit"": true, ""dense_hit"": true, ""union_hit"": true, ""candidate_hit"": true, ""reranker_top_k_hit"": true, ""candidate_depth"": 100, ""ranking_k"": 10}"
medicine_13738,Từ đâu ta lấy hạt đậu mèo để làm thuốc?,3,"[""doc_0a0de767ab995b8fdc256a8c""]","[""ctx_773eb26287df94f8b41f3eac""]",2,3,3,1,True,True,BOTH_HIT,hit_at_evaluated_cutoff,BOTH_HIT,"{""bm25_hit"": true, ""dense_hit"": true, ""union_hit"": true, ""candidate_hit"": true, ""reranker_top_k_hit"": true, ""candidate_depth"": 100, ""ranking_k"": 10}"
medicine_13139,Những đối tượng nào cần cẩn thận khi sử dụng Xạ đen?,3,"[""doc_2404b0da3c8e0a22fa45d5fa""]","[""ctx_d2722e8e077199f81f298368""]",51,1,3,1,True,True,BOTH_HIT,hit_at_evaluated_cutoff,BOTH_HIT,"{""bm25_hit"": true, ""dense_hit"": true, ""union_hit"": true, ""candidate_hit"": true, ""reranker_top_k_hit"": true, ""candidate_depth"": 100, ""ranking_k"": 10}"
medicine_3910,Lá Dâu tằm có đặc điểm gì về mép lá và phiến lá?,3,"[""doc_02ed9bf502a2b1921f040671""]","[""ctx_c12cb21a777eab63e0e26d5d""]",1,1,1,1,True,True,BOTH_HIT,hit_at_evaluated_cutoff,BOTH_HIT,"{""bm25_hit"": true, ""dense_hit"": true, ""union_hit"": true, ""candidate_hit"": true, ""reranker_top_k_hit"": true, ""candidate_depth"": 100, ""ranking_k"": 10}"
medicine_8125,Ngũ gia bì gai thường ưa sống ở điều kiện thời tiết và môi trường nào?,3,"[""doc_b5c2419b511cc95f7e3c46ed""]","[""ctx_cb9f5dbe43c28017f587db73""]",5,1,1,1,True,True,BOTH_HIT,hit_at_evaluated_cutoff,BOTH_HIT,"{""bm25_hit"": true, ""dense_hit"": true, ""union_hit"": true, ""candidate_hit"": true, ""reranker_top_k_hit"": true, ""candidate_depth"": 100, ""ranking_k"": 10}"
medicine_6777,Những hợp chất phổ biến trong Lá trầu không thuộc nhóm nào?,3,"[""doc_ce05fc611588e3d6d89c1d9e""]","[""ctx_caefab7b679200042c431d50""]",1,1,1,1,True,True,BOTH_HIT,hit_at_evaluated_cutoff,BOTH_HIT,"{""bm25_hit"": true, ""dense_hit"": true, ""union_hit"": true, ""candidate_hit"": true, ""reranker_top_k_hit"": true, ""candidate_depth"": 100, ""ranking_k"": 10}"
medicine_4088,Mô tả hình dạng và kích thước của lá Dưa gang tây?,3,"[""doc_253d516d7adbd67533f4db8e""]","[""ctx_58d670473d96fb4ccb1e6a9b""]",6,1,1,1,True,True,BOTH_HIT,hit_at_evaluated_cutoff,BOTH_HIT,"{""bm25_hit"": true, ""dense_hit"": true, ""union_hit"": true, ""candidate_hit"": true, ""reranker_top_k_hit"": true, ""candidate_depth"": 100, ""ranking_k"": 10}"
medicine_6409,Tính vị của La hán quả là gì?,3,"[""doc_f0e1e1ff70f5ed51c386020a""]","[""ctx_56ae47ee845a394ff80930b0""]",,34,60,1,True,True,DENSE_ONLY_HIT,hit_at_evaluated_cutoff,DENSE_ONLY_HIT,"{""bm25_hit"": false, ""dense_hit"": true, ""union_hit"": true, ""candidate_hit"": true, ""reranker_top_k_hit"": true, ""candidate_depth"": 100, ""ranking_k"": 10}"
medicine_6011,Người bệnh cần lưu ý gì khi sử dụng Khúc khắc?,3,"[""doc_99879a4830ce736c563ff51c""]","[""ctx_f6726e1e894ff625cea62533""]",2,2,2,1,True,True,BOTH_HIT,hit_at_evaluated_cutoff,BOTH_HIT,"{""bm25_hit"": true, ""dense_hit"": true, ""union_hit"": true, ""candidate_hit"": true, ""reranker_top_k_hit"": true, ""candidate_depth"": 100, ""ranking_k"": 10}"
medicine_10814,"Theo y học cổ truyền, Thương lục có tính gì và vị gì?",3,"[""doc_56e0f5fc59646ff415e0beac""]","[""ctx_e804342be8a43a03d2d8ab05""]",1,1,1,1,True,True,BOTH_HIT,hit_at_evaluated_cutoff,BOTH_HIT,"{""bm25_hit"": true, ""dense_hit"": true, ""union_hit"": true, ""candidate_hit"": true, ""reranker_top_k_hit"": true, ""candidate_depth"": 100, ""ranking_k"": 10}"
medicine_10720,Vị thuốc Thông thảo có màu sắc ra sao?,3,"[""doc_596875ebd6f5be8595b5abac""]","[""ctx_468ae2152ebc4a2807f9d385""]",9,1,1,1,True,True,BOTH_HIT,hit_at_evaluated_cutoff,BOTH_HIT,"{""bm25_hit"": true, ""dense_hit"": true, ""union_hit"": true, ""candidate_hit"": true, ""reranker_top_k_hit"": true, ""candidate_depth"": 100, ""ranking_k"": 10}"
medicine_13640,Chiết xuất trong quả đại hồi hoạt động như thế nào trên cơ thể thử nghiệm là chuột?,3,"[""doc_11d620fd96a885ac962634c6""]","[""ctx_c09cbdd8fc151f859b7dc8db""]",17,4,2,2,True,True,BOTH_HIT,hit_at_evaluated_cutoff,BOTH_HIT,"{""bm25_hit"": true, ""dense_hit"": true, ""union_hit"": true, ""candidate_hit"": true, ""reranker_top_k_hit"": true, ""candidate_depth"": 100, ""ranking_k"": 10}"
medicine_11924,Trường sinh thảo thường được dùng với mục đích gì?,3,"[""doc_55567d8c29f038324c428940""]","[""ctx_138385d5944746aeb9b0b241""]",24,,48,57,False,True,BM25_ONLY_HIT;RERANKER_MISS;SELECTION_MISS;DOC_HIT_CHUNK_MISS,reranker,BM25_ONLY_HIT; RERANKER_MISS; SELECTION_MISS; DOC_HIT_CHUNK_MISS,"{""bm25_hit"": true, ""dense_hit"": false, ""union_hit"": true, ""candidate_hit"": true, ""reranker_top_k_hit"": false, ""candidate_depth"": 100, ""ranking_k"": 10}"
medicine_10334,Theo nghiên cứu đã công bố thì tác dụng của Tam thất nam thể hiện như thế nào?,3,"[""doc_ac9d8f25e9a8215d9843c960""]","[""ctx_84ad1bc3aef15514f67108ea""]",1,1,1,1,True,True,BOTH_HIT,hit_at_evaluated_cutoff,BOTH_HIT,"{""bm25_hit"": true, ""dense_hit"": true, ""union_hit"": true, ""candidate_hit"": true, ""reranker_top_k_hit"": true, ""candidate_depth"": 100, ""ranking_k"": 10}"
medicine_8448,Nêu thành phần của bài thuốc Nhân trần cao thang?,3,"[""doc_7607470b0f413ccfb3e55f3e""]","[""ctx_261b5e077d0d279de299c967""]",1,3,1,2,True,True,BOTH_HIT,hit_at_evaluated_cutoff,BOTH_HIT,"{""bm25_hit"": true, ""dense_hit"": true, ""union_hit"": true, ""candidate_hit"": true, ""reranker_top_k_hit"": true, ""candidate_depth"": 100, ""ranking_k"": 10}"
medicine_901,Bạch mao căn có ảnh hưởng thế nào đến hệ miễn dịch?,3,"[""doc_dac86020215a4b520188d68b""]","[""ctx_a9cda97a0f4e32c5e3792dd8""]",,,,,False,True,BOTH_MISS;CANDIDATE_MISS;DOC_HIT_CHUNK_MISS,retrieval_or_fusion,BOTH_MISS; CANDIDATE_MISS; DOC_HIT_CHUNK_MISS,"{""bm25_hit"": false, ""dense_hit"": false, ""union_hit"": false, ""candidate_hit"": false, ""reranker_top_k_hit"": false, ""candidate_depth"": 100, ""ranking_k"": 10}"
medicine_12686,Bộ phận nào của cây vông vang được dùng làm thuốc hay để chế tinh dầu dùng trong nước hoa?,3,"[""doc_ea541f44a5b1d6ca7c6922c3""]","[""ctx_e44881d42dba9aef37cadee7""]",1,2,1,1,True,True,BOTH_HIT,hit_at_evaluated_cutoff,BOTH_HIT,"{""bm25_hit"": true, ""dense_hit"": true, ""union_hit"": true, ""candidate_hit"": true, ""reranker_top_k_hit"": true, ""candidate_depth"": 100, ""ranking_k"": 10}"
medicine_6635,Với dược liệu là quả thì cách bảo quản lá giang ra sao?,3,"[""doc_4841035303c30bb8aa5186fc""]","[""ctx_9240e2388611993c49d559bc""]",1,1,1,1,True,True,BOTH_HIT,hit_at_evaluated_cutoff,BOTH_HIT,"{""bm25_hit"": true, ""dense_hit"": true, ""union_hit"": true, ""candidate_hit"": true, ""reranker_top_k_hit"": true, ""candidate_depth"": 100, ""ranking_k"": 10}"
medicine_6183,Kim ngân hoa thường được dùng với mục đích gì?,3,"[""doc_18f715e16c600eb328ea2870""]","[""ctx_4d4d3a5e3329209548437c18""]",13,10,8,10,False,True,BOTH_HIT;SELECTION_MISS;DOC_HIT_CHUNK_MISS,selection,BOTH_HIT; SELECTION_MISS; DOC_HIT_CHUNK_MISS,"{""bm25_hit"": true, ""dense_hit"": true, ""union_hit"": true, ""candidate_hit"": true, ""reranker_top_k_hit"": true, ""candidate_depth"": 100, ""ranking_k"": 10}"
medicine_8581,Hạt cây Núc nác được thu hái khi nào?,3,"[""doc_c46c09397fa05ceffb10b972""]","[""ctx_b8abe42f7a469bd5fd5789b2""]",1,1,1,1,True,True,BOTH_HIT,hit_at_evaluated_cutoff,BOTH_HIT,"{""bm25_hit"": true, ""dense_hit"": true, ""union_hit"": true, ""candidate_hit"": true, ""reranker_top_k_hit"": true, ""candidate_depth"": 100, ""ranking_k"": 10}"
medicine_3786,Diếp cá có vị gì và mùi như thế nào?,3,"[""doc_4f5ae4223ff5a4a3f5ab5d82""]","[""ctx_36e65735c54f1a950177ada5""]",1,1,1,1,True,True,BOTH_HIT,hit_at_evaluated_cutoff,BOTH_HIT,"{""bm25_hit"": true, ""dense_hit"": true, ""union_hit"": true, ""candidate_hit"": true, ""reranker_top_k_hit"": true, ""candidate_depth"": 100, ""ranking_k"": 10}"
medicine_597,Liều lượng chuẩn bị thuốc Bông ổi dưới dạng dược liệu tươi là bao nhiêu?,3,"[""doc_433de883159b2e94649a95f9""]","[""ctx_1776905f669110948c117204""]",25,88,27,14,False,True,BOTH_HIT;RERANKER_MISS;SELECTION_MISS;DOC_HIT_CHUNK_MISS,reranker,BOTH_HIT; RERANKER_MISS; SELECTION_MISS; DOC_HIT_CHUNK_MISS,"{""bm25_hit"": true, ""dense_hit"": true, ""union_hit"": true, ""candidate_hit"": true, ""reranker_top_k_hit"": false, ""candidate_depth"": 100, ""ranking_k"": 10}"
medicine_12940,Sử dụng xáo tam thân có an toàn không?,3,"[""doc_4842a6028af1cb94da7701c0""]","[""ctx_71dfae23362d837c6f36b391""]",1,1,1,1,True,True,BOTH_HIT,hit_at_evaluated_cutoff,BOTH_HIT,"{""bm25_hit"": true, ""dense_hit"": true, ""union_hit"": true, ""candidate_hit"": true, ""reranker_top_k_hit"": true, ""candidate_depth"": 100, ""ranking_k"": 10}"
medicine_5726,Nước sắc Hắc sâm có tác dụng dược lý như thế nào?,3,"[""doc_97f34d7ba5ee006a2440f317""]","[""ctx_08310d8814e31415cfa547db""]",3,3,3,2,True,True,BOTH_HIT,hit_at_evaluated_cutoff,BOTH_HIT,"{""bm25_hit"": true, ""dense_hit"": true, ""union_hit"": true, ""candidate_hit"": true, ""reranker_top_k_hit"": true, ""candidate_depth"": 100, ""ranking_k"": 10}"
medicine_4251,Thế nào là cách cắt cây Dầu giun?,3,"[""doc_46c39ff3358d4c4259520256""]","[""ctx_249c9dcfbf9e67d1b91c3678""]",2,1,1,1,True,True,BOTH_HIT,hit_at_evaluated_cutoff,BOTH_HIT,"{""bm25_hit"": true, ""dense_hit"": true, ""union_hit"": true, ""candidate_hit"": true, ""reranker_top_k_hit"": true, ""candidate_depth"": 100, ""ranking_k"": 10}"
medicine_1556,Chè dưỡng nhan có xuất xứ ở đâu?,3,"[""doc_68c71b8d7abdaa97419e560d""]","[""ctx_54b5b058cee2cef1b88cc6d5""]",1,1,1,1,True,True,BOTH_HIT,hit_at_evaluated_cutoff,BOTH_HIT,"{""bm25_hit"": true, ""dense_hit"": true, ""union_hit"": true, ""candidate_hit"": true, ""reranker_top_k_hit"": true, ""candidate_depth"": 100, ""ranking_k"": 10}"
medicine_121,"Ở Trung Quốc, lá cây Ba chạc được dùng để đề phòng những bệnh gì?",3,"[""doc_d72e07f775454a86f477dbbf""]","[""ctx_0c51aa5287d862003f72ca6f""]",3,5,4,1,True,True,BOTH_HIT,hit_at_evaluated_cutoff,BOTH_HIT,"{""bm25_hit"": true, ""dense_hit"": true, ""union_hit"": true, ""candidate_hit"": true, ""reranker_top_k_hit"": true, ""candidate_depth"": 100, ""ranking_k"": 10}"
medicine_7482,Cây Mạch môn thuộc họ nào?,3,"[""doc_202df2e101c8c4e8a94ede64""]","[""ctx_6d2c727d2573d6af704c00f0""]",2,1,1,1,True,True,BOTH_HIT,hit_at_evaluated_cutoff,BOTH_HIT,"{""bm25_hit"": true, ""dense_hit"": true, ""union_hit"": true, ""candidate_hit"": true, ""reranker_top_k_hit"": true, ""candidate_depth"": 100, ""ranking_k"": 10}"
medicine_11788,Cây tràm gió thuộc chi nào?,3,"[""doc_d379d3082965995c74d9736c""]","[""ctx_b1082d9997bc9f3cdc74cb79""]",1,1,1,1,True,True,BOTH_HIT,hit_at_evaluated_cutoff,BOTH_HIT,"{""bm25_hit"": true, ""dense_hit"": true, ""union_hit"": true, ""candidate_hit"": true, ""reranker_top_k_hit"": true, ""candidate_depth"": 100, ""ranking_k"": 10}"
medicine_12987,"Ở Malaysia, lá tươi của Dược liệu - Xương Khỉ được sử dụng như thế nào?",3,"[""doc_34e7cb1b9e1ce0a7aca79252""]","[""ctx_24b24791c140fa1d966c0796""]",5,1,1,1,True,True,BOTH_HIT,hit_at_evaluated_cutoff,BOTH_HIT,"{""bm25_hit"": true, ""dense_hit"": true, ""union_hit"": true, ""candidate_hit"": true, ""reranker_top_k_hit"": true, ""candidate_depth"": 100, ""ranking_k"": 10}"
medicine_6912,Bài thuốc chữa viêm họng sử dụng cây Lược vàng cần chuẩn bị bao nhiêu lá?,3,"[""doc_609f0ef66ebca079bac35503""]","[""ctx_7b4e85fb48ecb2ae2cdeba31""]",2,1,1,1,True,True,BOTH_HIT,hit_at_evaluated_cutoff,BOTH_HIT,"{""bm25_hit"": true, ""dense_hit"": true, ""union_hit"": true, ""candidate_hit"": true, ""reranker_top_k_hit"": true, ""candidate_depth"": 100, ""ranking_k"": 10}"
medicine_9079,Quế đóng vai trò như thế nào đối với hệ tiêu hóa?,3,"[""doc_03d35c922169ddc82c2c6281""]","[""ctx_5d98cebda184d1ae21fd9429""]",,1,8,1,True,True,DENSE_ONLY_HIT,hit_at_evaluated_cutoff,DENSE_ONLY_HIT,"{""bm25_hit"": false, ""dense_hit"": true, ""union_hit"": true, ""candidate_hit"": true, ""reranker_top_k_hit"": true, ""candidate_depth"": 100, ""ranking_k"": 10}"
medicine_6897,Liều dùng của cây lưỡi rắn thường là bao nhiêu gram một ngày?,3,"[""doc_28c957f5386785463d039c4d""]","[""ctx_2aa3a3c5cb414ff8fb222e49""]",,57,,,False,False,DENSE_ONLY_HIT;FUSION_DROPPED;CANDIDATE_MISS;DOC_AND_CHUNK_MISS,retrieval_or_fusion,DENSE_ONLY_HIT; FUSION_DROPPED; CANDIDATE_MISS; DOC_AND_CHUNK_MISS,"{""bm25_hit"": false, ""dense_hit"": true, ""union_hit"": true, ""candidate_hit"": false, ""reranker_top_k_hit"": false, ""candidate_depth"": 100, ""ranking_k"": 10}"
medicine_5348,Cây hành biển còn có tác dụng gì ngoài y học?,3,"[""doc_c33f29ee9a8d5de40365c3ca""]","[""ctx_316d271346e2297104dff829""]",1,1,1,1,True,True,BOTH_HIT,hit_at_evaluated_cutoff,BOTH_HIT,"{""bm25_hit"": true, ""dense_hit"": true, ""union_hit"": true, ""candidate_hit"": true, ""reranker_top_k_hit"": true, ""candidate_depth"": 100, ""ranking_k"": 10}"
medicine_10527,Hoa thiên lý thường được sử dụng như thức ăn hàng ngày hay như bài thuốc trị bệnh nhiều hơn?,3,"[""doc_513e59995eb68b68dcb47fe8""]","[""ctx_5ca12c92406b30e6f1b450a2""]",1,2,1,1,True,True,BOTH_HIT,hit_at_evaluated_cutoff,BOTH_HIT,"{""bm25_hit"": true, ""dense_hit"": true, ""union_hit"": true, ""candidate_hit"": true, ""reranker_top_k_hit"": true, ""candidate_depth"": 100, ""ranking_k"": 10}"
medicine_6557,Lá bàng tươi có tác dụng như thế nào đối với bệnh đái tháo đường?,3,"[""doc_b458bcc5698d35b8da10089c""]","[""ctx_70172b94ad9b0cd8361c5465""]",2,1,1,1,True,True,BOTH_HIT,hit_at_evaluated_cutoff,BOTH_HIT,"{""bm25_hit"": true, ""dense_hit"": true, ""union_hit"": true, ""candidate_hit"": true, ""reranker_top_k_hit"": true, ""candidate_depth"": 100, ""ranking_k"": 10}"
medicine_13095,Người nào nên thận trọng khi sử dụng Xạ can?,3,"[""doc_17f062000a102bc9f8da9e47""]","[""ctx_d2f9db52770eb3269337b2ca""]",1,1,1,1,True,True,BOTH_HIT,hit_at_evaluated_cutoff,BOTH_HIT,"{""bm25_hit"": true, ""dense_hit"": true, ""union_hit"": true, ""candidate_hit"": true, ""reranker_top_k_hit"": true, ""candidate_depth"": 100, ""ranking_k"": 10}"
medicine_948,Những thành phần hóa học chính có trong Bạch tật lê là gì?,3,"[""doc_ffb4ca59d42b7991d980ce1c""]","[""ctx_b8b5773e3a564e0b29f032ae""]",,58,,,False,False,DENSE_ONLY_HIT;FUSION_DROPPED;CANDIDATE_MISS;DOC_AND_CHUNK_MISS,retrieval_or_fusion,DENSE_ONLY_HIT; FUSION_DROPPED; CANDIDATE_MISS; DOC_AND_CHUNK_MISS,"{""bm25_hit"": false, ""dense_hit"": true, ""union_hit"": true, ""candidate_hit"": false, ""reranker_top_k_hit"": false, ""candidate_depth"": 100, ""ranking_k"": 10}"
medicine_7359,"Khi sử dụng măng cụt để trị bệnh, điều gì cần lưu ý để hạn chế tác dụng không mong muốn?",3,"[""doc_baf9a96fe98441fc340e32ea""]","[""ctx_195a72edce63b1bef382aa2b""]",1,6,1,2,True,True,BOTH_HIT,hit_at_evaluated_cutoff,BOTH_HIT,"{""bm25_hit"": true, ""dense_hit"": true, ""union_hit"": true, ""candidate_hit"": true, ""reranker_top_k_hit"": true, ""candidate_depth"": 100, ""ranking_k"": 10}"
medicine_403,Công dụng của bài thuốc sử dụng Bèo cái là gì?,3,"[""doc_3349f2e4e8e11a4bb40bc9e5""]","[""ctx_54dddc447cfb8a66316e10e4""]",2,3,1,2,True,True,BOTH_HIT,hit_at_evaluated_cutoff,BOTH_HIT,"{""bm25_hit"": true, ""dense_hit"": true, ""union_hit"": true, ""candidate_hit"": true, ""reranker_top_k_hit"": true, ""candidate_depth"": 100, ""ranking_k"": 10}"
medicine_3114,Sự phân loại các bộ phận của cây Cảo bản thuộc họ nào?,3,"[""doc_43aa73824a3677465c0063a5""]","[""ctx_0a3222aac53e0c1f254684c3""]",1,1,1,1,True,True,BOTH_HIT,hit_at_evaluated_cutoff,BOTH_HIT,"{""bm25_hit"": true, ""dense_hit"": true, ""union_hit"": true, ""candidate_hit"": true, ""reranker_top_k_hit"": true, ""candidate_depth"": 100, ""ranking_k"": 10}"
medicine_52,An nam tử làm sao có tác dụng được?,3,"[""doc_76308d77a1e550a1ab4d3ff0""]","[""ctx_e86f224c39d949fb07fdf02c""]",4,1,2,3,True,True,BOTH_HIT,hit_at_evaluated_cutoff,BOTH_HIT,"{""bm25_hit"": true, ""dense_hit"": true, ""union_hit"": true, ""candidate_hit"": true, ""reranker_top_k_hit"": true, ""candidate_depth"": 100, ""ranking_k"": 10}"
medicine_8591,Đâu là những thành phần của Núc nác được sử dụng để chữa bệnh?,3,"[""doc_c46c09397fa05ceffb10b972""]","[""ctx_b7aa0ba6883dc33336916b6f""]",,,,,False,True,BOTH_MISS;CANDIDATE_MISS;DOC_HIT_CHUNK_MISS,retrieval_or_fusion,BOTH_MISS; CANDIDATE_MISS; DOC_HIT_CHUNK_MISS,"{""bm25_hit"": false, ""dense_hit"": false, ""union_hit"": false, ""candidate_hit"": false, ""reranker_top_k_hit"": false, ""candidate_depth"": 100, ""ranking_k"": 10}"
medicine_10718,Cây thông thảo có thể được trồng bằng phương pháp nào?,3,"[""doc_596875ebd6f5be8595b5abac""]","[""ctx_9b838af98c640f27241f56dc""]",1,1,1,1,True,True,BOTH_HIT,hit_at_evaluated_cutoff,BOTH_HIT,"{""bm25_hit"": true, ""dense_hit"": true, ""union_hit"": true, ""candidate_hit"": true, ""reranker_top_k_hit"": true, ""candidate_depth"": 100, ""ranking_k"": 10}"
medicine_2491,"Theo Y học cổ truyền, công dụng của cây Nhàu là gì?",3,"[""doc_533f6a9f0b968e539028a424""]","[""ctx_cd217ad273d405d42988575b""]",,3,15,1,True,True,DENSE_ONLY_HIT,hit_at_evaluated_cutoff,DENSE_ONLY_HIT,"{""bm25_hit"": false, ""dense_hit"": true, ""union_hit"": true, ""candidate_hit"": true, ""reranker_top_k_hit"": true, ""candidate_depth"": 100, ""ranking_k"": 10}"
medicine_1661,Ai không nên ăn quả chùm ruột?,3,"[""doc_97155cb111aa9bee45842930""]","[""ctx_55ab128cee1ff5606dc7ade3""]",2,1,1,1,True,True,BOTH_HIT,hit_at_evaluated_cutoff,BOTH_HIT,"{""bm25_hit"": true, ""dense_hit"": true, ""union_hit"": true, ""candidate_hit"": true, ""reranker_top_k_hit"": true, ""candidate_depth"": 100, ""ranking_k"": 10}"
medicine_7032,Trồng cây Manuka có những lợi ích gì đối với cảnh quan và hệ sinh thái?,3,"[""doc_e7c3959ef102262f85971296""]","[""ctx_fdf7d506bc52c04451bb272b""]",1,1,1,1,True,True,BOTH_HIT,hit_at_evaluated_cutoff,BOTH_HIT,"{""bm25_hit"": true, ""dense_hit"": true, ""union_hit"": true, ""candidate_hit"": true, ""reranker_top_k_hit"": true, ""candidate_depth"": 100, ""ranking_k"": 10}"
medicine_7338,Liệu người mang thai có nên ăn Mùi tàu không?,3,"[""doc_3a6218e3e9fd2fd0dceb9772""]","[""ctx_536598620d4bb5c3b44124b9""]",1,1,1,1,True,True,BOTH_HIT,hit_at_evaluated_cutoff,BOTH_HIT,"{""bm25_hit"": true, ""dense_hit"": true, ""union_hit"": true, ""candidate_hit"": true, ""reranker_top_k_hit"": true, ""candidate_depth"": 100, ""ranking_k"": 10}"
medicine_12814,Xuyên khung có thể được sử dụng ở dạng nào?,3,"[""doc_945db0ea18435f28a02e029e""]","[""ctx_ecb94bf2c715b48663d19980""]",3,3,2,1,True,True,BOTH_HIT,hit_at_evaluated_cutoff,BOTH_HIT,"{""bm25_hit"": true, ""dense_hit"": true, ""union_hit"": true, ""candidate_hit"": true, ""reranker_top_k_hit"": true, ""candidate_depth"": 100, ""ranking_k"": 10}"
medicine_3330,Cỏ mần trầu phân bố ở những khu vực nào trên thế giới?,3,"[""doc_6e2979ebc2b396b059ff2e69""]","[""ctx_1879da2660812cdad5b83557""]",3,1,1,1,True,True,BOTH_HIT,hit_at_evaluated_cutoff,BOTH_HIT,"{""bm25_hit"": true, ""dense_hit"": true, ""union_hit"": true, ""candidate_hit"": true, ""reranker_top_k_hit"": true, ""candidate_depth"": 100, ""ranking_k"": 10}"
medicine_5626,Hạt sachi còn chứa những chất chống oxy hóa nào ngoài vitamin và khoáng chất không?,3,"[""doc_77d4fe9927c04c04d7ca8274""]","[""ctx_92484c895f4194de9a68ab19""]",1,3,2,1,True,True,BOTH_HIT,hit_at_evaluated_cutoff,BOTH_HIT,"{""bm25_hit"": true, ""dense_hit"": true, ""union_hit"": true, ""candidate_hit"": true, ""reranker_top_k_hit"": true, ""candidate_depth"": 100, ""ranking_k"": 10}"
medicine_4382,Điều gì cần lưu ý khi dùng Dầu mù u để tránh tóc gãy rụng?,3,"[""doc_0865a1108a787b99da83b980""]","[""ctx_6e802012af93136848cad33f""]",1,1,1,1,True,True,BOTH_HIT,hit_at_evaluated_cutoff,BOTH_HIT,"{""bm25_hit"": true, ""dense_hit"": true, ""union_hit"": true, ""candidate_hit"": true, ""reranker_top_k_hit"": true, ""candidate_depth"": 100, ""ranking_k"": 10}"
medicine_6030,Lá của cây khương hoạt có đặc điểm như thế nào?,3,"[""doc_6688ad95746d82a53d37cd25""]","[""ctx_7417379e711b1d6e3979827b""]",1,1,1,1,True,True,BOTH_HIT,hit_at_evaluated_cutoff,BOTH_HIT,"{""bm25_hit"": true, ""dense_hit"": true, ""union_hit"": true, ""candidate_hit"": true, ""reranker_top_k_hit"": true, ""candidate_depth"": 100, ""ranking_k"": 10}"
medicine_81,Nơi xuất xứ của cây Atiso đỏ là ở đâu?,3,"[""doc_19cf57ac7ad3b2bb79ca40ac""]","[""ctx_1623bf922e91010d86ab53ba""]",1,1,1,1,True,True,BOTH_HIT,hit_at_evaluated_cutoff,BOTH_HIT,"{""bm25_hit"": true, ""dense_hit"": true, ""union_hit"": true, ""candidate_hit"": true, ""reranker_top_k_hit"": true, ""candidate_depth"": 100, ""ranking_k"": 10}"
medicine_8923,Nấu làm sao để dùng bài thuốc Phật thủ chữa các bệnh đường tiêu hóa?,3,"[""doc_d98295cd7f72cd2b603bab37""]","[""ctx_61b4029fa6f4e02cdf54147b""]",,,,,False,False,BOTH_MISS;CANDIDATE_MISS;DOC_AND_CHUNK_MISS,retrieval_or_fusion,BOTH_MISS; CANDIDATE_MISS; DOC_AND_CHUNK_MISS,"{""bm25_hit"": false, ""dense_hit"": false, ""union_hit"": false, ""candidate_hit"": false, ""reranker_top_k_hit"": false, ""candidate_depth"": 100, ""ranking_k"": 10}"
medicine_13487,Những loại axit béo nào có trong Đông trùng hạ thảo Trung Quốc?,3,"[""doc_61a13cc6141d80d6e1e576ce""]","[""ctx_57f46cefbe871968dd13cf74""]",1,2,2,1,True,True,BOTH_HIT,hit_at_evaluated_cutoff,BOTH_HIT,"{""bm25_hit"": true, ""dense_hit"": true, ""union_hit"": true, ""candidate_hit"": true, ""reranker_top_k_hit"": true, ""candidate_depth"": 100, ""ranking_k"": 10}"
medicine_13041,Bài thuốc từ xương rồng có thể được sử dụng dưới dạng nào?,3,"[""doc_b134fd2cad59f06bee5497b4""]","[""ctx_3acfcfca35e951a8bf9b066e""]",,3,20,2,True,True,DENSE_ONLY_HIT,hit_at_evaluated_cutoff,DENSE_ONLY_HIT,"{""bm25_hit"": false, ""dense_hit"": true, ""union_hit"": true, ""candidate_hit"": true, ""reranker_top_k_hit"": true, ""candidate_depth"": 100, ""ranking_k"": 10}"
medicine_3721,Củ đậu được trồng để làm gì?,3,"[""doc_ea93b6d79ed4b0cb8f258269""]","[""ctx_8f2a7f15bfc451aea0926e41""]",1,1,1,1,True,True,BOTH_HIT,hit_at_evaluated_cutoff,BOTH_HIT,"{""bm25_hit"": true, ""dense_hit"": true, ""union_hit"": true, ""candidate_hit"": true, ""reranker_top_k_hit"": true, ""candidate_depth"": 100, ""ranking_k"": 10}"
medicine_6190,Mô tả hình dạng và màu sắc của lá cây kim thất tai?,3,"[""doc_8ad625e23a90fc339a92106e""]","[""ctx_401c17d97a55bccbdd42811c""]",,,,,False,False,BOTH_MISS;CANDIDATE_MISS;DOC_AND_CHUNK_MISS,retrieval_or_fusion,BOTH_MISS; CANDIDATE_MISS; DOC_AND_CHUNK_MISS,"{""bm25_hit"": false, ""dense_hit"": false, ""union_hit"": false, ""candidate_hit"": false, ""reranker_top_k_hit"": false, ""candidate_depth"": 100, ""ranking_k"": 10}"
medicine_7441,"Theo các nghiên cứu thực nghiệm, cây Mướp khía có những tác dụng gì trên gan?",3,"[""doc_3cd3d56be060134bb11b8020""]","[""ctx_ddec9a1a6670d44b11449eac""]",1,1,1,1,True,True,BOTH_HIT,hit_at_evaluated_cutoff,BOTH_HIT,"{""bm25_hit"": true, ""dense_hit"": true, ""union_hit"": true, ""candidate_hit"": true, ""reranker_top_k_hit"": true, ""candidate_depth"": 100, ""ranking_k"": 10}"
medicine_5178,Huyết rồng có thể sử dụng ở dạng nào?,3,"[""doc_706ead5ceb22eae08aba93b8""]","[""ctx_873ea128faa2f293ac87a947""]",,,,,False,True,BOTH_MISS;CANDIDATE_MISS;DOC_HIT_CHUNK_MISS,retrieval_or_fusion,BOTH_MISS; CANDIDATE_MISS; DOC_HIT_CHUNK_MISS,"{""bm25_hit"": false, ""dense_hit"": false, ""union_hit"": false, ""candidate_hit"": false, ""reranker_top_k_hit"": false, ""candidate_depth"": 100, ""ranking_k"": 10}"
medicine_13317,Bài thuốc tứ ô tặc cốt huệ nhự hoàn có tỉ lệ thành phần như thế nào?,3,"[""doc_8e0440f254b26fd9894b9650""]","[""ctx_89fa8b9ad3291ee3ea4bbce4""]",1,1,1,1,True,True,BOTH_HIT,hit_at_evaluated_cutoff,BOTH_HIT,"{""bm25_hit"": true, ""dense_hit"": true, ""union_hit"": true, ""candidate_hit"": true, ""reranker_top_k_hit"": true, ""candidate_depth"": 100, ""ranking_k"": 10}"
medicine_3595,Củ chóc và các dược liệu khác được kết hợp với nhau để tạo thành bài thuốc có tác dụng gì?,3,"[""doc_29d22d73e653928d73506fe4""]","[""ctx_35d262b64ccfa91e5c475a7f""]",34,,69,1,True,True,BM25_ONLY_HIT,hit_at_evaluated_cutoff,BM25_ONLY_HIT,"{""bm25_hit"": true, ""dense_hit"": false, ""union_hit"": true, ""candidate_hit"": true, ""reranker_top_k_hit"": true, ""candidate_depth"": 100, ""ranking_k"": 10}"
medicine_5,Bồ hoàng được sử dụng để chế biến A giao với mục đích gì?,3,"[""doc_fc37ab7b061c50625d70246e""]","[""ctx_8a73c036d90078f8aabfdd92""]",1,1,1,2,True,True,BOTH_HIT,hit_at_evaluated_cutoff,BOTH_HIT,"{""bm25_hit"": true, ""dense_hit"": true, ""union_hit"": true, ""candidate_hit"": true, ""reranker_top_k_hit"": true, ""candidate_depth"": 100, ""ranking_k"": 10}"
medicine_10313,Có nghiên cứu nào về thành phần hóa học của loài Tam lăng ở Việt Nam chưa?,3,"[""doc_311883e00fbae1fa31272bd4""]","[""ctx_a0972a9b8ef2ae91add07969""]",1,1,1,1,True,True,BOTH_HIT,hit_at_evaluated_cutoff,BOTH_HIT,"{""bm25_hit"": true, ""dense_hit"": true, ""union_hit"": true, ""candidate_hit"": true, ""reranker_top_k_hit"": true, ""candidate_depth"": 100, ""ranking_k"": 10}"
medicine_11949,Trạch tả có thể được dùng riêng hay phối hợp với các vị thuốc khác không?,3,"[""doc_67e10b0e688fa68f8674a9cf""]","[""ctx_2ad9df1c63acdd0909dc65fa""]",1,1,1,1,True,True,BOTH_HIT,hit_at_evaluated_cutoff,BOTH_HIT,"{""bm25_hit"": true, ""dense_hit"": true, ""union_hit"": true, ""candidate_hit"": true, ""reranker_top_k_hit"": true, ""candidate_depth"": 100, ""ranking_k"": 10}"
medicine_13766,Hàm lượng lipid trong 100 g đậu đen là bao nhiêu?,3,"[""doc_4981780e16c50a5bb174217b""]","[""ctx_ed556944cd20f058774d7c5c""]",1,1,1,1,True,True,BOTH_HIT,hit_at_evaluated_cutoff,BOTH_HIT,"{""bm25_hit"": true, ""dense_hit"": true, ""union_hit"": true, ""candidate_hit"": true, ""reranker_top_k_hit"": true, ""candidate_depth"": 100, ""ranking_k"": 10}"
medicine_13434,Đuôi chuột là loài cây như thế nào?,3,"[""doc_cbd12b2ab1597123abb010f5""]","[""ctx_e8eacb13ce7b842baaf80e8c""]",1,2,1,1,True,True,BOTH_HIT,hit_at_evaluated_cutoff,BOTH_HIT,"{""bm25_hit"": true, ""dense_hit"": true, ""union_hit"": true, ""candidate_hit"": true, ""reranker_top_k_hit"": true, ""candidate_depth"": 100, ""ranking_k"": 10}"
medicine_6492,Liên tu có công dụng chống lại những loại vi khuẩn nào?,3,"[""doc_81e755de0f32a77541e9c325""]","[""ctx_2efd46742cbad790658485e8""]",23,2,4,1,True,True,BOTH_HIT,hit_at_evaluated_cutoff,BOTH_HIT,"{""bm25_hit"": true, ""dense_hit"": true, ""union_hit"": true, ""candidate_hit"": true, ""reranker_top_k_hit"": true, ""candidate_depth"": 100, ""ranking_k"": 10}"
medicine_2696,Cây thần kỳ có thể phát triển tốt ở môi trường như thế nào?,3,"[""doc_742f7e295f0ab8299262f411""]","[""ctx_7c60f4b573f7e80922cb82f0""]",,1,14,1,True,True,DENSE_ONLY_HIT,hit_at_evaluated_cutoff,DENSE_ONLY_HIT,"{""bm25_hit"": false, ""dense_hit"": true, ""union_hit"": true, ""candidate_hit"": true, ""reranker_top_k_hit"": true, ""candidate_depth"": 100, ""ranking_k"": 10}"
medicine_3221,Cỏ Bạc đầu có thể sử dụng kết hợp với vị thuốc nào khác để tăng hiệu quả điều trị viêm xoang?,3,"[""doc_a08f9d9db89eb1346f17e0b4""]","[""ctx_64680b9e7445fd6e7954c174""]",3,1,1,1,True,True,BOTH_HIT,hit_at_evaluated_cutoff,BOTH_HIT,"{""bm25_hit"": true, ""dense_hit"": true, ""union_hit"": true, ""candidate_hit"": true, ""reranker_top_k_hit"": true, ""candidate_depth"": 100, ""ranking_k"": 10}"
medicine_6088,"Khi nhắc đến Khổ qua rừng, chúng ta không thể không biết đến tên khoa học của nó. Tên khoa học của Khổ qua rừng là gì?",3,"[""doc_c73ee0ce2f9d7a61e1e6f250""]","[""ctx_b60a21da66d856313de3d1a2""]",2,7,2,1,True,True,BOTH_HIT,hit_at_evaluated_cutoff,BOTH_HIT,"{""bm25_hit"": true, ""dense_hit"": true, ""union_hit"": true, ""candidate_hit"": true, ""reranker_top_k_hit"": true, ""candidate_depth"": 100, ""ranking_k"": 10}"
medicine_8386,Nhung hươu có tác dụng gì đối với cơ thể người?,3,"[""doc_813e0f776161f489ec282376""]","[""ctx_5e1e42a661038e970aa8bba3""]",11,19,10,6,False,True,BOTH_HIT;SELECTION_MISS;DOC_HIT_CHUNK_MISS,selection,BOTH_HIT; SELECTION_MISS; DOC_HIT_CHUNK_MISS,"{""bm25_hit"": true, ""dense_hit"": true, ""union_hit"": true, ""candidate_hit"": true, ""reranker_top_k_hit"": true, ""candidate_depth"": 100, ""ranking_k"": 10}"
medicine_7489,Chiết xuất nào của Mạch môn đông có tác dụng bảo vệ tim chống lại suy tim mạn tính do doxorubicin gây ra?,3,"[""doc_202df2e101c8c4e8a94ede64""]","[""ctx_b7a8c6db32b00bfb1b50d649""]",1,1,1,1,True,True,BOTH_HIT,hit_at_evaluated_cutoff,BOTH_HIT,"{""bm25_hit"": true, ""dense_hit"": true, ""union_hit"": true, ""candidate_hit"": true, ""reranker_top_k_hit"": true, ""candidate_depth"": 100, ""ranking_k"": 10}"
medicine_3185,Các thành phần của cọ lùn có thể bị ảnh hưởng bởi những yếu tố nào?,3,"[""doc_2d5e5f05a995d40b2ec91533""]","[""ctx_99e4c006d18040b87e0ad46e""]",36,5,11,1,True,True,BOTH_HIT,hit_at_evaluated_cutoff,BOTH_HIT,"{""bm25_hit"": true, ""dense_hit"": true, ""union_hit"": true, ""candidate_hit"": true, ""reranker_top_k_hit"": true, ""candidate_depth"": 100, ""ranking_k"": 10}"
medicine_5668,Các công dụng của hạt đình lịch là gì?,3,"[""doc_1496613248e8ebafbfbe5e45""]","[""ctx_d1a4a756104236aaa44dca7c""]",3,4,3,3,True,True,BOTH_HIT,hit_at_evaluated_cutoff,BOTH_HIT,"{""bm25_hit"": true, ""dense_hit"": true, ""union_hit"": true, ""candidate_hit"": true, ""reranker_top_k_hit"": true, ""candidate_depth"": 100, ""ranking_k"": 10}"
medicine_9331,Cách sử dụng bài thuốc trị giun kim từ rau mùi như thế nào?,3,"[""doc_4d1895b011bf94a233d0e82c""]","[""ctx_9d12c40c17ed447ce252c740""]",1,1,1,1,True,True,BOTH_HIT,hit_at_evaluated_cutoff,BOTH_HIT,"{""bm25_hit"": true, ""dense_hit"": true, ""union_hit"": true, ""candidate_hit"": true, ""reranker_top_k_hit"": true, ""candidate_depth"": 100, ""ranking_k"": 10}"
medicine_13237,Các nhà khoa học đã tận dụng thành phần nào của Cây Ích trí nhân để nghiên cứu?,3,"[""doc_6af297545d3aa8a3bdb2df75""]","[""ctx_4a7e9fcc6e6d97c4c99790a3""]",1,1,1,1,True,True,BOTH_HIT,hit_at_evaluated_cutoff,BOTH_HIT,"{""bm25_hit"": true, ""dense_hit"": true, ""union_hit"": true, ""candidate_hit"": true, ""reranker_top_k_hit"": true, ""candidate_depth"": 100, ""ranking_k"": 10}"
medicine_3834,Trong thân rễ của Dong riềng đỏ có chứa thành phần hóa học gì?,3,"[""doc_65db55a660f666ab67464002""]","[""ctx_600922448ba441737dab2eb3""]",1,3,1,1,True,True,BOTH_HIT,hit_at_evaluated_cutoff,BOTH_HIT,"{""bm25_hit"": true, ""dense_hit"": true, ""union_hit"": true, ""candidate_hit"": true, ""reranker_top_k_hit"": true, ""candidate_depth"": 100, ""ranking_k"": 10}"
medicine_6021,Lá Khương hoàng có đặc điểm hình dáng thế nào?,3,"[""doc_0735f2ce28eceb71bdbb6499""]","[""ctx_42b4bdaabb41230bff3b3593""]",2,1,2,1,True,True,BOTH_HIT,hit_at_evaluated_cutoff,BOTH_HIT,"{""bm25_hit"": true, ""dense_hit"": true, ""union_hit"": true, ""candidate_hit"": true, ""reranker_top_k_hit"": true, ""candidate_depth"": 100, ""ranking_k"": 10}"
medicine_8435,Nhân sâm có tác dụng gì trong y học cổ truyền?,3,"[""doc_6f5d854e48544d824468eded""]","[""ctx_1403f551f00dec7234b64984""]",4,1,2,1,True,True,BOTH_HIT,hit_at_evaluated_cutoff,BOTH_HIT,"{""bm25_hit"": true, ""dense_hit"": true, ""union_hit"": true, ""candidate_hit"": true, ""reranker_top_k_hit"": true, ""candidate_depth"": 100, ""ranking_k"": 10}"
medicine_6582,"Lá cách có công dụng gì đối với người bị tắc kinh, kinh chậm ra?",3,"[""doc_8b7ca13c32a7eea76d22cee5""]","[""ctx_7ea52e0b226464a86946f70c""]",1,1,1,1,True,True,BOTH_HIT,hit_at_evaluated_cutoff,BOTH_HIT,"{""bm25_hit"": true, ""dense_hit"": true, ""union_hit"": true, ""candidate_hit"": true, ""reranker_top_k_hit"": true, ""candidate_depth"": 100, ""ranking_k"": 10}"
medicine_437,Người ta thu hái bộ phận nào của cây Bình bát để dùng làm thuốc?,3,"[""doc_79c9a2e06fe1d544c0fdaefc""]","[""ctx_ad9cfda8ed6db12d9ff53311""]",2,1,1,1,True,True,BOTH_HIT,hit_at_evaluated_cutoff,BOTH_HIT,"{""bm25_hit"": true, ""dense_hit"": true, ""union_hit"": true, ""candidate_hit"": true, ""reranker_top_k_hit"": true, ""candidate_depth"": 100, ""ranking_k"": 10}"
medicine_11541,"Theo nghiên cứu, tinh dầu thiên nhiên có khả năng gì?",3,"[""doc_2ea6913174ec8405bcefd054""]","[""ctx_ab8a43332aa2a086ab8f6d81""]",1,2,1,1,True,True,BOTH_HIT,hit_at_evaluated_cutoff,BOTH_HIT,"{""bm25_hit"": true, ""dense_hit"": true, ""union_hit"": true, ""candidate_hit"": true, ""reranker_top_k_hit"": true, ""candidate_depth"": 100, ""ranking_k"": 10}"
medicine_2525,"Theo Y học hiện đại, cây Nổ có tác dụng gì?",3,"[""doc_b8b1bafaa7a547554ef571f1""]","[""ctx_e06dd8fba0f865f36cf25063""]",2,2,1,1,True,True,BOTH_HIT,hit_at_evaluated_cutoff,BOTH_HIT,"{""bm25_hit"": true, ""dense_hit"": true, ""union_hit"": true, ""candidate_hit"": true, ""reranker_top_k_hit"": true, ""candidate_depth"": 100, ""ranking_k"": 10}"
medicine_432,Trái bình bát có đặc điểm gì?,3,"[""doc_79c9a2e06fe1d544c0fdaefc""]","[""ctx_d066c9585a31cc6eae52a772""]",9,1,3,1,True,True,BOTH_HIT,hit_at_evaluated_cutoff,BOTH_HIT,"{""bm25_hit"": true, ""dense_hit"": true, ""union_hit"": true, ""candidate_hit"": true, ""reranker_top_k_hit"": true, ""candidate_depth"": 100, ""ranking_k"": 10}"
medicine_2863,"Cóc dùng để làm gì trong bài thuốc kinh nghiệm chữa suy dinh dưỡng, gầy yếu, kém ăn ở trẻ?",3,"[""doc_809a377c8ef5ee34aa248d00""]","[""ctx_fc16bdf1d0af8066bd034f79""]",,21,45,1,True,True,DENSE_ONLY_HIT,hit_at_evaluated_cutoff,DENSE_ONLY_HIT,"{""bm25_hit"": false, ""dense_hit"": true, ""union_hit"": true, ""candidate_hit"": true, ""reranker_top_k_hit"": true, ""candidate_depth"": 100, ""ranking_k"": 10}"
medicine_718,Bạch biển đậu chứa vitamin gì?,3,"[""doc_18704cb2462c6fd95e7d29fc""]","[""ctx_5541d2c30d975c361a1c780d""]",2,1,1,1,True,True,BOTH_HIT,hit_at_evaluated_cutoff,BOTH_HIT,"{""bm25_hit"": true, ""dense_hit"": true, ""union_hit"": true, ""candidate_hit"": true, ""reranker_top_k_hit"": true, ""candidate_depth"": 100, ""ranking_k"": 10}"
medicine_7163,Cần lưu ý gì khi sử dụng củ mã thầy?,3,"[""doc_380a24bc522327d2bc472bcc""]","[""ctx_5bca64269ac9fa110439d516""]",1,1,1,1,True,True,BOTH_HIT,hit_at_evaluated_cutoff,BOTH_HIT,"{""bm25_hit"": true, ""dense_hit"": true, ""union_hit"": true, ""candidate_hit"": true, ""reranker_top_k_hit"": true, ""candidate_depth"": 100, ""ranking_k"": 10}"
medicine_2671,"Trong nghiên cứu, người đàn ông 36 tuổi bị bệnh Leishmaniasis ở da, sau khi được điều trị bằng đường uống bằng cây thuốc bỏng có những chuyển biến như thế nào?",3,"[""doc_fdb4206ca3da92444f427c3f""]","[""ctx_4c4aeea344441a26e6f78e0d""]",1,1,1,1,True,True,BOTH_HIT,hit_at_evaluated_cutoff,BOTH_HIT,"{""bm25_hit"": true, ""dense_hit"": true, ""union_hit"": true, ""candidate_hit"": true, ""reranker_top_k_hit"": true, ""candidate_depth"": 100, ""ranking_k"": 10}"
medicine_620,Phía Băng phiến có nguồn gốc từ đâu?,3,"[""doc_21f6c73b52e46512a0c40f89""]","[""ctx_62b547b5041bcd4fa8295cc0""]",6,3,3,2,True,True,BOTH_HIT,hit_at_evaluated_cutoff,BOTH_HIT,"{""bm25_hit"": true, ""dense_hit"": true, ""union_hit"": true, ""candidate_hit"": true, ""reranker_top_k_hit"": true, ""candidate_depth"": 100, ""ranking_k"": 10}"
medicine_2329,"Ngoài dạng sắc, thuốc viên và hoàn tán, Cây lá gai còn có thể được sử dụng ở dạng nào khác?",3,"[""doc_9e302e0f709652d9d24dc3c7""]","[""ctx_aa92c16e515f222b7d372abf""]",1,1,1,1,True,True,BOTH_HIT,hit_at_evaluated_cutoff,BOTH_HIT,"{""bm25_hit"": true, ""dense_hit"": true, ""union_hit"": true, ""candidate_hit"": true, ""reranker_top_k_hit"": true, ""candidate_depth"": 100, ""ranking_k"": 10}"
medicine_4159,Bạn có thể tham khảo ý kiến chuyên gia về liều lượng sử dụng cây Dướng ở đâu?,3,"[""doc_ee5a1e70ac0d76c769080bc9""]","[""ctx_f838df63831b476974aca9ea""]",1,1,1,1,True,True,BOTH_HIT,hit_at_evaluated_cutoff,BOTH_HIT,"{""bm25_hit"": true, ""dense_hit"": true, ""union_hit"": true, ""candidate_hit"": true, ""reranker_top_k_hit"": true, ""candidate_depth"": 100, ""ranking_k"": 10}"
medicine_10762,Thông đỏ tác dụng bảo vệ gan như thế nào?,3,"[""doc_ade656118ab7ebe41c1589e0""]","[""ctx_e922253d47e0e164f0c269f5""]",1,1,1,1,True,True,BOTH_HIT,hit_at_evaluated_cutoff,BOTH_HIT,"{""bm25_hit"": true, ""dense_hit"": true, ""union_hit"": true, ""candidate_hit"": true, ""reranker_top_k_hit"": true, ""candidate_depth"": 100, ""ranking_k"": 10}"
medicine_8198,"Nghiên cứu nào đã chỉ ra hoạt tính chống oxy hóa, tiêu viêm, giảm đau của cây ngũ trảo?",3,"[""doc_5fd08b7963c0680ff9934fcf""]","[""ctx_37e156f835d5f76c9174b881""]",1,1,1,1,True,True,BOTH_HIT,hit_at_evaluated_cutoff,BOTH_HIT,"{""bm25_hit"": true, ""dense_hit"": true, ""union_hit"": true, ""candidate_hit"": true, ""reranker_top_k_hit"": true, ""candidate_depth"": 100, ""ranking_k"": 10}"
medicine_1292,Sử dụng Bụp giấm mang lại những lợi ích gì?,3,"[""doc_1acdf6d3a29498c33be9d70d""]","[""ctx_67088d2544d79c0d43b16c29""]",2,1,1,1,True,True,BOTH_HIT,hit_at_evaluated_cutoff,BOTH_HIT,"{""bm25_hit"": true, ""dense_hit"": true, ""union_hit"": true, ""candidate_hit"": true, ""reranker_top_k_hit"": true, ""candidate_depth"": 100, ""ranking_k"": 10}"
medicine_4192,Dầu bơ có thể giúp tôi giảm nguy cơ sa sút trí tuệ không?,3,"[""doc_1c68bc914b00dea1e2aee7f9""]","[""ctx_ec785c23813fd93d937e211d""]",2,6,2,1,True,True,BOTH_HIT,hit_at_evaluated_cutoff,BOTH_HIT,"{""bm25_hit"": true, ""dense_hit"": true, ""union_hit"": true, ""candidate_hit"": true, ""reranker_top_k_hit"": true, ""candidate_depth"": 100, ""ranking_k"": 10}"
medicine_6307,Ké đầu ngựa thường được chế biến thành gì?,3,"[""doc_f19a80de4ffb3e43730c700d""]","[""ctx_e7160d223d6d9a99a86eaa76""]",4,1,2,1,True,True,BOTH_HIT,hit_at_evaluated_cutoff,BOTH_HIT,"{""bm25_hit"": true, ""dense_hit"": true, ""union_hit"": true, ""candidate_hit"": true, ""reranker_top_k_hit"": true, ""candidate_depth"": 100, ""ranking_k"": 10}"
medicine_6744,"Để hấp cơm lá sen, cần hấp trong bao lâu và ở nhiệt độ nào?",3,"[""doc_7f47097ec00a0b866dcd3ca8""]","[""ctx_43f6bc1a7d9b31c97bd513f8""]",1,1,1,1,True,True,BOTH_HIT,hit_at_evaluated_cutoff,BOTH_HIT,"{""bm25_hit"": true, ""dense_hit"": true, ""union_hit"": true, ""candidate_hit"": true, ""reranker_top_k_hit"": true, ""candidate_depth"": 100, ""ranking_k"": 10}"
medicine_736,Mô tả cánh hoa của cây Bạch chỉ?,3,"[""doc_379ce558c29fff57e193490f""]","[""ctx_c108e01a61b13a91c217b7fd""]",9,1,2,1,True,True,BOTH_HIT,hit_at_evaluated_cutoff,BOTH_HIT,"{""bm25_hit"": true, ""dense_hit"": true, ""union_hit"": true, ""candidate_hit"": true, ""reranker_top_k_hit"": true, ""candidate_depth"": 100, ""ranking_k"": 10}"
medicine_1954,Đặc điểm tự nhiên của Câu đằng như thế nào?,3,"[""doc_261e8882beb069a05883c6f4""]","[""ctx_e0e58ceebdd674731869cf62""]",2,1,1,1,True,True,BOTH_HIT,hit_at_evaluated_cutoff,BOTH_HIT,"{""bm25_hit"": true, ""dense_hit"": true, ""union_hit"": true, ""candidate_hit"": true, ""reranker_top_k_hit"": true, ""candidate_depth"": 100, ""ranking_k"": 10}"
medicine_4999,Hoàng nàn có gây ra những tác dụng phụ nào?,3,"[""doc_6652c6e678e9bb135ba588dd""]","[""ctx_5c6940058d5b3176225d894f""]",10,1,3,2,True,True,BOTH_HIT,hit_at_evaluated_cutoff,BOTH_HIT,"{""bm25_hit"": true, ""dense_hit"": true, ""union_hit"": true, ""candidate_hit"": true, ""reranker_top_k_hit"": true, ""candidate_depth"": 100, ""ranking_k"": 10}"
medicine_1037,"Trong thực vật, cây bạch đồng nữ được xếp vào họ nào?",3,"[""doc_c2b6d385b1326b318e80a1f5""]","[""ctx_936a28261cbbad4f26d2678a""]",48,1,9,1,True,True,BOTH_HIT,hit_at_evaluated_cutoff,BOTH_HIT,"{""bm25_hit"": true, ""dense_hit"": true, ""union_hit"": true, ""candidate_hit"": true, ""reranker_top_k_hit"": true, ""candidate_depth"": 100, ""ranking_k"": 10}"
medicine_9759,Polysacarit từ loại sa sâm nào thể hiện hành động chống ung thư mạnh mẽ?,3,"[""doc_80351dd3d36b6073654e596f""]","[""ctx_997fa1e390ab89dc4a34be24""]",1,1,1,1,True,True,BOTH_HIT,hit_at_evaluated_cutoff,BOTH_HIT,"{""bm25_hit"": true, ""dense_hit"": true, ""union_hit"": true, ""candidate_hit"": true, ""reranker_top_k_hit"": true, ""candidate_depth"": 100, ""ranking_k"": 10}"
medicine_1735,Trong lá Cà dại hoa trắng có chứa những thành phần hóa học nào?,3,"[""doc_c57069360775125814df9649""]","[""ctx_2074f506ced4ea2edcb4d243""]",,36,65,1,True,True,DENSE_ONLY_HIT,hit_at_evaluated_cutoff,DENSE_ONLY_HIT,"{""bm25_hit"": false, ""dense_hit"": true, ""union_hit"": true, ""candidate_hit"": true, ""reranker_top_k_hit"": true, ""candidate_depth"": 100, ""ranking_k"": 10}"
medicine_7660,Mật ong có thể có những màu sắc và trạng thái khác nhau như thế nào?,3,"[""doc_77f24c1e82377ffc76b9993a""]","[""ctx_3b959a6b1c01242042cc2075""]",1,1,1,1,True,True,BOTH_HIT,hit_at_evaluated_cutoff,BOTH_HIT,"{""bm25_hit"": true, ""dense_hit"": true, ""union_hit"": true, ""candidate_hit"": true, ""reranker_top_k_hit"": true, ""candidate_depth"": 100, ""ranking_k"": 10}"
medicine_7849,Thế nào là Mộc thông tốt?,3,"[""doc_6438555ddc5ca026c7e6e82a""]","[""ctx_b611910ea4634bb571fc7bb2""]",26,1,8,1,True,True,BOTH_HIT,hit_at_evaluated_cutoff,BOTH_HIT,"{""bm25_hit"": true, ""dense_hit"": true, ""union_hit"": true, ""candidate_hit"": true, ""reranker_top_k_hit"": true, ""candidate_depth"": 100, ""ranking_k"": 10}"
medicine_11476,Các thành phần khác của tinh dầu nghệ bao gồm những gì?,3,"[""doc_016df7614cf13a03dcf3353e""]","[""ctx_278a79ca350af47dc25c1771""]",,53,90,1,True,True,DENSE_ONLY_HIT,hit_at_evaluated_cutoff,DENSE_ONLY_HIT,"{""bm25_hit"": false, ""dense_hit"": true, ""union_hit"": true, ""candidate_hit"": true, ""reranker_top_k_hit"": true, ""candidate_depth"": 100, ""ranking_k"": 10}"
medicine_3797,Việc sử dụng diếp cá cần chú ý những gì?,3,"[""doc_4f5ae4223ff5a4a3f5ab5d82""]","[""ctx_69ca96cede424f83f99f8872""]",1,1,1,1,True,True,BOTH_HIT,hit_at_evaluated_cutoff,BOTH_HIT,"{""bm25_hit"": true, ""dense_hit"": true, ""union_hit"": true, ""candidate_hit"": true, ""reranker_top_k_hit"": true, ""candidate_depth"": 100, ""ranking_k"": 10}"
medicine_4013,Dây thuốc cá được sử dụng trong nông nghiệp với mục đích gì?,3,"[""doc_30fbe73bbc3ea18eead0708b""]","[""ctx_772bd50c353ff02ccc278793""]",50,1,3,1,True,True,BOTH_HIT,hit_at_evaluated_cutoff,BOTH_HIT,"{""bm25_hit"": true, ""dense_hit"": true, ""union_hit"": true, ""candidate_hit"": true, ""reranker_top_k_hit"": true, ""candidate_depth"": 100, ""ranking_k"": 10}"
medicine_1697,Vì sao tinh dầu Cà cuống được dùng trong một số trường hợp yếu sinh lý ở nam giới?,3,"[""doc_ea4ae243cb53e1250d19cc4c""]","[""ctx_0677e3e0bb9f025216a7f352""]",1,2,1,2,True,True,BOTH_HIT,hit_at_evaluated_cutoff,BOTH_HIT,"{""bm25_hit"": true, ""dense_hit"": true, ""union_hit"": true, ""candidate_hit"": true, ""reranker_top_k_hit"": true, ""candidate_depth"": 100, ""ranking_k"": 10}"
medicine_7927,"Nam sâm có công dụng gì, tính vị như thế nào?",3,"[""doc_59461053584699151c2ae55c""]","[""ctx_9e4d963061dd8427cd3d2de5""]",1,1,1,1,True,True,BOTH_HIT,hit_at_evaluated_cutoff,BOTH_HIT,"{""bm25_hit"": true, ""dense_hit"": true, ""union_hit"": true, ""candidate_hit"": true, ""reranker_top_k_hit"": true, ""candidate_depth"": 100, ""ranking_k"": 10}"
medicine_4026,Cơ chế tác dụng của dây thìa canh trong việc giảm lipid máu là gì?,3,"[""doc_ee38e5386979215f809f1324""]","[""ctx_0af2bc7605f55382325720e7""]",2,1,1,1,True,True,BOTH_HIT,hit_at_evaluated_cutoff,BOTH_HIT,"{""bm25_hit"": true, ""dense_hit"": true, ""union_hit"": true, ""candidate_hit"": true, ""reranker_top_k_hit"": true, ""candidate_depth"": 100, ""ranking_k"": 10}"
medicine_6349,"Trong bài thuốc chữa rối loạn kinh nguyệt, ngoài Kê huyết đằng, những dược liệu nào khác được sử dụng?",3,"[""doc_d1f94fd0e216c7d36107c9c9""]","[""ctx_ce873acc1cfb6701f849241d""]",,33,63,1,True,True,DENSE_ONLY_HIT,hit_at_evaluated_cutoff,DENSE_ONLY_HIT,"{""bm25_hit"": false, ""dense_hit"": true, ""union_hit"": true, ""candidate_hit"": true, ""reranker_top_k_hit"": true, ""candidate_depth"": 100, ""ranking_k"": 10}"
medicine_9348,Rau mương kết hợp với những loại thảo dược nào để điều trị bệnh tiểu đường?,3,"[""doc_b107e77d8f99c9528be0a928""]","[""ctx_1787180abeef178a4a63e5c5""]",46,2,6,1,True,True,BOTH_HIT,hit_at_evaluated_cutoff,BOTH_HIT,"{""bm25_hit"": true, ""dense_hit"": true, ""union_hit"": true, ""candidate_hit"": true, ""reranker_top_k_hit"": true, ""candidate_depth"": 100, ""ranking_k"": 10}"
medicine_10345,Lá tam thất có đặc điểm gì nổi bật?,3,"[""doc_ebcc4edbdd7bee1e1a914c88""]","[""ctx_704d168e5696a93d65d1528a""]",33,1,6,2,True,True,BOTH_HIT,hit_at_evaluated_cutoff,BOTH_HIT,"{""bm25_hit"": true, ""dense_hit"": true, ""union_hit"": true, ""candidate_hit"": true, ""reranker_top_k_hit"": true, ""candidate_depth"": 100, ""ranking_k"": 10}"
medicine_12646,"Tại Tây Phi, cây Vòi voi được sử dụng để điều trị bệnh gì?",3,"[""doc_0a449afe4f25c34b55340ca5""]","[""ctx_91f7aa72355e1e05bed589b5""]",1,1,1,1,True,True,BOTH_HIT,hit_at_evaluated_cutoff,BOTH_HIT,"{""bm25_hit"": true, ""dense_hit"": true, ""union_hit"": true, ""candidate_hit"": true, ""reranker_top_k_hit"": true, ""candidate_depth"": 100, ""ranking_k"": 10}"
medicine_10714,"Trong các bộ phận của cây Thông thiên, bộ phận nào chứa độc tố gây tử vong cao nhất?",3,"[""doc_9bc601075708ab215aad5154""]","[""ctx_9cf7be3664cc06fe31c07d15""]",2,1,1,1,True,True,BOTH_HIT,hit_at_evaluated_cutoff,BOTH_HIT,"{""bm25_hit"": true, ""dense_hit"": true, ""union_hit"": true, ""candidate_hit"": true, ""reranker_top_k_hit"": true, ""candidate_depth"": 100, ""ranking_k"": 10}"
medicine_5729,"Ngoài các tác dụng đối với hệ tim mạch, Hắc sâm còn có các tác dụng nào khác đang được nghiên cứu?",3,"[""doc_97f34d7ba5ee006a2440f317""]","[""ctx_092e55de46b63a58ff728dab""]",1,1,1,1,True,True,BOTH_HIT,hit_at_evaluated_cutoff,BOTH_HIT,"{""bm25_hit"": true, ""dense_hit"": true, ""union_hit"": true, ""candidate_hit"": true, ""reranker_top_k_hit"": true, ""candidate_depth"": 100, ""ranking_k"": 10}"
medicine_12627,"Theo Y học hiện đại, dược liệu vàng đắng có tác dụng diệt gì?",3,"[""doc_c76e81398c20a85de4065336""]","[""ctx_a3a0e7b8b06efa5f06676989""]",,,,,False,True,BOTH_MISS;CANDIDATE_MISS;DOC_HIT_CHUNK_MISS,retrieval_or_fusion,BOTH_MISS; CANDIDATE_MISS; DOC_HIT_CHUNK_MISS,"{""bm25_hit"": false, ""dense_hit"": false, ""union_hit"": false, ""candidate_hit"": false, ""reranker_top_k_hit"": false, ""candidate_depth"": 100, ""ranking_k"": 10}"
medicine_7676,Hỗn hợp chính trong mật ong là gì?,3,"[""doc_77f24c1e82377ffc76b9993a""]","[""ctx_bfc25b244c2f1a3f1c68b86d""]",1,1,1,1,True,True,BOTH_HIT,hit_at_evaluated_cutoff,BOTH_HIT,"{""bm25_hit"": true, ""dense_hit"": true, ""union_hit"": true, ""candidate_hit"": true, ""reranker_top_k_hit"": true, ""candidate_depth"": 100, ""ranking_k"": 10}"
medicine_4874,Adenosine trong Hoài sơn có tác dụng giống estrogen diễn ra chủ yếu thông qua thụ thể estrogen nào?,3,"[""doc_7ea88a75c6be0479aa9db12b""]","[""ctx_7f4d47d1aa45581ac15fac02""]",1,1,1,1,True,True,BOTH_HIT,hit_at_evaluated_cutoff,BOTH_HIT,"{""bm25_hit"": true, ""dense_hit"": true, ""union_hit"": true, ""candidate_hit"": true, ""reranker_top_k_hit"": true, ""candidate_depth"": 100, ""ranking_k"": 10}"
medicine_12495,Tỏi có tác dụng ra sao trong việc điều trị bệnh truyền nhiễm và cảm cúm?,3,"[""doc_943ae76620dce846af5f07c3""]","[""ctx_afc0e11425335d439961b499""]",62,23,18,1,True,True,BOTH_HIT,hit_at_evaluated_cutoff,BOTH_HIT,"{""bm25_hit"": true, ""dense_hit"": true, ""union_hit"": true, ""candidate_hit"": true, ""reranker_top_k_hit"": true, ""candidate_depth"": 100, ""ranking_k"": 10}"
medicine_13831,Khi thu hái Địa liền cần lưu ý những điều gì?,3,"[""doc_aeea7f1c5965c631e217e242""]","[""ctx_e887424ad49b59109f750812""]",,10,30,2,True,True,DENSE_ONLY_HIT,hit_at_evaluated_cutoff,DENSE_ONLY_HIT,"{""bm25_hit"": false, ""dense_hit"": true, ""union_hit"": true, ""candidate_hit"": true, ""reranker_top_k_hit"": true, ""candidate_depth"": 100, ""ranking_k"": 10}"
medicine_13218,Trái tắc có công dụng gì trong y học cổ truyền?,3,"[""doc_1c0782baf9b70f5649ee6c11""]","[""ctx_fb77cf40ecbb095a9b7efcf9""]",,47,90,3,True,True,DENSE_ONLY_HIT,hit_at_evaluated_cutoff,DENSE_ONLY_HIT,"{""bm25_hit"": false, ""dense_hit"": true, ""union_hit"": true, ""candidate_hit"": true, ""reranker_top_k_hit"": true, ""candidate_depth"": 100, ""ranking_k"": 10}"
medicine_13645,"Ngoài tác dụng làm ấm và hỗ trợ tiêu hóa, đại hồi còn có tác dụng gì?",3,"[""doc_11d620fd96a885ac962634c6""]","[""ctx_b5063e56884526374bdc5811""]",1,2,1,1,True,True,BOTH_HIT,hit_at_evaluated_cutoff,BOTH_HIT,"{""bm25_hit"": true, ""dense_hit"": true, ""union_hit"": true, ""candidate_hit"": true, ""reranker_top_k_hit"": true, ""candidate_depth"": 100, ""ranking_k"": 10}"
body-part_4873,"Trong tai trong, bộ phận nào có chức năng cân bằng cơ thể?",0,"[""doc_9be78524563b9fded5c33947""]","[""ctx_159002dff565c19aa980ac67""]",78,6,13,3,True,True,BOTH_HIT,hit_at_evaluated_cutoff,BOTH_HIT,"{""bm25_hit"": true, ""dense_hit"": true, ""union_hit"": true, ""candidate_hit"": true, ""reranker_top_k_hit"": true, ""candidate_depth"": 100, ""ranking_k"": 10}"
body-part_437,LDL được gọi là gì và đặc điểm của nó?,0,"[""doc_32aa54acba374ae9556f719a""]","[""ctx_b1651970bd7d58874e0fde94""]",1,1,1,1,True,True,BOTH_HIT,hit_at_evaluated_cutoff,BOTH_HIT,"{""bm25_hit"": true, ""dense_hit"": true, ""union_hit"": true, ""candidate_hit"": true, ""reranker_top_k_hit"": true, ""candidate_depth"": 100, ""ranking_k"": 10}"
body-part_3282,Tổn thương khu vực thùy insula liên quan đến bệnh lý gì?,0,"[""doc_10b1795149290586cb083fde""]","[""ctx_5a9f263ba580d540199e3770""]",1,1,1,1,True,True,BOTH_HIT,hit_at_evaluated_cutoff,BOTH_HIT,"{""bm25_hit"": true, ""dense_hit"": true, ""union_hit"": true, ""candidate_hit"": true, ""reranker_top_k_hit"": true, ""candidate_depth"": 100, ""ranking_k"": 10}"
body-part_450,Nên chọn phương pháp nấu nào để hạn chế lượng cholesterol?,0,"[""doc_32aa54acba374ae9556f719a""]","[""ctx_8fe8edecf9363e645ffcdabd""]",5,2,1,1,True,True,BOTH_HIT,hit_at_evaluated_cutoff,BOTH_HIT,"{""bm25_hit"": true, ""dense_hit"": true, ""union_hit"": true, ""candidate_hit"": true, ""reranker_top_k_hit"": true, ""candidate_depth"": 100, ""ranking_k"": 10}"
body-part_732,Bạn nên làm gì trước khi đầu tư vào chất bổ sung DHEA để giảm cân?,0,"[""doc_1f871dac90e13672c503845d""]","[""ctx_79bcffa7060ede217969afaf""]",1,1,1,1,True,True,BOTH_HIT,hit_at_evaluated_cutoff,BOTH_HIT,"{""bm25_hit"": true, ""dense_hit"": true, ""union_hit"": true, ""candidate_hit"": true, ""reranker_top_k_hit"": true, ""candidate_depth"": 100, ""ranking_k"": 10}"
body-part_1545,Sự hoạt động đối lập của hệ thống giao cảm và đối giao cảm biểu hiện qua đặc điểm nào?,0,"[""doc_3b8a06491cdd78b5a34073de""]","[""ctx_6bc1ce698e8aeb85af5d8110""]",1,1,1,1,True,True,BOTH_HIT,hit_at_evaluated_cutoff,BOTH_HIT,"{""bm25_hit"": true, ""dense_hit"": true, ""union_hit"": true, ""candidate_hit"": true, ""reranker_top_k_hit"": true, ""candidate_depth"": 100, ""ranking_k"": 10}"
body-part_3595,Tuyến thượng thận có bao nhiêu quả?,0,"[""doc_643ee9e6fb6de24f8251cb9d""]","[""ctx_36bfe4016605246a9d883a67""]",1,1,1,1,True,True,BOTH_HIT,hit_at_evaluated_cutoff,BOTH_HIT,"{""bm25_hit"": true, ""dense_hit"": true, ""union_hit"": true, ""candidate_hit"": true, ""reranker_top_k_hit"": true, ""candidate_depth"": 100, ""ranking_k"": 10}"
body-part_642,"Tại vùng lưng, cơ dựng sống gồm có mấy lớp?",0,"[""doc_96e4dc61f48a507b1745719a""]","[""ctx_8a6a5847fdd87bb4313d7de3""]",1,1,1,1,True,True,BOTH_HIT,hit_at_evaluated_cutoff,BOTH_HIT,"{""bm25_hit"": true, ""dense_hit"": true, ""union_hit"": true, ""candidate_hit"": true, ""reranker_top_k_hit"": true, ""candidate_depth"": 100, ""ranking_k"": 10}"
body-part_1181,Kết quả xét nghiệm gen APC được hiểu như thế nào?,0,"[""doc_245560424d3456f1947fdc7c""]","[""ctx_f81cbbda8d9b7443ae35d3da""]",2,1,1,1,True,True,BOTH_HIT,hit_at_evaluated_cutoff,BOTH_HIT,"{""bm25_hit"": true, ""dense_hit"": true, ""union_hit"": true, ""candidate_hit"": true, ""reranker_top_k_hit"": true, ""candidate_depth"": 100, ""ranking_k"": 10}"
body-part_494,Các chức năng của Canxi trong cơ thể là gì?,0,"[""doc_f6ae2115eda4c15c0aa7d280""]","[""ctx_a545b4e17d13e9860a054e03""]",,4,34,4,True,True,DENSE_ONLY_HIT,hit_at_evaluated_cutoff,DENSE_ONLY_HIT,"{""bm25_hit"": false, ""dense_hit"": true, ""union_hit"": true, ""candidate_hit"": true, ""reranker_top_k_hit"": true, ""candidate_depth"": 100, ""ranking_k"": 10}"
body-part_2318,Sự thay đổi lưu lượng máu đến các cơ quan hạ lưu được điều chỉnh như thế nào?,0,"[""doc_10c51a8ffd89f84a13e0039e""]","[""ctx_233f5a96490ce6377b4a8a89""]",1,4,2,1,True,True,BOTH_HIT,hit_at_evaluated_cutoff,BOTH_HIT,"{""bm25_hit"": true, ""dense_hit"": true, ""union_hit"": true, ""candidate_hit"": true, ""reranker_top_k_hit"": true, ""candidate_depth"": 100, ""ranking_k"": 10}"
body-part_4172,Khi có những thay đổi bất thường xảy ra ở vùng thường vị thì cảnh báo nguy cơ vấn đề sức khỏe như thế nào?,0,"[""doc_cee8d25afb60205eb2b33c68""]","[""ctx_3f715db5b34a9251038e8498""]",1,2,1,1,True,True,BOTH_HIT,hit_at_evaluated_cutoff,BOTH_HIT,"{""bm25_hit"": true, ""dense_hit"": true, ""union_hit"": true, ""candidate_hit"": true, ""reranker_top_k_hit"": true, ""candidate_depth"": 100, ""ranking_k"": 10}"
body-part_2459,Các động mạch cung cấp máu cho phía trước của não là gì?,0,"[""doc_f0c1de44b1624da92421f5b9""]","[""ctx_0f14e884838457f94bcecdec""]",1,1,1,1,True,True,BOTH_HIT,hit_at_evaluated_cutoff,BOTH_HIT,"{""bm25_hit"": true, ""dense_hit"": true, ""union_hit"": true, ""candidate_hit"": true, ""reranker_top_k_hit"": true, ""candidate_depth"": 100, ""ranking_k"": 10}"
body-part_2255,Tiền đình âm hộ là gì?,0,"[""doc_b60f59821befcfc3484587ec""]","[""ctx_f7ad05350146b794c6787819""]",1,4,1,4,True,True,BOTH_HIT,hit_at_evaluated_cutoff,BOTH_HIT,"{""bm25_hit"": true, ""dense_hit"": true, ""union_hit"": true, ""candidate_hit"": true, ""reranker_top_k_hit"": true, ""candidate_depth"": 100, ""ranking_k"": 10}"
body-part_4347,Buồng trứng có bao nhiêu chức năng sinh sản chính?,0,"[""doc_74071a0584b825ff2edbad6e""]","[""ctx_f82d8d0a8ddd4fbafd21b690""]",1,1,1,1,True,True,BOTH_HIT,hit_at_evaluated_cutoff,BOTH_HIT,"{""bm25_hit"": true, ""dense_hit"": true, ""union_hit"": true, ""candidate_hit"": true, ""reranker_top_k_hit"": true, ""candidate_depth"": 100, ""ranking_k"": 10}"
body-part_261,Có bao nhiêu xương đốt bàn tay?,0,"[""doc_438217ad2c364d0a5f7309cc""]","[""ctx_8f5b74826cea44cc034351aa""]",3,1,1,1,True,True,BOTH_HIT,hit_at_evaluated_cutoff,BOTH_HIT,"{""bm25_hit"": true, ""dense_hit"": true, ""union_hit"": true, ""candidate_hit"": true, ""reranker_top_k_hit"": true, ""candidate_depth"": 100, ""ranking_k"": 10}"
body-part_1137,"Ngoài việc phá vỡ bilirubin, liver còn phá vỡ loại chất thải nào khác?",0,"[""doc_b273012547f5494dfdb7be12""]","[""ctx_bd1971ac381282d9fa625ee7""]",2,1,1,1,True,True,BOTH_HIT,hit_at_evaluated_cutoff,BOTH_HIT,"{""bm25_hit"": true, ""dense_hit"": true, ""union_hit"": true, ""candidate_hit"": true, ""reranker_top_k_hit"": true, ""candidate_depth"": 100, ""ranking_k"": 10}"
body-part_4554,"Khi phụ nữ mãn kinh, niêm mạc đường tiết niệu có những thay đổi gì?",0,"[""doc_0f991aa9a205bdc64112e6dc""]","[""ctx_59a41d502a071c71c05ceabe""]",1,1,1,1,True,True,BOTH_HIT,hit_at_evaluated_cutoff,BOTH_HIT,"{""bm25_hit"": true, ""dense_hit"": true, ""union_hit"": true, ""candidate_hit"": true, ""reranker_top_k_hit"": true, ""candidate_depth"": 100, ""ranking_k"": 10}"
body-part_1802,Phần lớn máu động mạch đến kết tràng đến từ đâu?,0,"[""doc_108e6cb6cf8cd48a7d0ad1a4""]","[""ctx_ee40325f4d9f28496c4c5707""]",3,1,2,1,True,True,BOTH_HIT,hit_at_evaluated_cutoff,BOTH_HIT,"{""bm25_hit"": true, ""dense_hit"": true, ""union_hit"": true, ""candidate_hit"": true, ""reranker_top_k_hit"": true, ""candidate_depth"": 100, ""ranking_k"": 10}"
body-part_749,Tại sao người ta nên xét nghiệm di truyền trước khi có con?,0,"[""doc_29e9d9d9f54746b89d138266""]","[""ctx_04c57a7daac88ecfafdb7521""]",1,1,1,1,True,True,BOTH_HIT,hit_at_evaluated_cutoff,BOTH_HIT,"{""bm25_hit"": true, ""dense_hit"": true, ""union_hit"": true, ""candidate_hit"": true, ""reranker_top_k_hit"": true, ""candidate_depth"": 100, ""ranking_k"": 10}"
body-part_1252,"Theo như giả thuyết, liệu việc uống DHEA có thể giúp làm chậm quá trình lão hóa không?",0,"[""doc_ebb6a1046421eea5ce52ebaa""]","[""ctx_9a6b3946f7f45e53bbe8b9fa""]",1,1,1,1,True,True,BOTH_HIT,hit_at_evaluated_cutoff,BOTH_HIT,"{""bm25_hit"": true, ""dense_hit"": true, ""union_hit"": true, ""candidate_hit"": true, ""reranker_top_k_hit"": true, ""candidate_depth"": 100, ""ranking_k"": 10}"
body-part_2452,Thùy chẩm có vai trò gì trong não?,0,"[""doc_f0c1de44b1624da92421f5b9""]","[""ctx_d52de70744223730d6b72b75""]",12,4,6,8,False,True,BOTH_HIT;SELECTION_MISS;DOC_HIT_CHUNK_MISS,selection,BOTH_HIT; SELECTION_MISS; DOC_HIT_CHUNK_MISS,"{""bm25_hit"": true, ""dense_hit"": true, ""union_hit"": true, ""candidate_hit"": true, ""reranker_top_k_hit"": true, ""candidate_depth"": 100, ""ranking_k"": 10}"
body-part_4831,Nguyên nhân nào thường dẫn đến hẹp động mạch?,0,"[""doc_080ee04571ae94a7b4294030""]","[""ctx_fdc4e5d05feb6275e88b7fb0""]",40,1,11,3,True,True,BOTH_HIT,hit_at_evaluated_cutoff,BOTH_HIT,"{""bm25_hit"": true, ""dense_hit"": true, ""union_hit"": true, ""candidate_hit"": true, ""reranker_top_k_hit"": true, ""candidate_depth"": 100, ""ranking_k"": 10}"
body-part_1179,Có tiền sử ung thư đại trực tràng ở những đối tượng nào được chỉ định xét nghiệm gen APC?,0,"[""doc_245560424d3456f1947fdc7c""]","[""ctx_0f5f0a71dbdb037742a16894""]",51,20,22,1,True,True,BOTH_HIT,hit_at_evaluated_cutoff,BOTH_HIT,"{""bm25_hit"": true, ""dense_hit"": true, ""union_hit"": true, ""candidate_hit"": true, ""reranker_top_k_hit"": true, ""candidate_depth"": 100, ""ranking_k"": 10}"
body-part_2798,"Những thành phần nào cấu tạo nên lớp dưới niêm mạc trong ruột non, ruột già?",0,"[""doc_0fc56b033d85b0df2a52ffbf""]","[""ctx_b61f1f14b7bba59de00db897""]",35,17,16,2,True,True,BOTH_HIT,hit_at_evaluated_cutoff,BOTH_HIT,"{""bm25_hit"": true, ""dense_hit"": true, ""union_hit"": true, ""candidate_hit"": true, ""reranker_top_k_hit"": true, ""candidate_depth"": 100, ""ranking_k"": 10}"
body-part_3477,Trong trường hợp nào có thể được chỉ định phẫu thuật cắt lách?,0,"[""doc_c1a5f1c73a17384d4a9b09d8""]","[""ctx_1627ac880d5ea487c8bec8e8""]",18,93,24,1,True,True,BOTH_HIT,hit_at_evaluated_cutoff,BOTH_HIT,"{""bm25_hit"": true, ""dense_hit"": true, ""union_hit"": true, ""candidate_hit"": true, ""reranker_top_k_hit"": true, ""candidate_depth"": 100, ""ranking_k"": 10}"
body-part_4858,Kiểm tra mức độ căng thẳng trong ĐM có thể được thực hiện như thế nào?,0,"[""doc_080ee04571ae94a7b4294030""]","[""ctx_ee64bec9a99f30db4314c5ad""]",7,2,1,1,True,True,BOTH_HIT,hit_at_evaluated_cutoff,BOTH_HIT,"{""bm25_hit"": true, ""dense_hit"": true, ""union_hit"": true, ""candidate_hit"": true, ""reranker_top_k_hit"": true, ""candidate_depth"": 100, ""ranking_k"": 10}"
body-part_2421,Niệu đạo tiền liệt có đặc điểm gì?,0,"[""doc_8de5b3c4cf12e9b9851d0676""]","[""ctx_891093fedf1657008ef28b0b""]",1,3,1,1,True,True,BOTH_HIT,hit_at_evaluated_cutoff,BOTH_HIT,"{""bm25_hit"": true, ""dense_hit"": true, ""union_hit"": true, ""candidate_hit"": true, ""reranker_top_k_hit"": true, ""candidate_depth"": 100, ""ranking_k"": 10}"
body-part_2218,Bệnh nào phổ biến liên quan đến triệu chứng này?,0,"[""doc_b6c97fd9fa411f3a4b3e1b63""]","[""ctx_31346b36f7e83312af0960d2""]",,,,,False,False,BOTH_MISS;CANDIDATE_MISS;DOC_AND_CHUNK_MISS,retrieval_or_fusion,BOTH_MISS; CANDIDATE_MISS; DOC_AND_CHUNK_MISS,"{""bm25_hit"": false, ""dense_hit"": false, ""union_hit"": false, ""candidate_hit"": false, ""reranker_top_k_hit"": false, ""candidate_depth"": 100, ""ranking_k"": 10}"
body-part_386,Bạch cầu di chuyển bằng gì?,0,"[""doc_eec4e703b2aa382232291e3a""]","[""ctx_0a77ba0fd99a8b5c91e8c6ae""]",1,1,1,1,True,True,BOTH_HIT,hit_at_evaluated_cutoff,BOTH_HIT,"{""bm25_hit"": true, ""dense_hit"": true, ""union_hit"": true, ""candidate_hit"": true, ""reranker_top_k_hit"": true, ""candidate_depth"": 100, ""ranking_k"": 10}"
body-part_105,Phương pháp thu thập mẫu bệnh phẩm để xét nghiệm Albumin là gì?,0,"[""doc_1d185967601b0a9e7d5afdf4""]","[""ctx_de4f1bd8c75b05706c44f7e0""]",1,1,1,1,True,True,BOTH_HIT,hit_at_evaluated_cutoff,BOTH_HIT,"{""bm25_hit"": true, ""dense_hit"": true, ""union_hit"": true, ""candidate_hit"": true, ""reranker_top_k_hit"": true, ""candidate_depth"": 100, ""ranking_k"": 10}"
body-part_4045,Mặt ngoài vôi răng là thành phần cấu tạo như thế nào?,0,"[""doc_c450df5e8d2e0f0ca9433b88""]","[""ctx_9193fa2a82a524f18b7ba6ba""]",1,1,1,2,True,True,BOTH_HIT,hit_at_evaluated_cutoff,BOTH_HIT,"{""bm25_hit"": true, ""dense_hit"": true, ""union_hit"": true, ""candidate_hit"": true, ""reranker_top_k_hit"": true, ""candidate_depth"": 100, ""ranking_k"": 10}"
body-part_4064,"Theo quan niệm trước đây, nguyên nhân gây hỏng nướu viền là gì?",0,"[""doc_c450df5e8d2e0f0ca9433b88""]","[""ctx_150c9c164985d1fa7584705a""]",3,1,2,1,True,True,BOTH_HIT,hit_at_evaluated_cutoff,BOTH_HIT,"{""bm25_hit"": true, ""dense_hit"": true, ""union_hit"": true, ""candidate_hit"": true, ""reranker_top_k_hit"": true, ""candidate_depth"": 100, ""ranking_k"": 10}"
body-part_4258,Tại sao xương bánh chè dễ bị chấn thương?,0,"[""doc_71fcefc6fa9f85cdf250d30a""]","[""ctx_f5af22525f1d143e94ba3058""]",2,3,3,1,True,True,BOTH_HIT,hit_at_evaluated_cutoff,BOTH_HIT,"{""bm25_hit"": true, ""dense_hit"": true, ""union_hit"": true, ""candidate_hit"": true, ""reranker_top_k_hit"": true, ""candidate_depth"": 100, ""ranking_k"": 10}"
body-part_4410,"Trong trường hợp chấn thương nghiêm trọng hoặc ảnh hưởng đến dây thần kinh, phương pháp điều trị nào có thể được sử dụng?",0,"[""doc_2a9315d0687e5f8642942ab5""]","[""ctx_c284fc6391799635e3144434""]",1,1,1,1,True,True,BOTH_HIT,hit_at_evaluated_cutoff,BOTH_HIT,"{""bm25_hit"": true, ""dense_hit"": true, ""union_hit"": true, ""candidate_hit"": true, ""reranker_top_k_hit"": true, ""candidate_depth"": 100, ""ranking_k"": 10}"
body-part_690,Các biện pháp bảo vệ cơ vuông thắt lưng là gì?,0,"[""doc_aff76ae23e3d9d53c981c60e""]","[""ctx_09bd61eebca2a23ac09f3e48""]",1,1,1,1,True,True,BOTH_HIT,hit_at_evaluated_cutoff,BOTH_HIT,"{""bm25_hit"": true, ""dense_hit"": true, ""union_hit"": true, ""candidate_hit"": true, ""reranker_top_k_hit"": true, ""candidate_depth"": 100, ""ranking_k"": 10}"
body-part_1672,Những xương nào tạo thành khuỷu tay ở người?,0,"[""doc_b82534e1001a284a80576826""]","[""ctx_69873e1ccef339473f89cf86""]",1,1,1,1,True,True,BOTH_HIT,hit_at_evaluated_cutoff,BOTH_HIT,"{""bm25_hit"": true, ""dense_hit"": true, ""union_hit"": true, ""candidate_hit"": true, ""reranker_top_k_hit"": true, ""candidate_depth"": 100, ""ranking_k"": 10}"
body-part_4366,Tình trạng sa các cơ quan trong vùng chậu xảy ra khi nào?,0,"[""doc_74071a0584b825ff2edbad6e""]","[""ctx_0fd9f2028042a7041708f524""]",1,1,1,1,True,True,BOTH_HIT,hit_at_evaluated_cutoff,BOTH_HIT,"{""bm25_hit"": true, ""dense_hit"": true, ""union_hit"": true, ""candidate_hit"": true, ""reranker_top_k_hit"": true, ""candidate_depth"": 100, ""ranking_k"": 10}"
body-part_3949,"Khi protein từ thức ăn được tiêu hóa trong đường tiêu hóa, điều gì xảy ra với chúng tiếp theo?",0,"[""doc_ed7b22f1faad206ff079be7a""]","[""ctx_5ead674946d7dc28a3cf144f""]",1,2,1,1,True,True,BOTH_HIT,hit_at_evaluated_cutoff,BOTH_HIT,"{""bm25_hit"": true, ""dense_hit"": true, ""union_hit"": true, ""candidate_hit"": true, ""reranker_top_k_hit"": true, ""candidate_depth"": 100, ""ranking_k"": 10}"
body-part_2853,Răng cối lớn có vai trò gì trong hệ thống răng miệng?,0,"[""doc_5d43e7e6326f5c40690752b2""]","[""ctx_b21c6c94e5cb9876c7c50338""]",1,1,1,1,True,True,BOTH_HIT,hit_at_evaluated_cutoff,BOTH_HIT,"{""bm25_hit"": true, ""dense_hit"": true, ""union_hit"": true, ""candidate_hit"": true, ""reranker_top_k_hit"": true, ""candidate_depth"": 100, ""ranking_k"": 10}"
body-part_3057,Nephron đóng vai trò gì trong quá trình hoạt động của thận?,0,"[""doc_44f64df19051861d495e205c""]","[""ctx_f99ee663f54e1be3b451b856""]",28,1,3,3,True,True,BOTH_HIT,hit_at_evaluated_cutoff,BOTH_HIT,"{""bm25_hit"": true, ""dense_hit"": true, ""union_hit"": true, ""candidate_hit"": true, ""reranker_top_k_hit"": true, ""candidate_depth"": 100, ""ranking_k"": 10}"
body-part_4133,"Nếu không được điều trị, loét dạ dày có thể dẫn đến biến chứng gì?",0,"[""doc_cee8d25afb60205eb2b33c68""]","[""ctx_90ee12fd9f226ed3e4d21cd9""]",1,4,1,5,True,True,BOTH_HIT,hit_at_evaluated_cutoff,BOTH_HIT,"{""bm25_hit"": true, ""dense_hit"": true, ""union_hit"": true, ""candidate_hit"": true, ""reranker_top_k_hit"": true, ""candidate_depth"": 100, ""ranking_k"": 10}"
body-part_2817,Cách tốt nhất để giảm bớt các triệu chứng của hội chứng ruột kích thích là gì?,0,"[""doc_0fc56b033d85b0df2a52ffbf""]","[""ctx_3c4f070d25fcb1b5d67d35a3""]",1,1,1,1,True,True,BOTH_HIT,hit_at_evaluated_cutoff,BOTH_HIT,"{""bm25_hit"": true, ""dense_hit"": true, ""union_hit"": true, ""candidate_hit"": true, ""reranker_top_k_hit"": true, ""candidate_depth"": 100, ""ranking_k"": 10}"
body-part_3847,Mầm răng được hình thành từ những cấu trúc nào?,0,"[""doc_7585c070c216fb54bdcc0465""]","[""ctx_84d884fcf152402ba1c1d137""]",2,4,2,2,True,True,BOTH_HIT,hit_at_evaluated_cutoff,BOTH_HIT,"{""bm25_hit"": true, ""dense_hit"": true, ""union_hit"": true, ""candidate_hit"": true, ""reranker_top_k_hit"": true, ""candidate_depth"": 100, ""ranking_k"": 10}"
body-part_3589,Những người mắc hội chứng Sjogren có thể biểu hiện triệu chứng nào?,0,"[""doc_b5bea6f0b5dc9ef3108eafa0""]","[""ctx_6fade9c62ea533aa1aa519d3""]",3,4,4,5,True,True,BOTH_HIT,hit_at_evaluated_cutoff,BOTH_HIT,"{""bm25_hit"": true, ""dense_hit"": true, ""union_hit"": true, ""candidate_hit"": true, ""reranker_top_k_hit"": true, ""candidate_depth"": 100, ""ranking_k"": 10}"
body-part_2827,"Cellulose có được tiêu hóa ở ruột non không, tại sao?",0,"[""doc_5db2a29022b27900fc30bf85""]","[""ctx_8201d5c90b98bcd6a2df7fd9""]",1,2,1,1,True,True,BOTH_HIT,hit_at_evaluated_cutoff,BOTH_HIT,"{""bm25_hit"": true, ""dense_hit"": true, ""union_hit"": true, ""candidate_hit"": true, ""reranker_top_k_hit"": true, ""candidate_depth"": 100, ""ranking_k"": 10}"
body-part_4307,Các biện pháp điều trị nội khoa gãy xương chày là gì?,0,"[""doc_2e0434af3661234b6fa9b879""]","[""ctx_75ed9c5282fab990d3fdb861""]",1,1,1,1,True,True,BOTH_HIT,hit_at_evaluated_cutoff,BOTH_HIT,"{""bm25_hit"": true, ""dense_hit"": true, ""union_hit"": true, ""candidate_hit"": true, ""reranker_top_k_hit"": true, ""candidate_depth"": 100, ""ranking_k"": 10}"
body-part_2236,Uống vitamin tổng hợp có tốt cho móng tay chân không?,0,"[""doc_b6c97fd9fa411f3a4b3e1b63""]","[""ctx_4fb00f519ffadbf47f5da983""]",1,1,1,1,True,True,BOTH_HIT,hit_at_evaluated_cutoff,BOTH_HIT,"{""bm25_hit"": true, ""dense_hit"": true, ""union_hit"": true, ""candidate_hit"": true, ""reranker_top_k_hit"": true, ""candidate_depth"": 100, ""ranking_k"": 10}"
body-part_3601,Tủy thượng thận có vai trò gì trong cơ thể?,0,"[""doc_643ee9e6fb6de24f8251cb9d""]","[""ctx_f9fc5ce2d05cdb7054fbb765""]",4,1,2,2,True,True,BOTH_HIT,hit_at_evaluated_cutoff,BOTH_HIT,"{""bm25_hit"": true, ""dense_hit"": true, ""union_hit"": true, ""candidate_hit"": true, ""reranker_top_k_hit"": true, ""candidate_depth"": 100, ""ranking_k"": 10}"
body-part_2137,Mào tinh hoàn có cấu tạo gồm những phần nào?,0,"[""doc_efb4aa4a95a89d281c929123""]","[""ctx_8874e6f4df168d3c94bfae38""]",2,1,1,1,True,True,BOTH_HIT,hit_at_evaluated_cutoff,BOTH_HIT,"{""bm25_hit"": true, ""dense_hit"": true, ""union_hit"": true, ""candidate_hit"": true, ""reranker_top_k_hit"": true, ""candidate_depth"": 100, ""ranking_k"": 10}"
body-part_325,Tiểu máu có nguy hiểm không?,0,"[""doc_3ea24eec5512b43032d57cf4""]","[""ctx_339caadd9ed02747d116151f""]",,1,21,1,True,True,DENSE_ONLY_HIT,hit_at_evaluated_cutoff,DENSE_ONLY_HIT,"{""bm25_hit"": false, ""dense_hit"": true, ""union_hit"": true, ""candidate_hit"": true, ""reranker_top_k_hit"": true, ""candidate_depth"": 100, ""ranking_k"": 10}"
body-part_4416,Xương cụt có chức năng hỗ trợ gì đặc biệt khi ta ngồi?,0,"[""doc_2b897bba33ba470f93aec168""]","[""ctx_0fbd70bb2f33d0fe7a28d9ee""]",1,1,1,1,True,True,BOTH_HIT,hit_at_evaluated_cutoff,BOTH_HIT,"{""bm25_hit"": true, ""dense_hit"": true, ""union_hit"": true, ""candidate_hit"": true, ""reranker_top_k_hit"": true, ""candidate_depth"": 100, ""ranking_k"": 10}"
body-part_3358,"Bệnh gì khiến tuyến sinh dục của nam giới ngừng sản xuất tinh trùng, dẫn đến tình trạng vô sinh?",0,"[""doc_ca61b36781e70a27e3018dea""]","[""ctx_49b565a418adf03ddad18ed3""]",,36,70,9,False,True,DENSE_ONLY_HIT;SELECTION_MISS;DOC_HIT_CHUNK_MISS,selection,DENSE_ONLY_HIT; SELECTION_MISS; DOC_HIT_CHUNK_MISS,"{""bm25_hit"": false, ""dense_hit"": true, ""union_hit"": true, ""candidate_hit"": true, ""reranker_top_k_hit"": true, ""candidate_depth"": 100, ""ranking_k"": 10}"
body-part_3750,Tác dụng của chất chống oxy hóa trong thực phẩm đối với sức khỏe của túi tinh và tinh trùng là gì?,0,"[""doc_583ce0d6674600194d7eaa5f""]","[""ctx_754eca8d362496a628fcc9b8""]",1,1,1,1,True,True,BOTH_HIT,hit_at_evaluated_cutoff,BOTH_HIT,"{""bm25_hit"": true, ""dense_hit"": true, ""union_hit"": true, ""candidate_hit"": true, ""reranker_top_k_hit"": true, ""candidate_depth"": 100, ""ranking_k"": 10}"
body-part_3056,Chuỗi 3 xương con của tai giữa có chức năng gì?,0,"[""doc_f0d5362dce17bd66c37239bf""]","[""ctx_5e837481095f9fd4adf8b375""]",6,28,9,3,True,True,BOTH_HIT,hit_at_evaluated_cutoff,BOTH_HIT,"{""bm25_hit"": true, ""dense_hit"": true, ""union_hit"": true, ""candidate_hit"": true, ""reranker_top_k_hit"": true, ""candidate_depth"": 100, ""ranking_k"": 10}"
body-part_65,Những đối tượng nào thường xuyên có nguy cơ bị tăng Acid uric trong máu?,0,"[""doc_8267f18356a983202abde546""]","[""ctx_4cfc3c11e900db1e7498dea6""]",2,1,1,1,True,True,BOTH_HIT,hit_at_evaluated_cutoff,BOTH_HIT,"{""bm25_hit"": true, ""dense_hit"": true, ""union_hit"": true, ""candidate_hit"": true, ""reranker_top_k_hit"": true, ""candidate_depth"": 100, ""ranking_k"": 10}"
body-part_3044,Các xương tai phát triển như thế nào ở thời kỳ phôi thai?,0,"[""doc_f0d5362dce17bd66c37239bf""]","[""ctx_9c53f48d2d9afc4f52a0c667""]",2,1,1,1,True,True,BOTH_HIT,hit_at_evaluated_cutoff,BOTH_HIT,"{""bm25_hit"": true, ""dense_hit"": true, ""union_hit"": true, ""candidate_hit"": true, ""reranker_top_k_hit"": true, ""candidate_depth"": 100, ""ranking_k"": 10}"
body-part_3921,Vai trò của cổ tử cung trong quá trình thụ thai là gì?,0,"[""doc_a18c0fc412804e8e1c3e6a4d""]","[""ctx_f795c3038ca898962d0396cb""]",5,1,3,1,True,True,BOTH_HIT,hit_at_evaluated_cutoff,BOTH_HIT,"{""bm25_hit"": true, ""dense_hit"": true, ""union_hit"": true, ""candidate_hit"": true, ""reranker_top_k_hit"": true, ""candidate_depth"": 100, ""ranking_k"": 10}"
body-part_4624,Một số loại viêm âm đạo phổ biến gồm những trường hợp nào?,0,"[""doc_1d83973d55306e4197862557""]","[""ctx_6c6fe1348b389c87c7791877""]",1,2,2,1,True,True,BOTH_HIT,hit_at_evaluated_cutoff,BOTH_HIT,"{""bm25_hit"": true, ""dense_hit"": true, ""union_hit"": true, ""candidate_hit"": true, ""reranker_top_k_hit"": true, ""candidate_depth"": 100, ""ranking_k"": 10}"
body-part_345,Hút thuốc lá có tác động gì đến sức khỏe bàng quang?,0,"[""doc_3ea24eec5512b43032d57cf4""]","[""ctx_d118bedcde4ee24863d46049""]",1,1,1,1,True,True,BOTH_HIT,hit_at_evaluated_cutoff,BOTH_HIT,"{""bm25_hit"": true, ""dense_hit"": true, ""union_hit"": true, ""candidate_hit"": true, ""reranker_top_k_hit"": true, ""candidate_depth"": 100, ""ranking_k"": 10}"
body-part_4538,Môi bé là gì?,0,"[""doc_0f991aa9a205bdc64112e6dc""]","[""ctx_e574a7c11ddef9dd8353dad1""]",3,1,2,1,True,True,BOTH_HIT,hit_at_evaluated_cutoff,BOTH_HIT,"{""bm25_hit"": true, ""dense_hit"": true, ""union_hit"": true, ""candidate_hit"": true, ""reranker_top_k_hit"": true, ""candidate_depth"": 100, ""ranking_k"": 10}"
body-part_1042,"Trên núi cao có rất ít Flo, điều này thích hợp với hoạt động gì?",0,"[""doc_0a78d17b9a1dba49b69c41dc""]","[""ctx_aea3b825d832a2de09218b70""]",6,4,1,1,True,True,BOTH_HIT,hit_at_evaluated_cutoff,BOTH_HIT,"{""bm25_hit"": true, ""dense_hit"": true, ""union_hit"": true, ""candidate_hit"": true, ""reranker_top_k_hit"": true, ""candidate_depth"": 100, ""ranking_k"": 10}"
body-part_1970,Nhóm bệnh lưỡng tính - Nữ hóa có tinh hoàn có những đặc điểm đặc trưng nào?,0,"[""doc_f3a9436bc22b1bde412a06da""]","[""ctx_e10f68823afdda8d655ae649""]",3,1,1,1,True,True,BOTH_HIT,hit_at_evaluated_cutoff,BOTH_HIT,"{""bm25_hit"": true, ""dense_hit"": true, ""union_hit"": true, ""candidate_hit"": true, ""reranker_top_k_hit"": true, ""candidate_depth"": 100, ""ranking_k"": 10}"
body-part_2846,Nên làm gì khi phát hiện áp xe ruột thừa kích thước lớn?,0,"[""doc_8475fd739f018d2397dc0365""]","[""ctx_fb309c6a5f0638866bb62b94""]",1,2,2,2,True,True,BOTH_HIT,hit_at_evaluated_cutoff,BOTH_HIT,"{""bm25_hit"": true, ""dense_hit"": true, ""union_hit"": true, ""candidate_hit"": true, ""reranker_top_k_hit"": true, ""candidate_depth"": 100, ""ranking_k"": 10}"
body-part_2455,não bao gồm những khu vực chức năng chính nào?,0,"[""doc_f0c1de44b1624da92421f5b9""]","[""ctx_f52831507cc34b753f7e239f""]",6,2,2,1,True,True,BOTH_HIT,hit_at_evaluated_cutoff,BOTH_HIT,"{""bm25_hit"": true, ""dense_hit"": true, ""union_hit"": true, ""candidate_hit"": true, ""reranker_top_k_hit"": true, ""candidate_depth"": 100, ""ranking_k"": 10}"
body-part_1294,"Tại thành âm đạo, Estrogen ảnh hưởng như thế nào?",0,"[""doc_7c22d4f16c1d250ac8f94aa7""]","[""ctx_4424583c7d83dbae420d0b58""]",14,2,5,4,True,True,BOTH_HIT,hit_at_evaluated_cutoff,BOTH_HIT,"{""bm25_hit"": true, ""dense_hit"": true, ""union_hit"": true, ""candidate_hit"": true, ""reranker_top_k_hit"": true, ""candidate_depth"": 100, ""ranking_k"": 10}"
body-part_2769,Khi nào thì bổ sung quá nhiều protein được coi là an toàn?,0,"[""doc_e76b149e67f5c63c83ee0eeb""]","[""ctx_5f972fac4ae591d3e425828a""]",2,1,1,1,True,True,BOTH_HIT,hit_at_evaluated_cutoff,BOTH_HIT,"{""bm25_hit"": true, ""dense_hit"": true, ""union_hit"": true, ""candidate_hit"": true, ""reranker_top_k_hit"": true, ""candidate_depth"": 100, ""ranking_k"": 10}"
body-part_2476,Môi trường axit có ảnh hưởng thế nào đến khả năng tái khoáng ở các sang thương sâu răng?,0,"[""doc_eb5a435f32a19f707b32d92b""]","[""ctx_0a580be57db1798cc655f019""]",1,1,1,1,True,True,BOTH_HIT,hit_at_evaluated_cutoff,BOTH_HIT,"{""bm25_hit"": true, ""dense_hit"": true, ""union_hit"": true, ""candidate_hit"": true, ""reranker_top_k_hit"": true, ""candidate_depth"": 100, ""ranking_k"": 10}"
body-part_805,Có bao nhiêu dây chẳn gphân bố trong cở thể?,0,"[""doc_ff29d11564bac64c275f8b67""]","[""ctx_bcbeba38a5c4f683fbf084fa""]",4,17,1,2,True,True,BOTH_HIT,hit_at_evaluated_cutoff,BOTH_HIT,"{""bm25_hit"": true, ""dense_hit"": true, ""union_hit"": true, ""candidate_hit"": true, ""reranker_top_k_hit"": true, ""candidate_depth"": 100, ""ranking_k"": 10}"
body-part_4737,Acid lactic duy trì pH âm đạo ở mức nào?,0,"[""doc_714591e5552f79d1d582b8df""]","[""ctx_140f247e39f5217adf6a4a82""]",1,2,1,1,True,True,BOTH_HIT,hit_at_evaluated_cutoff,BOTH_HIT,"{""bm25_hit"": true, ""dense_hit"": true, ""union_hit"": true, ""candidate_hit"": true, ""reranker_top_k_hit"": true, ""candidate_depth"": 100, ""ranking_k"": 10}"
body-part_2700,"Ngoài việc mở cửa ra vào để lưu thông không khí, còn cách nào để khử trùng môi trường không khí không?",0,"[""doc_6ef5d530eb4804d5206214f5""]","[""ctx_7306bad65a51720e8060d106""]",1,1,1,1,True,True,BOTH_HIT,hit_at_evaluated_cutoff,BOTH_HIT,"{""bm25_hit"": true, ""dense_hit"": true, ""union_hit"": true, ""candidate_hit"": true, ""reranker_top_k_hit"": true, ""candidate_depth"": 100, ""ranking_k"": 10}"
body-part_2775,Purin hoạt động như thế nào trong hệ tim mạch?,0,"[""doc_994cd037968de3c3a996e4f0""]","[""ctx_520911d93cd76db28bfb6d47""]",1,1,1,1,True,True,BOTH_HIT,hit_at_evaluated_cutoff,BOTH_HIT,"{""bm25_hit"": true, ""dense_hit"": true, ""union_hit"": true, ""candidate_hit"": true, ""reranker_top_k_hit"": true, ""candidate_depth"": 100, ""ranking_k"": 10}"
body-part_2085,Phương pháp bọc răng bằng mão có lợi ích gì?,0,"[""doc_bf2090a70eca38759df16ecd""]","[""ctx_199cd8d0ae6081bd7d1595ab""]",1,1,1,1,True,True,BOTH_HIT,hit_at_evaluated_cutoff,BOTH_HIT,"{""bm25_hit"": true, ""dense_hit"": true, ""union_hit"": true, ""candidate_hit"": true, ""reranker_top_k_hit"": true, ""candidate_depth"": 100, ""ranking_k"": 10}"
body-part_3792,Mạc đáy chậu nông có vị trí như thế nào?,0,"[""doc_ef398af1c52725a3e8058d79""]","[""ctx_a797d8c6285e449f610ad6e9""]",1,1,1,1,True,True,BOTH_HIT,hit_at_evaluated_cutoff,BOTH_HIT,"{""bm25_hit"": true, ""dense_hit"": true, ""union_hit"": true, ""candidate_hit"": true, ""reranker_top_k_hit"": true, ""candidate_depth"": 100, ""ranking_k"": 10}"
body-part_650,Ưu điểm nổi bật của kỹ thuật gây tê mặt phẳng tại khoang cơ dựng sống là gì?,0,"[""doc_96e4dc61f48a507b1745719a""]","[""ctx_32b00b1596cb37994c4799bb""]",1,1,1,1,True,True,BOTH_HIT,hit_at_evaluated_cutoff,BOTH_HIT,"{""bm25_hit"": true, ""dense_hit"": true, ""union_hit"": true, ""candidate_hit"": true, ""reranker_top_k_hit"": true, ""candidate_depth"": 100, ""ranking_k"": 10}"
body-part_4690,Vị trí của hầu họng trong đường hô hấp chính xác đến đâu?,0,"[""doc_a0a2c75bbeef4072b07d020b""]","[""ctx_1c32d199a4d9f328e02787e7""]",18,1,4,1,True,True,BOTH_HIT,hit_at_evaluated_cutoff,BOTH_HIT,"{""bm25_hit"": true, ""dense_hit"": true, ""union_hit"": true, ""candidate_hit"": true, ""reranker_top_k_hit"": true, ""candidate_depth"": 100, ""ranking_k"": 10}"
body-part_294,Sự thay đổi vị trí bàng quang theo tuổi tác ở người già như thế nào?,0,"[""doc_3ea24eec5512b43032d57cf4""]","[""ctx_e9892405b699e6814291bd95""]",1,1,1,1,True,True,BOTH_HIT,hit_at_evaluated_cutoff,BOTH_HIT,"{""bm25_hit"": true, ""dense_hit"": true, ""union_hit"": true, ""candidate_hit"": true, ""reranker_top_k_hit"": true, ""candidate_depth"": 100, ""ranking_k"": 10}"
body-part_4855,Chụp CT-A scan có gây nhiều nguy cơ cho cơ thể không?,0,"[""doc_080ee04571ae94a7b4294030""]","[""ctx_a675f8ac72a42fe2b6102e39""]",1,1,1,1,True,True,BOTH_HIT,hit_at_evaluated_cutoff,BOTH_HIT,"{""bm25_hit"": true, ""dense_hit"": true, ""union_hit"": true, ""candidate_hit"": true, ""reranker_top_k_hit"": true, ""candidate_depth"": 100, ""ranking_k"": 10}"
body-part_2396,Ngà răng thứ ba có mấy loại?,0,"[""doc_b79808037c8634b33523c68b""]","[""ctx_6f78f4b99ed2d3bb8e2ce968""]",1,1,1,1,True,True,BOTH_HIT,hit_at_evaluated_cutoff,BOTH_HIT,"{""bm25_hit"": true, ""dense_hit"": true, ""union_hit"": true, ""candidate_hit"": true, ""reranker_top_k_hit"": true, ""candidate_depth"": 100, ""ranking_k"": 10}"
body-part_160,Bilirubin là sắc tố nào có trong mật?,0,"[""doc_da3ded1d4d6ccc3e3fd98cf9""]","[""ctx_b06ac810f1551bf7ffdbb11d""]",4,1,2,1,True,True,BOTH_HIT,hit_at_evaluated_cutoff,BOTH_HIT,"{""bm25_hit"": true, ""dense_hit"": true, ""union_hit"": true, ""candidate_hit"": true, ""reranker_top_k_hit"": true, ""candidate_depth"": 100, ""ranking_k"": 10}"
body-part_1584,Những yếu tố nào có thể góp phần gây ra tình trạng tiểu không tự chủ?,0,"[""doc_10ec7a34eaa06daa21aa0df4""]","[""ctx_897c5111ce84fc35820d713f""]",1,1,1,1,True,True,BOTH_HIT,hit_at_evaluated_cutoff,BOTH_HIT,"{""bm25_hit"": true, ""dense_hit"": true, ""union_hit"": true, ""candidate_hit"": true, ""reranker_top_k_hit"": true, ""candidate_depth"": 100, ""ranking_k"": 10}"
body-part_442,Hút thuốc lá và uống rượu bia có ảnh hưởng như thế nào đến lượng cholesterol trong cơ thể?,0,"[""doc_32aa54acba374ae9556f719a""]","[""ctx_d2e57caac149bd4606aa9f73""]",1,4,1,2,True,True,BOTH_HIT,hit_at_evaluated_cutoff,BOTH_HIT,"{""bm25_hit"": true, ""dense_hit"": true, ""union_hit"": true, ""candidate_hit"": true, ""reranker_top_k_hit"": true, ""candidate_depth"": 100, ""ranking_k"": 10}"
body-part_93,Khi Adrenaline nội sinh tăng tiết liên tục sẽ dẫn đến những tình trạng gì?,0,"[""doc_e53e7bd77d49a488693d7162""]","[""ctx_b797f6777b62ef2996e6360a""]",1,1,1,1,True,True,BOTH_HIT,hit_at_evaluated_cutoff,BOTH_HIT,"{""bm25_hit"": true, ""dense_hit"": true, ""union_hit"": true, ""candidate_hit"": true, ""reranker_top_k_hit"": true, ""candidate_depth"": 100, ""ranking_k"": 10}"
body-part_3186,"Bộ phận nào của não chịu trách nhiệm cho các quá trình quan trọng như trí nhớ, học tập và sự chú ý?",0,"[""doc_0a59b0ae07baab9da0346d67""]","[""ctx_77435ff0b166030c2f50e117""]",1,4,1,1,True,True,BOTH_HIT,hit_at_evaluated_cutoff,BOTH_HIT,"{""bm25_hit"": true, ""dense_hit"": true, ""union_hit"": true, ""candidate_hit"": true, ""reranker_top_k_hit"": true, ""candidate_depth"": 100, ""ranking_k"": 10}"
body-part_809,Trong cơ thể con người có bao nhiêu dây chằng?,0,"[""doc_ff29d11564bac64c275f8b67""]","[""ctx_1992835ab30d561c53903f16""]",1,1,1,1,True,True,BOTH_HIT,hit_at_evaluated_cutoff,BOTH_HIT,"{""bm25_hit"": true, ""dense_hit"": true, ""union_hit"": true, ""candidate_hit"": true, ""reranker_top_k_hit"": true, ""candidate_depth"": 100, ""ranking_k"": 10}"
body-part_4462,Đặc điểm về kích thước của xương quay người Việt Nam?,0,"[""doc_59cff9e2a53121e7f7ed94de""]","[""ctx_2ef56b9b78dd70d533484061""]",3,2,2,2,True,True,BOTH_HIT,hit_at_evaluated_cutoff,BOTH_HIT,"{""bm25_hit"": true, ""dense_hit"": true, ""union_hit"": true, ""candidate_hit"": true, ""reranker_top_k_hit"": true, ""candidate_depth"": 100, ""ranking_k"": 10}"
body-part_446,Hiện tượng cholesterol cao biểu hiện như thế nào?,0,"[""doc_32aa54acba374ae9556f719a""]","[""ctx_9d62ea53fc29c9fad0321cb4""]",55,1,4,1,True,True,BOTH_HIT,hit_at_evaluated_cutoff,BOTH_HIT,"{""bm25_hit"": true, ""dense_hit"": true, ""union_hit"": true, ""candidate_hit"": true, ""reranker_top_k_hit"": true, ""candidate_depth"": 100, ""ranking_k"": 10}"
body-part_399,Hãy giải thích vì sao bạch cầu ưa kiềm có vai trò phòng ngừa quá trình đông máu?,0,"[""doc_eec4e703b2aa382232291e3a""]","[""ctx_e56000e0c1b294b49522d12f""]",1,3,1,1,True,True,BOTH_HIT,hit_at_evaluated_cutoff,BOTH_HIT,"{""bm25_hit"": true, ""dense_hit"": true, ""union_hit"": true, ""candidate_hit"": true, ""reranker_top_k_hit"": true, ""candidate_depth"": 100, ""ranking_k"": 10}"
body-part_2383,Các đặc tính của ngà răng bao gồm những gì?,0,"[""doc_b79808037c8634b33523c68b""]","[""ctx_dfa7029d85a657a1f0b8d39a""]",2,1,2,1,True,True,BOTH_HIT,hit_at_evaluated_cutoff,BOTH_HIT,"{""bm25_hit"": true, ""dense_hit"": true, ""union_hit"": true, ""candidate_hit"": true, ""reranker_top_k_hit"": true, ""candidate_depth"": 100, ""ranking_k"": 10}"
body-part_1351,Nồng độ progesterone thay đổi thế nào trong suốt chu kỳ kinh nguyệt?,0,"[""doc_e213f405a6dd5f69e8370512""]","[""ctx_9288ee0eb51431c58e7330bd""]",3,10,4,5,True,True,BOTH_HIT,hit_at_evaluated_cutoff,BOTH_HIT,"{""bm25_hit"": true, ""dense_hit"": true, ""union_hit"": true, ""candidate_hit"": true, ""reranker_top_k_hit"": true, ""candidate_depth"": 100, ""ranking_k"": 10}"
body-part_4080,Tại sao phải duy trì sức khỏe vùng dưới đồi?,0,"[""doc_fb17976097f4b8f4ec8b7cc9""]","[""ctx_6bd2c598e17fcb8c90b1b47a""]",1,1,1,1,True,True,BOTH_HIT,hit_at_evaluated_cutoff,BOTH_HIT,"{""bm25_hit"": true, ""dense_hit"": true, ""union_hit"": true, ""candidate_hit"": true, ""reranker_top_k_hit"": true, ""candidate_depth"": 100, ""ranking_k"": 10}"
body-part_1735,Viêm khớp nhiễm trùng có khả năng gây ra những biến chứng gì nếu không được điều trị kịp thời?,0,"[""doc_1c7124cb096cf615d470e602""]","[""ctx_16433601da8bf9c10974cdd6""]",,14,40,1,True,True,DENSE_ONLY_HIT,hit_at_evaluated_cutoff,DENSE_ONLY_HIT,"{""bm25_hit"": false, ""dense_hit"": true, ""union_hit"": true, ""candidate_hit"": true, ""reranker_top_k_hit"": true, ""candidate_depth"": 100, ""ranking_k"": 10}"
body-part_1732,Tích tụ lượng lớn urid acid gây nên hậu quả gì?,0,"[""doc_1c7124cb096cf615d470e602""]","[""ctx_50309abb56634b02d5b35e6c""]",1,1,1,1,True,True,BOTH_HIT,hit_at_evaluated_cutoff,BOTH_HIT,"{""bm25_hit"": true, ""dense_hit"": true, ""union_hit"": true, ""candidate_hit"": true, ""reranker_top_k_hit"": true, ""candidate_depth"": 100, ""ranking_k"": 10}"
body-part_4487,Đặc điểm nổi bật của đầu xa xương trụ là gì?,0,"[""doc_f2ada24177a0b235076c708d""]","[""ctx_9b53f83173983b80eeac1b5a""]",2,1,2,1,True,True,BOTH_HIT,hit_at_evaluated_cutoff,BOTH_HIT,"{""bm25_hit"": true, ""dense_hit"": true, ""union_hit"": true, ""candidate_hit"": true, ""reranker_top_k_hit"": true, ""candidate_depth"": 100, ""ranking_k"": 10}"
body-part_1253,DHEA tác động nhằm chống lão hóa như thế nào?,0,"[""doc_ebb6a1046421eea5ce52ebaa""]","[""ctx_9a6b3946f7f45e53bbe8b9fa""]",2,1,2,1,True,True,BOTH_HIT,hit_at_evaluated_cutoff,BOTH_HIT,"{""bm25_hit"": true, ""dense_hit"": true, ""union_hit"": true, ""candidate_hit"": true, ""reranker_top_k_hit"": true, ""candidate_depth"": 100, ""ranking_k"": 10}"
body-part_3299,Thùy đỉnh đóng vai trò gì trong não?,0,"[""doc_063030541120e3921330e98e""]","[""ctx_e047859acf30cc3783e94c3e""]",4,11,5,2,True,True,BOTH_HIT,hit_at_evaluated_cutoff,BOTH_HIT,"{""bm25_hit"": true, ""dense_hit"": true, ""union_hit"": true, ""candidate_hit"": true, ""reranker_top_k_hit"": true, ""candidate_depth"": 100, ""ranking_k"": 10}"
body-part_4558,Tại sao cần sử dụng bao cao su khi quan hệ tình dục?,0,"[""doc_0f991aa9a205bdc64112e6dc""]","[""ctx_32b6a0a316480d3bb47a8338""]",1,6,4,4,True,True,BOTH_HIT,hit_at_evaluated_cutoff,BOTH_HIT,"{""bm25_hit"": true, ""dense_hit"": true, ""union_hit"": true, ""candidate_hit"": true, ""reranker_top_k_hit"": true, ""candidate_depth"": 100, ""ranking_k"": 10}"
body-part_4700,Liệt cơ hầu họng là bệnh lý gì?,0,"[""doc_a0a2c75bbeef4072b07d020b""]","[""ctx_ab20fe7786f9fe4d82892755""]",1,3,1,1,True,True,BOTH_HIT,hit_at_evaluated_cutoff,BOTH_HIT,"{""bm25_hit"": true, ""dense_hit"": true, ""union_hit"": true, ""candidate_hit"": true, ""reranker_top_k_hit"": true, ""candidate_depth"": 100, ""ranking_k"": 10}"
body-part_3135,Bệnh thận giai đoạn cuối có phải là một tình trạng cần được chạy thận nhân tạo không?,0,"[""doc_44f64df19051861d495e205c""]","[""ctx_88bf9a01341632afec66e273""]",1,1,1,1,True,True,BOTH_HIT,hit_at_evaluated_cutoff,BOTH_HIT,"{""bm25_hit"": true, ""dense_hit"": true, ""union_hit"": true, ""candidate_hit"": true, ""reranker_top_k_hit"": true, ""candidate_depth"": 100, ""ranking_k"": 10}"
body-part_2423,"Khi dương vật mềm, niệu đạo dài bao nhiêu cm?",0,"[""doc_8de5b3c4cf12e9b9851d0676""]","[""ctx_8443bb45a0be022fa369c381""]",1,1,1,1,True,True,BOTH_HIT,hit_at_evaluated_cutoff,BOTH_HIT,"{""bm25_hit"": true, ""dense_hit"": true, ""union_hit"": true, ""candidate_hit"": true, ""reranker_top_k_hit"": true, ""candidate_depth"": 100, ""ranking_k"": 10}"
body-part_277,Vị trí của dấu vân tay ở đâu?,0,"[""doc_438217ad2c364d0a5f7309cc""]","[""ctx_b7967501304195d5c549348b""]",1,1,1,1,True,True,BOTH_HIT,hit_at_evaluated_cutoff,BOTH_HIT,"{""bm25_hit"": true, ""dense_hit"": true, ""union_hit"": true, ""candidate_hit"": true, ""reranker_top_k_hit"": true, ""candidate_depth"": 100, ""ranking_k"": 10}"
body-part_1287,"Những người có vấn đề về tuyến thượng thận, tình dục hoặc khả năng sinh sản nhất định có thể được lợi khi bổ sung DHEA không?",0,"[""doc_ebb6a1046421eea5ce52ebaa""]","[""ctx_3f006ff5342d91b5695c9eab""]",1,4,2,1,True,True,BOTH_HIT,hit_at_evaluated_cutoff,BOTH_HIT,"{""bm25_hit"": true, ""dense_hit"": true, ""union_hit"": true, ""candidate_hit"": true, ""reranker_top_k_hit"": true, ""candidate_depth"": 100, ""ranking_k"": 10}"
body-part_1669,Khoang miệng đóng vai trò gì quan trọng đối với cơ thể?,0,"[""doc_9eba9740e031c825649c62a2""]","[""ctx_56ed836cf1ebfeb13aa9eebb""]",1,1,1,1,True,True,BOTH_HIT,hit_at_evaluated_cutoff,BOTH_HIT,"{""bm25_hit"": true, ""dense_hit"": true, ""union_hit"": true, ""candidate_hit"": true, ""reranker_top_k_hit"": true, ""candidate_depth"": 100, ""ranking_k"": 10}"
body-part_1878,Đâu là tình trạng viêm mủ của các nang lông mi bị nhiễm trùng; các tuyến bã nhờn xung quanh bờ mi?,0,"[""doc_99c147abf3f173bb482b6191""]","[""ctx_9c644ed0f57c892352ef5ed3""]",1,10,4,1,True,True,BOTH_HIT,hit_at_evaluated_cutoff,BOTH_HIT,"{""bm25_hit"": true, ""dense_hit"": true, ""union_hit"": true, ""candidate_hit"": true, ""reranker_top_k_hit"": true, ""candidate_depth"": 100, ""ranking_k"": 10}"
body-part_118,Khi nào nên thực hiện xét nghiệm định lượng Albumin trong máu để đạt được kết quả chính xác nhất?,0,"[""doc_1d185967601b0a9e7d5afdf4""]","[""ctx_887448250bfd1abd6ec6d86e""]",1,1,1,1,True,True,BOTH_HIT,hit_at_evaluated_cutoff,BOTH_HIT,"{""bm25_hit"": true, ""dense_hit"": true, ""union_hit"": true, ""candidate_hit"": true, ""reranker_top_k_hit"": true, ""candidate_depth"": 100, ""ranking_k"": 10}"
body-part_3085,Tình trạng nào dưới đây có thể là triệu chứng của bệnh viêm cầu thận?,0,"[""doc_44f64df19051861d495e205c""]","[""ctx_b8b1ba4fc0677fbff14339f2""]",,14,41,11,False,False,DENSE_ONLY_HIT;RERANKER_MISS;SELECTION_MISS;DOC_AND_CHUNK_MISS,reranker,DENSE_ONLY_HIT; RERANKER_MISS; SELECTION_MISS; DOC_AND_CHUNK_MISS,"{""bm25_hit"": false, ""dense_hit"": true, ""union_hit"": true, ""candidate_hit"": true, ""reranker_top_k_hit"": false, ""candidate_depth"": 100, ""ranking_k"": 10}"
body-part_1219,"Theo số liệu thống kê, tỷ lệ phụ nữ trong dân số nói chung mắc ung thư buồng trứng là bao nhiêu?",0,"[""doc_465690b90018816bc3146459""]","[""ctx_8db3e0f2a6717e0d483ec1af""]",3,2,1,1,True,True,BOTH_HIT,hit_at_evaluated_cutoff,BOTH_HIT,"{""bm25_hit"": true, ""dense_hit"": true, ""union_hit"": true, ""candidate_hit"": true, ""reranker_top_k_hit"": true, ""candidate_depth"": 100, ""ranking_k"": 10}"
body-part_4382,Các bài tập Kegel giúp ích cho sức khỏe như thế nào?,0,"[""doc_74071a0584b825ff2edbad6e""]","[""ctx_4f0f2b00abf2a40306cd2d46""]",1,1,1,1,True,True,BOTH_HIT,hit_at_evaluated_cutoff,BOTH_HIT,"{""bm25_hit"": true, ""dense_hit"": true, ""union_hit"": true, ""candidate_hit"": true, ""reranker_top_k_hit"": true, ""candidate_depth"": 100, ""ranking_k"": 10}"
body-part_1911,"Loại sản phẩm nào có thể giúp cho lông mày trở nên mượt mà hơn, chắc khỏe hơn?",0,"[""doc_d0980bd1ff6cdab903c48f60""]","[""ctx_f2c03ed72451013b308374fd""]",1,1,1,1,True,True,BOTH_HIT,hit_at_evaluated_cutoff,BOTH_HIT,"{""bm25_hit"": true, ""dense_hit"": true, ""union_hit"": true, ""candidate_hit"": true, ""reranker_top_k_hit"": true, ""candidate_depth"": 100, ""ranking_k"": 10}"
body-part_4155,Các triệu chứng của bệnh sỏi mật là gì?,0,"[""doc_cee8d25afb60205eb2b33c68""]","[""ctx_e5e2049c4f169ed3bfc9a8e0""]",10,2,4,5,True,True,BOTH_HIT,hit_at_evaluated_cutoff,BOTH_HIT,"{""bm25_hit"": true, ""dense_hit"": true, ""union_hit"": true, ""candidate_hit"": true, ""reranker_top_k_hit"": true, ""candidate_depth"": 100, ""ranking_k"": 10}"
body-part_3961,Máu sau khi đi qua mao mạch ở tổ chức được vận chuyển qua đâu?,0,"[""doc_681b098807056c4e7a6aa508""]","[""ctx_caf5092cb34d3312ad708cc6""]",1,13,2,2,True,True,BOTH_HIT,hit_at_evaluated_cutoff,BOTH_HIT,"{""bm25_hit"": true, ""dense_hit"": true, ""union_hit"": true, ""candidate_hit"": true, ""reranker_top_k_hit"": true, ""candidate_depth"": 100, ""ranking_k"": 10}"
body-part_95,Làm thế nào để hạn chế sự tăng tiết Adđre?,0,"[""doc_e53e7bd77d49a488693d7162""]","[""ctx_9e3564293cc10e2e5901d904""]",22,1,3,1,True,True,BOTH_HIT,hit_at_evaluated_cutoff,BOTH_HIT,"{""bm25_hit"": true, ""dense_hit"": true, ""union_hit"": true, ""candidate_hit"": true, ""reranker_top_k_hit"": true, ""candidate_depth"": 100, ""ranking_k"": 10}"
body-part_3221,Xác định ranh giới của thùy trán trong cấu tạo não động vật có vú nói chung.,0,"[""doc_17edab3a2a08b02adf29ab7f""]","[""ctx_3c9ea663dd6416ce46a7275c""]",2,1,1,1,True,True,BOTH_HIT,hit_at_evaluated_cutoff,BOTH_HIT,"{""bm25_hit"": true, ""dense_hit"": true, ""union_hit"": true, ""candidate_hit"": true, ""reranker_top_k_hit"": true, ""candidate_depth"": 100, ""ranking_k"": 10}"
body-part_978,Khoảng thời gian nào mức độ giảm nhạy cảm thể hiện rõ nhất?,0,"[""doc_1deb70899514ae8e45508884""]","[""ctx_2dab2cd7b747511a856d0375""]",1,1,1,1,True,True,BOTH_HIT,hit_at_evaluated_cutoff,BOTH_HIT,"{""bm25_hit"": true, ""dense_hit"": true, ""union_hit"": true, ""candidate_hit"": true, ""reranker_top_k_hit"": true, ""candidate_depth"": 100, ""ranking_k"": 10}"
body-part_998,Hormone nào gây ra sự gia tăng bài tiết HCl từ các tế bào thành và pepsinogen từ các tế bào chính trong dạ dày?,0,"[""doc_2523cf22f714b36d814d07aa""]","[""ctx_ddd1bc9c0f01176fdff72353""]",1,4,2,1,True,True,BOTH_HIT,hit_at_evaluated_cutoff,BOTH_HIT,"{""bm25_hit"": true, ""dense_hit"": true, ""union_hit"": true, ""candidate_hit"": true, ""reranker_top_k_hit"": true, ""candidate_depth"": 100, ""ranking_k"": 10}"
body-part_1616,Tại sao bệnh nhân cần ăn thêm bữa phụ khi sử dụng insulin tác dụng ngắn?,0,"[""doc_97e9617eabf6d4cce2866cee""]","[""ctx_fa2c55787b932487b6dbaa11""]",1,1,1,1,True,True,BOTH_HIT,hit_at_evaluated_cutoff,BOTH_HIT,"{""bm25_hit"": true, ""dense_hit"": true, ""union_hit"": true, ""candidate_hit"": true, ""reranker_top_k_hit"": true, ""candidate_depth"": 100, ""ranking_k"": 10}"
body-part_2869,"Tại sao răng khôn được gọi là ""răng cối lớn""?",0,"[""doc_5d43e7e6326f5c40690752b2""]","[""ctx_7852dd669fb5a5441580c6a3""]",21,6,12,3,True,True,BOTH_HIT,hit_at_evaluated_cutoff,BOTH_HIT,"{""bm25_hit"": true, ""dense_hit"": true, ""union_hit"": true, ""candidate_hit"": true, ""reranker_top_k_hit"": true, ""candidate_depth"": 100, ""ranking_k"": 10}"
body-part_3142,Vùng V1 là gì?,0,"[""doc_6422016899940b169f7fc4f8""]","[""ctx_344084d397a7e53c2f28bbea""]",1,1,1,1,True,True,BOTH_HIT,hit_at_evaluated_cutoff,BOTH_HIT,"{""bm25_hit"": true, ""dense_hit"": true, ""union_hit"": true, ""candidate_hit"": true, ""reranker_top_k_hit"": true, ""candidate_depth"": 100, ""ranking_k"": 10}"
body-part_1194,Tỷ lệ người mang đột biến ung thư vú-buồng trứng là bao nhiêu?,0,"[""doc_465690b90018816bc3146459""]","[""ctx_18b8832dc15c5d6ab34b4972""]",1,5,2,1,True,True,BOTH_HIT,hit_at_evaluated_cutoff,BOTH_HIT,"{""bm25_hit"": true, ""dense_hit"": true, ""union_hit"": true, ""candidate_hit"": true, ""reranker_top_k_hit"": true, ""candidate_depth"": 100, ""ranking_k"": 10}"
body-part_4263,Xương bánh chè có bờ nào?,0,"[""doc_71fcefc6fa9f85cdf250d30a""]","[""ctx_2e3320d22a569ec3efbdc0ba""]",1,1,1,1,True,True,BOTH_HIT,hit_at_evaluated_cutoff,BOTH_HIT,"{""bm25_hit"": true, ""dense_hit"": true, ""union_hit"": true, ""candidate_hit"": true, ""reranker_top_k_hit"": true, ""candidate_depth"": 100, ""ranking_k"": 10}"
body-part_3606,Các tuyến thượng thận chịu trách nhiệm sản xuất chính hormone nào?,0,"[""doc_643ee9e6fb6de24f8251cb9d""]","[""ctx_2a7ba3a459093862377bde93""]",3,7,4,2,True,True,BOTH_HIT,hit_at_evaluated_cutoff,BOTH_HIT,"{""bm25_hit"": true, ""dense_hit"": true, ""union_hit"": true, ""candidate_hit"": true, ""reranker_top_k_hit"": true, ""candidate_depth"": 100, ""ranking_k"": 10}"
body-part_1408,"Ngoài hormone tuyến giáp, các thông tin chính khác nào cần tham khảo với bác sĩ chuyên khoa về kết quả xét nghiệm?",0,"[""doc_3b1dc18d47cbe73bbd44714d""]","[""ctx_d8d28864661c34001d4b6d8a""]",1,1,1,1,True,True,BOTH_HIT,hit_at_evaluated_cutoff,BOTH_HIT,"{""bm25_hit"": true, ""dense_hit"": true, ""union_hit"": true, ""candidate_hit"": true, ""reranker_top_k_hit"": true, ""candidate_depth"": 100, ""ranking_k"": 10}"
body-part_1448,Phẫu thuật được sử dụng để điều trị hậu môn trong trường hợp nào?,0,"[""doc_54f37f667afe4faf05a64487""]","[""ctx_378a25bfee4fde16034c727a""]",2,3,2,2,True,True,BOTH_HIT,hit_at_evaluated_cutoff,BOTH_HIT,"{""bm25_hit"": true, ""dense_hit"": true, ""union_hit"": true, ""candidate_hit"": true, ""reranker_top_k_hit"": true, ""candidate_depth"": 100, ""ranking_k"": 10}"
body-part_840,Dây thần kinh chẩm có bao nhiêu loại chính?,0,"[""doc_58a9ebc90d3be0f0ccb55a55""]","[""ctx_0b5915619a9aeb80772dd8e1""]",1,1,1,1,True,True,BOTH_HIT,hit_at_evaluated_cutoff,BOTH_HIT,"{""bm25_hit"": true, ""dense_hit"": true, ""union_hit"": true, ""candidate_hit"": true, ""reranker_top_k_hit"": true, ""candidate_depth"": 100, ""ranking_k"": 10}"
body-part_4054,Lipid trong vôi răng có những đặc điểm gì?,0,"[""doc_c450df5e8d2e0f0ca9433b88""]","[""ctx_48610f1d70b5ec5422cc7e5f""]",1,1,1,1,True,True,BOTH_HIT,hit_at_evaluated_cutoff,BOTH_HIT,"{""bm25_hit"": true, ""dense_hit"": true, ""union_hit"": true, ""candidate_hit"": true, ""reranker_top_k_hit"": true, ""candidate_depth"": 100, ""ranking_k"": 10}"
body-part_49,Sự giải phóng nội chất tế bào ở những bệnh nhân hóa trị gây ảnh hưởng như thế nào đến nồng độ Acid uric máu?,0,"[""doc_8267f18356a983202abde546""]","[""ctx_cc1ac05c62ce624fce68f22b""]",1,1,1,1,True,True,BOTH_HIT,hit_at_evaluated_cutoff,BOTH_HIT,"{""bm25_hit"": true, ""dense_hit"": true, ""union_hit"": true, ""candidate_hit"": true, ""reranker_top_k_hit"": true, ""candidate_depth"": 100, ""ranking_k"": 10}"
body-part_1041,Một số hợp chất khó tan chứa Fluor thường gặp là gì?,0,"[""doc_0a78d17b9a1dba49b69c41dc""]","[""ctx_ba53633e2779254c86e3ab6c""]",1,1,1,1,True,True,BOTH_HIT,hit_at_evaluated_cutoff,BOTH_HIT,"{""bm25_hit"": true, ""dense_hit"": true, ""union_hit"": true, ""candidate_hit"": true, ""reranker_top_k_hit"": true, ""candidate_depth"": 100, ""ranking_k"": 10}"
body-part_3610,Androgens được chuyển đổi thành hormone gì trong tuyến sinh dục và các cơ quan đích khác?,0,"[""doc_643ee9e6fb6de24f8251cb9d""]","[""ctx_9b76a0b8cef127dd21f61fee""]",1,2,2,1,True,True,BOTH_HIT,hit_at_evaluated_cutoff,BOTH_HIT,"{""bm25_hit"": true, ""dense_hit"": true, ""union_hit"": true, ""candidate_hit"": true, ""reranker_top_k_hit"": true, ""candidate_depth"": 100, ""ranking_k"": 10}"
body-part_4823,Xơ vữa động mạch ở động mạch là gì?,0,"[""doc_080ee04571ae94a7b4294030""]","[""ctx_bc02e044e7c40236348f9948""]",14,2,6,4,True,True,BOTH_HIT,hit_at_evaluated_cutoff,BOTH_HIT,"{""bm25_hit"": true, ""dense_hit"": true, ""union_hit"": true, ""candidate_hit"": true, ""reranker_top_k_hit"": true, ""candidate_depth"": 100, ""ranking_k"": 10}"
body-part_1578,"Khi mắc bệnh suy thận, bệnh nhân có thể phải điều trị theo những phương pháp nào?",0,"[""doc_10ec7a34eaa06daa21aa0df4""]","[""ctx_041b82ec363c48025c48ab87""]",90,32,15,9,False,False,BOTH_HIT;SELECTION_MISS;DOC_AND_CHUNK_MISS,selection,BOTH_HIT; SELECTION_MISS; DOC_AND_CHUNK_MISS,"{""bm25_hit"": true, ""dense_hit"": true, ""union_hit"": true, ""candidate_hit"": true, ""reranker_top_k_hit"": true, ""candidate_depth"": 100, ""ranking_k"": 10}"
body-part_1621,Insulin Glargine có thể được dùng theo đường nào?,0,"[""doc_97e9617eabf6d4cce2866cee""]","[""ctx_86005d2d65a47e8b135e079a""]",2,1,2,1,True,True,BOTH_HIT,hit_at_evaluated_cutoff,BOTH_HIT,"{""bm25_hit"": true, ""dense_hit"": true, ""union_hit"": true, ""candidate_hit"": true, ""reranker_top_k_hit"": true, ""candidate_depth"": 100, ""ranking_k"": 10}"
body-part_1081,Liều Fluor đưa vào cơ thể có thể gây ra nhiễm độc không?,0,"[""doc_0a78d17b9a1dba49b69c41dc""]","[""ctx_bddcc55386ccbb108e472a8e""]",1,2,1,1,True,True,BOTH_HIT,hit_at_evaluated_cutoff,BOTH_HIT,"{""bm25_hit"": true, ""dense_hit"": true, ""union_hit"": true, ""candidate_hit"": true, ""reranker_top_k_hit"": true, ""candidate_depth"": 100, ""ranking_k"": 10}"
body-part_2260,Nguyên nhân gây ra tình trạng dính môi bé được xác định là gì?,0,"[""doc_b60f59821befcfc3484587ec""]","[""ctx_1944945739cbfee2f249fab9""]",1,1,1,1,True,True,BOTH_HIT,hit_at_evaluated_cutoff,BOTH_HIT,"{""bm25_hit"": true, ""dense_hit"": true, ""union_hit"": true, ""candidate_hit"": true, ""reranker_top_k_hit"": true, ""candidate_depth"": 100, ""ranking_k"": 10}"
body-part_2275,Mục đích của việc tạo hình môi âm hộ là gì?,0,"[""doc_b60f59821befcfc3484587ec""]","[""ctx_873129e962d8a9d9aa9221e4""]",1,1,1,1,True,True,BOTH_HIT,hit_at_evaluated_cutoff,BOTH_HIT,"{""bm25_hit"": true, ""dense_hit"": true, ""union_hit"": true, ""candidate_hit"": true, ""reranker_top_k_hit"": true, ""candidate_depth"": 100, ""ranking_k"": 10}"
body-part_3472,Tiểu cầu có cấu tạo như thế nào?,0,"[""doc_c1a5f1c73a17384d4a9b09d8""]","[""ctx_80fb1185848885e8ad028611""]",,3,23,1,True,True,DENSE_ONLY_HIT,hit_at_evaluated_cutoff,DENSE_ONLY_HIT,"{""bm25_hit"": false, ""dense_hit"": true, ""union_hit"": true, ""candidate_hit"": true, ""reranker_top_k_hit"": true, ""candidate_depth"": 100, ""ranking_k"": 10}"
body-part_3590,Những yếu tố nguy cơ nào có thể dẫn đến ung thư tuyến nước bọt?,0,"[""doc_b5bea6f0b5dc9ef3108eafa0""]","[""ctx_6fade9c62ea533aa1aa519d3""]",17,16,14,1,True,True,BOTH_HIT,hit_at_evaluated_cutoff,BOTH_HIT,"{""bm25_hit"": true, ""dense_hit"": true, ""union_hit"": true, ""candidate_hit"": true, ""reranker_top_k_hit"": true, ""candidate_depth"": 100, ""ranking_k"": 10}"
body-part_314,Trường hợp nào viên sỏi có thể được đào thải ra ngoài theo đường tiểu?,0,"[""doc_3ea24eec5512b43032d57cf4""]","[""ctx_1ec7b6f1ce7db9b0f2ea4176""]",1,6,2,1,True,True,BOTH_HIT,hit_at_evaluated_cutoff,BOTH_HIT,"{""bm25_hit"": true, ""dense_hit"": true, ""union_hit"": true, ""candidate_hit"": true, ""reranker_top_k_hit"": true, ""candidate_depth"": 100, ""ranking_k"": 10}"
body-part_5,Độ pH của dạ dày là bao nhiêu?,0,"[""doc_8abdd5f45765118612278da1""]","[""ctx_b4e86225723c6d4d6b4eea2b""]",2,3,3,1,True,True,BOTH_HIT,hit_at_evaluated_cutoff,BOTH_HIT,"{""bm25_hit"": true, ""dense_hit"": true, ""union_hit"": true, ""candidate_hit"": true, ""reranker_top_k_hit"": true, ""candidate_depth"": 100, ""ranking_k"": 10}"
body-part_2263,Nguyên nhân gây u nang tuyến Bartholin là gì?,0,"[""doc_b60f59821befcfc3484587ec""]","[""ctx_d5c840f8771136d235d973e6""]",2,1,2,2,True,True,BOTH_HIT,hit_at_evaluated_cutoff,BOTH_HIT,"{""bm25_hit"": true, ""dense_hit"": true, ""union_hit"": true, ""candidate_hit"": true, ""reranker_top_k_hit"": true, ""candidate_depth"": 100, ""ranking_k"": 10}"
body-part_721,Những tác hại khi sử dụng thực phẩm bổ sung DHEA trong thời gian dài còn chưa được xác nhận?,0,"[""doc_1f871dac90e13672c503845d""]","[""ctx_21451e592049e17419af805e""]",1,1,1,2,True,True,BOTH_HIT,hit_at_evaluated_cutoff,BOTH_HIT,"{""bm25_hit"": true, ""dense_hit"": true, ""union_hit"": true, ""candidate_hit"": true, ""reranker_top_k_hit"": true, ""candidate_depth"": 100, ""ranking_k"": 10}"
body-part_440,Có thể thay đổi lối sống để cải thiện lượng cholesterol trong cơ thể không?,0,"[""doc_32aa54acba374ae9556f719a""]","[""ctx_d2e57caac149bd4606aa9f73""]",1,1,1,1,True,True,BOTH_HIT,hit_at_evaluated_cutoff,BOTH_HIT,"{""bm25_hit"": true, ""dense_hit"": true, ""union_hit"": true, ""candidate_hit"": true, ""reranker_top_k_hit"": true, ""candidate_depth"": 100, ""ranking_k"": 10}"
body-part_2189,Các thành phần của tế bào máu được sản xuất ở đâu trong cơ thể?,0,"[""doc_7254f77caecba32a4d661afe""]","[""ctx_af408d50c46c0161ae9258f5""]",1,1,1,1,True,True,BOTH_HIT,hit_at_evaluated_cutoff,BOTH_HIT,"{""bm25_hit"": true, ""dense_hit"": true, ""union_hit"": true, ""candidate_hit"": true, ""reranker_top_k_hit"": true, ""candidate_depth"": 100, ""ranking_k"": 10}"
body-part_4631,Trong trường hợp nào bạn không cần gặp bác sĩ về tình trạng của âm đạo?,0,"[""doc_1d83973d55306e4197862557""]","[""ctx_26025bf5c8db91f8dfea298e""]",5,1,1,1,True,True,BOTH_HIT,hit_at_evaluated_cutoff,BOTH_HIT,"{""bm25_hit"": true, ""dense_hit"": true, ""union_hit"": true, ""candidate_hit"": true, ""reranker_top_k_hit"": true, ""candidate_depth"": 100, ""ranking_k"": 10}"
body-part_1524,U tế bào thần kinh nội tiết là gì?,0,"[""doc_f106f2498158b8f86280c373""]","[""ctx_f51d7789e1d2d457882603b5""]",21,90,37,4,True,True,BOTH_HIT,hit_at_evaluated_cutoff,BOTH_HIT,"{""bm25_hit"": true, ""dense_hit"": true, ""union_hit"": true, ""candidate_hit"": true, ""reranker_top_k_hit"": true, ""candidate_depth"": 100, ""ranking_k"": 10}"
body-part_4109,Vùng dưới đồi có vai trò như thế nào trong hệ thống nội tiết?,0,"[""doc_fb17976097f4b8f4ec8b7cc9""]","[""ctx_2ae7295a697f07055a64e682""]",8,4,6,3,True,True,BOTH_HIT,hit_at_evaluated_cutoff,BOTH_HIT,"{""bm25_hit"": true, ""dense_hit"": true, ""union_hit"": true, ""candidate_hit"": true, ""reranker_top_k_hit"": true, ""candidate_depth"": 100, ""ranking_k"": 10}"
body-part_714,Tôi có thể kiểm tra polyp CTC như thế nào?,0,"[""doc_21b33377abb4e97a1525b1d1""]","[""ctx_aacc487db4ea3b6b7c196aef""]",1,1,1,1,True,True,BOTH_HIT,hit_at_evaluated_cutoff,BOTH_HIT,"{""bm25_hit"": true, ""dense_hit"": true, ""union_hit"": true, ""candidate_hit"": true, ""reranker_top_k_hit"": true, ""candidate_depth"": 100, ""ranking_k"": 10}"
body-part_3240,Thùy trán có vai trò gì trong quá trình hình thành ký ức?,0,"[""doc_17edab3a2a08b02adf29ab7f""]","[""ctx_0edbc64169fe70b733c09f99""]",1,1,1,1,True,True,BOTH_HIT,hit_at_evaluated_cutoff,BOTH_HIT,"{""bm25_hit"": true, ""dense_hit"": true, ""union_hit"": true, ""candidate_hit"": true, ""reranker_top_k_hit"": true, ""candidate_depth"": 100, ""ranking_k"": 10}"
body-part_2762,Các loại cá nào giàu protein?,0,"[""doc_e76b149e67f5c63c83ee0eeb""]","[""ctx_460b1b198d02d7528878bd77""]",1,1,1,1,True,True,BOTH_HIT,hit_at_evaluated_cutoff,BOTH_HIT,"{""bm25_hit"": true, ""dense_hit"": true, ""union_hit"": true, ""candidate_hit"": true, ""reranker_top_k_hit"": true, ""candidate_depth"": 100, ""ranking_k"": 10}"
body-part_4494,Gãy xương trụ được điều trị như thế nào?,0,"[""doc_f2ada24177a0b235076c708d""]","[""ctx_171c9d24aa0f440b443fa59b""]",2,1,1,1,True,True,BOTH_HIT,hit_at_evaluated_cutoff,BOTH_HIT,"{""bm25_hit"": true, ""dense_hit"": true, ""union_hit"": true, ""candidate_hit"": true, ""reranker_top_k_hit"": true, ""candidate_depth"": 100, ""ranking_k"": 10}"
body-part_1028,Endorphin là gì?,0,"[""doc_3253fbd7c9561da1d7f693bb""]","[""ctx_f7e48a8aed448b67d6e3b1cf""]",10,4,5,5,True,True,BOTH_HIT,hit_at_evaluated_cutoff,BOTH_HIT,"{""bm25_hit"": true, ""dense_hit"": true, ""union_hit"": true, ""candidate_hit"": true, ""reranker_top_k_hit"": true, ""candidate_depth"": 100, ""ranking_k"": 10}"
body-part_323,Hội chứng bàng quang tăng hoạt có nguy hiểm không?,0,"[""doc_3ea24eec5512b43032d57cf4""]","[""ctx_b2d7a45a6f78e2c968c2ea74""]",1,1,1,1,True,True,BOTH_HIT,hit_at_evaluated_cutoff,BOTH_HIT,"{""bm25_hit"": true, ""dense_hit"": true, ""union_hit"": true, ""candidate_hit"": true, ""reranker_top_k_hit"": true, ""candidate_depth"": 100, ""ranking_k"": 10}"
body-part_491,Magie phân bố chủ yếu ở đâu trong cơ thể?,0,"[""doc_f6ae2115eda4c15c0aa7d280""]","[""ctx_eebb61a33dadc5bd03f05c93""]",7,1,1,1,True,True,BOTH_HIT,hit_at_evaluated_cutoff,BOTH_HIT,"{""bm25_hit"": true, ""dense_hit"": true, ""union_hit"": true, ""candidate_hit"": true, ""reranker_top_k_hit"": true, ""candidate_depth"": 100, ""ranking_k"": 10}"
body-part_3772,"Trong tuần hoàn toàn thân, máu được dẫn qua các mạch hội tụ với nhau tạo thành các tiểu tĩnh mạch, sau đó được tiếp tục hội tụ và tạo thành các tĩnh mạch có kích thước như thế nào?",0,"[""doc_55ad48c0a9a62ce54b69d5c9""]","[""ctx_ab0ac0b1c4089a8c6597e287""]",1,1,1,1,True,True,BOTH_HIT,hit_at_evaluated_cutoff,BOTH_HIT,"{""bm25_hit"": true, ""dense_hit"": true, ""union_hit"": true, ""candidate_hit"": true, ""reranker_top_k_hit"": true, ""candidate_depth"": 100, ""ranking_k"": 10}"
body-part_4586,Âm vật có đặc điểm gì về cấu trúc?,0,"[""doc_3dfe8fdbe9dc0ee6f834f5f6""]","[""ctx_b70b7e0bb51effe812f563d3""]",2,1,1,3,True,True,BOTH_HIT,hit_at_evaluated_cutoff,BOTH_HIT,"{""bm25_hit"": true, ""dense_hit"": true, ""union_hit"": true, ""candidate_hit"": true, ""reranker_top_k_hit"": true, ""candidate_depth"": 100, ""ranking_k"": 10}"
body-part_1602,Vai trò của gan trong quá trình chuyển hóa lipid là gì?,0,"[""doc_97e9617eabf6d4cce2866cee""]","[""ctx_c714e4313a841601ab19c32a""]",,13,35,2,True,True,DENSE_ONLY_HIT,hit_at_evaluated_cutoff,DENSE_ONLY_HIT,"{""bm25_hit"": false, ""dense_hit"": true, ""union_hit"": true, ""candidate_hit"": true, ""reranker_top_k_hit"": true, ""candidate_depth"": 100, ""ranking_k"": 10}"
body-part_2106,"Khi đi khám thính giác, cần lưu ý điều gì?",0,"[""doc_92e60aa1b7ef7cf6a2095ff0""]","[""ctx_3f56badcde6d526e4520d131""]",34,37,6,1,True,True,BOTH_HIT,hit_at_evaluated_cutoff,BOTH_HIT,"{""bm25_hit"": true, ""dense_hit"": true, ""union_hit"": true, ""candidate_hit"": true, ""reranker_top_k_hit"": true, ""candidate_depth"": 100, ""ranking_k"": 10}"
body-part_2153,Tĩnh mạch chủ dưới nhận máu từ đám rối pampiniform của bên nào?,0,"[""doc_efb4aa4a95a89d281c929123""]","[""ctx_2fb4ac5ad58a03a167f30e0b""]",1,1,1,1,True,True,BOTH_HIT,hit_at_evaluated_cutoff,BOTH_HIT,"{""bm25_hit"": true, ""dense_hit"": true, ""union_hit"": true, ""candidate_hit"": true, ""reranker_top_k_hit"": true, ""candidate_depth"": 100, ""ranking_k"": 10}"
body-part_2648,"Ngoài phụ nữ, oxytocin còn có vai trò gì ở nam giới?",0,"[""doc_47a250017fdeb405d8c2a7a6""]","[""ctx_641461c63d0c0b99d240dd7c""]",1,1,1,1,True,True,BOTH_HIT,hit_at_evaluated_cutoff,BOTH_HIT,"{""bm25_hit"": true, ""dense_hit"": true, ""union_hit"": true, ""candidate_hit"": true, ""reranker_top_k_hit"": true, ""candidate_depth"": 100, ""ranking_k"": 10}"
body-part_3757,Làm thế nào để bảo vệ chức năng sinh sản của nam giới?,0,"[""doc_583ce0d6674600194d7eaa5f""]","[""ctx_5d12343338bc2094abb585a7""]",1,2,1,2,True,True,BOTH_HIT,hit_at_evaluated_cutoff,BOTH_HIT,"{""bm25_hit"": true, ""dense_hit"": true, ""union_hit"": true, ""candidate_hit"": true, ""reranker_top_k_hit"": true, ""candidate_depth"": 100, ""ranking_k"": 10}"
body-part_2165,Đau hoặc khó chịu ở vùng nào khi bị viêm mào tinh hoàn?,0,"[""doc_efb4aa4a95a89d281c929123""]","[""ctx_2d5c7500e04f119192bfc511""]",2,1,1,1,True,True,BOTH_HIT,hit_at_evaluated_cutoff,BOTH_HIT,"{""bm25_hit"": true, ""dense_hit"": true, ""union_hit"": true, ""candidate_hit"": true, ""reranker_top_k_hit"": true, ""candidate_depth"": 100, ""ranking_k"": 10}"
body-part_3909,"Riêng đối với cổ tử cung, cổ tử cung có mấy phần?",0,"[""doc_a18c0fc412804e8e1c3e6a4d""]","[""ctx_70421f722e2386ced57abdfb""]",2,1,1,1,True,True,BOTH_HIT,hit_at_evaluated_cutoff,BOTH_HIT,"{""bm25_hit"": true, ""dense_hit"": true, ""union_hit"": true, ""candidate_hit"": true, ""reranker_top_k_hit"": true, ""candidate_depth"": 100, ""ranking_k"": 10}"
body-part_4257,Xương bánh chè nằm ở vị trí nào?,0,"[""doc_71fcefc6fa9f85cdf250d30a""]","[""ctx_f5af22525f1d143e94ba3058""]",5,1,2,1,True,True,BOTH_HIT,hit_at_evaluated_cutoff,BOTH_HIT,"{""bm25_hit"": true, ""dense_hit"": true, ""union_hit"": true, ""candidate_hit"": true, ""reranker_top_k_hit"": true, ""candidate_depth"": 100, ""ranking_k"": 10}"
body-part_2534,Các loại thuốc nào có thể gây tiết quá nhiều nước bọt?,0,"[""doc_eb5a435f32a19f707b32d92b""]","[""ctx_1a5b579d97867acb36ceb43d""]",21,6,8,1,True,True,BOTH_HIT,hit_at_evaluated_cutoff,BOTH_HIT,"{""bm25_hit"": true, ""dense_hit"": true, ""union_hit"": true, ""candidate_hit"": true, ""reranker_top_k_hit"": true, ""candidate_depth"": 100, ""ranking_k"": 10}"
body-part_3651,Kích thước của tuyến yên như thế nào?,0,"[""doc_16558387055edfaefb967641""]","[""ctx_d1d6a740531c83f0d7c8f2db""]",2,3,2,2,True,True,BOTH_HIT,hit_at_evaluated_cutoff,BOTH_HIT,"{""bm25_hit"": true, ""dense_hit"": true, ""union_hit"": true, ""candidate_hit"": true, ""reranker_top_k_hit"": true, ""candidate_depth"": 100, ""ranking_k"": 10}"
body-part_2344,"Trong các biện pháp để bảo vệ mắt cá chân, có biện pháp nàо là không đúng không?",0,"[""doc_6535b8e524369d510e365205""]","[""ctx_aa360a0609ff09ab7b8e3680""]",22,1,3,1,True,True,BOTH_HIT,hit_at_evaluated_cutoff,BOTH_HIT,"{""bm25_hit"": true, ""dense_hit"": true, ""union_hit"": true, ""candidate_hit"": true, ""reranker_top_k_hit"": true, ""candidate_depth"": 100, ""ranking_k"": 10}"
body-part_4883,Mê đạo màng có cấu tạo và chức năng thế nào?,0,"[""doc_9be78524563b9fded5c33947""]","[""ctx_60f99d4b7f4811a87b07dcb6""]",2,2,2,1,True,True,BOTH_HIT,hit_at_evaluated_cutoff,BOTH_HIT,"{""bm25_hit"": true, ""dense_hit"": true, ""union_hit"": true, ""candidate_hit"": true, ""reranker_top_k_hit"": true, ""candidate_depth"": 100, ""ranking_k"": 10}"
body-part_4765,Vi khuẩn Lactobacillus có vai trò gì trong việc duy trì độ pH âm đạo khỏe mạnh?,0,"[""doc_714591e5552f79d1d582b8df""]","[""ctx_d38779b0d7e2c11840ab073e""]",35,20,16,2,True,True,BOTH_HIT,hit_at_evaluated_cutoff,BOTH_HIT,"{""bm25_hit"": true, ""dense_hit"": true, ""union_hit"": true, ""candidate_hit"": true, ""reranker_top_k_hit"": true, ""candidate_depth"": 100, ""ranking_k"": 10}"
body-part_145,Bilirubin không liên hợp là gì?,0,"[""doc_da3ded1d4d6ccc3e3fd98cf9""]","[""ctx_aea1b0e16873b50715759b82""]",1,1,1,1,True,True,BOTH_HIT,hit_at_evaluated_cutoff,BOTH_HIT,"{""bm25_hit"": true, ""dense_hit"": true, ""union_hit"": true, ""candidate_hit"": true, ""reranker_top_k_hit"": true, ""candidate_depth"": 100, ""ranking_k"": 10}"
body-part_1810,Có mối liên hệ như thế nào giữa hệ thống thần kinh ruột và bệnh tiêu hóa?,0,"[""doc_108e6cb6cf8cd48a7d0ad1a4""]","[""ctx_44fca44394e1b6a161358a2b""]",1,1,1,1,True,True,BOTH_HIT,hit_at_evaluated_cutoff,BOTH_HIT,"{""bm25_hit"": true, ""dense_hit"": true, ""union_hit"": true, ""candidate_hit"": true, ""reranker_top_k_hit"": true, ""candidate_depth"": 100, ""ranking_k"": 10}"
body-part_3475,Tiểu cầu sống được bao lâu trong cơ thể?,0,"[""doc_c1a5f1c73a17384d4a9b09d8""]","[""ctx_1627ac880d5ea487c8bec8e8""]",,4,19,1,True,True,DENSE_ONLY_HIT,hit_at_evaluated_cutoff,DENSE_ONLY_HIT,"{""bm25_hit"": false, ""dense_hit"": true, ""union_hit"": true, ""candidate_hit"": true, ""reranker_top_k_hit"": true, ""candidate_depth"": 100, ""ranking_k"": 10}"
body-part_2440,Hẹp niệu đạo gây ra những hậu quả gì?,0,"[""doc_8de5b3c4cf12e9b9851d0676""]","[""ctx_1f0c32392091f12cc2a910e3""]",1,1,1,1,True,True,BOTH_HIT,hit_at_evaluated_cutoff,BOTH_HIT,"{""bm25_hit"": true, ""dense_hit"": true, ""union_hit"": true, ""candidate_hit"": true, ""reranker_top_k_hit"": true, ""candidate_depth"": 100, ""ranking_k"": 10}"
body-part_4137,Triệu chứng nào thường gặp nhất của tình trạng viêm phúc mạc?,0,"[""doc_cee8d25afb60205eb2b33c68""]","[""ctx_8d8c0a6495beeef98ae54a71""]",15,5,7,23,False,False,BOTH_HIT;RERANKER_MISS;SELECTION_MISS;DOC_AND_CHUNK_MISS,reranker,BOTH_HIT; RERANKER_MISS; SELECTION_MISS; DOC_AND_CHUNK_MISS,"{""bm25_hit"": true, ""dense_hit"": true, ""union_hit"": true, ""candidate_hit"": true, ""reranker_top_k_hit"": false, ""candidate_depth"": 100, ""ranking_k"": 10}"
body-part_886,Tình trạng thần kinh thẹn bị chèn ép sẽ gây cảm giác như thế nào?,0,"[""doc_72f2f0875828b2d859c49157""]","[""ctx_e41c833e5e6dee312cd62ad5""]",1,4,2,1,True,True,BOTH_HIT,hit_at_evaluated_cutoff,BOTH_HIT,"{""bm25_hit"": true, ""dense_hit"": true, ""union_hit"": true, ""candidate_hit"": true, ""reranker_top_k_hit"": true, ""candidate_depth"": 100, ""ranking_k"": 10}"
body-part_1371,"Ở nam giới, tình trạng dư thừa testosterone thường do nguyên nhan chủ yếu là do đâu?",0,"[""doc_40cacfb0b6bacbf02c04d8cf""]","[""ctx_b815727f061a95db2c24e68b""]",1,1,1,1,True,True,BOTH_HIT,hit_at_evaluated_cutoff,BOTH_HIT,"{""bm25_hit"": true, ""dense_hit"": true, ""union_hit"": true, ""candidate_hit"": true, ""reranker_top_k_hit"": true, ""candidate_depth"": 100, ""ranking_k"": 10}"
body-part_764,Việc bổ sung RNA và DNA có an toàn nếu bạn đang cho con bú không?,0,"[""doc_29e9d9d9f54746b89d138266""]","[""ctx_d1c47f1bfd89ab146f28b462""]",1,1,1,1,True,True,BOTH_HIT,hit_at_evaluated_cutoff,BOTH_HIT,"{""bm25_hit"": true, ""dense_hit"": true, ""union_hit"": true, ""candidate_hit"": true, ""reranker_top_k_hit"": true, ""candidate_depth"": 100, ""ranking_k"": 10}"
body-part_597,"Trong trường hợp nào, băng ép Collagen không nên được sử dụng?",0,"[""doc_43281979e74dc6b1a0cbbf47""]","[""ctx_581d7f3454623f9386124754""]",1,1,1,1,True,True,BOTH_HIT,hit_at_evaluated_cutoff,BOTH_HIT,"{""bm25_hit"": true, ""dense_hit"": true, ""union_hit"": true, ""candidate_hit"": true, ""reranker_top_k_hit"": true, ""candidate_depth"": 100, ""ranking_k"": 10}"
body-part_1214,"Ngoài việc sở hữu Gen BRCA, tôi còn cần quan tâm đến điều gì liên quan đến ung thư vú không?",0,"[""doc_465690b90018816bc3146459""]","[""ctx_a59cfbb248f2f5fc6e17a14f""]",8,7,7,9,False,True,BOTH_HIT;SELECTION_MISS;DOC_HIT_CHUNK_MISS,selection,BOTH_HIT; SELECTION_MISS; DOC_HIT_CHUNK_MISS,"{""bm25_hit"": true, ""dense_hit"": true, ""union_hit"": true, ""candidate_hit"": true, ""reranker_top_k_hit"": true, ""candidate_depth"": 100, ""ranking_k"": 10}"
body-part_836,Tỷ lệ thai phụ mắc nang dây rốn là bao nhiêu?,0,"[""doc_524dd280bce2ec2ee79f3792""]","[""ctx_b2624691337eb601b6d24489""]",1,1,1,1,True,True,BOTH_HIT,hit_at_evaluated_cutoff,BOTH_HIT,"{""bm25_hit"": true, ""dense_hit"": true, ""union_hit"": true, ""candidate_hit"": true, ""reranker_top_k_hit"": true, ""candidate_depth"": 100, ""ranking_k"": 10}"
body-part_3577,Viêm sialaden là gì?,0,"[""doc_b5bea6f0b5dc9ef3108eafa0""]","[""ctx_e1d833a152e9c635775fc820""]",1,1,1,1,True,True,BOTH_HIT,hit_at_evaluated_cutoff,BOTH_HIT,"{""bm25_hit"": true, ""dense_hit"": true, ""union_hit"": true, ""candidate_hit"": true, ""reranker_top_k_hit"": true, ""candidate_depth"": 100, ""ranking_k"": 10}"
body-part_2156,Khu vực nào mà tinh hoàn phát triển và đi xuống trong thời kỳ bào thai?,0,"[""doc_efb4aa4a95a89d281c929123""]","[""ctx_e486f73960b78d8be3bee3ba""]",1,3,2,1,True,True,BOTH_HIT,hit_at_evaluated_cutoff,BOTH_HIT,"{""bm25_hit"": true, ""dense_hit"": true, ""union_hit"": true, ""candidate_hit"": true, ""reranker_top_k_hit"": true, ""candidate_depth"": 100, ""ranking_k"": 10}"
body-part_3284,Thùy đỉnh nằm ở đâu trên não bộ?,0,"[""doc_063030541120e3921330e98e""]","[""ctx_e1bcacbb662e01e194bf9952""]",1,1,1,1,True,True,BOTH_HIT,hit_at_evaluated_cutoff,BOTH_HIT,"{""bm25_hit"": true, ""dense_hit"": true, ""union_hit"": true, ""candidate_hit"": true, ""reranker_top_k_hit"": true, ""candidate_depth"": 100, ""ranking_k"": 10}"
body-part_3330,Trào ngược dịch dạ dày có thể gây ra những biểu hiện gì?,0,"[""doc_eb932d5c371a7ccca8f5a449""]","[""ctx_7ccd07729580a96d5364cc20""]",23,11,15,11,False,False,BOTH_HIT;RERANKER_MISS;SELECTION_MISS;DOC_AND_CHUNK_MISS,reranker,BOTH_HIT; RERANKER_MISS; SELECTION_MISS; DOC_AND_CHUNK_MISS,"{""bm25_hit"": true, ""dense_hit"": true, ""union_hit"": true, ""candidate_hit"": true, ""reranker_top_k_hit"": false, ""candidate_depth"": 100, ""ranking_k"": 10}"
body-part_287,Tại sao cần phải cắt móng tay thường xuyên?,0,"[""doc_438217ad2c364d0a5f7309cc""]","[""ctx_5a3fd55e315b652dccefec78""]",1,1,1,1,True,True,BOTH_HIT,hit_at_evaluated_cutoff,BOTH_HIT,"{""bm25_hit"": true, ""dense_hit"": true, ""union_hit"": true, ""candidate_hit"": true, ""reranker_top_k_hit"": true, ""candidate_depth"": 100, ""ranking_k"": 10}"
body-part_4210,Adenosis của vú trông như thế nào trên nhũ ảnh?,0,"[""doc_54a09f1d26c81ec2d198c8ea""]","[""ctx_a6ae93e635a72a9e6ae7f0b2""]",1,1,1,1,True,True,BOTH_HIT,hit_at_evaluated_cutoff,BOTH_HIT,"{""bm25_hit"": true, ""dense_hit"": true, ""union_hit"": true, ""candidate_hit"": true, ""reranker_top_k_hit"": true, ""candidate_depth"": 100, ""ranking_k"": 10}"
body-part_2229,Trong những trường hợp nào cần đeo găng tay để bảo vệ móng?,0,"[""doc_b6c97fd9fa411f3a4b3e1b63""]","[""ctx_5db293170ee2c954256176aa""]",1,1,1,1,True,True,BOTH_HIT,hit_at_evaluated_cutoff,BOTH_HIT,"{""bm25_hit"": true, ""dense_hit"": true, ""union_hit"": true, ""candidate_hit"": true, ""reranker_top_k_hit"": true, ""candidate_depth"": 100, ""ranking_k"": 10}"
body-part_2942,Mặt trong của nanh dưới có đặc điểm gì?,0,"[""doc_09b2aef34113b5c1d9f45992""]","[""ctx_469762b2ff2c52e5143589f5""]",63,7,14,1,True,True,BOTH_HIT,hit_at_evaluated_cutoff,BOTH_HIT,"{""bm25_hit"": true, ""dense_hit"": true, ""union_hit"": true, ""candidate_hit"": true, ""reranker_top_k_hit"": true, ""candidate_depth"": 100, ""ranking_k"": 10}"
body-part_1573,Những khối canxi oxalate có thể được tìm thấy ở đâu?,0,"[""doc_10ec7a34eaa06daa21aa0df4""]","[""ctx_ba1489933daf294fe3e1949a""]",1,1,1,1,True,True,BOTH_HIT,hit_at_evaluated_cutoff,BOTH_HIT,"{""bm25_hit"": true, ""dense_hit"": true, ""union_hit"": true, ""candidate_hit"": true, ""reranker_top_k_hit"": true, ""candidate_depth"": 100, ""ranking_k"": 10}"
body-part_4785,Stress có thể gây ra tình trạng nào liên quan đến dạ dày?,0,"[""doc_8c5c3ede213b20f429136cbc""]","[""ctx_dba4f5be1f4990a2f06fc670""]",3,3,2,3,True,True,BOTH_HIT,hit_at_evaluated_cutoff,BOTH_HIT,"{""bm25_hit"": true, ""dense_hit"": true, ""union_hit"": true, ""candidate_hit"": true, ""reranker_top_k_hit"": true, ""candidate_depth"": 100, ""ranking_k"": 10}"
body-part_1023,Chất hóa học nào trong bột ca cao và sô cô la có lợi cho não?,0,"[""doc_3253fbd7c9561da1d7f693bb""]","[""ctx_db2477bdf89964b4cab0d160""]",1,1,1,1,True,True,BOTH_HIT,hit_at_evaluated_cutoff,BOTH_HIT,"{""bm25_hit"": true, ""dense_hit"": true, ""union_hit"": true, ""candidate_hit"": true, ""reranker_top_k_hit"": true, ""candidate_depth"": 100, ""ranking_k"": 10}"
body-part_4088,Não trước tiếp tục chia thành mấy túi thứ cấp?,0,"[""doc_fb17976097f4b8f4ec8b7cc9""]","[""ctx_ee3683af9a9578a783843e77""]",1,1,1,1,True,True,BOTH_HIT,hit_at_evaluated_cutoff,BOTH_HIT,"{""bm25_hit"": true, ""dense_hit"": true, ""union_hit"": true, ""candidate_hit"": true, ""reranker_top_k_hit"": true, ""candidate_depth"": 100, ""ranking_k"": 10}"
body-part_3797,Tại sao hành xốp ở nữ giới trở thành tiền đình?,0,"[""doc_ef398af1c52725a3e8058d79""]","[""ctx_11fd9a9832f170fa81f4271e""]",1,1,1,1,True,True,BOTH_HIT,hit_at_evaluated_cutoff,BOTH_HIT,"{""bm25_hit"": true, ""dense_hit"": true, ""union_hit"": true, ""candidate_hit"": true, ""reranker_top_k_hit"": true, ""candidate_depth"": 100, ""ranking_k"": 10}"
body-part_760,RNA và DNA được sử dụng cho những mục đích gì?,0,"[""doc_29e9d9d9f54746b89d138266""]","[""ctx_af02032ea38e292b38ba8421""]",2,1,1,1,True,True,BOTH_HIT,hit_at_evaluated_cutoff,BOTH_HIT,"{""bm25_hit"": true, ""dense_hit"": true, ""union_hit"": true, ""candidate_hit"": true, ""reranker_top_k_hit"": true, ""candidate_depth"": 100, ""ranking_k"": 10}"
body-part_3216,Thùy thái dương ảnh hưởng đến một số chức năng tự động của cơ thể như thế nào?,0,"[""doc_0a59b0ae07baab9da0346d67""]","[""ctx_e5f3ddc0d605a9e61371c51e""]",1,1,1,1,True,True,BOTH_HIT,hit_at_evaluated_cutoff,BOTH_HIT,"{""bm25_hit"": true, ""dense_hit"": true, ""union_hit"": true, ""candidate_hit"": true, ""reranker_top_k_hit"": true, ""candidate_depth"": 100, ""ranking_k"": 10}"
body-part_4783,Nước tiểu có vai trò gì trong việc điều chỉnh pH của cơ thể?,0,"[""doc_8c5c3ede213b20f429136cbc""]","[""ctx_58aa134ba89aa91b2a6d43ad""]",2,1,1,1,True,True,BOTH_HIT,hit_at_evaluated_cutoff,BOTH_HIT,"{""bm25_hit"": true, ""dense_hit"": true, ""union_hit"": true, ""candidate_hit"": true, ""reranker_top_k_hit"": true, ""candidate_depth"": 100, ""ranking_k"": 10}"
body-part_3558,Tuyến lệ có chức năng gì?,0,"[""doc_b66ca83add4ae22491eab67a""]","[""ctx_2de52ad4b12dff031880219d""]",1,1,1,8,False,True,BOTH_HIT;SELECTION_MISS;DOC_HIT_CHUNK_MISS,selection,BOTH_HIT; SELECTION_MISS; DOC_HIT_CHUNK_MISS,"{""bm25_hit"": true, ""dense_hit"": true, ""union_hit"": true, ""candidate_hit"": true, ""reranker_top_k_hit"": true, ""candidate_depth"": 100, ""ranking_k"": 10}"
body-part_1015,"Bên cạnh làm tình nguyện, còn hoạt động nào khác cũng có thể tạo ra cảm giác dễ chịu không?",0,"[""doc_3253fbd7c9561da1d7f693bb""]","[""ctx_1e249d7023d0c8244ab1f4eb""]",1,1,1,1,True,True,BOTH_HIT,hit_at_evaluated_cutoff,BOTH_HIT,"{""bm25_hit"": true, ""dense_hit"": true, ""union_hit"": true, ""candidate_hit"": true, ""reranker_top_k_hit"": true, ""candidate_depth"": 100, ""ranking_k"": 10}"
body-part_3011,Lớp nào của sụn khớp bao gồm collagen loại II nằm vuông góc với khớp?,0,"[""doc_a71fed88a95b3dc41e964838""]","[""ctx_5f61dbf972ef3b7376b6397a""]",1,1,1,1,True,True,BOTH_HIT,hit_at_evaluated_cutoff,BOTH_HIT,"{""bm25_hit"": true, ""dense_hit"": true, ""union_hit"": true, ""candidate_hit"": true, ""reranker_top_k_hit"": true, ""candidate_depth"": 100, ""ranking_k"": 10}"
body-part_4827,Hầu hết các bệnh viêm mạch có nguyên nhân chính là gì?,0,"[""doc_080ee04571ae94a7b4294030""]","[""ctx_6784461a984d7955d48017fa""]",3,1,1,2,True,True,BOTH_HIT,hit_at_evaluated_cutoff,BOTH_HIT,"{""bm25_hit"": true, ""dense_hit"": true, ""union_hit"": true, ""candidate_hit"": true, ""reranker_top_k_hit"": true, ""candidate_depth"": 100, ""ranking_k"": 10}"
body-part_3545,Làm thế nào để dịch tuyến lệ chảy từ hồ lệ đến túi lệ?,0,"[""doc_b66ca83add4ae22491eab67a""]","[""ctx_6ff722ce872185e80641ae0e""]",1,1,1,1,True,True,BOTH_HIT,hit_at_evaluated_cutoff,BOTH_HIT,"{""bm25_hit"": true, ""dense_hit"": true, ""union_hit"": true, ""candidate_hit"": true, ""reranker_top_k_hit"": true, ""candidate_depth"": 100, ""ranking_k"": 10}"
body-part_4075,Nghiên cứu của Villa (1968) đã chứng minh điều gì về thói quen chải răng?,0,"[""doc_c450df5e8d2e0f0ca9433b88""]","[""ctx_a6659dfdb55212c6b6c8703b""]",1,1,1,1,True,True,BOTH_HIT,hit_at_evaluated_cutoff,BOTH_HIT,"{""bm25_hit"": true, ""dense_hit"": true, ""union_hit"": true, ""candidate_hit"": true, ""reranker_top_k_hit"": true, ""candidate_depth"": 100, ""ranking_k"": 10}"
body-part_227,Sự khác biệt giữa các xương đốt ngón tay và xương đốt ngón chân là gì?,0,"[""doc_3dae3600a2bea1f7a13b000e""]","[""ctx_b4f02c6074fb5b4e4c4bdd31""]",4,2,3,1,True,True,BOTH_HIT,hit_at_evaluated_cutoff,BOTH_HIT,"{""bm25_hit"": true, ""dense_hit"": true, ""union_hit"": true, ""candidate_hit"": true, ""reranker_top_k_hit"": true, ""candidate_depth"": 100, ""ranking_k"": 10}"
body-part_2299,Một sự bất thường ở bất kỳ xoang nào sẽ gây ra điều gì?,0,"[""doc_895ac24de13aff6684b4c5bd""]","[""ctx_3eb2f0697459bdfafa40ec0f""]",1,7,2,1,True,True,BOTH_HIT,hit_at_evaluated_cutoff,BOTH_HIT,"{""bm25_hit"": true, ""dense_hit"": true, ""union_hit"": true, ""candidate_hit"": true, ""reranker_top_k_hit"": true, ""candidate_depth"": 100, ""ranking_k"": 10}"
body-part_1394,Điểm khác biệt giữa T3 và T3 đảo ngược là gì?,0,"[""doc_3b1dc18d47cbe73bbd44714d""]","[""ctx_8a798068721b5f87f30a2588""]",1,1,1,1,True,True,BOTH_HIT,hit_at_evaluated_cutoff,BOTH_HIT,"{""bm25_hit"": true, ""dense_hit"": true, ""union_hit"": true, ""candidate_hit"": true, ""reranker_top_k_hit"": true, ""candidate_depth"": 100, ""ranking_k"": 10}"
body-part_1595,Proinsuline bao gồm những gì?,0,"[""doc_97e9617eabf6d4cce2866cee""]","[""ctx_517186b0b9ca7e25af8b318f""]",,1,1,1,True,True,DENSE_ONLY_HIT,hit_at_evaluated_cutoff,DENSE_ONLY_HIT,"{""bm25_hit"": false, ""dense_hit"": true, ""union_hit"": true, ""candidate_hit"": true, ""reranker_top_k_hit"": true, ""candidate_depth"": 100, ""ranking_k"": 10}"
body-part_2778,Tại sao việc phân chia thụ thể P2 thành P2X và P2Y lại có ý nghĩa?,0,"[""doc_994cd037968de3c3a996e4f0""]","[""ctx_7a29449a6185b83099f38eff""]",1,1,1,1,True,True,BOTH_HIT,hit_at_evaluated_cutoff,BOTH_HIT,"{""bm25_hit"": true, ""dense_hit"": true, ""union_hit"": true, ""candidate_hit"": true, ""reranker_top_k_hit"": true, ""candidate_depth"": 100, ""ranking_k"": 10}"
body-part_2669,Vai trò cụ thể của oxytocin trong việc hình thành cộng đồng là gì?,0,"[""doc_47a250017fdeb405d8c2a7a6""]","[""ctx_47d47124c9da71f0f052cdbc""]",1,1,1,1,True,True,BOTH_HIT,hit_at_evaluated_cutoff,BOTH_HIT,"{""bm25_hit"": true, ""dense_hit"": true, ""union_hit"": true, ""candidate_hit"": true, ""reranker_top_k_hit"": true, ""candidate_depth"": 100, ""ranking_k"": 10}"
body-part_2545,Màu sắc nước tiểu màu cam có thể là dấu hiệu của những vấn đề gì?,0,"[""doc_842871ada2ba7af946760918""]","[""ctx_cd30b312962e316a3f065152""]",1,1,1,1,True,True,BOTH_HIT,hit_at_evaluated_cutoff,BOTH_HIT,"{""bm25_hit"": true, ""dense_hit"": true, ""union_hit"": true, ""candidate_hit"": true, ""reranker_top_k_hit"": true, ""candidate_depth"": 100, ""ranking_k"": 10}"
body-part_2102,Các trường hợp nào ảnh hưởng đến chức năng của màng nhĩ?,0,"[""doc_92e60aa1b7ef7cf6a2095ff0""]","[""ctx_82255f7df9e0f6870e314867""]",2,1,1,1,True,True,BOTH_HIT,hit_at_evaluated_cutoff,BOTH_HIT,"{""bm25_hit"": true, ""dense_hit"": true, ""union_hit"": true, ""candidate_hit"": true, ""reranker_top_k_hit"": true, ""candidate_depth"": 100, ""ranking_k"": 10}"
body-part_562,Collagen là gì?,0,"[""doc_43281979e74dc6b1a0cbbf47""]","[""ctx_e713ea3263b3f514ddd38824""]",11,7,8,2,True,True,BOTH_HIT,hit_at_evaluated_cutoff,BOTH_HIT,"{""bm25_hit"": true, ""dense_hit"": true, ""union_hit"": true, ""candidate_hit"": true, ""reranker_top_k_hit"": true, ""candidate_depth"": 100, ""ranking_k"": 10}"
body-part_1046,Sử dụng kem đánh răng có kích thước bằng hạt gạo cho trẻ em dưới 3 tuổi và lưu ý gì?,0,"[""doc_0a78d17b9a1dba49b69c41dc""]","[""ctx_6b92316ff4c6a92e4be584aa""]",1,1,1,1,True,True,BOTH_HIT,hit_at_evaluated_cutoff,BOTH_HIT,"{""bm25_hit"": true, ""dense_hit"": true, ""union_hit"": true, ""candidate_hit"": true, ""reranker_top_k_hit"": true, ""candidate_depth"": 100, ""ranking_k"": 10}"
body-part_2294,Môi lớn có chức năng gì trong cơ thể phụ nữ?,0,"[""doc_56a617b4e2445aa22ca620d5""]","[""ctx_2904bcaa098b5839a96fb4cc""]",1,3,2,2,True,True,BOTH_HIT,hit_at_evaluated_cutoff,BOTH_HIT,"{""bm25_hit"": true, ""dense_hit"": true, ""union_hit"": true, ""candidate_hit"": true, ""reranker_top_k_hit"": true, ""candidate_depth"": 100, ""ranking_k"": 10}"
body-part_58,Đau dữ dội vùng bụng dưới rốn thường xuyên liên quan đến vấn đề gì?,0,"[""doc_8267f18356a983202abde546""]","[""ctx_ca91d686d2276a4c8830c799""]",3,,26,2,True,True,BM25_ONLY_HIT,hit_at_evaluated_cutoff,BM25_ONLY_HIT,"{""bm25_hit"": true, ""dense_hit"": false, ""union_hit"": true, ""candidate_hit"": true, ""reranker_top_k_hit"": true, ""candidate_depth"": 100, ""ranking_k"": 10}"
body-part_478,Mỗi chất điện giải có chức năng và vai trò riêng như thế nào đối với cơ thể con người?,0,"[""doc_f6ae2115eda4c15c0aa7d280""]","[""ctx_85e26a0deac3ac07cdd4dcbd""]",1,2,2,2,True,True,BOTH_HIT,hit_at_evaluated_cutoff,BOTH_HIT,"{""bm25_hit"": true, ""dense_hit"": true, ""union_hit"": true, ""candidate_hit"": true, ""reranker_top_k_hit"": true, ""candidate_depth"": 100, ""ranking_k"": 10}"
body-part_4961,Thành phần nào được thêm vào tinh trùng trong ống phóng tinh?,0,"[""doc_5a10e175b478342ce8ed925d""]","[""ctx_a02eb3cefc6f0250729ca411""]",11,18,16,2,True,True,BOTH_HIT,hit_at_evaluated_cutoff,BOTH_HIT,"{""bm25_hit"": true, ""dense_hit"": true, ""union_hit"": true, ""candidate_hit"": true, ""reranker_top_k_hit"": true, ""candidate_depth"": 100, ""ranking_k"": 10}"
body-part_4233,Xét nghiệm tuyến vú - Sinh thiết vú bằng kim có lõi dùng để làm gì?,0,"[""doc_54a09f1d26c81ec2d198c8ea""]","[""ctx_5863beb3641fb51edc7f78ee""]",2,3,2,2,True,True,BOTH_HIT,hit_at_evaluated_cutoff,BOTH_HIT,"{""bm25_hit"": true, ""dense_hit"": true, ""union_hit"": true, ""candidate_hit"": true, ""reranker_top_k_hit"": true, ""candidate_depth"": 100, ""ranking_k"": 10}"
body-part_576,Sự thu hẹp mạch máu có thể dẫn đến tình trạng gì cho da?,0,"[""doc_43281979e74dc6b1a0cbbf47""]","[""ctx_c48b0a9a0c4a4b11e448df4c""]",2,56,8,1,True,True,BOTH_HIT,hit_at_evaluated_cutoff,BOTH_HIT,"{""bm25_hit"": true, ""dense_hit"": true, ""union_hit"": true, ""candidate_hit"": true, ""reranker_top_k_hit"": true, ""candidate_depth"": 100, ""ranking_k"": 10}"
body-part_3991,Khi nào bệnh nhân cần được phẫu thuật can thiệp để ngăn chặn diễn biến của bệnh van tim?,0,"[""doc_681b098807056c4e7a6aa508""]","[""ctx_b80449f2613c37cc159f9a0c""]",1,2,1,1,True,True,BOTH_HIT,hit_at_evaluated_cutoff,BOTH_HIT,"{""bm25_hit"": true, ""dense_hit"": true, ""union_hit"": true, ""candidate_hit"": true, ""reranker_top_k_hit"": true, ""candidate_depth"": 100, ""ranking_k"": 10}"
body-part_1967,Lưỡng tính là gì?,0,"[""doc_f3a9436bc22b1bde412a06da""]","[""ctx_68bdf3801f7152d0075c2091""]",4,1,2,1,True,True,BOTH_HIT,hit_at_evaluated_cutoff,BOTH_HIT,"{""bm25_hit"": true, ""dense_hit"": true, ""union_hit"": true, ""candidate_hit"": true, ""reranker_top_k_hit"": true, ""candidate_depth"": 100, ""ranking_k"": 10}"
body-part_3807,Những trường hợp nào có thể dẫn đến chấn thương dương vật?,0,"[""doc_ef398af1c52725a3e8058d79""]","[""ctx_b7249b329c158e94480df752""]",1,1,1,1,True,True,BOTH_HIT,hit_at_evaluated_cutoff,BOTH_HIT,"{""bm25_hit"": true, ""dense_hit"": true, ""union_hit"": true, ""candidate_hit"": true, ""reranker_top_k_hit"": true, ""candidate_depth"": 100, ""ranking_k"": 10}"
body-part_577,Điều gì khiến collagen bị phá vỡ nhanh hơn?,0,"[""doc_43281979e74dc6b1a0cbbf47""]","[""ctx_b2b0a12d13b5f6ef51d4f3f0""]",1,3,2,1,True,True,BOTH_HIT,hit_at_evaluated_cutoff,BOTH_HIT,"{""bm25_hit"": true, ""dense_hit"": true, ""union_hit"": true, ""candidate_hit"": true, ""reranker_top_k_hit"": true, ""candidate_depth"": 100, ""ranking_k"": 10}"
body-part_3375,Tinh trùng di chuyển như thế nào trước khi đến được mào tinh?,0,"[""doc_f42a4a4db98789eef7ad85f6""]","[""ctx_115a73ad78d196744487c01d""]",1,1,1,2,True,True,BOTH_HIT,hit_at_evaluated_cutoff,BOTH_HIT,"{""bm25_hit"": true, ""dense_hit"": true, ""union_hit"": true, ""candidate_hit"": true, ""reranker_top_k_hit"": true, ""candidate_depth"": 100, ""ranking_k"": 10}"
body-part_1679,Vai trò của cơ ngửa dài là gì?,0,"[""doc_b82534e1001a284a80576826""]","[""ctx_686dc8e93c753cd16b179e79""]",1,1,1,1,True,True,BOTH_HIT,hit_at_evaluated_cutoff,BOTH_HIT,"{""bm25_hit"": true, ""dense_hit"": true, ""union_hit"": true, ""candidate_hit"": true, ""reranker_top_k_hit"": true, ""candidate_depth"": 100, ""ranking_k"": 10}"
body-part_584,Procollagen được tạo ra từ những chất dinh dưỡng nào?,0,"[""doc_43281979e74dc6b1a0cbbf47""]","[""ctx_c7c80f9cdaab75a803b0cc6d""]",1,1,1,1,True,True,BOTH_HIT,hit_at_evaluated_cutoff,BOTH_HIT,"{""bm25_hit"": true, ""dense_hit"": true, ""union_hit"": true, ""candidate_hit"": true, ""reranker_top_k_hit"": true, ""candidate_depth"": 100, ""ranking_k"": 10}"
body-part_3027,Kỹ thuật phẫu thuật nào được sử dụng để điều trị sụn hư hỏng?,0,"[""doc_a71fed88a95b3dc41e964838""]","[""ctx_b4ba28471ecf829f584e09ae""]",1,2,1,1,True,True,BOTH_HIT,hit_at_evaluated_cutoff,BOTH_HIT,"{""bm25_hit"": true, ""dense_hit"": true, ""union_hit"": true, ""candidate_hit"": true, ""reranker_top_k_hit"": true, ""candidate_depth"": 100, ""ranking_k"": 10}"
body-part_4629,Có thể nhận biết ung thư âm đạo qua dấu hiệu nào?,0,"[""doc_1d83973d55306e4197862557""]","[""ctx_15bba8395c2f295b3c494a6e""]",9,12,3,11,False,False,BOTH_HIT;RERANKER_MISS;SELECTION_MISS;DOC_AND_CHUNK_MISS,reranker,BOTH_HIT; RERANKER_MISS; SELECTION_MISS; DOC_AND_CHUNK_MISS,"{""bm25_hit"": true, ""dense_hit"": true, ""union_hit"": true, ""candidate_hit"": true, ""reranker_top_k_hit"": false, ""candidate_depth"": 100, ""ranking_k"": 10}"
body-part_4924,Ống dẫn tinh có thể được sờ nắn ở bộ phận nào?,0,"[""doc_4a677ff84562b7fe842e28b4""]","[""ctx_28e6cdb453c0b8e7da45bdd5""]",2,2,1,1,True,True,BOTH_HIT,hit_at_evaluated_cutoff,BOTH_HIT,"{""bm25_hit"": true, ""dense_hit"": true, ""union_hit"": true, ""candidate_hit"": true, ""reranker_top_k_hit"": true, ""candidate_depth"": 100, ""ranking_k"": 10}"
body-part_205,Những xương nào tạo nên khớp cổ chân?,0,"[""doc_3dae3600a2bea1f7a13b000e""]","[""ctx_607b9370bce55393cc457338""]",8,17,9,2,True,True,BOTH_HIT,hit_at_evaluated_cutoff,BOTH_HIT,"{""bm25_hit"": true, ""dense_hit"": true, ""union_hit"": true, ""candidate_hit"": true, ""reranker_top_k_hit"": true, ""candidate_depth"": 100, ""ranking_k"": 10}"
body-part_1815,Những bệnh lý ảnh hưởng trực tiếp đến niêm mạc kết tràng là gì?,0,"[""doc_108e6cb6cf8cd48a7d0ad1a4""]","[""ctx_b4286ec32bd56e3cb30df55f""]",1,1,1,1,True,True,BOTH_HIT,hit_at_evaluated_cutoff,BOTH_HIT,"{""bm25_hit"": true, ""dense_hit"": true, ""union_hit"": true, ""candidate_hit"": true, ""reranker_top_k_hit"": true, ""candidate_depth"": 100, ""ranking_k"": 10}"
body-part_2715,Chất nhầy có vai trò gì trong khả năng bảo vệ của phổi?,0,"[""doc_dbbe6544dfdc43919039b92e""]","[""ctx_b68eaf195f36270ebcdbf3a5""]",8,1,2,1,True,True,BOTH_HIT,hit_at_evaluated_cutoff,BOTH_HIT,"{""bm25_hit"": true, ""dense_hit"": true, ""union_hit"": true, ""candidate_hit"": true, ""reranker_top_k_hit"": true, ""candidate_depth"": 100, ""ranking_k"": 10}"
body-part_794,Trong tình huống nào dopamine được sử dụng để điều trị?,0,"[""doc_5c8966c58f3b90f01309797d""]","[""ctx_8b4895358df6a908026c5eb7""]",1,1,1,1,True,True,BOTH_HIT,hit_at_evaluated_cutoff,BOTH_HIT,"{""bm25_hit"": true, ""dense_hit"": true, ""union_hit"": true, ""candidate_hit"": true, ""reranker_top_k_hit"": true, ""candidate_depth"": 100, ""ranking_k"": 10}"
body-part_2453,Thân não bao gồm những bộ phận nào?,0,"[""doc_f0c1de44b1624da92421f5b9""]","[""ctx_f52831507cc34b753f7e239f""]",13,1,2,1,True,True,BOTH_HIT,hit_at_evaluated_cutoff,BOTH_HIT,"{""bm25_hit"": true, ""dense_hit"": true, ""union_hit"": true, ""candidate_hit"": true, ""reranker_top_k_hit"": true, ""candidate_depth"": 100, ""ranking_k"": 10}"
body-part_801,Dopamine có liên quan chính đến cảm giác nào?,0,"[""doc_5c8966c58f3b90f01309797d""]","[""ctx_c5183eb021c63ba3bb6a17ca""]",1,7,2,1,True,True,BOTH_HIT,hit_at_evaluated_cutoff,BOTH_HIT,"{""bm25_hit"": true, ""dense_hit"": true, ""union_hit"": true, ""candidate_hit"": true, ""reranker_top_k_hit"": true, ""candidate_depth"": 100, ""ranking_k"": 10}"
body-part_4870,Cấu tạo của ống tai ngoài như thế nào?,0,"[""doc_9be78524563b9fded5c33947""]","[""ctx_fdf55c435322c72b457ef542""]",5,1,2,2,True,True,BOTH_HIT,hit_at_evaluated_cutoff,BOTH_HIT,"{""bm25_hit"": true, ""dense_hit"": true, ""union_hit"": true, ""candidate_hit"": true, ""reranker_top_k_hit"": true, ""candidate_depth"": 100, ""ranking_k"": 10}"
body-part_4460,Có bao nhiêu mặt ở đầu dưới của xương quay?,0,"[""doc_59cff9e2a53121e7f7ed94de""]","[""ctx_2ef56b9b78dd70d533484061""]",1,1,1,1,True,True,BOTH_HIT,hit_at_evaluated_cutoff,BOTH_HIT,"{""bm25_hit"": true, ""dense_hit"": true, ""union_hit"": true, ""candidate_hit"": true, ""reranker_top_k_hit"": true, ""candidate_depth"": 100, ""ranking_k"": 10}"
body-part_752,"Truyền thống, bác sĩ xác định chẩn đoán bằng xét nghiệm xâm lấn như thế nào?",0,"[""doc_29e9d9d9f54746b89d138266""]","[""ctx_6b1b20911be6394e1f166ad9""]",1,2,1,1,True,True,BOTH_HIT,hit_at_evaluated_cutoff,BOTH_HIT,"{""bm25_hit"": true, ""dense_hit"": true, ""union_hit"": true, ""candidate_hit"": true, ""reranker_top_k_hit"": true, ""candidate_depth"": 100, ""ranking_k"": 10}"
body-part_1240,Thần kinh cảm giác giác mạc được phân nhánh từ dây thần kinh nào?,0,"[""doc_648885f46bf53db7260d03e2""]","[""ctx_88c8d2a18e7053a420179d0f""]",1,1,1,1,True,True,BOTH_HIT,hit_at_evaluated_cutoff,BOTH_HIT,"{""bm25_hit"": true, ""dense_hit"": true, ""union_hit"": true, ""candidate_hit"": true, ""reranker_top_k_hit"": true, ""candidate_depth"": 100, ""ranking_k"": 10}"
body-part_4693,"Về mặt giải phẫu, hầu thanh quản là gì?",0,"[""doc_a0a2c75bbeef4072b07d020b""]","[""ctx_5f065eb87a1435383277b022""]",2,2,2,1,True,True,BOTH_HIT,hit_at_evaluated_cutoff,BOTH_HIT,"{""bm25_hit"": true, ""dense_hit"": true, ""union_hit"": true, ""candidate_hit"": true, ""reranker_top_k_hit"": true, ""candidate_depth"": 100, ""ranking_k"": 10}"
body-part_3713,Một túi tinh riêng lẻ bao gồm những gì?,0,"[""doc_583ce0d6674600194d7eaa5f""]","[""ctx_37a998396f3f56a0dce8b025""]",1,1,1,1,True,True,BOTH_HIT,hit_at_evaluated_cutoff,BOTH_HIT,"{""bm25_hit"": true, ""dense_hit"": true, ""union_hit"": true, ""candidate_hit"": true, ""reranker_top_k_hit"": true, ""candidate_depth"": 100, ""ranking_k"": 10}"
body-part_746,Loại xét nghiệm này có thể giúp xác định nguy cơ mắc loại ung thư nào?,0,"[""doc_29e9d9d9f54746b89d138266""]","[""ctx_f4c705ac39f58bb6f6ac9482""]",1,1,1,1,True,True,BOTH_HIT,hit_at_evaluated_cutoff,BOTH_HIT,"{""bm25_hit"": true, ""dense_hit"": true, ""union_hit"": true, ""candidate_hit"": true, ""reranker_top_k_hit"": true, ""candidate_depth"": 100, ""ranking_k"": 10}"
body-part_781,Thuốc điều trị ADHD thực hiện chức năng gì đối với cơ thể?,0,"[""doc_5c8966c58f3b90f01309797d""]","[""ctx_d93196d1d40c1879b9f50c1e""]",10,14,2,1,True,True,BOTH_HIT,hit_at_evaluated_cutoff,BOTH_HIT,"{""bm25_hit"": true, ""dense_hit"": true, ""union_hit"": true, ""candidate_hit"": true, ""reranker_top_k_hit"": true, ""candidate_depth"": 100, ""ranking_k"": 10}"
body-part_3494,Vị trí của tụy ở đâu trong cơ thể?,0,"[""doc_a39440cfd5f4fb13b433b019""]","[""ctx_9beaac11a5da9bc69203b7e3""]",9,1,3,1,True,True,BOTH_HIT,hit_at_evaluated_cutoff,BOTH_HIT,"{""bm25_hit"": true, ""dense_hit"": true, ""union_hit"": true, ""candidate_hit"": true, ""reranker_top_k_hit"": true, ""candidate_depth"": 100, ""ranking_k"": 10}"
body-part_3161,Occiptal lobe phụ thuộc vào bộ phận nào?,0,"[""doc_6422016899940b169f7fc4f8""]","[""ctx_92a96117bd29bd25a168c2d3""]",3,1,1,1,True,True,BOTH_HIT,hit_at_evaluated_cutoff,BOTH_HIT,"{""bm25_hit"": true, ""dense_hit"": true, ""union_hit"": true, ""candidate_hit"": true, ""reranker_top_k_hit"": true, ""candidate_depth"": 100, ""ranking_k"": 10}"
body-part_901,Nói về triệu chứng đi kèm của đau dây thần kinh thẹn?,0,"[""doc_72f2f0875828b2d859c49157""]","[""ctx_3d5b55ff3e6758fe04ca4f99""]",2,1,1,1,True,True,BOTH_HIT,hit_at_evaluated_cutoff,BOTH_HIT,"{""bm25_hit"": true, ""dense_hit"": true, ""union_hit"": true, ""candidate_hit"": true, ""reranker_top_k_hit"": true, ""candidate_depth"": 100, ""ranking_k"": 10}"
body-part_515,Những thực phẩm nào chứa nhiều photpho?,0,"[""doc_f6ae2115eda4c15c0aa7d280""]","[""ctx_b52301008d4285be70910a25""]",2,1,2,1,True,True,BOTH_HIT,hit_at_evaluated_cutoff,BOTH_HIT,"{""bm25_hit"": true, ""dense_hit"": true, ""union_hit"": true, ""candidate_hit"": true, ""reranker_top_k_hit"": true, ""candidate_depth"": 100, ""ranking_k"": 10}"
body-part_3884,Nửa bên nào của tủy sống có chức năng dẫn truyền thông tin thần kinh từ khắp nơi trên cơ thể?,0,"[""doc_f16d65e0b6999de9587069f7""]","[""ctx_6fb6e64b2739abdc66fb8479""]",1,3,1,1,True,True,BOTH_HIT,hit_at_evaluated_cutoff,BOTH_HIT,"{""bm25_hit"": true, ""dense_hit"": true, ""union_hit"": true, ""candidate_hit"": true, ""reranker_top_k_hit"": true, ""candidate_depth"": 100, ""ranking_k"": 10}"
body-part_948,Chức năng của mô cương là gì?,0,"[""doc_1deb70899514ae8e45508884""]","[""ctx_953516c5dcb03ab9a8bcb38c""]",1,1,1,1,True,True,BOTH_HIT,hit_at_evaluated_cutoff,BOTH_HIT,"{""bm25_hit"": true, ""dense_hit"": true, ""union_hit"": true, ""candidate_hit"": true, ""reranker_top_k_hit"": true, ""candidate_depth"": 100, ""ranking_k"": 10}"
body-part_4947,Xoắn ống dẫn trứng là gì?,0,"[""doc_922c9f75b3aa2bff9a54f34f""]","[""ctx_c7a860107940fcd95ea5a926""]",1,1,1,1,True,True,BOTH_HIT,hit_at_evaluated_cutoff,BOTH_HIT,"{""bm25_hit"": true, ""dense_hit"": true, ""union_hit"": true, ""candidate_hit"": true, ""reranker_top_k_hit"": true, ""candidate_depth"": 100, ""ranking_k"": 10}"
disease_3908,Nguyên nhân gây ra tình trạng không có phôi thai là gì?,1,"[""doc_3e63b34975b6a089c0b1da9b""]","[""ctx_b4bd36889aae34d7aa18fdc7""]",6,3,3,4,True,True,BOTH_HIT,hit_at_evaluated_cutoff,BOTH_HIT,"{""bm25_hit"": true, ""dense_hit"": true, ""union_hit"": true, ""candidate_hit"": true, ""reranker_top_k_hit"": true, ""candidate_depth"": 100, ""ranking_k"": 10}"
disease_13380,Nên làm gì khi muốn loại bỏ lông thừa trên cơ thể?,1,"[""doc_66d1ebd3046565e71dbf90af""]","[""ctx_57b416a1f39453babba9fc66""]",1,2,2,1,True,True,BOTH_HIT,hit_at_evaluated_cutoff,BOTH_HIT,"{""bm25_hit"": true, ""dense_hit"": true, ""union_hit"": true, ""candidate_hit"": true, ""reranker_top_k_hit"": true, ""candidate_depth"": 100, ""ranking_k"": 10}"
disease_4260,Loạn sản khớp háng có thể dẫn đến biến chứng gì về sau?,1,"[""doc_5e2244272c74da42a1e5c18b""]","[""ctx_6a19075272404638be1eea89""]",41,7,15,2,True,True,BOTH_HIT,hit_at_evaluated_cutoff,BOTH_HIT,"{""bm25_hit"": true, ""dense_hit"": true, ""union_hit"": true, ""candidate_hit"": true, ""reranker_top_k_hit"": true, ""candidate_depth"": 100, ""ranking_k"": 10}"
disease_14653,MEN 2A kết hợp với phình đại tràng bẩm sinh (Hirschsprung) thường gây ra những triệu chứng nào?,1,"[""doc_49fdd696e602d5240d192a2d""]","[""ctx_5916c49ec04d4e1338666526""]",1,5,3,1,True,True,BOTH_HIT,hit_at_evaluated_cutoff,BOTH_HIT,"{""bm25_hit"": true, ""dense_hit"": true, ""union_hit"": true, ""candidate_hit"": true, ""reranker_top_k_hit"": true, ""candidate_depth"": 100, ""ranking_k"": 10}"
disease_8079,Tại sao nên uống đủ nước để phòng ngừa sỏi tuyến nước bọt?,1,"[""doc_09d90403fd7f487dddc23894""]","[""ctx_307e7058e94fc47ed39d7183""]",3,1,1,1,True,True,BOTH_HIT,hit_at_evaluated_cutoff,BOTH_HIT,"{""bm25_hit"": true, ""dense_hit"": true, ""union_hit"": true, ""candidate_hit"": true, ""reranker_top_k_hit"": true, ""candidate_depth"": 100, ""ranking_k"": 10}"
disease_15001,Những nguyên nhân phổ biến gây ra đau tức ngực trái là gì?,1,"[""doc_58b79c536d27cb005068ab29""]","[""ctx_16e2b235616efec7fb68fac4""]",1,1,1,1,True,True,BOTH_HIT,hit_at_evaluated_cutoff,BOTH_HIT,"{""bm25_hit"": true, ""dense_hit"": true, ""union_hit"": true, ""candidate_hit"": true, ""reranker_top_k_hit"": true, ""candidate_depth"": 100, ""ranking_k"": 10}"
disease_2608,Nêu các dấu hiệu của tình trạng chảy dịch mũi sau.,1,"[""doc_de69b6497ed995e8865f2554""]","[""ctx_717e6cdfcf94cb566b70dbb5""]",2,15,1,1,True,True,BOTH_HIT,hit_at_evaluated_cutoff,BOTH_HIT,"{""bm25_hit"": true, ""dense_hit"": true, ""union_hit"": true, ""candidate_hit"": true, ""reranker_top_k_hit"": true, ""candidate_depth"": 100, ""ranking_k"": 10}"
disease_7208,Những vấn đề sức khỏe khác nào có thể gây ra các dấu hiệu và triệu chứng tương tự như ADHD?,1,"[""doc_9564e81df0b7f44e99e2a882""]","[""ctx_a6a010c7072d47561f27e73d""]",1,1,1,1,True,True,BOTH_HIT,hit_at_evaluated_cutoff,BOTH_HIT,"{""bm25_hit"": true, ""dense_hit"": true, ""union_hit"": true, ""candidate_hit"": true, ""reranker_top_k_hit"": true, ""candidate_depth"": 100, ""ranking_k"": 10}"
disease_8083,Sỏi mật thường xuất hiện ở những vị trí nào?,1,"[""doc_330594ad1e95f28c64837103""]","[""ctx_eb2f98a72e3394d1cd39b890""]",1,1,1,1,True,True,BOTH_HIT,hit_at_evaluated_cutoff,BOTH_HIT,"{""bm25_hit"": true, ""dense_hit"": true, ""union_hit"": true, ""candidate_hit"": true, ""reranker_top_k_hit"": true, ""candidate_depth"": 100, ""ranking_k"": 10}"
disease_4928,Đo thính lực là gì?,1,"[""doc_f28dc6308d44b651b232a565""]","[""ctx_df9720cda89dc2cd87e110e8""]",3,2,2,2,True,True,BOTH_HIT,hit_at_evaluated_cutoff,BOTH_HIT,"{""bm25_hit"": true, ""dense_hit"": true, ""union_hit"": true, ""candidate_hit"": true, ""reranker_top_k_hit"": true, ""candidate_depth"": 100, ""ranking_k"": 10}"
disease_10840,Nguyên nhân gây ra U thần kinh nội tiết theo quan điểm của y khoa hiện nay là gì?,1,"[""doc_3b932eb37f5d38586a380c71""]","[""ctx_d422bdd6be5cd54a91d017d3""]",4,1,2,1,True,True,BOTH_HIT,hit_at_evaluated_cutoff,BOTH_HIT,"{""bm25_hit"": true, ""dense_hit"": true, ""union_hit"": true, ""candidate_hit"": true, ""reranker_top_k_hit"": true, ""candidate_depth"": 100, ""ranking_k"": 10}"
disease_14698,Điều trị chủ yếu nào cho bệnh đa xơ cứng ở trẻ em hiện tại?,1,"[""doc_2b957fa7818e34d6b2a43b19""]","[""ctx_9a83ae400f8bbd0b0ddbedf7""]",1,1,1,1,True,True,BOTH_HIT,hit_at_evaluated_cutoff,BOTH_HIT,"{""bm25_hit"": true, ""dense_hit"": true, ""union_hit"": true, ""candidate_hit"": true, ""reranker_top_k_hit"": true, ""candidate_depth"": 100, ""ranking_k"": 10}"
disease_14652,Triệu chứng của trường hợp MEN 2A kết hợp thoái hoá lichen dạng tinh bột dưới da thường ở những vị trí nào trên cơ thể?,1,"[""doc_49fdd696e602d5240d192a2d""]","[""ctx_5916c49ec04d4e1338666526""]",2,5,1,1,True,True,BOTH_HIT,hit_at_evaluated_cutoff,BOTH_HIT,"{""bm25_hit"": true, ""dense_hit"": true, ""union_hit"": true, ""candidate_hit"": true, ""reranker_top_k_hit"": true, ""candidate_depth"": 100, ""ranking_k"": 10}"
disease_14819,Đau tăng lên khi nào?,1,"[""doc_86282e45c954b579dd4406f0""]","[""ctx_a1f1f9ce8f503d221c860346""]",52,14,6,1,True,True,BOTH_HIT,hit_at_evaluated_cutoff,BOTH_HIT,"{""bm25_hit"": true, ""dense_hit"": true, ""union_hit"": true, ""candidate_hit"": true, ""reranker_top_k_hit"": true, ""candidate_depth"": 100, ""ranking_k"": 10}"
disease_4263,Cách nào để bác sĩ kiểm tra tình trạng khớp háng của trẻ?,1,"[""doc_5e2244272c74da42a1e5c18b""]","[""ctx_a8516ee298363704018f32cf""]",1,1,1,1,True,True,BOTH_HIT,hit_at_evaluated_cutoff,BOTH_HIT,"{""bm25_hit"": true, ""dense_hit"": true, ""union_hit"": true, ""candidate_hit"": true, ""reranker_top_k_hit"": true, ""candidate_depth"": 100, ""ranking_k"": 10}"
disease_6354,"Dựa vào thời gian, rung nhĩ được chia thành mấy phân loại?",1,"[""doc_57981a11db178304287aa49d""]","[""ctx_df56cf4012a52d015f043537""]",1,1,1,1,True,True,BOTH_HIT,hit_at_evaluated_cutoff,BOTH_HIT,"{""bm25_hit"": true, ""dense_hit"": true, ""union_hit"": true, ""candidate_hit"": true, ""reranker_top_k_hit"": true, ""candidate_depth"": 100, ""ranking_k"": 10}"
disease_2153,Số lượng loài ghẻ có thể tồn tại trên một người là bao nhiêu?,1,"[""doc_a78b2b9522d95f6d00dd7f76""]","[""ctx_36a395ce7506e968db1c0f75""]",2,1,1,1,True,True,BOTH_HIT,hit_at_evaluated_cutoff,BOTH_HIT,"{""bm25_hit"": true, ""dense_hit"": true, ""union_hit"": true, ""candidate_hit"": true, ""reranker_top_k_hit"": true, ""candidate_depth"": 100, ""ranking_k"": 10}"
disease_7850,Những triệu chứng hạ đường huyết nào thường gặp ở bệnh nhân bị suy thượng thận thứ phát?,1,"[""doc_b3088ef282f68ab8ac7250eb""]","[""ctx_c53a4c9f9764024757d9fdb2""]",1,1,1,1,True,True,BOTH_HIT,hit_at_evaluated_cutoff,BOTH_HIT,"{""bm25_hit"": true, ""dense_hit"": true, ""union_hit"": true, ""candidate_hit"": true, ""reranker_top_k_hit"": true, ""candidate_depth"": 100, ""ranking_k"": 10}"
disease_3750,Khi nào ngoại khoa được cân nhắc trong trường hợp hở van tim?,1,"[""doc_253f192cbe46138e9fc934a1""]","[""ctx_d58336ff4dac9f629abf5c57""]",1,1,1,1,True,True,BOTH_HIT,hit_at_evaluated_cutoff,BOTH_HIT,"{""bm25_hit"": true, ""dense_hit"": true, ""union_hit"": true, ""candidate_hit"": true, ""reranker_top_k_hit"": true, ""candidate_depth"": 100, ""ranking_k"": 10}"
disease_3036,Bệnh hẹp động mạch thận là tình trạng phổ biến hay hiếm gặp?,1,"[""doc_ad11c3ff5c3e595131d8ff6d""]","[""ctx_d947328abe620d60bef2a14c""]",1,1,1,1,True,True,BOTH_HIT,hit_at_evaluated_cutoff,BOTH_HIT,"{""bm25_hit"": true, ""dense_hit"": true, ""union_hit"": true, ""candidate_hit"": true, ""reranker_top_k_hit"": true, ""candidate_depth"": 100, ""ranking_k"": 10}"
disease_1394,Bạn cần làm gì nếu bạn có biểu hiện của bệnh Crohn?,1,"[""doc_f1c2187eb1f51f124a9ec0cf""]","[""ctx_33543ff81eb7b6ffc591571e""]",84,2,8,3,True,True,BOTH_HIT,hit_at_evaluated_cutoff,BOTH_HIT,"{""bm25_hit"": true, ""dense_hit"": true, ""union_hit"": true, ""candidate_hit"": true, ""reranker_top_k_hit"": true, ""candidate_depth"": 100, ""ranking_k"": 10}"
disease_1037,Có những yếu tố gây dị ứng từ môi trường nào có thể gây ra bệnh chàm da?,1,"[""doc_a30de51b568ff0ae2ca28f45""]","[""ctx_9fa61be0a95d56a5941ac60f""]",1,1,1,1,True,True,BOTH_HIT,hit_at_evaluated_cutoff,BOTH_HIT,"{""bm25_hit"": true, ""dense_hit"": true, ""union_hit"": true, ""candidate_hit"": true, ""reranker_top_k_hit"": true, ""candidate_depth"": 100, ""ranking_k"": 10}"
disease_2366,Triệu chứng đầu tiên của gãy xương cành tươi có thể là gì?,1,"[""doc_dd55f27859e6497a17f0403c""]","[""ctx_80167d8351ecbf159111cd05""]",3,1,2,1,True,True,BOTH_HIT,hit_at_evaluated_cutoff,BOTH_HIT,"{""bm25_hit"": true, ""dense_hit"": true, ""union_hit"": true, ""candidate_hit"": true, ""reranker_top_k_hit"": true, ""candidate_depth"": 100, ""ranking_k"": 10}"
disease_2966,"Sau khi sửa chữa dị tật bẩm sinh, bệnh nhân cần được đánh giá lại như thế nào?",1,"[""doc_0efa6910dcd27ac9fb5de546""]","[""ctx_06ff10339c1f6e0b52a3291c""]",1,1,1,1,True,True,BOTH_HIT,hit_at_evaluated_cutoff,BOTH_HIT,"{""bm25_hit"": true, ""dense_hit"": true, ""union_hit"": true, ""candidate_hit"": true, ""reranker_top_k_hit"": true, ""candidate_depth"": 100, ""ranking_k"": 10}"
disease_11795,Trong trường hợp nào sẽ thực hiện sinh thiết lại tuyến tiền liệt?,1,"[""doc_40e33dcc4bc374e7a151431c""]","[""ctx_253e6bcd0dda7f24d7c901bb""]",1,1,1,1,True,True,BOTH_HIT,hit_at_evaluated_cutoff,BOTH_HIT,"{""bm25_hit"": true, ""dense_hit"": true, ""union_hit"": true, ""candidate_hit"": true, ""reranker_top_k_hit"": true, ""candidate_depth"": 100, ""ranking_k"": 10}"
disease_11327,"Phân loại theo kỹ thuật, trong các xét nghiệm hình ảnh chẩn đoán ung thư họng, có những loại xét nghiệm nào?",1,"[""doc_280add7da5f04368cd5003ec""]","[""ctx_c7785d863ec481dfeef6988c""]",92,6,12,1,True,True,BOTH_HIT,hit_at_evaluated_cutoff,BOTH_HIT,"{""bm25_hit"": true, ""dense_hit"": true, ""union_hit"": true, ""candidate_hit"": true, ""reranker_top_k_hit"": true, ""candidate_depth"": 100, ""ranking_k"": 10}"
disease_620,Đo đa ký giấc ngủ có tác dụng gì đối với trẻ bị bệnh khổng lồ?,1,"[""doc_c175bb8c583891baa1c7cb35""]","[""ctx_5b0c4e08222292219792c99e""]",1,1,1,1,True,True,BOTH_HIT,hit_at_evaluated_cutoff,BOTH_HIT,"{""bm25_hit"": true, ""dense_hit"": true, ""union_hit"": true, ""candidate_hit"": true, ""reranker_top_k_hit"": true, ""candidate_depth"": 100, ""ranking_k"": 10}"
disease_6409,Bác sĩ có thể sử dụng những biện pháp nào để chẩn đoán rách sụn chêm?,1,"[""doc_5b21b7860091f543f60506ae""]","[""ctx_e99a5aeaeab4fadcf9b830ff""]",15,4,7,2,True,True,BOTH_HIT,hit_at_evaluated_cutoff,BOTH_HIT,"{""bm25_hit"": true, ""dense_hit"": true, ""union_hit"": true, ""candidate_hit"": true, ""reranker_top_k_hit"": true, ""candidate_depth"": 100, ""ranking_k"": 10}"
disease_10159,Thế nào là tăng huyết áp độ 2?,1,"[""doc_d429cac63591acefa2bee57d""]","[""ctx_cba381222bd0a8a7e2ece2d6""]",2,2,1,1,True,True,BOTH_HIT,hit_at_evaluated_cutoff,BOTH_HIT,"{""bm25_hit"": true, ""dense_hit"": true, ""union_hit"": true, ""candidate_hit"": true, ""reranker_top_k_hit"": true, ""candidate_depth"": 100, ""ranking_k"": 10}"
disease_2673,"Trong số các triệu chứng được kể đến, triệu chứng nào không gây trở ngại cho khả năng vận động?",1,"[""doc_2b03cbbc5599a334f9836903""]","[""ctx_b01c1b1c8203c96250b7c45b""]",,59,,,False,True,DENSE_ONLY_HIT;FUSION_DROPPED;CANDIDATE_MISS;DOC_HIT_CHUNK_MISS,retrieval_or_fusion,DENSE_ONLY_HIT; FUSION_DROPPED; CANDIDATE_MISS; DOC_HIT_CHUNK_MISS,"{""bm25_hit"": false, ""dense_hit"": true, ""union_hit"": true, ""candidate_hit"": false, ""reranker_top_k_hit"": false, ""candidate_depth"": 100, ""ranking_k"": 10}"
disease_15284,Làm thế nào để biết được nguy cơ mắc bệnh tiểu đường của mình dựa trên yếu tố di truyền?,1,"[""doc_316bc3891c4ea522b06ff7fb""]","[""ctx_5642948780c171574c48e7be""]",2,1,1,1,True,True,BOTH_HIT,hit_at_evaluated_cutoff,BOTH_HIT,"{""bm25_hit"": true, ""dense_hit"": true, ""union_hit"": true, ""candidate_hit"": true, ""reranker_top_k_hit"": true, ""candidate_depth"": 100, ""ranking_k"": 10}"
disease_7766,Làm gì khi phát hiện những dấu hiệu gợi ý bị suy tim cấp?,1,"[""doc_ff9c3a730bae566b044df4a9""]","[""ctx_3c33bfd11a4b2bc0ad0f8af3""]",3,1,1,1,True,True,BOTH_HIT,hit_at_evaluated_cutoff,BOTH_HIT,"{""bm25_hit"": true, ""dense_hit"": true, ""union_hit"": true, ""candidate_hit"": true, ""reranker_top_k_hit"": true, ""candidate_depth"": 100, ""ranking_k"": 10}"
disease_14098,Tỷ lệ phần trăm bệnh nhân nhiễm Trichomonas không có triệu chứng hoặc chỉ có một vài triệu chứng là bao nhiêu?,1,"[""doc_ade1835900eff4b02982fb2e""]","[""ctx_8be57b707c4b4ecbee11309d""]",1,2,1,1,True,True,BOTH_HIT,hit_at_evaluated_cutoff,BOTH_HIT,"{""bm25_hit"": true, ""dense_hit"": true, ""union_hit"": true, ""candidate_hit"": true, ""reranker_top_k_hit"": true, ""candidate_depth"": 100, ""ranking_k"": 10}"
disease_11615,Tại sao ung thư ruột non không có triệu chứng rõ ràng?,1,"[""doc_a8a2feaacbe3d444c76816ea""]","[""ctx_df8ff2f49ab97b1a8074abe5""]",1,1,1,1,True,True,BOTH_HIT,hit_at_evaluated_cutoff,BOTH_HIT,"{""bm25_hit"": true, ""dense_hit"": true, ""union_hit"": true, ""candidate_hit"": true, ""reranker_top_k_hit"": true, ""candidate_depth"": 100, ""ranking_k"": 10}"
disease_1885,Phản vệ là tình trạng gì?,1,"[""doc_4b011bf5df070c7b03ee0137""]","[""ctx_a551f1395216645293fe11e7""]",58,1,5,2,True,True,BOTH_HIT,hit_at_evaluated_cutoff,BOTH_HIT,"{""bm25_hit"": true, ""dense_hit"": true, ""union_hit"": true, ""candidate_hit"": true, ""reranker_top_k_hit"": true, ""candidate_depth"": 100, ""ranking_k"": 10}"
disease_10277,Tăng sản thượng thận bẩm sinh được phát hiện khi nào?,1,"[""doc_7f5f9025959c474086c3664f""]","[""ctx_2449bd08ebcbc5f0a8d22d91""]",1,2,1,1,True,True,BOTH_HIT,hit_at_evaluated_cutoff,BOTH_HIT,"{""bm25_hit"": true, ""dense_hit"": true, ""union_hit"": true, ""candidate_hit"": true, ""reranker_top_k_hit"": true, ""candidate_depth"": 100, ""ranking_k"": 10}"
disease_1233,"Trong trường hợp chấn thương sọ não vừa, bệnh nhân sẽ được chỉ định nhập vào khoa nào để theo dõi và điều trị?",1,"[""doc_bfd546ba6af43c4eaf974748""]","[""ctx_4d9d9dbb3fb25953c6c93b7a""]",6,5,4,4,True,True,BOTH_HIT,hit_at_evaluated_cutoff,BOTH_HIT,"{""bm25_hit"": true, ""dense_hit"": true, ""union_hit"": true, ""candidate_hit"": true, ""reranker_top_k_hit"": true, ""candidate_depth"": 100, ""ranking_k"": 10}"
disease_5640,Nấm Candida thường gây nhiễm ở đâu?,1,"[""doc_12c1200dfb0498dcf240f220""]","[""ctx_7ce46992dd4e0ee3b2864234""]",5,8,5,4,True,True,BOTH_HIT,hit_at_evaluated_cutoff,BOTH_HIT,"{""bm25_hit"": true, ""dense_hit"": true, ""union_hit"": true, ""candidate_hit"": true, ""reranker_top_k_hit"": true, ""candidate_depth"": 100, ""ranking_k"": 10}"
disease_3357,Hội chứng Reye có thể dẫn đến tử vong trong bao lâu nếu không được chẩn đoán và điều trị đúng cách?,1,"[""doc_279ed1a8ff3a19af76bd566a""]","[""ctx_0dbc0bcfcd10531a18d9960d""]",1,1,1,1,True,True,BOTH_HIT,hit_at_evaluated_cutoff,BOTH_HIT,"{""bm25_hit"": true, ""dense_hit"": true, ""union_hit"": true, ""candidate_hit"": true, ""reranker_top_k_hit"": true, ""candidate_depth"": 100, ""ranking_k"": 10}"
disease_5279,Bệnh nhân có thể tự hết bệnh sau bao lâu khi dùng thuốc kháng sinh?,1,"[""doc_74f7d5a14d24b1aa283538a5""]","[""ctx_c903d59d6b47db0f708932cf""]",8,5,2,4,True,True,BOTH_HIT,hit_at_evaluated_cutoff,BOTH_HIT,"{""bm25_hit"": true, ""dense_hit"": true, ""union_hit"": true, ""candidate_hit"": true, ""reranker_top_k_hit"": true, ""candidate_depth"": 100, ""ranking_k"": 10}"
disease_6877,Những thay đổi trong não có thể liên quan đến rối loạn nhân cách phụ thuộc là gì?,1,"[""doc_796de87abcfc49356956a302""]","[""ctx_ea2d557a76c82d31882c6cd4""]",3,3,3,1,True,True,BOTH_HIT,hit_at_evaluated_cutoff,BOTH_HIT,"{""bm25_hit"": true, ""dense_hit"": true, ""union_hit"": true, ""candidate_hit"": true, ""reranker_top_k_hit"": true, ""candidate_depth"": 100, ""ranking_k"": 10}"
disease_9765,Rối loạn ăn uống thường biểu hiện như thế nào trong bệnh trầm cảm?,1,"[""doc_2b58d22d5f4f6fcc8b928361""]","[""ctx_4648fba4102f7ea46ea221e0""]",14,1,3,1,True,True,BOTH_HIT,hit_at_evaluated_cutoff,BOTH_HIT,"{""bm25_hit"": true, ""dense_hit"": true, ""union_hit"": true, ""candidate_hit"": true, ""reranker_top_k_hit"": true, ""candidate_depth"": 100, ""ranking_k"": 10}"
disease_3281,Nguyên nhân nào dẫn đến hội chứng Klinefelter?,1,"[""doc_c6c27452d7cb664146db0c3f""]","[""ctx_6e897194825e672d5400f240""]",5,2,2,2,True,True,BOTH_HIT,hit_at_evaluated_cutoff,BOTH_HIT,"{""bm25_hit"": true, ""dense_hit"": true, ""union_hit"": true, ""candidate_hit"": true, ""reranker_top_k_hit"": true, ""candidate_depth"": 100, ""ranking_k"": 10}"
disease_646,Rối loạn khả năng cương cứng có thể liên quan đến điều gì?,1,"[""doc_e4dd8ed3a5e5f107129fe8d4""]","[""ctx_a7307b4a83495ef57e31d672""]",1,5,2,1,True,True,BOTH_HIT,hit_at_evaluated_cutoff,BOTH_HIT,"{""bm25_hit"": true, ""dense_hit"": true, ""union_hit"": true, ""candidate_hit"": true, ""reranker_top_k_hit"": true, ""candidate_depth"": 100, ""ranking_k"": 10}"
disease_149,Bệnh Burnout khác với trạng thái kiệt sức thông thường như thế nào?,1,"[""doc_bc3e0423580404eb4fd9937f""]","[""ctx_6431cbf6458db6dd36fc150d""]",,,,,False,True,BOTH_MISS;CANDIDATE_MISS;DOC_HIT_CHUNK_MISS,retrieval_or_fusion,BOTH_MISS; CANDIDATE_MISS; DOC_HIT_CHUNK_MISS,"{""bm25_hit"": false, ""dense_hit"": false, ""union_hit"": false, ""candidate_hit"": false, ""reranker_top_k_hit"": false, ""candidate_depth"": 100, ""ranking_k"": 10}"
disease_5796,Microneedling là phương pháp gì?,1,"[""doc_fa56c416d73654147b7d2da6""]","[""ctx_66082746e83d08312bb91f90""]",1,1,1,1,True,True,BOTH_HIT,hit_at_evaluated_cutoff,BOTH_HIT,"{""bm25_hit"": true, ""dense_hit"": true, ""union_hit"": true, ""candidate_hit"": true, ""reranker_top_k_hit"": true, ""candidate_depth"": 100, ""ranking_k"": 10}"
disease_7930,"Ngoài chấn thương, còn có những tác nhân nào gây nên sưng lưỡi gà?",1,"[""doc_8b60d9b7abd991ab7da18064""]","[""ctx_63dde3228673f2434c22f403""]",2,1,1,1,True,True,BOTH_HIT,hit_at_evaluated_cutoff,BOTH_HIT,"{""bm25_hit"": true, ""dense_hit"": true, ""union_hit"": true, ""candidate_hit"": true, ""reranker_top_k_hit"": true, ""candidate_depth"": 100, ""ranking_k"": 10}"
disease_7505,Suy giáp bẩm sinh ở trẻ được điều trị bằng phương pháp nào?,1,"[""doc_4864c7d288299d54d7f8d20e""]","[""ctx_f045c317ba586cc6b50a0cd5""]",1,1,1,1,True,True,BOTH_HIT,hit_at_evaluated_cutoff,BOTH_HIT,"{""bm25_hit"": true, ""dense_hit"": true, ""union_hit"": true, ""candidate_hit"": true, ""reranker_top_k_hit"": true, ""candidate_depth"": 100, ""ranking_k"": 10}"
disease_9042,Sốt thấp khớp có thể gây hại ra sao đối với tim?,1,"[""doc_3bd42d7e22504439985c3efc""]","[""ctx_ebe2b4e4b140cede8b2e21af""]",1,1,1,2,True,True,BOTH_HIT,hit_at_evaluated_cutoff,BOTH_HIT,"{""bm25_hit"": true, ""dense_hit"": true, ""union_hit"": true, ""candidate_hit"": true, ""reranker_top_k_hit"": true, ""candidate_depth"": 100, ""ranking_k"": 10}"
disease_4367,Bệnh Lupus ban đỏ có thể gây ảnh hưởng đến mấy dòng tế bào máu?,1,"[""doc_7c66d2d3a0e59b08fcf1632e""]","[""ctx_1f10cfda61cec7ba6d7b019b""]",8,5,5,1,True,True,BOTH_HIT,hit_at_evaluated_cutoff,BOTH_HIT,"{""bm25_hit"": true, ""dense_hit"": true, ""union_hit"": true, ""candidate_hit"": true, ""reranker_top_k_hit"": true, ""candidate_depth"": 100, ""ranking_k"": 10}"
disease_4728,"Ngoài 3 sụn lớn, còn có mấy cấu tạo của thanh quản?",1,"[""doc_e323ba05b3bd3bd3cd9e1102""]","[""ctx_4e7f910d762c427288c1020a""]",1,1,1,1,True,True,BOTH_HIT,hit_at_evaluated_cutoff,BOTH_HIT,"{""bm25_hit"": true, ""dense_hit"": true, ""union_hit"": true, ""candidate_hit"": true, ""reranker_top_k_hit"": true, ""candidate_depth"": 100, ""ranking_k"": 10}"
disease_6757,Đối với những bệnh nhân nào có thể cân nhắc sử dụng statin trong dự phòng tiên phát ở nhóm các bệnh nhân có nguy cơ tim mạch cao – rất cao?,1,"[""doc_68d07010a3bbf8bff71a4dac""]","[""ctx_b7e1976065244a2e8d4523f1""]",1,1,1,1,True,True,BOTH_HIT,hit_at_evaluated_cutoff,BOTH_HIT,"{""bm25_hit"": true, ""dense_hit"": true, ""union_hit"": true, ""candidate_hit"": true, ""reranker_top_k_hit"": true, ""candidate_depth"": 100, ""ranking_k"": 10}"
disease_5992,Bao nhiêu loại HPV tồn tại?,1,"[""doc_af69e9886f81b0613b4fa233""]","[""ctx_16f6308ec1c42378a42cf9b1""]",1,2,1,1,True,True,BOTH_HIT,hit_at_evaluated_cutoff,BOTH_HIT,"{""bm25_hit"": true, ""dense_hit"": true, ""union_hit"": true, ""candidate_hit"": true, ""reranker_top_k_hit"": true, ""candidate_depth"": 100, ""ranking_k"": 10}"
disease_14277,Trong trường hợp nào vết lõm xương cùng có thể là một khiếm khuyết tủy sống tiềm ẩn?,1,"[""doc_849b3a494480c95a38175d0a""]","[""ctx_666cd8a89495289e087123cf""]",2,1,1,1,True,True,BOTH_HIT,hit_at_evaluated_cutoff,BOTH_HIT,"{""bm25_hit"": true, ""dense_hit"": true, ""union_hit"": true, ""candidate_hit"": true, ""reranker_top_k_hit"": true, ""candidate_depth"": 100, ""ranking_k"": 10}"
disease_5646,Nấm Candida xâm lấn có thể ảnh hưởng đến những cơ quan nào?,1,"[""doc_12c1200dfb0498dcf240f220""]","[""ctx_d279011b413322111d3606c4""]",1,1,1,1,True,True,BOTH_HIT,hit_at_evaluated_cutoff,BOTH_HIT,"{""bm25_hit"": true, ""dense_hit"": true, ""union_hit"": true, ""candidate_hit"": true, ""reranker_top_k_hit"": true, ""candidate_depth"": 100, ""ranking_k"": 10}"
disease_3781,Việc sử dụng oxy hỗ trợ có tác dụng gì đối với bệnh nhân khí phế thủng?,1,"[""doc_56f6488d4f9dc3eef866d49f""]","[""ctx_362e297ef185517bf004bccf""]",3,1,2,1,True,True,BOTH_HIT,hit_at_evaluated_cutoff,BOTH_HIT,"{""bm25_hit"": true, ""dense_hit"": true, ""union_hit"": true, ""candidate_hit"": true, ""reranker_top_k_hit"": true, ""candidate_depth"": 100, ""ranking_k"": 10}"
disease_2525,Một trong những biến chứng nghiêm trọng của hen suyễn là gì?,1,"[""doc_9194a52321496468fb1ba23f""]","[""ctx_79da81b8a3dd7671063d1ab8""]",8,1,2,1,True,True,BOTH_HIT,hit_at_evaluated_cutoff,BOTH_HIT,"{""bm25_hit"": true, ""dense_hit"": true, ""union_hit"": true, ""candidate_hit"": true, ""reranker_top_k_hit"": true, ""candidate_depth"": 100, ""ranking_k"": 10}"
disease_4210,Thiếu hụt estrogen trong cơ thể có ảnh hưởng thế nào đến quá trình loãng xương?,1,"[""doc_34f2d7820a54d2ab248b2481""]","[""ctx_9298cc66360db6d13c59543a""]",1,2,1,1,True,True,BOTH_HIT,hit_at_evaluated_cutoff,BOTH_HIT,"{""bm25_hit"": true, ""dense_hit"": true, ""union_hit"": true, ""candidate_hit"": true, ""reranker_top_k_hit"": true, ""candidate_depth"": 100, ""ranking_k"": 10}"
disease_9238,Làm thế nào để bù nước tại nhà cho trẻ bị tiêu chảy?,1,"[""doc_5e7e18123a020f4c64896b5e""]","[""ctx_fc9085eb98e2b789e10c72e4""]",6,3,3,2,True,True,BOTH_HIT,hit_at_evaluated_cutoff,BOTH_HIT,"{""bm25_hit"": true, ""dense_hit"": true, ""union_hit"": true, ""candidate_hit"": true, ""reranker_top_k_hit"": true, ""candidate_depth"": 100, ""ranking_k"": 10}"
disease_11953,Các triệu chứng ung thư biểu mô vòm họng sớm có thể gây ra bất kỳ ảnh hưởng nào đến cơ thể hay không?,1,"[""doc_81b555a4c073a51d42e0a802""]","[""ctx_69fea188a19840bd10777d9a""]",1,1,1,1,True,True,BOTH_HIT,hit_at_evaluated_cutoff,BOTH_HIT,"{""bm25_hit"": true, ""dense_hit"": true, ""union_hit"": true, ""candidate_hit"": true, ""reranker_top_k_hit"": true, ""candidate_depth"": 100, ""ranking_k"": 10}"
disease_13301,Các nguyên nhân khác dẫn đến viêm mũi xoang cấp có thể là gì?,1,"[""doc_b4727aea7b287522e05fbfa9""]","[""ctx_6175cd89b9a474bf6a548924""]",2,1,1,1,True,True,BOTH_HIT,hit_at_evaluated_cutoff,BOTH_HIT,"{""bm25_hit"": true, ""dense_hit"": true, ""union_hit"": true, ""candidate_hit"": true, ""reranker_top_k_hit"": true, ""candidate_depth"": 100, ""ranking_k"": 10}"
disease_10429,Nguyên lý hình thành tắc ruột cơ năng được miêu tả như thế nào?,1,"[""doc_4c40a2caea597de7111a133b""]","[""ctx_6bf9f07df546204e53e381b6""]",18,1,3,1,True,True,BOTH_HIT,hit_at_evaluated_cutoff,BOTH_HIT,"{""bm25_hit"": true, ""dense_hit"": true, ""union_hit"": true, ""candidate_hit"": true, ""reranker_top_k_hit"": true, ""candidate_depth"": 100, ""ranking_k"": 10}"
disease_11074,"Theo báo cáo, di căn phổ biến nhất trong các trường hợp ung thư tuyến giáp dạng nang là ở đâu?",1,"[""doc_532424641a8df653b41fc4c3""]","[""ctx_a5ccced92cc328c7c7653f38""]",2,1,2,1,True,True,BOTH_HIT,hit_at_evaluated_cutoff,BOTH_HIT,"{""bm25_hit"": true, ""dense_hit"": true, ""union_hit"": true, ""candidate_hit"": true, ""reranker_top_k_hit"": true, ""candidate_depth"": 100, ""ranking_k"": 10}"
disease_1764,Khi nào sẽ xảy ra trầy xước và bóng rát khi cạo lông vùng sinh dục?,1,"[""doc_b467199cbe4dbb9dd2a79018""]","[""ctx_c7de2b57e404fa423a1b461b""]",1,1,1,1,True,True,BOTH_HIT,hit_at_evaluated_cutoff,BOTH_HIT,"{""bm25_hit"": true, ""dense_hit"": true, ""union_hit"": true, ""candidate_hit"": true, ""reranker_top_k_hit"": true, ""candidate_depth"": 100, ""ranking_k"": 10}"
disease_3056,Thay đổi lối sống nào để điều trị hẹp động mạch thận có thể làm giảm huyết áp?,1,"[""doc_ad11c3ff5c3e595131d8ff6d""]","[""ctx_af1af189d87edb9946a0e1f7""]",61,10,21,1,True,True,BOTH_HIT,hit_at_evaluated_cutoff,BOTH_HIT,"{""bm25_hit"": true, ""dense_hit"": true, ""union_hit"": true, ""candidate_hit"": true, ""reranker_top_k_hit"": true, ""candidate_depth"": 100, ""ranking_k"": 10}"
disease_11537,Nếu ung thư ảnh hưởng đến 90% tuyến thượng thận thì gây nên triệu chứng gì?,1,"[""doc_f5240d186a9c07eb22094649""]","[""ctx_5744e3965f97c829838bc6fc""]",1,1,1,1,True,True,BOTH_HIT,hit_at_evaluated_cutoff,BOTH_HIT,"{""bm25_hit"": true, ""dense_hit"": true, ""union_hit"": true, ""candidate_hit"": true, ""reranker_top_k_hit"": true, ""candidate_depth"": 100, ""ranking_k"": 10}"
disease_12970,Độ tuổi mắc viêm kết mạc cao nhất là bao nhiêu?,1,"[""doc_fd345fa95a59a19334ee3ca3""]","[""ctx_a9967273aff9942ea2f29942""]",1,1,1,1,True,True,BOTH_HIT,hit_at_evaluated_cutoff,BOTH_HIT,"{""bm25_hit"": true, ""dense_hit"": true, ""union_hit"": true, ""candidate_hit"": true, ""reranker_top_k_hit"": true, ""candidate_depth"": 100, ""ranking_k"": 10}"
disease_842,Ăn vừa phải hoặc giảm lượng protein có lợi ích gì?,1,"[""doc_207478e6b9fe47e33637cf80""]","[""ctx_c4af5a6890ea325b6ae25202""]",1,5,2,1,True,True,BOTH_HIT,hit_at_evaluated_cutoff,BOTH_HIT,"{""bm25_hit"": true, ""dense_hit"": true, ""union_hit"": true, ""candidate_hit"": true, ""reranker_top_k_hit"": true, ""candidate_depth"": 100, ""ranking_k"": 10}"
disease_13112,Chọc dò tủy sống là gì?,1,"[""doc_140420010f20086654552448""]","[""ctx_da38330d07568e95d8a6481e""]",1,9,3,10,False,False,BOTH_HIT;SELECTION_MISS;DOC_AND_CHUNK_MISS,selection,BOTH_HIT; SELECTION_MISS; DOC_AND_CHUNK_MISS,"{""bm25_hit"": true, ""dense_hit"": true, ""union_hit"": true, ""candidate_hit"": true, ""reranker_top_k_hit"": true, ""candidate_depth"": 100, ""ranking_k"": 10}"
disease_558,Bệnh cầu thận màng có thể gây ra những hậu quả gì?,1,"[""doc_d063afa043767e6d7996dc6a""]","[""ctx_d31b8fc9793b908dd8c05afe""]",1,2,1,2,True,True,BOTH_HIT,hit_at_evaluated_cutoff,BOTH_HIT,"{""bm25_hit"": true, ""dense_hit"": true, ""union_hit"": true, ""candidate_hit"": true, ""reranker_top_k_hit"": true, ""candidate_depth"": 100, ""ranking_k"": 10}"
disease_5413,Nghiệm pháp bàn nghiêng dùng để kiểm tra điều gì?,1,"[""doc_aba5c97b4e88fa2d14c19126""]","[""ctx_6dba158f36201af0a8aa1a3a""]",9,34,3,2,True,True,BOTH_HIT,hit_at_evaluated_cutoff,BOTH_HIT,"{""bm25_hit"": true, ""dense_hit"": true, ""union_hit"": true, ""candidate_hit"": true, ""reranker_top_k_hit"": true, ""candidate_depth"": 100, ""ranking_k"": 10}"
disease_14997,Triệu chứng thường thấy của cơn đau thắt ngực ban đầu là gì?,1,"[""doc_58b79c536d27cb005068ab29""]","[""ctx_f535914fe57db1971deee885""]",1,2,2,1,True,True,BOTH_HIT,hit_at_evaluated_cutoff,BOTH_HIT,"{""bm25_hit"": true, ""dense_hit"": true, ""union_hit"": true, ""candidate_hit"": true, ""reranker_top_k_hit"": true, ""candidate_depth"": 100, ""ranking_k"": 10}"
disease_403,"Vận động viên chạy đường dài và các vận động viên khác thường có nhịp tim khi nghỉ ngơi thấp hơn, vậy họ có đặc điểm gì?",1,"[""doc_ce3e1278126a582cedd18341""]","[""ctx_eab57484b1ee4c610f6b325d""]",1,1,1,1,True,True,BOTH_HIT,hit_at_evaluated_cutoff,BOTH_HIT,"{""bm25_hit"": true, ""dense_hit"": true, ""union_hit"": true, ""candidate_hit"": true, ""reranker_top_k_hit"": true, ""candidate_depth"": 100, ""ranking_k"": 10}"
disease_3632,Hội chứng sợ không gian hẹp có thể bắt nguồn từ đâu?,1,"[""doc_a931ac6ad335f14f4fb46996""]","[""ctx_a96ea18d2e2e871b772acafa""]",2,1,1,2,True,True,BOTH_HIT,hit_at_evaluated_cutoff,BOTH_HIT,"{""bm25_hit"": true, ""dense_hit"": true, ""union_hit"": true, ""candidate_hit"": true, ""reranker_top_k_hit"": true, ""candidate_depth"": 100, ""ranking_k"": 10}"
disease_12272,Áp xe phúc mạc thường xảy ra như thế nào?,1,"[""doc_97d45d89d17cfdc4018fa354""]","[""ctx_0adde3304b6c79e6d900b006""]",1,1,1,1,True,True,BOTH_HIT,hit_at_evaluated_cutoff,BOTH_HIT,"{""bm25_hit"": true, ""dense_hit"": true, ""union_hit"": true, ""candidate_hit"": true, ""reranker_top_k_hit"": true, ""candidate_depth"": 100, ""ranking_k"": 10}"
disease_14526,Khi nào thì một người khởi phát bệnh zona?,1,"[""doc_ce0e03678925bbebf108ac45""]","[""ctx_602ccc7ea6d32750d9095277""]",1,2,1,1,True,True,BOTH_HIT,hit_at_evaluated_cutoff,BOTH_HIT,"{""bm25_hit"": true, ""dense_hit"": true, ""union_hit"": true, ""candidate_hit"": true, ""reranker_top_k_hit"": true, ""candidate_depth"": 100, ""ranking_k"": 10}"
disease_11002,Ung thư amidan khẩu cái là gì?,1,"[""doc_4859448460da3c5078deb1a7""]","[""ctx_1ca8ef7ce66774ea3db6d883""]",1,1,1,1,True,True,BOTH_HIT,hit_at_evaluated_cutoff,BOTH_HIT,"{""bm25_hit"": true, ""dense_hit"": true, ""union_hit"": true, ""candidate_hit"": true, ""reranker_top_k_hit"": true, ""candidate_depth"": 100, ""ranking_k"": 10}"
disease_3710,Các loại thuốc thường dùng để kiểm soát triệu chứng co giật là gì?,1,"[""doc_9e5ed0fa2d6bd36c4ab0c0e2""]","[""ctx_db8e49c7bc6ff1fc1ddb2c8f""]",1,32,4,8,False,False,BOTH_HIT;SELECTION_MISS;DOC_AND_CHUNK_MISS,selection,BOTH_HIT; SELECTION_MISS; DOC_AND_CHUNK_MISS,"{""bm25_hit"": true, ""dense_hit"": true, ""union_hit"": true, ""candidate_hit"": true, ""reranker_top_k_hit"": true, ""candidate_depth"": 100, ""ranking_k"": 10}"
disease_9486,"Ngoài triệu chứng chảy dịch, mủ từ dương vật thì người mắc viêm mào tinh hoàn có thể gặp phải triệu chứng lạ nào khác?",1,"[""doc_98fc0f29a84caf9a44fcb41f""]","[""ctx_8f50fc85f6aa4dbeb8c91f15""]",1,4,2,2,True,True,BOTH_HIT,hit_at_evaluated_cutoff,BOTH_HIT,"{""bm25_hit"": true, ""dense_hit"": true, ""union_hit"": true, ""candidate_hit"": true, ""reranker_top_k_hit"": true, ""candidate_depth"": 100, ""ranking_k"": 10}"
disease_11556,Xu hướng tỷ lệ mắc ung thư phổi của nam giới và phụ nữ trong giai đoạn từ 2009 đến 2018 ra sao?,1,"[""doc_e219bebb07a0e6a976df4f10""]","[""ctx_0b120c53857c68b051283d63""]",1,1,1,1,True,True,BOTH_HIT,hit_at_evaluated_cutoff,BOTH_HIT,"{""bm25_hit"": true, ""dense_hit"": true, ""union_hit"": true, ""candidate_hit"": true, ""reranker_top_k_hit"": true, ""candidate_depth"": 100, ""ranking_k"": 10}"
disease_10070,Bệnh cao huyết áp thai kỳ có thể dẫn đến những nguy cơ và biến chứng nào?,1,"[""doc_100cf7006f8292f72493d3aa""]","[""ctx_f8cdf10ed2f8e24e0dddae67""]",,21,47,1,True,True,DENSE_ONLY_HIT,hit_at_evaluated_cutoff,DENSE_ONLY_HIT,"{""bm25_hit"": false, ""dense_hit"": true, ""union_hit"": true, ""candidate_hit"": true, ""reranker_top_k_hit"": true, ""candidate_depth"": 100, ""ranking_k"": 10}"
disease_12138,Phẫu thuật mở rộng bao gồm cắt bỏ các bộ phận nào?,1,"[""doc_7a6d3482a4db85ff4bdc4931""]","[""ctx_4c6cea814e615cd1364e3e46""]",1,1,1,1,True,True,BOTH_HIT,hit_at_evaluated_cutoff,BOTH_HIT,"{""bm25_hit"": true, ""dense_hit"": true, ""union_hit"": true, ""candidate_hit"": true, ""reranker_top_k_hit"": true, ""candidate_depth"": 100, ""ranking_k"": 10}"
disease_9331,Tại sao phụ nữ mang thai thường tiết nhiều nước bọt?,1,"[""doc_66a6188556d9505cda0d75ce""]","[""ctx_84b8c646ffa1d3a71725d267""]",,11,26,8,False,True,DENSE_ONLY_HIT;SELECTION_MISS;DOC_HIT_CHUNK_MISS,selection,DENSE_ONLY_HIT; SELECTION_MISS; DOC_HIT_CHUNK_MISS,"{""bm25_hit"": false, ""dense_hit"": true, ""union_hit"": true, ""candidate_hit"": true, ""reranker_top_k_hit"": true, ""candidate_depth"": 100, ""ranking_k"": 10}"
disease_7768,Suy tim phải thường xuất hiện như thế nào?,1,"[""doc_43ab8eb42e6d44770ff0dabc""]","[""ctx_e7eeb9e7117e354902ffb145""]",1,2,2,1,True,True,BOTH_HIT,hit_at_evaluated_cutoff,BOTH_HIT,"{""bm25_hit"": true, ""dense_hit"": true, ""union_hit"": true, ""candidate_hit"": true, ""reranker_top_k_hit"": true, ""candidate_depth"": 100, ""ranking_k"": 10}"
disease_1448,Liệt kê các nhóm người có nguy cơ cao mắc biến chứng nghiêm trọng do bệnh cúm?,1,"[""doc_8a5ab1b2c492d2eb2b25960a""]","[""ctx_91c8e62a37519b9eb594ec9f""]",1,1,1,1,True,True,BOTH_HIT,hit_at_evaluated_cutoff,BOTH_HIT,"{""bm25_hit"": true, ""dense_hit"": true, ""union_hit"": true, ""candidate_hit"": true, ""reranker_top_k_hit"": true, ""candidate_depth"": 100, ""ranking_k"": 10}"
disease_7751,Nguyên nhân dẫn đến suy tim phải cấp trong trường hợp thuyên tắc động mạch phổi cấp là gì?,1,"[""doc_ff9c3a730bae566b044df4a9""]","[""ctx_d099a4afb6df8508ea62590a""]",1,1,1,1,True,True,BOTH_HIT,hit_at_evaluated_cutoff,BOTH_HIT,"{""bm25_hit"": true, ""dense_hit"": true, ""union_hit"": true, ""candidate_hit"": true, ""reranker_top_k_hit"": true, ""candidate_depth"": 100, ""ranking_k"": 10}"
disease_7107,Nguyên nhân gây ra rối loạn tiền đình trung ương là gì?,1,"[""doc_d75fcc433a91c558184282c7""]","[""ctx_5a57d9390fc735d48734f2ab""]",2,2,2,2,True,True,BOTH_HIT,hit_at_evaluated_cutoff,BOTH_HIT,"{""bm25_hit"": true, ""dense_hit"": true, ""union_hit"": true, ""candidate_hit"": true, ""reranker_top_k_hit"": true, ""candidate_depth"": 100, ""ranking_k"": 10}"
disease_5813,"Để sớm phát hiện bệnh lý ác tính từ nốt ruồi, cần kiểm tra cơ thể theo thứ tự như thế nào?",1,"[""doc_fe43c47e7abe267aa6bb0b15""]","[""ctx_0cb212829c35deab26491bce""]",1,2,1,2,True,True,BOTH_HIT,hit_at_evaluated_cutoff,BOTH_HIT,"{""bm25_hit"": true, ""dense_hit"": true, ""union_hit"": true, ""candidate_hit"": true, ""reranker_top_k_hit"": true, ""candidate_depth"": 100, ""ranking_k"": 10}"
disease_6644,Những dấu hiệu nào biểu hiện bạn đang mắc chứng rối loạn giấc ngủ?,1,"[""doc_048016538c84ff8c4ff991f5""]","[""ctx_58685b497c57614ae32dc3d6""]",,7,56,4,True,True,DENSE_ONLY_HIT,hit_at_evaluated_cutoff,DENSE_ONLY_HIT,"{""bm25_hit"": false, ""dense_hit"": true, ""union_hit"": true, ""candidate_hit"": true, ""reranker_top_k_hit"": true, ""candidate_depth"": 100, ""ranking_k"": 10}"
disease_1923,"Khi bị dị ứng lúa mì, bác sĩ có thể hỏi những câu hỏi nào khi đặt lịch hẹn gặp?",1,"[""doc_4b011bf5df070c7b03ee0137""]","[""ctx_d5e14b4068d07020b756e919""]",2,1,1,1,True,True,BOTH_HIT,hit_at_evaluated_cutoff,BOTH_HIT,"{""bm25_hit"": true, ""dense_hit"": true, ""union_hit"": true, ""candidate_hit"": true, ""reranker_top_k_hit"": true, ""candidate_depth"": 100, ""ranking_k"": 10}"
disease_15611,Khi nào bác sĩ có thể khuyến cáo không phẫu thuật cho bệnh nhân bị đứt dây chằng chéo trước?,1,"[""doc_58d00490c554b9a50c84f59a""]","[""ctx_b2a2a1cafae20b968d824cf1""]",2,2,3,1,True,True,BOTH_HIT,hit_at_evaluated_cutoff,BOTH_HIT,"{""bm25_hit"": true, ""dense_hit"": true, ""union_hit"": true, ""candidate_hit"": true, ""reranker_top_k_hit"": true, ""candidate_depth"": 100, ""ranking_k"": 10}"
disease_1410,Điều gì xảy ra nếu lỗ bầu dục không đóng sau khi sinh?,1,"[""doc_843e96146548ac318318b4ef""]","[""ctx_6a6281d1be0a15d4c4f815e2""]",2,6,3,9,False,True,BOTH_HIT;SELECTION_MISS;DOC_HIT_CHUNK_MISS,selection,BOTH_HIT; SELECTION_MISS; DOC_HIT_CHUNK_MISS,"{""bm25_hit"": true, ""dense_hit"": true, ""union_hit"": true, ""candidate_hit"": true, ""reranker_top_k_hit"": true, ""candidate_depth"": 100, ""ranking_k"": 10}"
disease_8171,Nên làm gì để giảm căng thẳng và nâng cao tâm trạng khi phải ở nhà?,1,"[""doc_deeb5a267aadcd156fbe273d""]","[""ctx_c1ed63c4b64065968c7f7033""]",1,2,1,3,True,True,BOTH_HIT,hit_at_evaluated_cutoff,BOTH_HIT,"{""bm25_hit"": true, ""dense_hit"": true, ""union_hit"": true, ""candidate_hit"": true, ""reranker_top_k_hit"": true, ""candidate_depth"": 100, ""ranking_k"": 10}"
disease_10613,Triệu chứng của u màng não có thể gây ra những thay đổi thị giác như thế nào?,1,"[""doc_3d8f5d762c1102aecac7b636""]","[""ctx_edca23e5cae63fb939b4c384""]",1,1,1,1,True,True,BOTH_HIT,hit_at_evaluated_cutoff,BOTH_HIT,"{""bm25_hit"": true, ""dense_hit"": true, ""union_hit"": true, ""candidate_hit"": true, ""reranker_top_k_hit"": true, ""candidate_depth"": 100, ""ranking_k"": 10}"
disease_12325,Trong trường hợp nào bệnh viêm bao hoạt dịch khớp cần được đi khám?,1,"[""doc_eec0948176185c63ae6820a2""]","[""ctx_fdeada587237c2685b826060""]",1,2,1,1,True,True,BOTH_HIT,hit_at_evaluated_cutoff,BOTH_HIT,"{""bm25_hit"": true, ""dense_hit"": true, ""union_hit"": true, ""candidate_hit"": true, ""reranker_top_k_hit"": true, ""candidate_depth"": 100, ""ranking_k"": 10}"
disease_7291,Đặc biệt cần liên hệ cấp cứu khi xuất hiện những triệu chứng nào của rối loạn điện giải?,1,"[""doc_fccf06778643d6ed05e5775c""]","[""ctx_6178a77968742bd6b5f1ce4d""]",1,1,1,1,True,True,BOTH_HIT,hit_at_evaluated_cutoff,BOTH_HIT,"{""bm25_hit"": true, ""dense_hit"": true, ""union_hit"": true, ""candidate_hit"": true, ""reranker_top_k_hit"": true, ""candidate_depth"": 100, ""ranking_k"": 10}"
disease_2634,Mất ngủ có tác động như thế nào đến tâm trí của chúng ta?,1,"[""doc_84f4f8c023ad8b9212fe05be""]","[""ctx_1fdfd82f5784efeba9dd429d""]",,4,25,5,True,True,DENSE_ONLY_HIT,hit_at_evaluated_cutoff,DENSE_ONLY_HIT,"{""bm25_hit"": false, ""dense_hit"": true, ""union_hit"": true, ""candidate_hit"": true, ""reranker_top_k_hit"": true, ""candidate_depth"": 100, ""ranking_k"": 10}"
disease_14021,Các bệnh lý tự miễn thường gặp ở những người bị viêm tủy thị thần kinh là gì?,1,"[""doc_f2f22cdf07e3d850ec341c69""]","[""ctx_d1607241ddf371f8a0a8fba6""]",2,1,2,1,True,True,BOTH_HIT,hit_at_evaluated_cutoff,BOTH_HIT,"{""bm25_hit"": true, ""dense_hit"": true, ""union_hit"": true, ""candidate_hit"": true, ""reranker_top_k_hit"": true, ""candidate_depth"": 100, ""ranking_k"": 10}"
disease_4910,Người bị nghe kém thường có xu hướng làm gì khi giao tiếp với người khác?,1,"[""doc_f28dc6308d44b651b232a565""]","[""ctx_f8e594bdb65abbb4afefd8f6""]",7,2,3,1,True,True,BOTH_HIT,hit_at_evaluated_cutoff,BOTH_HIT,"{""bm25_hit"": true, ""dense_hit"": true, ""union_hit"": true, ""candidate_hit"": true, ""reranker_top_k_hit"": true, ""candidate_depth"": 100, ""ranking_k"": 10}"
disease_85,Bệnh nhân cần chăm sóc vết thương như thế nào để tránh biến chứng nặng hơn?,1,"[""doc_d3adcecc77f1f10ee1e8f3ed""]","[""ctx_eee378dee3987decc7de63dd""]",1,38,3,1,True,True,BOTH_HIT,hit_at_evaluated_cutoff,BOTH_HIT,"{""bm25_hit"": true, ""dense_hit"": true, ""union_hit"": true, ""candidate_hit"": true, ""reranker_top_k_hit"": true, ""candidate_depth"": 100, ""ranking_k"": 10}"
disease_8913,Nguyên nhân nào có thể dẫn đến thoát vị hoành?,1,"[""doc_6aa90a09923243d1c1873cd2""]","[""ctx_ee786d95b0431a0ac912a1fb""]",2,1,1,1,True,True,BOTH_HIT,hit_at_evaluated_cutoff,BOTH_HIT,"{""bm25_hit"": true, ""dense_hit"": true, ""union_hit"": true, ""candidate_hit"": true, ""reranker_top_k_hit"": true, ""candidate_depth"": 100, ""ranking_k"": 10}"
disease_12858,Các gai xương có ảnh hưởng thến nào tới khớp và cánh tay?,1,"[""doc_12a0eb67320a75b06cb0886d""]","[""ctx_35587233f8e7b2d7aa35f0f1""]",5,1,1,1,True,True,BOTH_HIT,hit_at_evaluated_cutoff,BOTH_HIT,"{""bm25_hit"": true, ""dense_hit"": true, ""union_hit"": true, ""candidate_hit"": true, ""reranker_top_k_hit"": true, ""candidate_depth"": 100, ""ranking_k"": 10}"
disease_8060,"Ngoài việc tẩy giun định kỳ, chúng ta nên làm gì để phòng ngừa sỏi bùn túi mật?",1,"[""doc_eb225c863d7c01a0b2b87afc""]","[""ctx_bd0f718b096f0e8aa05a18d4""]",1,1,1,1,True,True,BOTH_HIT,hit_at_evaluated_cutoff,BOTH_HIT,"{""bm25_hit"": true, ""dense_hit"": true, ""union_hit"": true, ""candidate_hit"": true, ""reranker_top_k_hit"": true, ""candidate_depth"": 100, ""ranking_k"": 10}"
disease_5375,Viên ngậm kẽm có tác dụng gì trong điều trị nhiệt miệng?,1,"[""doc_2d63b8774f27e17e985b02f0""]","[""ctx_8ac8d141445898a159dd5a61""]",1,2,1,1,True,True,BOTH_HIT,hit_at_evaluated_cutoff,BOTH_HIT,"{""bm25_hit"": true, ""dense_hit"": true, ""union_hit"": true, ""candidate_hit"": true, ""reranker_top_k_hit"": true, ""candidate_depth"": 100, ""ranking_k"": 10}"
disease_5118,Nguyên nhân chính gây ngứa vùng kín khi mang thai là gì?,1,"[""doc_04f5cf424d75b698c3bd48b5""]","[""ctx_2c98c6e52841cecd1588ac3e""]",1,1,1,1,True,True,BOTH_HIT,hit_at_evaluated_cutoff,BOTH_HIT,"{""bm25_hit"": true, ""dense_hit"": true, ""union_hit"": true, ""candidate_hit"": true, ""reranker_top_k_hit"": true, ""candidate_depth"": 100, ""ranking_k"": 10}"
disease_5841,"Khi cơ thể lành mạnh, các hạch thường như thế nào?",1,"[""doc_d7a3352ee7536d09b450e07c""]","[""ctx_814b43420de46b3269c5c003""]",1,2,1,1,True,True,BOTH_HIT,hit_at_evaluated_cutoff,BOTH_HIT,"{""bm25_hit"": true, ""dense_hit"": true, ""union_hit"": true, ""candidate_hit"": true, ""reranker_top_k_hit"": true, ""candidate_depth"": 100, ""ranking_k"": 10}"
disease_95,Biến dạng ngón chân cái là gì?,1,"[""doc_12822e0a5bfdc80ae5d42b88""]","[""ctx_eafdc360f675ed96e3839a34""]",1,1,1,1,True,True,BOTH_HIT,hit_at_evaluated_cutoff,BOTH_HIT,"{""bm25_hit"": true, ""dense_hit"": true, ""union_hit"": true, ""candidate_hit"": true, ""reranker_top_k_hit"": true, ""candidate_depth"": 100, ""ranking_k"": 10}"
disease_576,Bệnh hạ cam có chữa được không?,1,"[""doc_e1f7b61abf22b51a7ea0e237""]","[""ctx_21504f3d65311b39983ea813""]",1,1,1,1,True,True,BOTH_HIT,hit_at_evaluated_cutoff,BOTH_HIT,"{""bm25_hit"": true, ""dense_hit"": true, ""union_hit"": true, ""candidate_hit"": true, ""reranker_top_k_hit"": true, ""candidate_depth"": 100, ""ranking_k"": 10}"
disease_14557,Những bệnh lý nào về răng miệng có thể dẫn đến áp xe má?,1,"[""doc_d65d1b2c4a7e5fa269a6dbee""]","[""ctx_30d44467aab3421b1944b15e""]",1,1,1,1,True,True,BOTH_HIT,hit_at_evaluated_cutoff,BOTH_HIT,"{""bm25_hit"": true, ""dense_hit"": true, ""union_hit"": true, ""candidate_hit"": true, ""reranker_top_k_hit"": true, ""candidate_depth"": 100, ""ranking_k"": 10}"
disease_8556,Tại sao cơ thể có khả năng bị thiếu vitamin C?,1,"[""doc_d3b626134c1b452203f05ea4""]","[""ctx_0caeb00e82e47ad3cd839e00""]",1,1,1,1,True,True,BOTH_HIT,hit_at_evaluated_cutoff,BOTH_HIT,"{""bm25_hit"": true, ""dense_hit"": true, ""union_hit"": true, ""candidate_hit"": true, ""reranker_top_k_hit"": true, ""candidate_depth"": 100, ""ranking_k"": 10}"
disease_10294,Điều trị trước sinh bằng corticosteroid tổng hợp truyền qua nhau thai có gây tranh cãi hay không?,1,"[""doc_7f5f9025959c474086c3664f""]","[""ctx_b343365a6cf7da3522ad00a0""]",1,1,1,1,True,True,BOTH_HIT,hit_at_evaluated_cutoff,BOTH_HIT,"{""bm25_hit"": true, ""dense_hit"": true, ""union_hit"": true, ""candidate_hit"": true, ""reranker_top_k_hit"": true, ""candidate_depth"": 100, ""ranking_k"": 10}"
disease_8263,Ribavirin được sử dụng trong điều trị sốt xuất huyết Lassa để làm gì?,1,"[""doc_a09c31b79c7ab084791a6134""]","[""ctx_83938ce404f1570376bdb77a""]",1,1,1,1,True,True,BOTH_HIT,hit_at_evaluated_cutoff,BOTH_HIT,"{""bm25_hit"": true, ""dense_hit"": true, ""union_hit"": true, ""candidate_hit"": true, ""reranker_top_k_hit"": true, ""candidate_depth"": 100, ""ranking_k"": 10}"
disease_634,Khớp bán động có khả năng vận động như thế nào?,1,"[""doc_4e2ec406c074ab23c80b110b""]","[""ctx_40d417b0d02cafddb6ae081e""]",2,1,1,1,True,True,BOTH_HIT,hit_at_evaluated_cutoff,BOTH_HIT,"{""bm25_hit"": true, ""dense_hit"": true, ""union_hit"": true, ""candidate_hit"": true, ""reranker_top_k_hit"": true, ""candidate_depth"": 100, ""ranking_k"": 10}"
disease_14124,Viêm âm đạo do nấm men có thể gây ra những triệu chứng nào?,1,"[""doc_8af37770be7bd51f8c52b901""]","[""ctx_ec857864f605aff2fdfc9faa""]",5,14,8,2,True,True,BOTH_HIT,hit_at_evaluated_cutoff,BOTH_HIT,"{""bm25_hit"": true, ""dense_hit"": true, ""union_hit"": true, ""candidate_hit"": true, ""reranker_top_k_hit"": true, ""candidate_depth"": 100, ""ranking_k"": 10}"
disease_4013,Bệnh gì gây ra kinh nguyệt kéo dài trên 10 ngày?,1,"[""doc_3f858258647192bade44f453""]","[""ctx_38703a04be03a5c044b91301""]",48,6,16,2,True,True,BOTH_HIT,hit_at_evaluated_cutoff,BOTH_HIT,"{""bm25_hit"": true, ""dense_hit"": true, ""union_hit"": true, ""candidate_hit"": true, ""reranker_top_k_hit"": true, ""candidate_depth"": 100, ""ranking_k"": 10}"
disease_3869,Có những phương pháp nào để ngăn ngừa khô mắt?,1,"[""doc_f8701f5bc07ef2a2c802e578""]","[""ctx_19a15f6f7f3d0dc13a87b438""]",,41,78,3,True,True,DENSE_ONLY_HIT,hit_at_evaluated_cutoff,DENSE_ONLY_HIT,"{""bm25_hit"": false, ""dense_hit"": true, ""union_hit"": true, ""candidate_hit"": true, ""reranker_top_k_hit"": true, ""candidate_depth"": 100, ""ranking_k"": 10}"
disease_10410,Có thể phát hiện tật đầu nhỏ vào lúc nào?,1,"[""doc_4393f0cac284d6d660224e34""]","[""ctx_81d1fee674af6199c527ad3c""]",1,5,2,1,True,True,BOTH_HIT,hit_at_evaluated_cutoff,BOTH_HIT,"{""bm25_hit"": true, ""dense_hit"": true, ""union_hit"": true, ""candidate_hit"": true, ""reranker_top_k_hit"": true, ""candidate_depth"": 100, ""ranking_k"": 10}"
disease_9850,Trật khớp liên đốt gần và khớp liên đốt xa ngón tay thường theo hướng nào?,1,"[""doc_399f08a1624b7eb1ded85ff4""]","[""ctx_492793a194740737f58deea9""]",1,1,1,1,True,True,BOTH_HIT,hit_at_evaluated_cutoff,BOTH_HIT,"{""bm25_hit"": true, ""dense_hit"": true, ""union_hit"": true, ""candidate_hit"": true, ""reranker_top_k_hit"": true, ""candidate_depth"": 100, ""ranking_k"": 10}"
disease_7210,Rối loạn học tập hoặc ngôn ngữ là gì?,1,"[""doc_9564e81df0b7f44e99e2a882""]","[""ctx_a6a010c7072d47561f27e73d""]",3,34,10,4,True,True,BOTH_HIT,hit_at_evaluated_cutoff,BOTH_HIT,"{""bm25_hit"": true, ""dense_hit"": true, ""union_hit"": true, ""candidate_hit"": true, ""reranker_top_k_hit"": true, ""candidate_depth"": 100, ""ranking_k"": 10}"
disease_247,Chọc hút nang của Bướu giáp keo có mục đích gì?,1,"[""doc_6ae45e710df6da906262848b""]","[""ctx_2ac331ff5f8310d89a8a6924""]",5,2,3,2,True,True,BOTH_HIT,hit_at_evaluated_cutoff,BOTH_HIT,"{""bm25_hit"": true, ""dense_hit"": true, ""union_hit"": true, ""candidate_hit"": true, ""reranker_top_k_hit"": true, ""candidate_depth"": 100, ""ranking_k"": 10}"
disease_2046,Trong trường hợp nào thì chủ yếu bác sĩ sẽ thực hiện sinh thiết phẫu thuật để chẩn đoán bệnh Ewing sarcoma?,1,"[""doc_a07561713b42027b40ce696a""]","[""ctx_17635bb6a2caa13da60b20e0""]",1,1,1,1,True,True,BOTH_HIT,hit_at_evaluated_cutoff,BOTH_HIT,"{""bm25_hit"": true, ""dense_hit"": true, ""union_hit"": true, ""candidate_hit"": true, ""reranker_top_k_hit"": true, ""candidate_depth"": 100, ""ranking_k"": 10}"
disease_7356,Sa sút trí tuệ do mạch máu tiến triển như thế nào?,1,"[""doc_c31693baa0ad9a2f109454cd""]","[""ctx_0c36085322949afb19d3c419""]",4,9,6,2,True,True,BOTH_HIT,hit_at_evaluated_cutoff,BOTH_HIT,"{""bm25_hit"": true, ""dense_hit"": true, ""union_hit"": true, ""candidate_hit"": true, ""reranker_top_k_hit"": true, ""candidate_depth"": 100, ""ranking_k"": 10}"
disease_10980,Nếu rong kinh và cường kinh kéo dài có thể dẫn đến hậu quả gì?,1,"[""doc_3737a8f7212f18a12f154e0f""]","[""ctx_cb6fbd95d9b80642b2305bed""]",1,8,4,1,True,True,BOTH_HIT,hit_at_evaluated_cutoff,BOTH_HIT,"{""bm25_hit"": true, ""dense_hit"": true, ""union_hit"": true, ""candidate_hit"": true, ""reranker_top_k_hit"": true, ""candidate_depth"": 100, ""ranking_k"": 10}"
disease_10450,Mục đích của xét nghiệm máu trong chẩn đoán tắc ruột là gì?,1,"[""doc_4c40a2caea597de7111a133b""]","[""ctx_9d4008de2e2520f6389a38f3""]",,18,55,1,True,True,DENSE_ONLY_HIT,hit_at_evaluated_cutoff,DENSE_ONLY_HIT,"{""bm25_hit"": false, ""dense_hit"": true, ""union_hit"": true, ""candidate_hit"": true, ""reranker_top_k_hit"": true, ""candidate_depth"": 100, ""ranking_k"": 10}"
disease_14664,"Đối với bệnh nhân đa u tuyến nội tiết tuýp 2A có biểu hiện của PHPT, phương pháp điều trị là gì?",1,"[""doc_49fdd696e602d5240d192a2d""]","[""ctx_fdeaeee697770b4438c85cf5""]",2,2,2,1,True,True,BOTH_HIT,hit_at_evaluated_cutoff,BOTH_HIT,"{""bm25_hit"": true, ""dense_hit"": true, ""union_hit"": true, ""candidate_hit"": true, ""reranker_top_k_hit"": true, ""candidate_depth"": 100, ""ranking_k"": 10}"
disease_764,Điều trị bệnh phóng xạ như thế nào?,1,"[""doc_28d1a2839a4df8f01f6fadb2""]","[""ctx_41da47dd5a352cbca17ba83b""]",20,62,24,3,True,True,BOTH_HIT,hit_at_evaluated_cutoff,BOTH_HIT,"{""bm25_hit"": true, ""dense_hit"": true, ""union_hit"": true, ""candidate_hit"": true, ""reranker_top_k_hit"": true, ""candidate_depth"": 100, ""ranking_k"": 10}"
disease_314,Bướu giáp đơn nhân là tình trạng gì?,1,"[""doc_f944c0d57ba19f060af1f460""]","[""ctx_748725547ef86ffafd8d4b7a""]",2,1,1,1,True,True,BOTH_HIT,hit_at_evaluated_cutoff,BOTH_HIT,"{""bm25_hit"": true, ""dense_hit"": true, ""union_hit"": true, ""candidate_hit"": true, ""reranker_top_k_hit"": true, ""candidate_depth"": 100, ""ranking_k"": 10}"
disease_14498,Những người mắc thủy đậu có thể bị bệnh gì nếu virus di chuyển đến hạch thần kinh?,1,"[""doc_0a79baf2323da0615f751445""]","[""ctx_364f01c5280020009f47cf7f""]",1,1,1,1,True,True,BOTH_HIT,hit_at_evaluated_cutoff,BOTH_HIT,"{""bm25_hit"": true, ""dense_hit"": true, ""union_hit"": true, ""candidate_hit"": true, ""reranker_top_k_hit"": true, ""candidate_depth"": 100, ""ranking_k"": 10}"
disease_12183,Các xét nghiệm hình ảnh được sử dụng để chẩn đoán ung thư ống mật là gì?,1,"[""doc_5657f30f81bba227bbbebdef""]","[""ctx_de447f83f2d10e18ba0d7750""]",1,1,1,1,True,True,BOTH_HIT,hit_at_evaluated_cutoff,BOTH_HIT,"{""bm25_hit"": true, ""dense_hit"": true, ""union_hit"": true, ""candidate_hit"": true, ""reranker_top_k_hit"": true, ""candidate_depth"": 100, ""ranking_k"": 10}"
disease_15598,Vai trò của dây chằng chéo trước là gì?,1,"[""doc_58d00490c554b9a50c84f59a""]","[""ctx_b3ec655563c4044d14bf16d9""]",2,5,3,1,True,True,BOTH_HIT,hit_at_evaluated_cutoff,BOTH_HIT,"{""bm25_hit"": true, ""dense_hit"": true, ""union_hit"": true, ""candidate_hit"": true, ""reranker_top_k_hit"": true, ""candidate_depth"": 100, ""ranking_k"": 10}"
disease_1499,Nguyên nhân phổ biến nhất gây ra cường aldosterone nguyên phát là gì?,1,"[""doc_d28e1036f78133c7fdca508f""]","[""ctx_c91f83abe7e886d8c3c703d5""]",1,1,1,1,True,True,BOTH_HIT,hit_at_evaluated_cutoff,BOTH_HIT,"{""bm25_hit"": true, ""dense_hit"": true, ""union_hit"": true, ""candidate_hit"": true, ""reranker_top_k_hit"": true, ""candidate_depth"": 100, ""ranking_k"": 10}"
disease_10393,"Trong bệnh tả, để tránh lây lan cần phải sử dụng gì?",1,"[""doc_84f233c441f2d0f35f096666""]","[""ctx_da58e92675e45fb092204af7""]",3,2,2,2,True,True,BOTH_HIT,hit_at_evaluated_cutoff,BOTH_HIT,"{""bm25_hit"": true, ""dense_hit"": true, ""union_hit"": true, ""candidate_hit"": true, ""reranker_top_k_hit"": true, ""candidate_depth"": 100, ""ranking_k"": 10}"
disease_13730,Tại sao không nên dùng que tăm bông để ngoáy tai?,1,"[""doc_775fe4474097619cf7f91239""]","[""ctx_727e142aca4a443f8eca034a""]",1,3,2,1,True,True,BOTH_HIT,hit_at_evaluated_cutoff,BOTH_HIT,"{""bm25_hit"": true, ""dense_hit"": true, ""union_hit"": true, ""candidate_hit"": true, ""reranker_top_k_hit"": true, ""candidate_depth"": 100, ""ranking_k"": 10}"
disease_12685,Nên làm gì nếu các triệu chứng viêm gan A không dứt trong vòng 4 tuần?,1,"[""doc_e6c030877f69faf8a112e3b3""]","[""ctx_0dd619350052164088332a17""]",1,1,1,1,True,True,BOTH_HIT,hit_at_evaluated_cutoff,BOTH_HIT,"{""bm25_hit"": true, ""dense_hit"": true, ""union_hit"": true, ""candidate_hit"": true, ""reranker_top_k_hit"": true, ""candidate_depth"": 100, ""ranking_k"": 10}"
disease_7191,"Khi thấy trẻ có biểu hiện rối loạn tâm lý, phụ huynh nên làm gì?",1,"[""doc_eab92ec781fca8819c107d1b""]","[""ctx_495ac6fed3c5a8986063a34d""]",1,1,1,1,True,True,BOTH_HIT,hit_at_evaluated_cutoff,BOTH_HIT,"{""bm25_hit"": true, ""dense_hit"": true, ""union_hit"": true, ""candidate_hit"": true, ""reranker_top_k_hit"": true, ""candidate_depth"": 100, ""ranking_k"": 10}"
disease_9211,Điều gì có thể kết hợp với điều trị bằng thuốc cho các vấn đề liên quan đến đời sống tình dục?,1,"[""doc_f8fb99650177578f1d69d247""]","[""ctx_ece688cbbdb924dbd30af387""]",1,1,1,1,True,True,BOTH_HIT,hit_at_evaluated_cutoff,BOTH_HIT,"{""bm25_hit"": true, ""dense_hit"": true, ""union_hit"": true, ""candidate_hit"": true, ""reranker_top_k_hit"": true, ""candidate_depth"": 100, ""ranking_k"": 10}"
disease_4804,Thuốc trị mụn trứng cá không kê đơn thường chứa những hoạt chất nào?,1,"[""doc_7e5574cdc836660a8111c275""]","[""ctx_1738616680138c934ab615f8""]",1,1,1,1,True,True,BOTH_HIT,hit_at_evaluated_cutoff,BOTH_HIT,"{""bm25_hit"": true, ""dense_hit"": true, ""union_hit"": true, ""candidate_hit"": true, ""reranker_top_k_hit"": true, ""candidate_depth"": 100, ""ranking_k"": 10}"
disease_11595,Tại sao hóa trị được sử dụng trong điều trị hỗ trợ sau phẫu thuật?,1,"[""doc_bb1895f2deba679ed02e0191""]","[""ctx_92c15cd8746e4a4364d9f018""]",5,1,1,1,True,True,BOTH_HIT,hit_at_evaluated_cutoff,BOTH_HIT,"{""bm25_hit"": true, ""dense_hit"": true, ""union_hit"": true, ""candidate_hit"": true, ""reranker_top_k_hit"": true, ""candidate_depth"": 100, ""ranking_k"": 10}"
disease_9080,Thận ứ nước mãn tính là gì?,1,"[""doc_95d1cce3c4219b189841f0a4""]","[""ctx_869af7023ca5637ff1a9d287""]",1,1,1,1,True,True,BOTH_HIT,hit_at_evaluated_cutoff,BOTH_HIT,"{""bm25_hit"": true, ""dense_hit"": true, ""union_hit"": true, ""candidate_hit"": true, ""reranker_top_k_hit"": true, ""candidate_depth"": 100, ""ranking_k"": 10}"
disease_11304,Vùng nào trên thế giới có tỷ lệ mắc bệnh ung thư họng cao nhất?,1,"[""doc_280add7da5f04368cd5003ec""]","[""ctx_520aa1cc3db86a00b92062e4""]",2,1,2,1,True,True,BOTH_HIT,hit_at_evaluated_cutoff,BOTH_HIT,"{""bm25_hit"": true, ""dense_hit"": true, ""union_hit"": true, ""candidate_hit"": true, ""reranker_top_k_hit"": true, ""candidate_depth"": 100, ""ranking_k"": 10}"
disease_12373,OM-89 là gì và nó được sử dụng như thế nào trong việc ngăn ngừa nhiễm khuẩn đường tiết niệu tái diễn?,1,"[""doc_13b3857fa25dd2d5bbde7ae9""]","[""ctx_0e84ce4af116d1d041427853""]",1,1,1,1,True,True,BOTH_HIT,hit_at_evaluated_cutoff,BOTH_HIT,"{""bm25_hit"": true, ""dense_hit"": true, ""union_hit"": true, ""candidate_hit"": true, ""reranker_top_k_hit"": true, ""candidate_depth"": 100, ""ranking_k"": 10}"
disease_12450,Bệnh thận IgA thường gặp ở đối tượng nào?,1,"[""doc_0da1a5c4a03310981a75c776""]","[""ctx_36bba75ec7efe60ccf679797""]",1,7,3,3,True,True,BOTH_HIT,hit_at_evaluated_cutoff,BOTH_HIT,"{""bm25_hit"": true, ""dense_hit"": true, ""union_hit"": true, ""candidate_hit"": true, ""reranker_top_k_hit"": true, ""candidate_depth"": 100, ""ranking_k"": 10}"
disease_15421,"Tiêm botox trong điều trị mồ hôi tay, chân và các bộ phận trên cơ thể có hiệu quả cao không?",1,"[""doc_3f2eb2597130b6434a7c9c26""]","[""ctx_d197fb1a5e2854dad32870ec""]",1,1,1,1,True,True,BOTH_HIT,hit_at_evaluated_cutoff,BOTH_HIT,"{""bm25_hit"": true, ""dense_hit"": true, ""union_hit"": true, ""candidate_hit"": true, ""reranker_top_k_hit"": true, ""candidate_depth"": 100, ""ranking_k"": 10}"
disease_9948,Đối tượng nào có nguy cơ thiếu hụt vi chất cao dẫn đến tê bì tay chân?,1,"[""doc_12c5fd89c5a0d6fb54119820""]","[""ctx_7fb5b77273f0b96ca395262d""]",11,6,3,1,True,True,BOTH_HIT,hit_at_evaluated_cutoff,BOTH_HIT,"{""bm25_hit"": true, ""dense_hit"": true, ""union_hit"": true, ""candidate_hit"": true, ""reranker_top_k_hit"": true, ""candidate_depth"": 100, ""ranking_k"": 10}"
disease_13763,"Để điều trị nhiễm nấm gây ra viêm thanh quản cấp, loại thuốc nào được khuyến cáo sử dụng?",1,"[""doc_067e4da71b34c566e3331111""]","[""ctx_5909fe71b1f2f4e7eeb55ef2""]",1,5,1,1,True,True,BOTH_HIT,hit_at_evaluated_cutoff,BOTH_HIT,"{""bm25_hit"": true, ""dense_hit"": true, ""union_hit"": true, ""candidate_hit"": true, ""reranker_top_k_hit"": true, ""candidate_depth"": 100, ""ranking_k"": 10}"
disease_3063,"Để hạn chế nguy cơ mắc bệnh hẹp động mạch thận, người cao tuổi nên có lối sống như thế nào?",1,"[""doc_ad11c3ff5c3e595131d8ff6d""]","[""ctx_578da27ad004a6e2cabdf86c""]",2,2,1,1,True,True,BOTH_HIT,hit_at_evaluated_cutoff,BOTH_HIT,"{""bm25_hit"": true, ""dense_hit"": true, ""union_hit"": true, ""candidate_hit"": true, ""reranker_top_k_hit"": true, ""candidate_depth"": 100, ""ranking_k"": 10}"
disease_1579,Triệu chứng cảm cúm nhức đầu sổ mũi kéo dài trong bao lâu?,1,"[""doc_5cffcaf54916671d0c6b06a0""]","[""ctx_f3db4a8ca40e444a9e206b5e""]",1,1,1,1,True,True,BOTH_HIT,hit_at_evaluated_cutoff,BOTH_HIT,"{""bm25_hit"": true, ""dense_hit"": true, ""union_hit"": true, ""candidate_hit"": true, ""reranker_top_k_hit"": true, ""candidate_depth"": 100, ""ranking_k"": 10}"
disease_12983,Đau mắt đỏ do Chlamydia ở trẻ sơ sinh có thể có những biến chứng nào?,1,"[""doc_fd345fa95a59a19334ee3ca3""]","[""ctx_a73ebc5a7db4165978b759dd""]",1,1,1,1,True,True,BOTH_HIT,hit_at_evaluated_cutoff,BOTH_HIT,"{""bm25_hit"": true, ""dense_hit"": true, ""union_hit"": true, ""candidate_hit"": true, ""reranker_top_k_hit"": true, ""candidate_depth"": 100, ""ranking_k"": 10}"
disease_2706,Tại sao chỉ những phôi âm tính với gen Huntington mới được cấy vào tử cung của người mẹ?,1,"[""doc_2b03cbbc5599a334f9836903""]","[""ctx_38a6410be31707664002db46""]",1,1,1,1,True,True,BOTH_HIT,hit_at_evaluated_cutoff,BOTH_HIT,"{""bm25_hit"": true, ""dense_hit"": true, ""union_hit"": true, ""candidate_hit"": true, ""reranker_top_k_hit"": true, ""candidate_depth"": 100, ""ranking_k"": 10}"
disease_15002,Tại sao đau tức ngực phải có thể xảy ra?,1,"[""doc_58b79c536d27cb005068ab29""]","[""ctx_eda3d90db917dea93459ddee""]",1,1,1,1,True,True,BOTH_HIT,hit_at_evaluated_cutoff,BOTH_HIT,"{""bm25_hit"": true, ""dense_hit"": true, ""union_hit"": true, ""candidate_hit"": true, ""reranker_top_k_hit"": true, ""candidate_depth"": 100, ""ranking_k"": 10}"
disease_1484,Nêu một số vị trí bị bệnh cước?,1,"[""doc_00dad9d2149473397a948642""]","[""ctx_712869523b48ec8b39fd186e""]",79,,,,False,True,BM25_ONLY_HIT;FUSION_DROPPED;CANDIDATE_MISS;DOC_HIT_CHUNK_MISS,retrieval_or_fusion,BM25_ONLY_HIT; FUSION_DROPPED; CANDIDATE_MISS; DOC_HIT_CHUNK_MISS,"{""bm25_hit"": true, ""dense_hit"": false, ""union_hit"": true, ""candidate_hit"": false, ""reranker_top_k_hit"": false, ""candidate_depth"": 100, ""ranking_k"": 10}"
disease_9808,Những loại thuốc nào thường được sử dụng để điều trị trật khớp háng?,1,"[""doc_b44957f3182bd1777ad1a79d""]","[""ctx_6217b60f7f4dbf6eb71cd22b""]",,,,,False,True,BOTH_MISS;CANDIDATE_MISS;DOC_HIT_CHUNK_MISS,retrieval_or_fusion,BOTH_MISS; CANDIDATE_MISS; DOC_HIT_CHUNK_MISS,"{""bm25_hit"": false, ""dense_hit"": false, ""union_hit"": false, ""candidate_hit"": false, ""reranker_top_k_hit"": false, ""candidate_depth"": 100, ""ranking_k"": 10}"
disease_4506,Các loại thuốc nào được sử dụng để giảm đau cho bệnh lạc nội mạc tử cung?,1,"[""doc_b983057045b6797a6cbb43bb""]","[""ctx_d8ec67366ccd5bc1088585e3""]",49,4,13,3,True,True,BOTH_HIT,hit_at_evaluated_cutoff,BOTH_HIT,"{""bm25_hit"": true, ""dense_hit"": true, ""union_hit"": true, ""candidate_hit"": true, ""reranker_top_k_hit"": true, ""candidate_depth"": 100, ""ranking_k"": 10}"
disease_1523,Tuyến giáp có vai trò gì đối với cơ thể?,1,"[""doc_b6303edd04b6a99b65d40414""]","[""ctx_c1750e265c8fe46f1e0151cd""]",1,1,1,1,True,True,BOTH_HIT,hit_at_evaluated_cutoff,BOTH_HIT,"{""bm25_hit"": true, ""dense_hit"": true, ""union_hit"": true, ""candidate_hit"": true, ""reranker_top_k_hit"": true, ""candidate_depth"": 100, ""ranking_k"": 10}"
disease_11288,Ung thư hậu môn được điều trị bằng các phương pháp nào?,1,"[""doc_f8285dc14f4e2965d7ecb72d""]","[""ctx_c22cccc9a891c0d9fced24cf""]",,,,,False,True,BOTH_MISS;CANDIDATE_MISS;DOC_HIT_CHUNK_MISS,retrieval_or_fusion,BOTH_MISS; CANDIDATE_MISS; DOC_HIT_CHUNK_MISS,"{""bm25_hit"": false, ""dense_hit"": false, ""union_hit"": false, ""candidate_hit"": false, ""reranker_top_k_hit"": false, ""candidate_depth"": 100, ""ranking_k"": 10}"
disease_6912,Người nước ngoài có thể phát hiện ra điều gì ở cách nói của người bị rối loạn nhận thức thần kinh nhẹ?,1,"[""doc_0fb407eff725656970a52497""]","[""ctx_084cf97f8cd7c1de6e09e879""]",,5,26,1,True,True,DENSE_ONLY_HIT,hit_at_evaluated_cutoff,DENSE_ONLY_HIT,"{""bm25_hit"": false, ""dense_hit"": true, ""union_hit"": true, ""candidate_hit"": true, ""reranker_top_k_hit"": true, ""candidate_depth"": 100, ""ranking_k"": 10}"
disease_4185,Cách điều trị nhiễm liên cầu nhóm B (GBS) ở trẻ em là gì?,1,"[""doc_c22d0d57c4b25403c947493f""]","[""ctx_6078fea890f28776f616cb8c""]",6,1,2,1,True,True,BOTH_HIT,hit_at_evaluated_cutoff,BOTH_HIT,"{""bm25_hit"": true, ""dense_hit"": true, ""union_hit"": true, ""candidate_hit"": true, ""reranker_top_k_hit"": true, ""candidate_depth"": 100, ""ranking_k"": 10}"
disease_9535,Điều trị tiểu không kiểm soát có thể gồm những phương pháp nào?,1,"[""doc_97265de350299ea46632ef85""]","[""ctx_03276e6cd0e6bc713ae67b39""]",16,1,5,1,True,True,BOTH_HIT,hit_at_evaluated_cutoff,BOTH_HIT,"{""bm25_hit"": true, ""dense_hit"": true, ""union_hit"": true, ""candidate_hit"": true, ""reranker_top_k_hit"": true, ""candidate_depth"": 100, ""ranking_k"": 10}"
disease_1832,Dị dạng Chiari loại III gây ra những biến chứng nào về thần kinh?,1,"[""doc_fab278cc85ad43d4958fa801""]","[""ctx_1f79ae97a6dd73a2fa57b56a""]",1,1,1,1,True,True,BOTH_HIT,hit_at_evaluated_cutoff,BOTH_HIT,"{""bm25_hit"": true, ""dense_hit"": true, ""union_hit"": true, ""candidate_hit"": true, ""reranker_top_k_hit"": true, ""candidate_depth"": 100, ""ranking_k"": 10}"
disease_5315,Những đối tượng nào có nguy cơ cao gặp biến chứng do nhiễm trùng tiểu?,1,"[""doc_4cfb406e6ead963780476c9e""]","[""ctx_9a16ca2ea860c7e0600368de""]",2,2,2,2,True,True,BOTH_HIT,hit_at_evaluated_cutoff,BOTH_HIT,"{""bm25_hit"": true, ""dense_hit"": true, ""union_hit"": true, ""candidate_hit"": true, ""reranker_top_k_hit"": true, ""candidate_depth"": 100, ""ranking_k"": 10}"
disease_2299,"Để tránh tình trạng giãn ống tuyến vú tái phát sau phẫu thuật, bác sĩ cần lưu ý điều gì khi thực hiện phẫu thuật?",1,"[""doc_6086b6143efe18b936b481a8""]","[""ctx_3ad0b0e52748d29fa707dcd9""]",45,5,8,1,True,True,BOTH_HIT,hit_at_evaluated_cutoff,BOTH_HIT,"{""bm25_hit"": true, ""dense_hit"": true, ""union_hit"": true, ""candidate_hit"": true, ""reranker_top_k_hit"": true, ""candidate_depth"": 100, ""ranking_k"": 10}"
disease_4465,Khi nào lưỡi của bạn có thể bị đen?,1,"[""doc_ccea446ec12a42556f8d100b""]","[""ctx_000f27f07aad276b1ccb10be""]",2,1,1,1,True,True,BOTH_HIT,hit_at_evaluated_cutoff,BOTH_HIT,"{""bm25_hit"": true, ""dense_hit"": true, ""union_hit"": true, ""candidate_hit"": true, ""reranker_top_k_hit"": true, ""candidate_depth"": 100, ""ranking_k"": 10}"
disease_11781,"Đối với chế độ dinh dưỡng, ăn uống nhiều những thực phẩm sau sẽ giúp giảm nguy cơ mắc bệnh ung thư tuyến tiền liệt?",1,"[""doc_40e33dcc4bc374e7a151431c""]","[""ctx_789575c1de175da0a6ed24d0""]",1,2,1,2,True,True,BOTH_HIT,hit_at_evaluated_cutoff,BOTH_HIT,"{""bm25_hit"": true, ""dense_hit"": true, ""union_hit"": true, ""candidate_hit"": true, ""reranker_top_k_hit"": true, ""candidate_depth"": 100, ""ranking_k"": 10}"
disease_14295,Tĩnh mạch thực quản để phòng ngừa vỡ giãn tĩnh mạch thực quản ta cần ngăn chặn điều gì??,1,"[""doc_6f13d7e05888cf432635ee56""]","[""ctx_d38b58a99a3a8d5d9d7b9d9e""]",1,1,1,1,True,True,BOTH_HIT,hit_at_evaluated_cutoff,BOTH_HIT,"{""bm25_hit"": true, ""dense_hit"": true, ""union_hit"": true, ""candidate_hit"": true, ""reranker_top_k_hit"": true, ""candidate_depth"": 100, ""ranking_k"": 10}"
disease_14843,Đau dây thần kinh sinh ba do dây thần kinh nào gây ra?,1,"[""doc_74620b2d44d4524c9d656036""]","[""ctx_9b3f2edb004f1bb287d2b183""]",15,2,5,1,True,True,BOTH_HIT,hit_at_evaluated_cutoff,BOTH_HIT,"{""bm25_hit"": true, ""dense_hit"": true, ""union_hit"": true, ""candidate_hit"": true, ""reranker_top_k_hit"": true, ""candidate_depth"": 100, ""ranking_k"": 10}"
disease_11259,Xạ trị ung thư biểu mô tế bào gan là gì?,1,"[""doc_999a8e41eaceaa0f18d6016e""]","[""ctx_b0f2d6d29e263164c452e4ab""]",2,1,1,1,True,True,BOTH_HIT,hit_at_evaluated_cutoff,BOTH_HIT,"{""bm25_hit"": true, ""dense_hit"": true, ""union_hit"": true, ""candidate_hit"": true, ""reranker_top_k_hit"": true, ""candidate_depth"": 100, ""ranking_k"": 10}"
disease_12380,Nguyên nhân phổ biến gây viêm bàng quang xuất huyết là gì?,1,"[""doc_5154669348fdd81882d31012""]","[""ctx_1ee0e841fc552e8b25b2ca12""]",1,2,1,1,True,True,BOTH_HIT,hit_at_evaluated_cutoff,BOTH_HIT,"{""bm25_hit"": true, ""dense_hit"": true, ""union_hit"": true, ""candidate_hit"": true, ""reranker_top_k_hit"": true, ""candidate_depth"": 100, ""ranking_k"": 10}"
disease_15619,Vị trí bám của dây chằng chéo trước là ở đâu?,1,"[""doc_c35b195dae178fbc3669f259""]","[""ctx_14d8b9192c5847b9230899c3""]",3,1,1,1,True,True,BOTH_HIT,hit_at_evaluated_cutoff,BOTH_HIT,"{""bm25_hit"": true, ""dense_hit"": true, ""union_hit"": true, ""candidate_hit"": true, ""reranker_top_k_hit"": true, ""candidate_depth"": 100, ""ranking_k"": 10}"
disease_2671,Thay đổi hành vi ở những người mắc bệnh Huntington có thể biểu hiện như thế nào?,1,"[""doc_2b03cbbc5599a334f9836903""]","[""ctx_2bcdbfeb1088e9460781f990""]",,,,,False,True,BOTH_MISS;CANDIDATE_MISS;DOC_HIT_CHUNK_MISS,retrieval_or_fusion,BOTH_MISS; CANDIDATE_MISS; DOC_HIT_CHUNK_MISS,"{""bm25_hit"": false, ""dense_hit"": false, ""union_hit"": false, ""candidate_hit"": false, ""reranker_top_k_hit"": false, ""candidate_depth"": 100, ""ranking_k"": 10}"
disease_1310,"Ngoài phương pháp tiêm Botox, còn có phương pháp nào khác để điều trị chứng co giật nửa mặt?",1,"[""doc_7602c2cfe71b741940456124""]","[""ctx_44399cadf2c2b44bb88ec5ec""]",1,3,1,1,True,True,BOTH_HIT,hit_at_evaluated_cutoff,BOTH_HIT,"{""bm25_hit"": true, ""dense_hit"": true, ""union_hit"": true, ""candidate_hit"": true, ""reranker_top_k_hit"": true, ""candidate_depth"": 100, ""ranking_k"": 10}"
disease_4382,Viêm thận lupus được chẩn đoán như thế nào?,1,"[""doc_7c66d2d3a0e59b08fcf1632e""]","[""ctx_62301dce69ed22939bb5446f""]",1,1,1,1,True,True,BOTH_HIT,hit_at_evaluated_cutoff,BOTH_HIT,"{""bm25_hit"": true, ""dense_hit"": true, ""union_hit"": true, ""candidate_hit"": true, ""reranker_top_k_hit"": true, ""candidate_depth"": 100, ""ranking_k"": 10}"
disease_12090,Phương pháp sinh thiết lõi kim được thực hiện như thế nào?,1,"[""doc_7879d06ef5c7b63c7e073c9f""]","[""ctx_24f65364adc5b09b3844a891""]",1,3,2,1,True,True,BOTH_HIT,hit_at_evaluated_cutoff,BOTH_HIT,"{""bm25_hit"": true, ""dense_hit"": true, ""union_hit"": true, ""candidate_hit"": true, ""reranker_top_k_hit"": true, ""candidate_depth"": 100, ""ranking_k"": 10}"
disease_11686,Các tế bào ung thư trực tràng có thể lan sang những bộ phận khác như thế nào?,1,"[""doc_36ce25e285f046ec541a6fd1""]","[""ctx_2be79a70f9b885ae15c930d4""]",1,1,1,1,True,True,BOTH_HIT,hit_at_evaluated_cutoff,BOTH_HIT,"{""bm25_hit"": true, ""dense_hit"": true, ""union_hit"": true, ""candidate_hit"": true, ""reranker_top_k_hit"": true, ""candidate_depth"": 100, ""ranking_k"": 10}"
disease_2499,Hội chứng tăng thông khí (thở nhanh) có phải là triệu chứng hen không điển hình không?,1,"[""doc_9194a52321496468fb1ba23f""]","[""ctx_d106a46b31b8fe2ac1adb80c""]",1,1,1,1,True,True,BOTH_HIT,hit_at_evaluated_cutoff,BOTH_HIT,"{""bm25_hit"": true, ""dense_hit"": true, ""union_hit"": true, ""candidate_hit"": true, ""reranker_top_k_hit"": true, ""candidate_depth"": 100, ""ranking_k"": 10}"
disease_10809,Mục đích của việc gặp bác sĩ khi mắc bệnh u não là gì?,1,"[""doc_d9249ee15e0a950293ce6719""]","[""ctx_43a4139bce98fa5d09065b8a""]",,,,,False,True,BOTH_MISS;CANDIDATE_MISS;DOC_HIT_CHUNK_MISS,retrieval_or_fusion,BOTH_MISS; CANDIDATE_MISS; DOC_HIT_CHUNK_MISS,"{""bm25_hit"": false, ""dense_hit"": false, ""union_hit"": false, ""candidate_hit"": false, ""reranker_top_k_hit"": false, ""candidate_depth"": 100, ""ranking_k"": 10}"
disease_97,"Ngoài biến dạng ngón chân cái, còn có loại biến dạng ngón chân nào khác?",1,"[""doc_12822e0a5bfdc80ae5d42b88""]","[""ctx_eafdc360f675ed96e3839a34""]",1,1,1,1,True,True,BOTH_HIT,hit_at_evaluated_cutoff,BOTH_HIT,"{""bm25_hit"": true, ""dense_hit"": true, ""union_hit"": true, ""candidate_hit"": true, ""reranker_top_k_hit"": true, ""candidate_depth"": 100, ""ranking_k"": 10}"
disease_4051,Trong trường hợp nào thì trẻ cần làm thêm siêu âm?,1,"[""doc_e0f5ce412bce20614956ce3e""]","[""ctx_d6138341ca27055ee8672b89""]",5,4,1,1,True,True,BOTH_HIT,hit_at_evaluated_cutoff,BOTH_HIT,"{""bm25_hit"": true, ""dense_hit"": true, ""union_hit"": true, ""candidate_hit"": true, ""reranker_top_k_hit"": true, ""candidate_depth"": 100, ""ranking_k"": 10}"
disease_9864,Bác sĩ thường hướng dẫn khi chụp phim để chẩn đoán trật khớp khuỷu cần áp dụng kỹ thuật nào?,1,"[""doc_399f08a1624b7eb1ded85ff4""]","[""ctx_78b17b1e4a1aefd5cd4f27ae""]",1,1,1,1,True,True,BOTH_HIT,hit_at_evaluated_cutoff,BOTH_HIT,"{""bm25_hit"": true, ""dense_hit"": true, ""union_hit"": true, ""candidate_hit"": true, ""reranker_top_k_hit"": true, ""candidate_depth"": 100, ""ranking_k"": 10}"
disease_12784,Giai đoạn thứ nhất của viêm khớp dạng thấp có triệu chứng gì?,1,"[""doc_05e3df4650babbd6bce2d670""]","[""ctx_7e2c02c35b77bb408c012cfd""]",1,1,1,1,True,True,BOTH_HIT,hit_at_evaluated_cutoff,BOTH_HIT,"{""bm25_hit"": true, ""dense_hit"": true, ""union_hit"": true, ""candidate_hit"": true, ""reranker_top_k_hit"": true, ""candidate_depth"": 100, ""ranking_k"": 10}"
disease_12923,Điều trị viêm khớp tự phát thiếu niên bằng vật lý trị liệu giúp ích gì?,1,"[""doc_cedb931a3a27087cfecec0f1""]","[""ctx_4a5eaf7e40e105790ec9586b""]",22,7,11,1,True,True,BOTH_HIT,hit_at_evaluated_cutoff,BOTH_HIT,"{""bm25_hit"": true, ""dense_hit"": true, ""union_hit"": true, ""candidate_hit"": true, ""reranker_top_k_hit"": true, ""candidate_depth"": 100, ""ranking_k"": 10}"
disease_1775,Nên dùng biện pháp như vậy để trị bệnh nổi đỏ vùng dương vậy?,1,"[""doc_b467199cbe4dbb9dd2a79018""]","[""ctx_26873dc8a7b2300dbf3c8d42""]",18,1,1,1,True,True,BOTH_HIT,hit_at_evaluated_cutoff,BOTH_HIT,"{""bm25_hit"": true, ""dense_hit"": true, ""union_hit"": true, ""candidate_hit"": true, ""reranker_top_k_hit"": true, ""candidate_depth"": 100, ""ranking_k"": 10}"
disease_8775,Thoái hóa cột sống cổ nặng gây ảnh hưởng như thế nào đến vận động của người bệnh?,1,"[""doc_77d0f796ccae9558e441b721""]","[""ctx_843e6e7cb1c97c0a6c63cd25""]",3,5,3,1,True,True,BOTH_HIT,hit_at_evaluated_cutoff,BOTH_HIT,"{""bm25_hit"": true, ""dense_hit"": true, ""union_hit"": true, ""candidate_hit"": true, ""reranker_top_k_hit"": true, ""candidate_depth"": 100, ""ranking_k"": 10}"
disease_10510,Phẫu thuật shunt có phải là phẫu thuật tim hở không?,1,"[""doc_3a90ced9d09497e1ce266e78""]","[""ctx_3aae279f95cf37ea64c50e04""]",1,1,1,1,True,True,BOTH_HIT,hit_at_evaluated_cutoff,BOTH_HIT,"{""bm25_hit"": true, ""dense_hit"": true, ""union_hit"": true, ""candidate_hit"": true, ""reranker_top_k_hit"": true, ""candidate_depth"": 100, ""ranking_k"": 10}"
disease_1805,Quan sát động vật cắn người trong bao lâu để đánh giá có cần tiêm phòng dại không?,1,"[""doc_76bb3bff817f7124dc0e9ab0""]","[""ctx_f253f36548f24832f506ab97""]",1,1,1,1,True,True,BOTH_HIT,hit_at_evaluated_cutoff,BOTH_HIT,"{""bm25_hit"": true, ""dense_hit"": true, ""union_hit"": true, ""candidate_hit"": true, ""reranker_top_k_hit"": true, ""candidate_depth"": 100, ""ranking_k"": 10}"
disease_840,Bệnh thận IgA có thể điều trị dứt điểm không?,1,"[""doc_207478e6b9fe47e33637cf80""]","[""ctx_06cc20747388c85d01873ce1""]",5,3,4,5,True,True,BOTH_HIT,hit_at_evaluated_cutoff,BOTH_HIT,"{""bm25_hit"": true, ""dense_hit"": true, ""union_hit"": true, ""candidate_hit"": true, ""reranker_top_k_hit"": true, ""candidate_depth"": 100, ""ranking_k"": 10}"
disease_11729,Siêu âm tuyến giáp đóng vai trò hướng dẫn trong quá trình chẩn đoán ung thư tuyến giáp như thế nào?,1,"[""doc_feb760ec2519bfd100ac1c96""]","[""ctx_19e09e06a0636d177a888439""]",68,2,20,1,True,True,BOTH_HIT,hit_at_evaluated_cutoff,BOTH_HIT,"{""bm25_hit"": true, ""dense_hit"": true, ""union_hit"": true, ""candidate_hit"": true, ""reranker_top_k_hit"": true, ""candidate_depth"": 100, ""ranking_k"": 10}"
disease_7478,Những triệu chứng nào cho thấy người bệnh suy gan nặng?,1,"[""doc_57a5c8cf48b6cc9a7760f888""]","[""ctx_28852a556548375d2c5e27d4""]",2,2,1,7,False,True,BOTH_HIT;SELECTION_MISS;DOC_HIT_CHUNK_MISS,selection,BOTH_HIT; SELECTION_MISS; DOC_HIT_CHUNK_MISS,"{""bm25_hit"": true, ""dense_hit"": true, ""union_hit"": true, ""candidate_hit"": true, ""reranker_top_k_hit"": true, ""candidate_depth"": 100, ""ranking_k"": 10}"
disease_1795,"Trong thể hung dữ của bệnh dại, những triệu chứng thường gặp là gì?",1,"[""doc_76bb3bff817f7124dc0e9ab0""]","[""ctx_a658630755ae4860d5bdbb4e""]",,,,,False,True,BOTH_MISS;CANDIDATE_MISS;DOC_HIT_CHUNK_MISS,retrieval_or_fusion,BOTH_MISS; CANDIDATE_MISS; DOC_HIT_CHUNK_MISS,"{""bm25_hit"": false, ""dense_hit"": false, ""union_hit"": false, ""candidate_hit"": false, ""reranker_top_k_hit"": false, ""candidate_depth"": 100, ""ranking_k"": 10}"
disease_7066,Bất thường ở tai trong gây triệu chứng gì?,1,"[""doc_8ab9a1a2d4a379d73536a9fb""]","[""ctx_8260b4b509dca3a999768e4f""]",83,27,22,1,True,True,BOTH_HIT,hit_at_evaluated_cutoff,BOTH_HIT,"{""bm25_hit"": true, ""dense_hit"": true, ""union_hit"": true, ""candidate_hit"": true, ""reranker_top_k_hit"": true, ""candidate_depth"": 100, ""ranking_k"": 10}"
disease_13132,"Nếu thấy trẻ có biểu hiện viêm màng não, cha mẹ nên làm gì?",1,"[""doc_644387fc5f2f11be79e2042e""]","[""ctx_a2b6af836c80fe6d1ff55f78""]",10,2,2,2,True,True,BOTH_HIT,hit_at_evaluated_cutoff,BOTH_HIT,"{""bm25_hit"": true, ""dense_hit"": true, ""union_hit"": true, ""candidate_hit"": true, ""reranker_top_k_hit"": true, ""candidate_depth"": 100, ""ranking_k"": 10}"
disease_11694,Làm thế nào để giảm nguy cơ mắc bệnh ung thư đại trực tràng?,1,"[""doc_36ce25e285f046ec541a6fd1""]","[""ctx_204a6a55e43da08671591c76""]",2,2,1,3,True,True,BOTH_HIT,hit_at_evaluated_cutoff,BOTH_HIT,"{""bm25_hit"": true, ""dense_hit"": true, ""union_hit"": true, ""candidate_hit"": true, ""reranker_top_k_hit"": true, ""candidate_depth"": 100, ""ranking_k"": 10}"
disease_6207,Phù phổi cấp khác với tràn dịch màng phổi như thế nào?,1,"[""doc_4b574de97d6ec5fade9b0894""]","[""ctx_eab3ade37f10c75ebae78049""]",9,1,1,1,True,True,BOTH_HIT,hit_at_evaluated_cutoff,BOTH_HIT,"{""bm25_hit"": true, ""dense_hit"": true, ""union_hit"": true, ""candidate_hit"": true, ""reranker_top_k_hit"": true, ""candidate_depth"": 100, ""ranking_k"": 10}"
disease_7924,Những dấu hiệu nghiêm trọng của viêm lưỡi gà gồm những gì?,1,"[""doc_8b60d9b7abd991ab7da18064""]","[""ctx_3bcd9caef006a0ac9701fc70""]",1,1,1,1,True,True,BOTH_HIT,hit_at_evaluated_cutoff,BOTH_HIT,"{""bm25_hit"": true, ""dense_hit"": true, ""union_hit"": true, ""candidate_hit"": true, ""reranker_top_k_hit"": true, ""candidate_depth"": 100, ""ranking_k"": 10}"
disease_4371,Những dấu hiệu phổ biến của bệnh Lupus ban đỏ ở mắt là gì?,1,"[""doc_7c66d2d3a0e59b08fcf1632e""]","[""ctx_98269e6056abb8bd97eac09f""]",78,32,23,1,True,True,BOTH_HIT,hit_at_evaluated_cutoff,BOTH_HIT,"{""bm25_hit"": true, ""dense_hit"": true, ""union_hit"": true, ""candidate_hit"": true, ""reranker_top_k_hit"": true, ""candidate_depth"": 100, ""ranking_k"": 10}"
disease_328,Ai không nên sử dụng phương pháp điều trị iốt phóng xạ?,1,"[""doc_f944c0d57ba19f060af1f460""]","[""ctx_0930b6b6699a12f410df022a""]",,9,22,3,True,True,DENSE_ONLY_HIT,hit_at_evaluated_cutoff,DENSE_ONLY_HIT,"{""bm25_hit"": false, ""dense_hit"": true, ""union_hit"": true, ""candidate_hit"": true, ""reranker_top_k_hit"": true, ""candidate_depth"": 100, ""ranking_k"": 10}"
disease_14879,Đồ ăn chế biến sẵn thường có thành phần nào có thể làm đau dây thần kinh tọa trở nên nặng hơn?,1,"[""doc_60ce415a921a7dbfc0e43a30""]","[""ctx_1d873eaebeae4f23fd26b1ef""]",8,36,11,1,True,True,BOTH_HIT,hit_at_evaluated_cutoff,BOTH_HIT,"{""bm25_hit"": true, ""dense_hit"": true, ""union_hit"": true, ""candidate_hit"": true, ""reranker_top_k_hit"": true, ""candidate_depth"": 100, ""ranking_k"": 10}"
disease_2572,"Theo giả thuyết của học giả Arthur Funkhouser, có bao nhiêu ""trải nghiệm Déjà""?",1,"[""doc_513a0fd6da93861276d23864""]","[""ctx_69352b2bd7da42bf5801a2c1""]",1,1,1,1,True,True,BOTH_HIT,hit_at_evaluated_cutoff,BOTH_HIT,"{""bm25_hit"": true, ""dense_hit"": true, ""union_hit"": true, ""candidate_hit"": true, ""reranker_top_k_hit"": true, ""candidate_depth"": 100, ""ranking_k"": 10}"
disease_7784,Thuốc vận mạch được dùng để điều trị trường hợp suy tim phải nặng trong trường hợp nào?,1,"[""doc_43ab8eb42e6d44770ff0dabc""]","[""ctx_d85a9199355ceaad9ae88a16""]",1,2,1,2,True,True,BOTH_HIT,hit_at_evaluated_cutoff,BOTH_HIT,"{""bm25_hit"": true, ""dense_hit"": true, ""union_hit"": true, ""candidate_hit"": true, ""reranker_top_k_hit"": true, ""candidate_depth"": 100, ""ranking_k"": 10}"
disease_12899,"Ngoài vật lý trị liệu, những biện pháp nào có thể hỗ trợ điều trị viêm khớp thoái hóa?",1,"[""doc_2ff6b545f73de2ec75e32881""]","[""ctx_7b75f3a313897c032b25f4df""]",25,2,6,1,True,True,BOTH_HIT,hit_at_evaluated_cutoff,BOTH_HIT,"{""bm25_hit"": true, ""dense_hit"": true, ""union_hit"": true, ""candidate_hit"": true, ""reranker_top_k_hit"": true, ""candidate_depth"": 100, ""ranking_k"": 10}"
disease_5138,Tình trạng ngứa kéo dài quá 6 tuần được gọi là gì?,1,"[""doc_9e64c68d0792f797ce349ffc""]","[""ctx_4f9c834043b9e47b8eaf4c98""]",3,1,1,1,True,True,BOTH_HIT,hit_at_evaluated_cutoff,BOTH_HIT,"{""bm25_hit"": true, ""dense_hit"": true, ""union_hit"": true, ""candidate_hit"": true, ""reranker_top_k_hit"": true, ""candidate_depth"": 100, ""ranking_k"": 10}"
disease_11676,Liệu pháp quang động trong điều trị ung thư thực quản gồm những bước nào?,1,"[""doc_c8ce1c6240f2f8637a636fd7""]","[""ctx_aa0b851890fd982047a5289a""]",1,1,1,1,True,True,BOTH_HIT,hit_at_evaluated_cutoff,BOTH_HIT,"{""bm25_hit"": true, ""dense_hit"": true, ""union_hit"": true, ""candidate_hit"": true, ""reranker_top_k_hit"": true, ""candidate_depth"": 100, ""ranking_k"": 10}"
disease_10704,Xét nghiệm máu có được dùng để chẩn đoán u nang buồng trứng xoắn không?,1,"[""doc_5a9ccb1ac0a6021cb127ad18""]","[""ctx_160d2575547ec662c1536d33""]",1,1,1,1,True,True,BOTH_HIT,hit_at_evaluated_cutoff,BOTH_HIT,"{""bm25_hit"": true, ""dense_hit"": true, ""union_hit"": true, ""candidate_hit"": true, ""reranker_top_k_hit"": true, ""candidate_depth"": 100, ""ranking_k"": 10}"
disease_2314,Làm thế nào để chẩn đoán Giả u não?,1,"[""doc_3c91b2cfed7a8ec4d2d7ed5c""]","[""ctx_9a9d0a0054781feba65ba77b""]",31,1,8,1,True,True,BOTH_HIT,hit_at_evaluated_cutoff,BOTH_HIT,"{""bm25_hit"": true, ""dense_hit"": true, ""union_hit"": true, ""candidate_hit"": true, ""reranker_top_k_hit"": true, ""candidate_depth"": 100, ""ranking_k"": 10}"
disease_15248,Điều trị đái tháo nhạt trung ương phụ thuộc vào yếu tố nào?,1,"[""doc_a33c18b0b156b77273ba4a0b""]","[""ctx_3b08f9223538805a7b2d5cab""]",3,1,2,1,True,True,BOTH_HIT,hit_at_evaluated_cutoff,BOTH_HIT,"{""bm25_hit"": true, ""dense_hit"": true, ""union_hit"": true, ""candidate_hit"": true, ""reranker_top_k_hit"": true, ""candidate_depth"": 100, ""ranking_k"": 10}"
disease_9737,Làm thế nào để biểu hiện của bệnh trầm cảm ở nam giới khác với nữ giới?,1,"[""doc_4b9107f51a86bd99ed167679""]","[""ctx_ba355ebe4ce8a51a97996917""]",7,4,3,4,True,True,BOTH_HIT,hit_at_evaluated_cutoff,BOTH_HIT,"{""bm25_hit"": true, ""dense_hit"": true, ""union_hit"": true, ""candidate_hit"": true, ""reranker_top_k_hit"": true, ""candidate_depth"": 100, ""ranking_k"": 10}"
disease_12627,"Đối với những người khỏe mạnh, mất nước do bệnh viêm dạ dày ruột do virus có phải là vấn đề không?",1,"[""doc_ddc36f236c3606ab6b32811d""]","[""ctx_b6f907a848940ae6759ceab3""]",1,1,1,1,True,True,BOTH_HIT,hit_at_evaluated_cutoff,BOTH_HIT,"{""bm25_hit"": true, ""dense_hit"": true, ""union_hit"": true, ""candidate_hit"": true, ""reranker_top_k_hit"": true, ""candidate_depth"": 100, ""ranking_k"": 10}"
disease_15068,Tại sao bệnh nhân có khuynh hướng cố gắng tìm những biện pháp điều trị hỗ trợ để giảm đau?,1,"[""doc_629f1b0c79dacd51a5374f6e""]","[""ctx_1ef73e6da5d1b996ef2491bf""]",1,,18,1,True,True,BM25_ONLY_HIT,hit_at_evaluated_cutoff,BM25_ONLY_HIT,"{""bm25_hit"": true, ""dense_hit"": false, ""union_hit"": true, ""candidate_hit"": true, ""reranker_top_k_hit"": true, ""candidate_depth"": 100, ""ranking_k"": 10}"
disease_3122,Hội chứng Colic là gì?,1,"[""doc_590de799e2adbcb497345a5d""]","[""ctx_d9cc020616294efac5d0c2f4""]",3,2,2,1,True,True,BOTH_HIT,hit_at_evaluated_cutoff,BOTH_HIT,"{""bm25_hit"": true, ""dense_hit"": true, ""union_hit"": true, ""candidate_hit"": true, ""reranker_top_k_hit"": true, ""candidate_depth"": 100, ""ranking_k"": 10}"
disease_6277,Viêm tinh hoàn quai bị gây ra những triệu chứng gì?,1,"[""doc_407c26d2336d76e909fb9704""]","[""ctx_16addac91b03fed7b6c2c387""]",5,2,4,3,True,True,BOTH_HIT,hit_at_evaluated_cutoff,BOTH_HIT,"{""bm25_hit"": true, ""dense_hit"": true, ""union_hit"": true, ""candidate_hit"": true, ""reranker_top_k_hit"": true, ""candidate_depth"": 100, ""ranking_k"": 10}"
disease_10645,Chụp cắt lớp vi tính (CT scan) hoạt động như thế nào?,1,"[""doc_d8cfc87a91135c35b80473e3""]","[""ctx_79397dc2c774696e8a49a384""]",24,70,32,8,False,False,BOTH_HIT;SELECTION_MISS;DOC_AND_CHUNK_MISS,selection,BOTH_HIT; SELECTION_MISS; DOC_AND_CHUNK_MISS,"{""bm25_hit"": true, ""dense_hit"": true, ""union_hit"": true, ""candidate_hit"": true, ""reranker_top_k_hit"": true, ""candidate_depth"": 100, ""ranking_k"": 10}"
disease_13603,Viêm ruột do bức xạ thường gây ra những triệu chứng nào?,1,"[""doc_0e68415baef3bacccd5450c3""]","[""ctx_5ddbe35251e8022cc6f7844b""]",1,1,1,1,True,True,BOTH_HIT,hit_at_evaluated_cutoff,BOTH_HIT,"{""bm25_hit"": true, ""dense_hit"": true, ""union_hit"": true, ""candidate_hit"": true, ""reranker_top_k_hit"": true, ""candidate_depth"": 100, ""ranking_k"": 10}"
disease_1674,"Ở giai đoạn đầu, người bệnh bị chứng cổ trướng sẽ có những biểu hiện thông thường nào?",1,"[""doc_bb15c2dbda9ffae5585540e9""]","[""ctx_c5bb174e50c6f13de1d4f768""]",12,1,2,1,True,True,BOTH_HIT,hit_at_evaluated_cutoff,BOTH_HIT,"{""bm25_hit"": true, ""dense_hit"": true, ""union_hit"": true, ""candidate_hit"": true, ""reranker_top_k_hit"": true, ""candidate_depth"": 100, ""ranking_k"": 10}"
disease_12993,Có nên dùng chung đồ dùng với người bị nhiễm bệnh không?,1,"[""doc_fd345fa95a59a19334ee3ca3""]","[""ctx_97e0d8d400700bad75fcdc79""]",1,8,2,1,True,True,BOTH_HIT,hit_at_evaluated_cutoff,BOTH_HIT,"{""bm25_hit"": true, ""dense_hit"": true, ""union_hit"": true, ""candidate_hit"": true, ""reranker_top_k_hit"": true, ""candidate_depth"": 100, ""ranking_k"": 10}"
disease_14497,"Nếu người bị Zona tai đang có mụn nước chứa virus, thì ai dễ bị nguy cơ mắc thủy đậu nhất?",1,"[""doc_0a79baf2323da0615f751445""]","[""ctx_364f01c5280020009f47cf7f""]",2,4,2,1,True,True,BOTH_HIT,hit_at_evaluated_cutoff,BOTH_HIT,"{""bm25_hit"": true, ""dense_hit"": true, ""union_hit"": true, ""candidate_hit"": true, ""reranker_top_k_hit"": true, ""candidate_depth"": 100, ""ranking_k"": 10}"
disease_10204,Tại sao cần thảo luận với bác sĩ trước khi quyết định điều trị tăng nhãn áp bằng phương pháp phẫu thuật hoặc laser?,1,"[""doc_4b690f4d600305d9909f51e7""]","[""ctx_5fdd7738af473244755239d6""]",1,1,1,1,True,True,BOTH_HIT,hit_at_evaluated_cutoff,BOTH_HIT,"{""bm25_hit"": true, ""dense_hit"": true, ""union_hit"": true, ""candidate_hit"": true, ""reranker_top_k_hit"": true, ""candidate_depth"": 100, ""ranking_k"": 10}"
disease_827,Việc phổ thông của bệnh này giữa các chủng tộc khác nhau là như thế nào?,1,"[""doc_207478e6b9fe47e33637cf80""]","[""ctx_cf869a5ef29bbe243d7b0ff8""]",9,54,7,4,True,True,BOTH_HIT,hit_at_evaluated_cutoff,BOTH_HIT,"{""bm25_hit"": true, ""dense_hit"": true, ""union_hit"": true, ""candidate_hit"": true, ""reranker_top_k_hit"": true, ""candidate_depth"": 100, ""ranking_k"": 10}"
disease_6088,Đau nhức ở đâu là triệu chứng của bệnh phong thấp?,1,"[""doc_9ed81383ed82bb73b9b53954""]","[""ctx_5419381b961591e2cb4f19ed""]",,65,,,False,True,DENSE_ONLY_HIT;FUSION_DROPPED;CANDIDATE_MISS;DOC_HIT_CHUNK_MISS,retrieval_or_fusion,DENSE_ONLY_HIT; FUSION_DROPPED; CANDIDATE_MISS; DOC_HIT_CHUNK_MISS,"{""bm25_hit"": false, ""dense_hit"": true, ""union_hit"": true, ""candidate_hit"": false, ""reranker_top_k_hit"": false, ""candidate_depth"": 100, ""ranking_k"": 10}"
disease_9180,Hội chứng di truyền điển hình ở nam giới là gì?,1,"[""doc_31975eb11adc81cc5bcc363c""]","[""ctx_a1ac97948b51f7549bf954e8""]",1,1,1,1,True,True,BOTH_HIT,hit_at_evaluated_cutoff,BOTH_HIT,"{""bm25_hit"": true, ""dense_hit"": true, ""union_hit"": true, ""candidate_hit"": true, ""reranker_top_k_hit"": true, ""candidate_depth"": 100, ""ranking_k"": 10}"
disease_6718,Một đứa trẻ mắc chứng khó đọc nghiêm trọng có tương lai ra sao?,1,"[""doc_22bccab1a381051879637d30""]","[""ctx_2d9ca54021bb70e9510c3076""]",1,2,1,1,True,True,BOTH_HIT,hit_at_evaluated_cutoff,BOTH_HIT,"{""bm25_hit"": true, ""dense_hit"": true, ""union_hit"": true, ""candidate_hit"": true, ""reranker_top_k_hit"": true, ""candidate_depth"": 100, ""ranking_k"": 10}"
disease_11891,Siêu âm qua nội soi thực quản (EUS) có tác dụng gì trong chẩn đoán ung thư biểu mô tuyến phổi?,1,"[""doc_b74e38a85c85664903fb08c5""]","[""ctx_21a5fcd041cb6b24544dfa47""]",19,5,6,1,True,True,BOTH_HIT,hit_at_evaluated_cutoff,BOTH_HIT,"{""bm25_hit"": true, ""dense_hit"": true, ""union_hit"": true, ""candidate_hit"": true, ""reranker_top_k_hit"": true, ""candidate_depth"": 100, ""ranking_k"": 10}"
disease_4603,Tỷ lệ dị tật lỗ tiểu đóng thấp xảy ra ở bìu dương vật hoặc ở hội âm là bao nhiêu?,1,"[""doc_5302a1031a942d596b442bdd""]","[""ctx_bbf1eb01abc2eae59345e00b""]",5,7,6,1,True,True,BOTH_HIT,hit_at_evaluated_cutoff,BOTH_HIT,"{""bm25_hit"": true, ""dense_hit"": true, ""union_hit"": true, ""candidate_hit"": true, ""reranker_top_k_hit"": true, ""candidate_depth"": 100, ""ranking_k"": 10}"
disease_9473,Vùng đáy chậu là gì?,1,"[""doc_98fc0f29a84caf9a44fcb41f""]","[""ctx_827bf9ab7e2239fc3ea1258b""]",1,19,5,5,True,True,BOTH_HIT,hit_at_evaluated_cutoff,BOTH_HIT,"{""bm25_hit"": true, ""dense_hit"": true, ""union_hit"": true, ""candidate_hit"": true, ""reranker_top_k_hit"": true, ""candidate_depth"": 100, ""ranking_k"": 10}"
disease_9492,Tại sao nên đi tiểu thường xuyên và không nên nín nhịn?,1,"[""doc_98fc0f29a84caf9a44fcb41f""]","[""ctx_9718c91457caa7c92e3db6ab""]",3,18,3,6,False,True,BOTH_HIT;SELECTION_MISS;DOC_HIT_CHUNK_MISS,selection,BOTH_HIT; SELECTION_MISS; DOC_HIT_CHUNK_MISS,"{""bm25_hit"": true, ""dense_hit"": true, ""union_hit"": true, ""candidate_hit"": true, ""reranker_top_k_hit"": true, ""candidate_depth"": 100, ""ranking_k"": 10}"
disease_2412,Các xương nào tạo nên khớp cổ chân?,1,"[""doc_a2b42d4862bb811c1dd7b0d1""]","[""ctx_e2eb13bf1247ddadbf394ce0""]",1,1,1,1,True,True,BOTH_HIT,hit_at_evaluated_cutoff,BOTH_HIT,"{""bm25_hit"": true, ""dense_hit"": true, ""union_hit"": true, ""candidate_hit"": true, ""reranker_top_k_hit"": true, ""candidate_depth"": 100, ""ranking_k"": 10}"
disease_12471,"Trong trường hợp không được điều trị kịp thời, người bệnh có thể xảy ra những biến chứng nguy hiểm nào?",1,"[""doc_0da1a5c4a03310981a75c776""]","[""ctx_24e99a01ba9933ed91ae60e4""]",22,10,5,1,True,True,BOTH_HIT,hit_at_evaluated_cutoff,BOTH_HIT,"{""bm25_hit"": true, ""dense_hit"": true, ""union_hit"": true, ""candidate_hit"": true, ""reranker_top_k_hit"": true, ""candidate_depth"": 100, ""ranking_k"": 10}"
disease_2560,Điều trị bệnh Hirschsprung chủ yếu bằng phương pháp nào?,1,"[""doc_776c3219958d5000949286d5""]","[""ctx_955e47fdce121a921d5c4414""]",83,1,5,1,True,True,BOTH_HIT,hit_at_evaluated_cutoff,BOTH_HIT,"{""bm25_hit"": true, ""dense_hit"": true, ""union_hit"": true, ""candidate_hit"": true, ""reranker_top_k_hit"": true, ""candidate_depth"": 100, ""ranking_k"": 10}"
disease_4630,"Với các trường hợp bất thường đơn giản của dị tật lỗ tiểu thấp sau phẫu thuật, trẻ cần can thiệp điều trị như thế nào?",1,"[""doc_5302a1031a942d596b442bdd""]","[""ctx_202d7459f40c5e256430c854""]",1,1,1,1,True,True,BOTH_HIT,hit_at_evaluated_cutoff,BOTH_HIT,"{""bm25_hit"": true, ""dense_hit"": true, ""union_hit"": true, ""candidate_hit"": true, ""reranker_top_k_hit"": true, ""candidate_depth"": 100, ""ranking_k"": 10}"
disease_6096,Trong trường hợp nào thì người bị phong thấp được xem xét phẫu thuật?,1,"[""doc_9ed81383ed82bb73b9b53954""]","[""ctx_255846f9df6e854b920f84be""]",17,30,3,1,True,True,BOTH_HIT,hit_at_evaluated_cutoff,BOTH_HIT,"{""bm25_hit"": true, ""dense_hit"": true, ""union_hit"": true, ""candidate_hit"": true, ""reranker_top_k_hit"": true, ""candidate_depth"": 100, ""ranking_k"": 10}"
disease_6897,Mục đích của trị liệu tâm động năng trong điều trị rối loạn nhân cách tránh né là gì?,1,"[""doc_885ea7277e1d42359ab5cbf0""]","[""ctx_1b81b0f8f466c35ded2876b8""]",1,1,1,1,True,True,BOTH_HIT,hit_at_evaluated_cutoff,BOTH_HIT,"{""bm25_hit"": true, ""dense_hit"": true, ""union_hit"": true, ""candidate_hit"": true, ""reranker_top_k_hit"": true, ""candidate_depth"": 100, ""ranking_k"": 10}"
disease_14578,"Khi áp-xe phổi hình thành, trong phổi sẽ xuất hiện những gì?",1,"[""doc_d96c368e0feaec0fc69783e1""]","[""ctx_3dd4907229622f844a5ed171""]",2,1,1,1,True,True,BOTH_HIT,hit_at_evaluated_cutoff,BOTH_HIT,"{""bm25_hit"": true, ""dense_hit"": true, ""union_hit"": true, ""candidate_hit"": true, ""reranker_top_k_hit"": true, ""candidate_depth"": 100, ""ranking_k"": 10}"
disease_14796,Đối với những ai nguy cơ bị hiện tượng đau chi ma kéo dài cao hơn (?),1,"[""doc_bb46abcf2a50e69e949fd9a2""]","[""ctx_99ddbebc37e1f4c0c07f2262""]",1,2,2,1,True,True,BOTH_HIT,hit_at_evaluated_cutoff,BOTH_HIT,"{""bm25_hit"": true, ""dense_hit"": true, ""union_hit"": true, ""candidate_hit"": true, ""reranker_top_k_hit"": true, ""candidate_depth"": 100, ""ranking_k"": 10}"
disease_528,Điện tâm đồ có hiệu quả như thế nào trong việc chẩn đoán bệnh cơ tim phì đại?,1,"[""doc_5546d467087a0b446974c047""]","[""ctx_05c6a9d784c832a2fe00a798""]",1,1,1,1,True,True,BOTH_HIT,hit_at_evaluated_cutoff,BOTH_HIT,"{""bm25_hit"": true, ""dense_hit"": true, ""union_hit"": true, ""candidate_hit"": true, ""reranker_top_k_hit"": true, ""candidate_depth"": 100, ""ranking_k"": 10}"
disease_1669,Nêu các nguyên nhân gây ra cổ trướng do bệnh lý gan?,1,"[""doc_bb15c2dbda9ffae5585540e9""]","[""ctx_31f3ddc09f5e471d4b2692cc""]",1,1,1,1,True,True,BOTH_HIT,hit_at_evaluated_cutoff,BOTH_HIT,"{""bm25_hit"": true, ""dense_hit"": true, ""union_hit"": true, ""candidate_hit"": true, ""reranker_top_k_hit"": true, ""candidate_depth"": 100, ""ranking_k"": 10}"
disease_14958,Tại sao nẹp cố định có thể hỗ trợ khớp ngón tay cái?,1,"[""doc_a29b66cf9c6e731ca08539f8""]","[""ctx_9870ec49394ceaffd1c34681""]",1,1,1,1,True,True,BOTH_HIT,hit_at_evaluated_cutoff,BOTH_HIT,"{""bm25_hit"": true, ""dense_hit"": true, ""union_hit"": true, ""candidate_hit"": true, ""reranker_top_k_hit"": true, ""candidate_depth"": 100, ""ranking_k"": 10}"
disease_11759,Xạ trị ngoài có phải là phương pháp điều trị chính trong ung thư tuyến giáp dạng nhú không?,1,"[""doc_feb760ec2519bfd100ac1c96""]","[""ctx_703b3c725c8c5968b54618a4""]",1,1,1,1,True,True,BOTH_HIT,hit_at_evaluated_cutoff,BOTH_HIT,"{""bm25_hit"": true, ""dense_hit"": true, ""union_hit"": true, ""candidate_hit"": true, ""reranker_top_k_hit"": true, ""candidate_depth"": 100, ""ranking_k"": 10}"
disease_6159,Một nguyên nhân là gì gây nên biến chứng tắc ruột cấp tính?,1,"[""doc_ea1694438873becf2a20dd7e""]","[""ctx_6d7346587a9b8519a28f8baa""]",4,4,2,1,True,True,BOTH_HIT,hit_at_evaluated_cutoff,BOTH_HIT,"{""bm25_hit"": true, ""dense_hit"": true, ""union_hit"": true, ""candidate_hit"": true, ""reranker_top_k_hit"": true, ""candidate_depth"": 100, ""ranking_k"": 10}"
disease_13028,Nội soi kiểm tra dạ dày có thể giúp phát hiệu bệnh viêm loét dạ dày không?,1,"[""doc_81790d3507bf1ad8c79a2d66""]","[""ctx_6457769b2a90ffa054bab8dc""]",1,1,1,1,True,True,BOTH_HIT,hit_at_evaluated_cutoff,BOTH_HIT,"{""bm25_hit"": true, ""dense_hit"": true, ""union_hit"": true, ""candidate_hit"": true, ""reranker_top_k_hit"": true, ""candidate_depth"": 100, ""ranking_k"": 10}"
disease_13635,Bệnh viêm ruột thừa có thể diễn tiến như thế nào nếu không được điều trị kịp thời?,1,"[""doc_1102888899b04a13931d6cb6""]","[""ctx_f61b162d62e16693d4dabf1f""]",6,9,4,5,True,True,BOTH_HIT,hit_at_evaluated_cutoff,BOTH_HIT,"{""bm25_hit"": true, ""dense_hit"": true, ""union_hit"": true, ""candidate_hit"": true, ""reranker_top_k_hit"": true, ""candidate_depth"": 100, ""ranking_k"": 10}"
disease_8435,"Ngoài vi khuẩn, còn có nguyên nhân nào khác gây ra viêm tinh hoàn không?",1,"[""doc_952683d270a19cbc508ab68f""]","[""ctx_940785f256589c2a668441c4""]",2,1,1,1,True,True,BOTH_HIT,hit_at_evaluated_cutoff,BOTH_HIT,"{""bm25_hit"": true, ""dense_hit"": true, ""union_hit"": true, ""candidate_hit"": true, ""reranker_top_k_hit"": true, ""candidate_depth"": 100, ""ranking_k"": 10}"
disease_2827,Làm thế nào để phòng ngừa hạ canxi máu?,1,"[""doc_db02624a37f73096274c6e80""]","[""ctx_7ec312c6c3c964aff9fa8293""]",14,4,5,1,True,True,BOTH_HIT,hit_at_evaluated_cutoff,BOTH_HIT,"{""bm25_hit"": true, ""dense_hit"": true, ""union_hit"": true, ""candidate_hit"": true, ""reranker_top_k_hit"": true, ""candidate_depth"": 100, ""ranking_k"": 10}"
disease_6762,Mục tiêu ban đầu của điều trị rối loạn lipid máu trên bệnh nhân bệnh thận mạn tính là gì?,1,"[""doc_68d07010a3bbf8bff71a4dac""]","[""ctx_693bdf4b34c3e201c98807ac""]",,3,21,1,True,True,DENSE_ONLY_HIT,hit_at_evaluated_cutoff,DENSE_ONLY_HIT,"{""bm25_hit"": false, ""dense_hit"": true, ""union_hit"": true, ""candidate_hit"": true, ""reranker_top_k_hit"": true, ""candidate_depth"": 100, ""ranking_k"": 10}"
disease_9569,Khi nào nên tiến hành nghiệm pháp dung nạp glucose 75 gam – 2 giờ?,1,"[""doc_e15a6fbbee2a0fa01a346f46""]","[""ctx_1f749da4a756e6089aed31f6""]",2,6,2,3,True,True,BOTH_HIT,hit_at_evaluated_cutoff,BOTH_HIT,"{""bm25_hit"": true, ""dense_hit"": true, ""union_hit"": true, ""candidate_hit"": true, ""reranker_top_k_hit"": true, ""candidate_depth"": 100, ""ranking_k"": 10}"
disease_11814,"Trong các phương pháp phẫu thuật điều trị ung thư tế bào đáy, phương pháp nào được chỉ định nhiều nhất?",1,"[""doc_74d529dfe56f577b1396bc54""]","[""ctx_7ed4f9d30a9fd13daa5233bc""]",12,10,6,1,True,True,BOTH_HIT,hit_at_evaluated_cutoff,BOTH_HIT,"{""bm25_hit"": true, ""dense_hit"": true, ""union_hit"": true, ""candidate_hit"": true, ""reranker_top_k_hit"": true, ""candidate_depth"": 100, ""ranking_k"": 10}"
disease_13841,Quan hệ tình dục không bao cao su có phải là yếu tố nguy cơ dẫn đến viêm tinh hoàn không?,1,"[""doc_8adff1aec77eebe98f0a6438""]","[""ctx_3d2fac1a9821df4e1edc1f49""]",15,11,9,1,True,True,BOTH_HIT,hit_at_evaluated_cutoff,BOTH_HIT,"{""bm25_hit"": true, ""dense_hit"": true, ""union_hit"": true, ""candidate_hit"": true, ""reranker_top_k_hit"": true, ""candidate_depth"": 100, ""ranking_k"": 10}"
disease_7476,Trong trường hợp nào người bệnh suy gan cần nhập viện ngay?,1,"[""doc_57a5c8cf48b6cc9a7760f888""]","[""ctx_28852a556548375d2c5e27d4""]",1,1,1,1,True,True,BOTH_HIT,hit_at_evaluated_cutoff,BOTH_HIT,"{""bm25_hit"": true, ""dense_hit"": true, ""union_hit"": true, ""candidate_hit"": true, ""reranker_top_k_hit"": true, ""candidate_depth"": 100, ""ranking_k"": 10}"
disease_8313,Người có nguy cơ mắc tai súp lơ thường chơi những môn thể thao nào?,1,"[""doc_828e69def796e13d620e88f9""]","[""ctx_48dde318e84555bb551d13c5""]",2,1,2,1,True,True,BOTH_HIT,hit_at_evaluated_cutoff,BOTH_HIT,"{""bm25_hit"": true, ""dense_hit"": true, ""union_hit"": true, ""candidate_hit"": true, ""reranker_top_k_hit"": true, ""candidate_depth"": 100, ""ranking_k"": 10}"
disease_1562,Bệnh cảm cúm là gì?,1,"[""doc_5cffcaf54916671d0c6b06a0""]","[""ctx_90ff67e9bded0986a9efb6fa""]",9,1,2,1,True,True,BOTH_HIT,hit_at_evaluated_cutoff,BOTH_HIT,"{""bm25_hit"": true, ""dense_hit"": true, ""union_hit"": true, ""candidate_hit"": true, ""reranker_top_k_hit"": true, ""candidate_depth"": 100, ""ranking_k"": 10}"
disease_14712,Trường quá đau bụng dưới bên trái xoay dữ dọi không kèm các rồi chứng hoặc triệu chứng kèm liềm có thể là dấu hiệu bệnh ly nghiêm trọng không?,1,"[""doc_723d57376a76698682a44382""]","[""ctx_4733f83733c9e6181ff6270e""]",51,15,15,12,False,True,BOTH_HIT;RERANKER_MISS;SELECTION_MISS;DOC_HIT_CHUNK_MISS,reranker,BOTH_HIT; RERANKER_MISS; SELECTION_MISS; DOC_HIT_CHUNK_MISS,"{""bm25_hit"": true, ""dense_hit"": true, ""union_hit"": true, ""candidate_hit"": true, ""reranker_top_k_hit"": false, ""candidate_depth"": 100, ""ranking_k"": 10}"
disease_4390,Trong lối sống lành mạnh nên tránh những gì?,1,"[""doc_7c66d2d3a0e59b08fcf1632e""]","[""ctx_08b866e3f15e68dd923eb4c7""]",9,,37,17,False,False,BM25_ONLY_HIT;RERANKER_MISS;SELECTION_MISS;DOC_AND_CHUNK_MISS,reranker,BM25_ONLY_HIT; RERANKER_MISS; SELECTION_MISS; DOC_AND_CHUNK_MISS,"{""bm25_hit"": true, ""dense_hit"": false, ""union_hit"": true, ""candidate_hit"": true, ""reranker_top_k_hit"": false, ""candidate_depth"": 100, ""ranking_k"": 10}"
disease_4700,Rối loạn giấc ngủ thường xảy ra ở đối tượng nào?,1,"[""doc_187f2b0153a5e8d20d89c97f""]","[""ctx_c5aa1da9f514c2ac36cd7c83""]",6,1,1,2,True,True,BOTH_HIT,hit_at_evaluated_cutoff,BOTH_HIT,"{""bm25_hit"": true, ""dense_hit"": true, ""union_hit"": true, ""candidate_hit"": true, ""reranker_top_k_hit"": true, ""candidate_depth"": 100, ""ranking_k"": 10}"
disease_8486,Làm thế nào để giảm tỉ lệ sinh con to?,1,"[""doc_156efe9aa463bf883e5d5f3f""]","[""ctx_499088a69fcab6de1f50d085""]",1,2,1,1,True,True,BOTH_HIT,hit_at_evaluated_cutoff,BOTH_HIT,"{""bm25_hit"": true, ""dense_hit"": true, ""union_hit"": true, ""candidate_hit"": true, ""reranker_top_k_hit"": true, ""candidate_depth"": 100, ""ranking_k"": 10}"
disease_11924,Ung thư vòm họng có những loại chính nào?,1,"[""doc_629964fdea8553e51ddaeab6""]","[""ctx_e56c8dddd4e03872b067c146""]",28,8,16,1,True,True,BOTH_HIT,hit_at_evaluated_cutoff,BOTH_HIT,"{""bm25_hit"": true, ""dense_hit"": true, ""union_hit"": true, ""candidate_hit"": true, ""reranker_top_k_hit"": true, ""candidate_depth"": 100, ""ranking_k"": 10}"
disease_417,Những ai có nguy cơ mắc Brucellosis cao?,1,"[""doc_b850da07815e73a7e8f0e0ee""]","[""ctx_470c85b3a555309a0b536f9d""]",17,11,5,5,True,True,BOTH_HIT,hit_at_evaluated_cutoff,BOTH_HIT,"{""bm25_hit"": true, ""dense_hit"": true, ""union_hit"": true, ""candidate_hit"": true, ""reranker_top_k_hit"": true, ""candidate_depth"": 100, ""ranking_k"": 10}"
disease_2964,Theo dõi bệnh nhân hẹp eo động mạch chủ có mục đích gì?,1,"[""doc_0efa6910dcd27ac9fb5de546""]","[""ctx_06ff10339c1f6e0b52a3291c""]",5,1,2,1,True,True,BOTH_HIT,hit_at_evaluated_cutoff,BOTH_HIT,"{""bm25_hit"": true, ""dense_hit"": true, ""union_hit"": true, ""candidate_hit"": true, ""reranker_top_k_hit"": true, ""candidate_depth"": 100, ""ranking_k"": 10}"
disease_4233,Ung thư họng miệng là gì?,1,"[""doc_129a34c0703026bc424a785d""]","[""ctx_507328b44243045d8271ef4e""]",1,3,2,13,False,True,BOTH_HIT;RERANKER_MISS;SELECTION_MISS;DOC_HIT_CHUNK_MISS,reranker,BOTH_HIT; RERANKER_MISS; SELECTION_MISS; DOC_HIT_CHUNK_MISS,"{""bm25_hit"": true, ""dense_hit"": true, ""union_hit"": true, ""candidate_hit"": true, ""reranker_top_k_hit"": false, ""candidate_depth"": 100, ""ranking_k"": 10}"
disease_11768,Hãy kể tên các biến chứng thường gặp sau phẫu thuật ung thư tuyến giáp?,1,"[""doc_feb760ec2519bfd100ac1c96""]","[""ctx_e84b9a2d556d776df963314f""]",5,1,3,1,True,True,BOTH_HIT,hit_at_evaluated_cutoff,BOTH_HIT,"{""bm25_hit"": true, ""dense_hit"": true, ""union_hit"": true, ""candidate_hit"": true, ""reranker_top_k_hit"": true, ""candidate_depth"": 100, ""ranking_k"": 10}"
disease_5003,Ngoại tâm thu thất có thể gây ra những biến chứng nào?,1,"[""doc_c4d7b7f98664e98d6c040cfe""]","[""ctx_81181c783729d4fa6c1acbee""]",1,1,1,3,True,True,BOTH_HIT,hit_at_evaluated_cutoff,BOTH_HIT,"{""bm25_hit"": true, ""dense_hit"": true, ""union_hit"": true, ""candidate_hit"": true, ""reranker_top_k_hit"": true, ""candidate_depth"": 100, ""ranking_k"": 10}"
disease_1950,Nếu trẻ không thể uống sữa hoặc ăn thực phẩm làm từ sữa thì cần phải bổ sung chế độ ăn có nhiều chất gì?,1,"[""doc_2411908ec0f02f1e3b130c88""]","[""ctx_f6e62e3465cf9f6919b376f1""]",1,1,1,1,True,True,BOTH_HIT,hit_at_evaluated_cutoff,BOTH_HIT,"{""bm25_hit"": true, ""dense_hit"": true, ""union_hit"": true, ""candidate_hit"": true, ""reranker_top_k_hit"": true, ""candidate_depth"": 100, ""ranking_k"": 10}"
disease_9947,Có những loại thiếu hụt vi chất nào có thể dẫn đến tê bì tay chân?,1,"[""doc_12c5fd89c5a0d6fb54119820""]","[""ctx_7fb5b77273f0b96ca395262d""]",14,15,7,1,True,True,BOTH_HIT,hit_at_evaluated_cutoff,BOTH_HIT,"{""bm25_hit"": true, ""dense_hit"": true, ""union_hit"": true, ""candidate_hit"": true, ""reranker_top_k_hit"": true, ""candidate_depth"": 100, ""ranking_k"": 10}"
disease_2255,Nêu các nguyên nhân dẫn đến giãn dây chằng do chấn thương trong thể dục thể thao từ bên trong.,1,"[""doc_1dd55e334311ea2ed1de3c70""]","[""ctx_3ccc3ec6727878992fa15cd9""]",,8,43,1,True,True,DENSE_ONLY_HIT,hit_at_evaluated_cutoff,DENSE_ONLY_HIT,"{""bm25_hit"": false, ""dense_hit"": true, ""union_hit"": true, ""candidate_hit"": true, ""reranker_top_k_hit"": true, ""candidate_depth"": 100, ""ranking_k"": 10}"
disease_205,Những thực phẩm có chỉ số đường huyết thấp thường là gì?,1,"[""doc_ff4ef5f7d0febd1ba672980b""]","[""ctx_bcaab2395c731b192df618c7""]",22,15,8,1,True,True,BOTH_HIT,hit_at_evaluated_cutoff,BOTH_HIT,"{""bm25_hit"": true, ""dense_hit"": true, ""union_hit"": true, ""candidate_hit"": true, ""reranker_top_k_hit"": true, ""candidate_depth"": 100, ""ranking_k"": 10}"
disease_14145,Viêm âm đạo do vi khuẩn có thể tự khỏi không?,1,"[""doc_8af37770be7bd51f8c52b901""]","[""ctx_69d8eb55d66daa12501f24cf""]",3,1,1,1,True,True,BOTH_HIT,hit_at_evaluated_cutoff,BOTH_HIT,"{""bm25_hit"": true, ""dense_hit"": true, ""union_hit"": true, ""candidate_hit"": true, ""reranker_top_k_hit"": true, ""candidate_depth"": 100, ""ranking_k"": 10}"
disease_15056,Tính chất cơn đau được cân nhắc trong chẩn đoán đau đầu cụm như thế nào?,1,"[""doc_629f1b0c79dacd51a5374f6e""]","[""ctx_81905e186bf0274139963354""]",1,1,1,1,True,True,BOTH_HIT,hit_at_evaluated_cutoff,BOTH_HIT,"{""bm25_hit"": true, ""dense_hit"": true, ""union_hit"": true, ""candidate_hit"": true, ""reranker_top_k_hit"": true, ""candidate_depth"": 100, ""ranking_k"": 10}"
disease_7359,Những căn bệnh nào có thể dẫn đến sa sút trí tuệ mạch máu dưới vỏ não?,1,"[""doc_c31693baa0ad9a2f109454cd""]","[""ctx_2d8d35e77c936bd13975df54""]",1,1,1,1,True,True,BOTH_HIT,hit_at_evaluated_cutoff,BOTH_HIT,"{""bm25_hit"": true, ""dense_hit"": true, ""union_hit"": true, ""candidate_hit"": true, ""reranker_top_k_hit"": true, ""candidate_depth"": 100, ""ranking_k"": 10}"
disease_3751,Phương pháp can thiệp hở van tim bao gồm những cách nào?,1,"[""doc_253f192cbe46138e9fc934a1""]","[""ctx_d58336ff4dac9f629abf5c57""]",1,1,1,1,True,True,BOTH_HIT,hit_at_evaluated_cutoff,BOTH_HIT,"{""bm25_hit"": true, ""dense_hit"": true, ""union_hit"": true, ""candidate_hit"": true, ""reranker_top_k_hit"": true, ""candidate_depth"": 100, ""ranking_k"": 10}"
disease_801,Trong trường hợp nào bác sĩ có thể đề nghị làm đánh giá giấc ngủ?,1,"[""doc_8a955627b7318852613b45a8""]","[""ctx_78e25c643643c38cb780ee66""]",1,1,1,1,True,True,BOTH_HIT,hit_at_evaluated_cutoff,BOTH_HIT,"{""bm25_hit"": true, ""dense_hit"": true, ""union_hit"": true, ""candidate_hit"": true, ""reranker_top_k_hit"": true, ""candidate_depth"": 100, ""ranking_k"": 10}"
disease_4623,Mối nối không bị căng là gì?,1,"[""doc_5302a1031a942d596b442bdd""]","[""ctx_3fbf64f575d78695242bde2a""]",1,25,2,1,True,True,BOTH_HIT,hit_at_evaluated_cutoff,BOTH_HIT,"{""bm25_hit"": true, ""dense_hit"": true, ""union_hit"": true, ""candidate_hit"": true, ""reranker_top_k_hit"": true, ""candidate_depth"": 100, ""ranking_k"": 10}"
disease_12487,Đối tượng dễ gây bệnh biểu cầu trùng nhóm A là ai?,1,"[""doc_26fc2054440998a09aaff379""]","[""ctx_9a999ed476aad71d3b554339""]",1,1,1,1,True,True,BOTH_HIT,hit_at_evaluated_cutoff,BOTH_HIT,"{""bm25_hit"": true, ""dense_hit"": true, ""union_hit"": true, ""candidate_hit"": true, ""reranker_top_k_hit"": true, ""candidate_depth"": 100, ""ranking_k"": 10}"
disease_6996,Chẩn đoán rối loạn phổ tự kỷ như thế nào?,1,"[""doc_c65b2c1abf0ee3170c6783cf""]","[""ctx_784bb6f75687e0496e5b7da1""]",31,5,13,2,True,True,BOTH_HIT,hit_at_evaluated_cutoff,BOTH_HIT,"{""bm25_hit"": true, ""dense_hit"": true, ""union_hit"": true, ""candidate_hit"": true, ""reranker_top_k_hit"": true, ""candidate_depth"": 100, ""ranking_k"": 10}"
disease_9220,Tiêu chảy mãn tính là gì?,1,"[""doc_5e7e18123a020f4c64896b5e""]","[""ctx_cf91d6866e1b75bc7cc178a3""]",5,4,2,1,True,True,BOTH_HIT,hit_at_evaluated_cutoff,BOTH_HIT,"{""bm25_hit"": true, ""dense_hit"": true, ""union_hit"": true, ""candidate_hit"": true, ""reranker_top_k_hit"": true, ""candidate_depth"": 100, ""ranking_k"": 10}"
disease_15030,Khi nào mẹ bầu nên đi khám ngay?,1,"[""doc_0e9cae6f0668034245d9c527""]","[""ctx_9c955773db91b03d796e8df0""]",,,,,False,False,BOTH_MISS;CANDIDATE_MISS;DOC_AND_CHUNK_MISS,retrieval_or_fusion,BOTH_MISS; CANDIDATE_MISS; DOC_AND_CHUNK_MISS,"{""bm25_hit"": false, ""dense_hit"": false, ""union_hit"": false, ""candidate_hit"": false, ""reranker_top_k_hit"": false, ""candidate_depth"": 100, ""ranking_k"": 10}"
disease_817,Ngôn ngữ học hỗ trợ điều trị bệnh teo đa hệ thống bằng cách nào?,1,"[""doc_8a955627b7318852613b45a8""]","[""ctx_9328abff21af0a1a6a26182e""]",38,4,12,1,True,True,BOTH_HIT,hit_at_evaluated_cutoff,BOTH_HIT,"{""bm25_hit"": true, ""dense_hit"": true, ""union_hit"": true, ""candidate_hit"": true, ""reranker_top_k_hit"": true, ""candidate_depth"": 100, ""ranking_k"": 10}"
disease_15230,Đái tháo nhạt trung ương là gì?,1,"[""doc_a33c18b0b156b77273ba4a0b""]","[""ctx_c01affa06d591cb1f54ae392""]",3,3,3,5,True,True,BOTH_HIT,hit_at_evaluated_cutoff,BOTH_HIT,"{""bm25_hit"": true, ""dense_hit"": true, ""union_hit"": true, ""candidate_hit"": true, ""reranker_top_k_hit"": true, ""candidate_depth"": 100, ""ranking_k"": 10}"
disease_8386,Bệnh Tay-Sachs gây ra bởi loại gen nào?,1,"[""doc_711d74c26979a12fdf310230""]","[""ctx_aa32e54fb8b186a0c05bd7d2""]",1,1,1,1,True,True,BOTH_HIT,hit_at_evaluated_cutoff,BOTH_HIT,"{""bm25_hit"": true, ""dense_hit"": true, ""union_hit"": true, ""candidate_hit"": true, ""reranker_top_k_hit"": true, ""candidate_depth"": 100, ""ranking_k"": 10}"
disease_478,Bệnh bò điên có những triệu chứng thần kinh nào?,1,"[""doc_9b3117b9e6821b3ebba3057e""]","[""ctx_8d1be4dedc50db4f1b00fbf4""]",33,2,4,1,True,True,BOTH_HIT,hit_at_evaluated_cutoff,BOTH_HIT,"{""bm25_hit"": true, ""dense_hit"": true, ""union_hit"": true, ""candidate_hit"": true, ""reranker_top_k_hit"": true, ""candidate_depth"": 100, ""ranking_k"": 10}"
disease_8214,Sốt thấp khớp có thể xảy ra ở lứa tuổi nào?,1,"[""doc_5e7fff0c5a984706041d6a61""]","[""ctx_458de11b5935f9098a817563""]",4,2,2,2,True,True,BOTH_HIT,hit_at_evaluated_cutoff,BOTH_HIT,"{""bm25_hit"": true, ""dense_hit"": true, ""union_hit"": true, ""candidate_hit"": true, ""reranker_top_k_hit"": true, ""candidate_depth"": 100, ""ranking_k"": 10}"
disease_3721,"Ngoài tăng cân, hội chứng thận hư còn có biểu hiện nào khác?",1,"[""doc_ff6341e5efa0e9887a20a409""]","[""ctx_8b253236bb21002747de8df7""]",,,,,False,True,BOTH_MISS;CANDIDATE_MISS;DOC_HIT_CHUNK_MISS,retrieval_or_fusion,BOTH_MISS; CANDIDATE_MISS; DOC_HIT_CHUNK_MISS,"{""bm25_hit"": false, ""dense_hit"": false, ""union_hit"": false, ""candidate_hit"": false, ""reranker_top_k_hit"": false, ""candidate_depth"": 100, ""ranking_k"": 10}"
disease_12449,Nguyên nhân gây lupus ban đỏ là gì?,1,"[""doc_0da1a5c4a03310981a75c776""]","[""ctx_36bba75ec7efe60ccf679797""]",40,4,14,5,True,True,BOTH_HIT,hit_at_evaluated_cutoff,BOTH_HIT,"{""bm25_hit"": true, ""dense_hit"": true, ""union_hit"": true, ""candidate_hit"": true, ""reranker_top_k_hit"": true, ""candidate_depth"": 100, ""ranking_k"": 10}"
disease_15246,Ngừng nghiệm pháp nhịn nước khi nào?,1,"[""doc_a33c18b0b156b77273ba4a0b""]","[""ctx_662d37c699d24518aac98724""]",1,1,1,1,True,True,BOTH_HIT,hit_at_evaluated_cutoff,BOTH_HIT,"{""bm25_hit"": true, ""dense_hit"": true, ""union_hit"": true, ""candidate_hit"": true, ""reranker_top_k_hit"": true, ""candidate_depth"": 100, ""ranking_k"": 10}"
disease_2800,Nên làm gì nếu nghi ngờ xương cá vẫn nằm trong họng?,1,"[""doc_d777fd61405bf4d852cfb615""]","[""ctx_f65467b029478fffe242ec3d""]",2,6,3,1,True,True,BOTH_HIT,hit_at_evaluated_cutoff,BOTH_HIT,"{""bm25_hit"": true, ""dense_hit"": true, ""union_hit"": true, ""candidate_hit"": true, ""reranker_top_k_hit"": true, ""candidate_depth"": 100, ""ranking_k"": 10}"
disease_4107,Điều trị Legionella bao gồm điều trị gì?,1,"[""doc_4e864504cee844ce03a4fce9""]","[""ctx_3738e7f459b7a5fe63e71fc8""]",1,4,2,2,True,True,BOTH_HIT,hit_at_evaluated_cutoff,BOTH_HIT,"{""bm25_hit"": true, ""dense_hit"": true, ""union_hit"": true, ""candidate_hit"": true, ""reranker_top_k_hit"": true, ""candidate_depth"": 100, ""ranking_k"": 10}"
disease_6183,Trường hợp phình động mạch chủ xuống thường có những triệu chứng gì?,1,"[""doc_a85fd454b59ed99f1865070c""]","[""ctx_addab05f079075bd9222ab95""]",1,1,1,1,True,True,BOTH_HIT,hit_at_evaluated_cutoff,BOTH_HIT,"{""bm25_hit"": true, ""dense_hit"": true, ""union_hit"": true, ""candidate_hit"": true, ""reranker_top_k_hit"": true, ""candidate_depth"": 100, ""ranking_k"": 10}"
disease_5035,Bằng cách nào để xác định vị trí của tim bị tổn thương gây ra đau tim?,1,"[""doc_3c4e7a692d3758abc958b211""]","[""ctx_73748b579b7b64d9c6e55025""]",3,18,1,1,True,True,BOTH_HIT,hit_at_evaluated_cutoff,BOTH_HIT,"{""bm25_hit"": true, ""dense_hit"": true, ""union_hit"": true, ""candidate_hit"": true, ""reranker_top_k_hit"": true, ""candidate_depth"": 100, ""ranking_k"": 10}"
disease_6243,Tại sao bác sĩ lại hỏi về thói quen hút thuốc của người bệnh khi chẩn đoán bệnh phổi tắc nghẽn mạn tính?,1,"[""doc_ce2ec6ce378991b4933b66bd""]","[""ctx_4a4766bd3897de22e7277b5d""]",1,3,2,2,True,True,BOTH_HIT,hit_at_evaluated_cutoff,BOTH_HIT,"{""bm25_hit"": true, ""dense_hit"": true, ""union_hit"": true, ""candidate_hit"": true, ""reranker_top_k_hit"": true, ""candidate_depth"": 100, ""ranking_k"": 10}"
disease_14782,Giảm bớt các triệu chứng đau bụng kinh cần ngủ bao nhiêu giờ một ngày?,1,"[""doc_407d9915d3b25fc6b22fe731""]","[""ctx_5009da12878f1d050d83fcca""]",1,1,1,1,True,True,BOTH_HIT,hit_at_evaluated_cutoff,BOTH_HIT,"{""bm25_hit"": true, ""dense_hit"": true, ""union_hit"": true, ""candidate_hit"": true, ""reranker_top_k_hit"": true, ""candidate_depth"": 100, ""ranking_k"": 10}"
disease_15096,Đau đầu khi ho nguyên phát có nguy hiểm không?,1,"[""doc_9a1830390d02987fef9f9b51""]","[""ctx_a8976f8166ab8bd5ce9ba889""]",1,2,2,1,True,True,BOTH_HIT,hit_at_evaluated_cutoff,BOTH_HIT,"{""bm25_hit"": true, ""dense_hit"": true, ""union_hit"": true, ""candidate_hit"": true, ""reranker_top_k_hit"": true, ""candidate_depth"": 100, ""ranking_k"": 10}"
disease_9871,Nguyên lí nào được áp dụng trong phần lớn các phương pháp nắn trật khớp háng?,1,"[""doc_399f08a1624b7eb1ded85ff4""]","[""ctx_5e6c45939c344b171f50fe09""]",1,1,1,1,True,True,BOTH_HIT,hit_at_evaluated_cutoff,BOTH_HIT,"{""bm25_hit"": true, ""dense_hit"": true, ""union_hit"": true, ""candidate_hit"": true, ""reranker_top_k_hit"": true, ""candidate_depth"": 100, ""ranking_k"": 10}"
disease_3649,Liệu pháp hành vi cảm xúc hợp lý sử dụng kỹ thuật nào để giúp mọi người phát triển niềm tin thực tế và lành mạnh?,1,"[""doc_a931ac6ad335f14f4fb46996""]","[""ctx_c76906235d910bcb043cf8ad""]",1,1,1,1,True,True,BOTH_HIT,hit_at_evaluated_cutoff,BOTH_HIT,"{""bm25_hit"": true, ""dense_hit"": true, ""union_hit"": true, ""candidate_hit"": true, ""reranker_top_k_hit"": true, ""candidate_depth"": 100, ""ranking_k"": 10}"
disease_1800,Khi nào cần phải xử trí khi bị động vật dại cắn?,1,"[""doc_76bb3bff817f7124dc0e9ab0""]","[""ctx_651b3a219bfd3d49b9584f3f""]",19,2,3,1,True,True,BOTH_HIT,hit_at_evaluated_cutoff,BOTH_HIT,"{""bm25_hit"": true, ""dense_hit"": true, ""union_hit"": true, ""candidate_hit"": true, ""reranker_top_k_hit"": true, ""candidate_depth"": 100, ""ranking_k"": 10}"
disease_14933,Phương pháp phòng tránh hiệu quả nhất đau họng là gì?,1,"[""doc_f2cb1c21d268db548dc6bada""]","[""ctx_4c73272cd5a60a60d8924635""]",15,1,2,1,True,True,BOTH_HIT,hit_at_evaluated_cutoff,BOTH_HIT,"{""bm25_hit"": true, ""dense_hit"": true, ""union_hit"": true, ""candidate_hit"": true, ""reranker_top_k_hit"": true, ""candidate_depth"": 100, ""ranking_k"": 10}"
disease_3076,Xét nghiệm chẩn đoán ban đầu của hội chứng Carcinoid là gì?,1,"[""doc_2917f3a974e3cf7b22bf6d3d""]","[""ctx_fc0a4c917cd626ae8f8752f7""]",60,,,,False,True,BM25_ONLY_HIT;FUSION_DROPPED;CANDIDATE_MISS;DOC_HIT_CHUNK_MISS,retrieval_or_fusion,BM25_ONLY_HIT; FUSION_DROPPED; CANDIDATE_MISS; DOC_HIT_CHUNK_MISS,"{""bm25_hit"": true, ""dense_hit"": false, ""union_hit"": true, ""candidate_hit"": false, ""reranker_top_k_hit"": false, ""candidate_depth"": 100, ""ranking_k"": 10}"
disease_6705,Dấu hiệu nào cho thấy trẻ mắc chứng khó đọc?,1,"[""doc_22bccab1a381051879637d30""]","[""ctx_65143eaedea9b92ea0da86d4""]",2,5,3,5,True,True,BOTH_HIT,hit_at_evaluated_cutoff,BOTH_HIT,"{""bm25_hit"": true, ""dense_hit"": true, ""union_hit"": true, ""candidate_hit"": true, ""reranker_top_k_hit"": true, ""candidate_depth"": 100, ""ranking_k"": 10}"
disease_4678,Tại sao thuốc cảm lạnh và dị ứng có thể gây khó ngủ?,1,"[""doc_5c13ca6f2f3b6b606424aa14""]","[""ctx_2cb3cf954c3e21b150203420""]",1,1,1,1,True,True,BOTH_HIT,hit_at_evaluated_cutoff,BOTH_HIT,"{""bm25_hit"": true, ""dense_hit"": true, ""union_hit"": true, ""candidate_hit"": true, ""reranker_top_k_hit"": true, ""candidate_depth"": 100, ""ranking_k"": 10}"
disease_515,Máu được vận chuyển trong cơ thể như thế nào?,1,"[""doc_5546d467087a0b446974c047""]","[""ctx_d88272fb7e32df7ce05a9846""]",,18,38,23,False,False,DENSE_ONLY_HIT;RERANKER_MISS;SELECTION_MISS;DOC_AND_CHUNK_MISS,reranker,DENSE_ONLY_HIT; RERANKER_MISS; SELECTION_MISS; DOC_AND_CHUNK_MISS,"{""bm25_hit"": false, ""dense_hit"": true, ""union_hit"": true, ""candidate_hit"": true, ""reranker_top_k_hit"": false, ""candidate_depth"": 100, ""ranking_k"": 10}"
disease_4251,Hầu hết những người mắc chứng loạn sản khớp háng có đặc điểm gì chung?,1,"[""doc_5e2244272c74da42a1e5c18b""]","[""ctx_9b69e863d89857c4efb3b7b3""]",1,2,1,2,True,True,BOTH_HIT,hit_at_evaluated_cutoff,BOTH_HIT,"{""bm25_hit"": true, ""dense_hit"": true, ""union_hit"": true, ""candidate_hit"": true, ""reranker_top_k_hit"": true, ""candidate_depth"": 100, ""ranking_k"": 10}"
disease_12949,Viêm kết mạc dị ứng thường biểu hiện ở đối tượng nào?,1,"[""doc_6ca1891119535a46aa83a702""]","[""ctx_b69412cf2a690a2cde07a6ef""]",2,3,2,3,True,True,BOTH_HIT,hit_at_evaluated_cutoff,BOTH_HIT,"{""bm25_hit"": true, ""dense_hit"": true, ""union_hit"": true, ""candidate_hit"": true, ""reranker_top_k_hit"": true, ""candidate_depth"": 100, ""ranking_k"": 10}"
disease_12092,Những yếu tố nguy cơ khác có thể liên quan đến bệnh ung thư xương là gì?,1,"[""doc_7879d06ef5c7b63c7e073c9f""]","[""ctx_19ef16aa69dd117981d403ec""]",10,6,3,2,True,True,BOTH_HIT,hit_at_evaluated_cutoff,BOTH_HIT,"{""bm25_hit"": true, ""dense_hit"": true, ""union_hit"": true, ""candidate_hit"": true, ""reranker_top_k_hit"": true, ""candidate_depth"": 100, ""ranking_k"": 10}"
disease_814,Ống thông mềm là gì và có chức năng như thế nào?,1,"[""doc_8a955627b7318852613b45a8""]","[""ctx_92a09863af31cee4d5848bd9""]",86,16,10,2,True,True,BOTH_HIT,hit_at_evaluated_cutoff,BOTH_HIT,"{""bm25_hit"": true, ""dense_hit"": true, ""union_hit"": true, ""candidate_hit"": true, ""reranker_top_k_hit"": true, ""candidate_depth"": 100, ""ranking_k"": 10}"
disease_7280,Cơ thể bị táo bón có thể liên quan đến tình trạng sức khỏe nào?,1,"[""doc_fccf06778643d6ed05e5775c""]","[""ctx_e5cadc5bf37343c9ee4487ed""]",,90,,,False,False,DENSE_ONLY_HIT;FUSION_DROPPED;CANDIDATE_MISS;DOC_AND_CHUNK_MISS,retrieval_or_fusion,DENSE_ONLY_HIT; FUSION_DROPPED; CANDIDATE_MISS; DOC_AND_CHUNK_MISS,"{""bm25_hit"": false, ""dense_hit"": true, ""union_hit"": true, ""candidate_hit"": false, ""reranker_top_k_hit"": false, ""candidate_depth"": 100, ""ranking_k"": 10}"
disease_8630,Khi nào cần đi khám ngay?,1,"[""doc_3e4a879032b9bf5a7dd68289""]","[""ctx_d9b0d052f1a2cfd642999aa3""]",,,,,False,False,BOTH_MISS;CANDIDATE_MISS;DOC_AND_CHUNK_MISS,retrieval_or_fusion,BOTH_MISS; CANDIDATE_MISS; DOC_AND_CHUNK_MISS,"{""bm25_hit"": false, ""dense_hit"": false, ""union_hit"": false, ""candidate_hit"": false, ""reranker_top_k_hit"": false, ""candidate_depth"": 100, ""ranking_k"": 10}"
disease_1902,Việc ghi chú chi tiết trên sổ theo dõi thực phẩm là nhằm mục đích gì?,1,"[""doc_4b011bf5df070c7b03ee0137""]","[""ctx_850e53fb85bf97aa3a604f8c""]",18,1,1,2,True,True,BOTH_HIT,hit_at_evaluated_cutoff,BOTH_HIT,"{""bm25_hit"": true, ""dense_hit"": true, ""union_hit"": true, ""candidate_hit"": true, ""reranker_top_k_hit"": true, ""candidate_depth"": 100, ""ranking_k"": 10}"
disease_13377,Cần lưu ý gì khi sử dụng thuốc bôi ngoài da cho viêm nang lông?,1,"[""doc_66d1ebd3046565e71dbf90af""]","[""ctx_0ef0cf74677bbc9467b24744""]",3,4,1,5,True,True,BOTH_HIT,hit_at_evaluated_cutoff,BOTH_HIT,"{""bm25_hit"": true, ""dense_hit"": true, ""union_hit"": true, ""candidate_hit"": true, ""reranker_top_k_hit"": true, ""candidate_depth"": 100, ""ranking_k"": 10}"
disease_8296,Có nên cố ý làm ra nhiều mồ hôi hơn khi bị sốt không?,1,"[""doc_d67c0d1d865ff35470227e23""]","[""ctx_13985a53d761d022116a548a""]",1,1,1,1,True,True,BOTH_HIT,hit_at_evaluated_cutoff,BOTH_HIT,"{""bm25_hit"": true, ""dense_hit"": true, ""union_hit"": true, ""candidate_hit"": true, ""reranker_top_k_hit"": true, ""candidate_depth"": 100, ""ranking_k"": 10}"
disease_7433,Điều kiện để được điều trị suy dinh dưỡng nặng như thế nào?,1,"[""doc_a01886e2482d2c1f49af18f1""]","[""ctx_08d783971881cdbdfeb34960""]",1,1,1,1,True,True,BOTH_HIT,hit_at_evaluated_cutoff,BOTH_HIT,"{""bm25_hit"": true, ""dense_hit"": true, ""union_hit"": true, ""candidate_hit"": true, ""reranker_top_k_hit"": true, ""candidate_depth"": 100, ""ranking_k"": 10}"
disease_9079,Thận ứ nước có thể gây ra những tổn thương gì?,1,"[""doc_95d1cce3c4219b189841f0a4""]","[""ctx_869af7023ca5637ff1a9d287""]",1,2,1,1,True,True,BOTH_HIT,hit_at_evaluated_cutoff,BOTH_HIT,"{""bm25_hit"": true, ""dense_hit"": true, ""union_hit"": true, ""candidate_hit"": true, ""reranker_top_k_hit"": true, ""candidate_depth"": 100, ""ranking_k"": 10}"
disease_8812,Nội soi có thể giúp ích như thế nào trong việc chẩn đoán bệnh khớp?,1,"[""doc_ebb9622879ad995f75a5ee5e""]","[""ctx_76cf65a13ce3ac39f5cca1a0""]",5,1,1,1,True,True,BOTH_HIT,hit_at_evaluated_cutoff,BOTH_HIT,"{""bm25_hit"": true, ""dense_hit"": true, ""union_hit"": true, ""candidate_hit"": true, ""reranker_top_k_hit"": true, ""candidate_depth"": 100, ""ranking_k"": 10}"
disease_718,Cộng hưởng từ mạch máu (MRA) là gì?,1,"[""doc_afb0d3626d84c41cd0dadb95""]","[""ctx_34ade85b204f8b5e8f841dc6""]",3,3,3,1,True,True,BOTH_HIT,hit_at_evaluated_cutoff,BOTH_HIT,"{""bm25_hit"": true, ""dense_hit"": true, ""union_hit"": true, ""candidate_hit"": true, ""reranker_top_k_hit"": true, ""candidate_depth"": 100, ""ranking_k"": 10}"
disease_12833,Chấn thương có thể dẫn đến tình trạng nào?,1,"[""doc_12a0eb67320a75b06cb0886d""]","[""ctx_b749444bd393526c0f8911c9""]",22,,54,56,False,False,BM25_ONLY_HIT;RERANKER_MISS;SELECTION_MISS;DOC_AND_CHUNK_MISS,reranker,BM25_ONLY_HIT; RERANKER_MISS; SELECTION_MISS; DOC_AND_CHUNK_MISS,"{""bm25_hit"": true, ""dense_hit"": false, ""union_hit"": true, ""candidate_hit"": true, ""reranker_top_k_hit"": false, ""candidate_depth"": 100, ""ranking_k"": 10}"
disease_3562,Những lớp cơ vòng lót trong ruột có chức năng gì?,1,"[""doc_1f0aa31be650c611e7f621ad""]","[""ctx_f07f6866251c06358b219b97""]",1,2,1,2,True,True,BOTH_HIT,hit_at_evaluated_cutoff,BOTH_HIT,"{""bm25_hit"": true, ""dense_hit"": true, ""union_hit"": true, ""candidate_hit"": true, ""reranker_top_k_hit"": true, ""candidate_depth"": 100, ""ranking_k"": 10}"
disease_9158,"Để chẩn đoán nguyên nhân gây tinh dịch loãng, bác sĩ sẽ thực hiện những xét nghiệm nào?",1,"[""doc_529f14931cd011cbd4a814e1""]","[""ctx_78835998b2ce21eaca1e3283""]",12,1,1,1,True,True,BOTH_HIT,hit_at_evaluated_cutoff,BOTH_HIT,"{""bm25_hit"": true, ""dense_hit"": true, ""union_hit"": true, ""candidate_hit"": true, ""reranker_top_k_hit"": true, ""candidate_depth"": 100, ""ranking_k"": 10}"
disease_2457,"Những môn thể thao nào gây chấn thương ngực, dẫn đến tăng nguy cơ gãy xương sườn?",1,"[""doc_21ce34ce669d33a6ee1dc254""]","[""ctx_1949ab84378745b2c7e58544""]",1,1,1,1,True,True,BOTH_HIT,hit_at_evaluated_cutoff,BOTH_HIT,"{""bm25_hit"": true, ""dense_hit"": true, ""union_hit"": true, ""candidate_hit"": true, ""reranker_top_k_hit"": true, ""candidate_depth"": 100, ""ranking_k"": 10}"
disease_2489,"Trong quá trình chuẩn bị trước khi đi khám bệnh gù cột sống, nên làm xét nghiệm nào?",1,"[""doc_7c203188d93b5a103639c930""]","[""ctx_160c553acfac49927fd83b6d""]",7,,27,14,False,True,BM25_ONLY_HIT;RERANKER_MISS;SELECTION_MISS;DOC_HIT_CHUNK_MISS,reranker,BM25_ONLY_HIT; RERANKER_MISS; SELECTION_MISS; DOC_HIT_CHUNK_MISS,"{""bm25_hit"": true, ""dense_hit"": false, ""union_hit"": true, ""candidate_hit"": true, ""reranker_top_k_hit"": false, ""candidate_depth"": 100, ""ranking_k"": 10}"
disease_1556,Thuốc beta-blocker có tác dụng gì?,1,"[""doc_b6303edd04b6a99b65d40414""]","[""ctx_bcbdf7796a4ae3844a5b990d""]",1,1,1,1,True,True,BOTH_HIT,hit_at_evaluated_cutoff,BOTH_HIT,"{""bm25_hit"": true, ""dense_hit"": true, ""union_hit"": true, ""candidate_hit"": true, ""reranker_top_k_hit"": true, ""candidate_depth"": 100, ""ranking_k"": 10}"
disease_891,Nguyên nhân chính gây bệnh thận mạn là gì?,1,"[""doc_be8fd6e59aa484e38f4f0694""]","[""ctx_8ff18108f7bcf863eb1b8a99""]",,85,,,False,True,DENSE_ONLY_HIT;FUSION_DROPPED;CANDIDATE_MISS;DOC_HIT_CHUNK_MISS,retrieval_or_fusion,DENSE_ONLY_HIT; FUSION_DROPPED; CANDIDATE_MISS; DOC_HIT_CHUNK_MISS,"{""bm25_hit"": false, ""dense_hit"": true, ""union_hit"": true, ""candidate_hit"": false, ""reranker_top_k_hit"": false, ""candidate_depth"": 100, ""ranking_k"": 10}"
disease_1640,Cận thị là gì?,1,"[""doc_abd9b87dbda1b5646999e512""]","[""ctx_7bf0a406cf88bc949fabef23""]",1,1,1,1,True,True,BOTH_HIT,hit_at_evaluated_cutoff,BOTH_HIT,"{""bm25_hit"": true, ""dense_hit"": true, ""union_hit"": true, ""candidate_hit"": true, ""reranker_top_k_hit"": true, ""candidate_depth"": 100, ""ranking_k"": 10}"
disease_1182,"Ở Việt Nam, nguyên nhân chấn thương sọ não kín thường gặp nhất và gây tử vong hàng đầu là gì?",1,"[""doc_fa0d35a49ee9cbe727b2fde6""]","[""ctx_976531dfe296bed6840e515d""]",1,3,2,1,True,True,BOTH_HIT,hit_at_evaluated_cutoff,BOTH_HIT,"{""bm25_hit"": true, ""dense_hit"": true, ""union_hit"": true, ""candidate_hit"": true, ""reranker_top_k_hit"": true, ""candidate_depth"": 100, ""ranking_k"": 10}"
disease_1810,Tăng sinh thượng thận bẩm sinh là bệnh gì?,1,"[""doc_93405e4e0cfb133540ee03e0""]","[""ctx_5e1f9de35541904292b95923""]",16,42,17,13,False,True,BOTH_HIT;RERANKER_MISS;SELECTION_MISS;DOC_HIT_CHUNK_MISS,reranker,BOTH_HIT; RERANKER_MISS; SELECTION_MISS; DOC_HIT_CHUNK_MISS,"{""bm25_hit"": true, ""dense_hit"": true, ""union_hit"": true, ""candidate_hit"": true, ""reranker_top_k_hit"": false, ""candidate_depth"": 100, ""ranking_k"": 10}"
disease_8867,Nhóm người nào có nguy cơ mắc amyloidosis hệ thống cao?,1,"[""doc_9c4606344f4c3dd4e0b80a29""]","[""ctx_4b3f1582effdab1503013f37""]",1,1,1,1,True,True,BOTH_HIT,hit_at_evaluated_cutoff,BOTH_HIT,"{""bm25_hit"": true, ""dense_hit"": true, ""union_hit"": true, ""candidate_hit"": true, ""reranker_top_k_hit"": true, ""candidate_depth"": 100, ""ranking_k"": 10}"
disease_12776,Vì sao cần để gối cao khi ngủ khi bị viêm họng do trào ngược?,1,"[""doc_385b847ce0094fc0f1a0e8a5""]","[""ctx_ecf46a35c0ca4463d7c3ff8d""]",1,3,1,1,True,True,BOTH_HIT,hit_at_evaluated_cutoff,BOTH_HIT,"{""bm25_hit"": true, ""dense_hit"": true, ""union_hit"": true, ""candidate_hit"": true, ""reranker_top_k_hit"": true, ""candidate_depth"": 100, ""ranking_k"": 10}"
disease_6097,Các loại phẫu thuật nào được áp dụng cho người bệnh phong thấp?,1,"[""doc_9ed81383ed82bb73b9b53954""]","[""ctx_255846f9df6e854b920f84be""]",,29,58,1,True,True,DENSE_ONLY_HIT,hit_at_evaluated_cutoff,DENSE_ONLY_HIT,"{""bm25_hit"": false, ""dense_hit"": true, ""union_hit"": true, ""candidate_hit"": true, ""reranker_top_k_hit"": true, ""candidate_depth"": 100, ""ranking_k"": 10}"
disease_6829,"Làm thế nào để biết tình trạng ngủ nhiều có gây ra những khó chịu đáng kể hoặc gây suy giảm chức năng xã hội, nghề nghiệp hoặc những chức năng quan trọng khác không?",1,"[""doc_35f2e89c219ad9489d57e23c""]","[""ctx_27aa237765c222580a07acdb""]",1,2,1,1,True,True,BOTH_HIT,hit_at_evaluated_cutoff,BOTH_HIT,"{""bm25_hit"": true, ""dense_hit"": true, ""union_hit"": true, ""candidate_hit"": true, ""reranker_top_k_hit"": true, ""candidate_depth"": 100, ""ranking_k"": 10}"
disease_2960,Cơ thể sử dụng điều trị nào đối với trẻ sơ sinh bị hẹp eo động mạch chủ mức độ nặng?,1,"[""doc_0efa6910dcd27ac9fb5de546""]","[""ctx_2342bf32c9d7a49f05bba531""]",1,1,1,1,True,True,BOTH_HIT,hit_at_evaluated_cutoff,BOTH_HIT,"{""bm25_hit"": true, ""dense_hit"": true, ""union_hit"": true, ""candidate_hit"": true, ""reranker_top_k_hit"": true, ""candidate_depth"": 100, ""ranking_k"": 10}"
disease_15111,Đau đầu khi ho có thể là do nguyên nhân nào?,1,"[""doc_9a1830390d02987fef9f9b51""]","[""ctx_f8d6104b8cd98d4056831435""]",49,,85,50,False,True,BM25_ONLY_HIT;RERANKER_MISS;SELECTION_MISS;DOC_HIT_CHUNK_MISS,reranker,BM25_ONLY_HIT; RERANKER_MISS; SELECTION_MISS; DOC_HIT_CHUNK_MISS,"{""bm25_hit"": true, ""dense_hit"": false, ""union_hit"": true, ""candidate_hit"": true, ""reranker_top_k_hit"": false, ""candidate_depth"": 100, ""ranking_k"": 10}"
disease_10985,Nguyên nhân gây ra bệnh u xơ tuyến tiền liệt là gì?,1,"[""doc_1bfd9ae7fe46fa30d976494a""]","[""ctx_3c8e6c9d7bc5b1999ede4261""]",1,2,1,1,True,True,BOTH_HIT,hit_at_evaluated_cutoff,BOTH_HIT,"{""bm25_hit"": true, ""dense_hit"": true, ""union_hit"": true, ""candidate_hit"": true, ""reranker_top_k_hit"": true, ""candidate_depth"": 100, ""ranking_k"": 10}"
disease_9759,Tại sao trầm cảm ở nam giới lại có thể khác so với nữ?,1,"[""doc_4b9107f51a86bd99ed167679""]","[""ctx_b5499e2c3b59cdd0a507f378""]",2,3,2,1,True,True,BOTH_HIT,hit_at_evaluated_cutoff,BOTH_HIT,"{""bm25_hit"": true, ""dense_hit"": true, ""union_hit"": true, ""candidate_hit"": true, ""reranker_top_k_hit"": true, ""candidate_depth"": 100, ""ranking_k"": 10}"
disease_1753,Trong trường hợp nào thì nên tìm gặp bác sĩ khi bị di tinh?,1,"[""doc_1eeb5606c34ae2a34f791698""]","[""ctx_3f6625b0ef68bfa0834aa2b2""]",1,1,1,1,True,True,BOTH_HIT,hit_at_evaluated_cutoff,BOTH_HIT,"{""bm25_hit"": true, ""dense_hit"": true, ""union_hit"": true, ""candidate_hit"": true, ""reranker_top_k_hit"": true, ""candidate_depth"": 100, ""ranking_k"": 10}"
disease_5725,Trong trường hợp nào viêm âm đạo được xếp loại có biến chứng?,1,"[""doc_dbc512e11a09fabfc5adb3e6""]","[""ctx_4d53d97838b9accd3109df7d""]",1,1,1,1,True,True,BOTH_HIT,hit_at_evaluated_cutoff,BOTH_HIT,"{""bm25_hit"": true, ""dense_hit"": true, ""union_hit"": true, ""candidate_hit"": true, ""reranker_top_k_hit"": true, ""candidate_depth"": 100, ""ranking_k"": 10}"
disease_10416,"Trong khi điều trị tật đầu nhỏ, điều gì là quan trọng?",1,"[""doc_4393f0cac284d6d660224e34""]","[""ctx_01b4c23287b045506cf916f9""]",1,1,1,1,True,True,BOTH_HIT,hit_at_evaluated_cutoff,BOTH_HIT,"{""bm25_hit"": true, ""dense_hit"": true, ""union_hit"": true, ""candidate_hit"": true, ""reranker_top_k_hit"": true, ""candidate_depth"": 100, ""ranking_k"": 10}"
disease_13383,"Đối với nhân viên y tế, ""viêm não"" được hiểu như thế nào?",1,"[""doc_23602d38e0edb0bfbbbce64c""]","[""ctx_7ced8f2f75ade48ae2de7716""]",1,1,1,1,True,True,BOTH_HIT,hit_at_evaluated_cutoff,BOTH_HIT,"{""bm25_hit"": true, ""dense_hit"": true, ""union_hit"": true, ""candidate_hit"": true, ""reranker_top_k_hit"": true, ""candidate_depth"": 100, ""ranking_k"": 10}"
disease_7017,Hội chứng rối loạn sinh tủy có thể tiến triển thành bệnh gì?,1,"[""doc_21f9078250650a62055075e8""]","[""ctx_d0333aa8c9a6ab2c15207558""]",3,10,6,1,True,True,BOTH_HIT,hit_at_evaluated_cutoff,BOTH_HIT,"{""bm25_hit"": true, ""dense_hit"": true, ""union_hit"": true, ""candidate_hit"": true, ""reranker_top_k_hit"": true, ""candidate_depth"": 100, ""ranking_k"": 10}"
disease_7054,Có cách nào để đối phó với Rối loạn thách thức chống đối ở trẻ không?,1,"[""doc_cc1342bcac8d68e6e8688911""]","[""ctx_9cbb49c9e9988a793e1ae8fa""]",11,3,6,3,True,True,BOTH_HIT,hit_at_evaluated_cutoff,BOTH_HIT,"{""bm25_hit"": true, ""dense_hit"": true, ""union_hit"": true, ""candidate_hit"": true, ""reranker_top_k_hit"": true, ""candidate_depth"": 100, ""ranking_k"": 10}"
disease_14991,Đau thắt ngực là gì?,1,"[""doc_58b79c536d27cb005068ab29""]","[""ctx_8ba6284e6a5077ab68ac7d38""]",4,1,1,1,True,True,BOTH_HIT,hit_at_evaluated_cutoff,BOTH_HIT,"{""bm25_hit"": true, ""dense_hit"": true, ""union_hit"": true, ""candidate_hit"": true, ""reranker_top_k_hit"": true, ""candidate_depth"": 100, ""ranking_k"": 10}"
disease_1595,Nguyên nhân nào khiến cúm gia cầm là bệnh nguy hiểm đối với con người?,1,"[""doc_5cffcaf54916671d0c6b06a0""]","[""ctx_68d56e7221f0433c6b22ba41""]",1,4,2,5,True,True,BOTH_HIT,hit_at_evaluated_cutoff,BOTH_HIT,"{""bm25_hit"": true, ""dense_hit"": true, ""union_hit"": true, ""candidate_hit"": true, ""reranker_top_k_hit"": true, ""candidate_depth"": 100, ""ranking_k"": 10}"
disease_287,Làm thế nào để chẩn đoán bướu giáp lan tỏa bằng phương pháp xạ hình tuyến giáp?,1,"[""doc_84a56cd29f3ebfe0538e5b9e""]","[""ctx_e35417ab9b3da18886706236""]",1,1,1,1,True,True,BOTH_HIT,hit_at_evaluated_cutoff,BOTH_HIT,"{""bm25_hit"": true, ""dense_hit"": true, ""union_hit"": true, ""candidate_hit"": true, ""reranker_top_k_hit"": true, ""candidate_depth"": 100, ""ranking_k"": 10}"
disease_6327,Viện nào đang nghiên cứu về nguyên nhân gây bệnh run vô căn?,1,"[""doc_3cc306d1ef1fb2e078d4a1b5""]","[""ctx_d5bc8cacd809e48fca40f174""]",1,1,1,1,True,True,BOTH_HIT,hit_at_evaluated_cutoff,BOTH_HIT,"{""bm25_hit"": true, ""dense_hit"": true, ""union_hit"": true, ""candidate_hit"": true, ""reranker_top_k_hit"": true, ""candidate_depth"": 100, ""ranking_k"": 10}"
disease_3114,Mục đích của việc xét nghiệm máu trong chẩn đoán bệnh Churg-Strauss là gì?,1,"[""doc_8a8f687c5ba415d0518fb23b""]","[""ctx_ecf366427652e161af4f11ef""]",,66,,,False,True,DENSE_ONLY_HIT;FUSION_DROPPED;CANDIDATE_MISS;DOC_HIT_CHUNK_MISS,retrieval_or_fusion,DENSE_ONLY_HIT; FUSION_DROPPED; CANDIDATE_MISS; DOC_HIT_CHUNK_MISS,"{""bm25_hit"": false, ""dense_hit"": true, ""union_hit"": true, ""candidate_hit"": false, ""reranker_top_k_hit"": false, ""candidate_depth"": 100, ""ranking_k"": 10}"
disease_7538,Suy giáp do thuốc có biểu hiện như thế nào?,1,"[""doc_7961917ececca5d435d6ceaa""]","[""ctx_166d2cfffd645feac3deb9d9""]",24,16,12,7,False,True,BOTH_HIT;SELECTION_MISS;DOC_HIT_CHUNK_MISS,selection,BOTH_HIT; SELECTION_MISS; DOC_HIT_CHUNK_MISS,"{""bm25_hit"": true, ""dense_hit"": true, ""union_hit"": true, ""candidate_hit"": true, ""reranker_top_k_hit"": true, ""candidate_depth"": 100, ""ranking_k"": 10}"
disease_10714,Lớp tủy buồng trứng có chức năng gì?,1,"[""doc_ef8ca0e7d291a3e083027714""]","[""ctx_baa39bf47026e785c53026f0""]",1,1,1,1,True,True,BOTH_HIT,hit_at_evaluated_cutoff,BOTH_HIT,"{""bm25_hit"": true, ""dense_hit"": true, ""union_hit"": true, ""candidate_hit"": true, ""reranker_top_k_hit"": true, ""candidate_depth"": 100, ""ranking_k"": 10}"
disease_5737,Thuốc kháng nấm được sử dụng trong bao lâu để điều trị viêm âm đạo do nấm với triệu chứng nhẹ đến vừa và ít tái phát?,1,"[""doc_dbc512e11a09fabfc5adb3e6""]","[""ctx_a99dbd327cd23077145ef9ba""]",4,2,2,1,True,True,BOTH_HIT,hit_at_evaluated_cutoff,BOTH_HIT,"{""bm25_hit"": true, ""dense_hit"": true, ""union_hit"": true, ""candidate_hit"": true, ""reranker_top_k_hit"": true, ""candidate_depth"": 100, ""ranking_k"": 10}"
disease_316,Bướu giáp đa nhân là gì?,1,"[""doc_f944c0d57ba19f060af1f460""]","[""ctx_bbbdb9dfa7ad1672e6c23717""]",2,1,1,1,True,True,BOTH_HIT,hit_at_evaluated_cutoff,BOTH_HIT,"{""bm25_hit"": true, ""dense_hit"": true, ""union_hit"": true, ""candidate_hit"": true, ""reranker_top_k_hit"": true, ""candidate_depth"": 100, ""ranking_k"": 10}"
disease_7261,Có những nguyên nhân nào gây ra tăng kali máu?,1,"[""doc_fccf06778643d6ed05e5775c""]","[""ctx_2ed5732be23ed5644517b8f8""]",1,1,1,1,True,True,BOTH_HIT,hit_at_evaluated_cutoff,BOTH_HIT,"{""bm25_hit"": true, ""dense_hit"": true, ""union_hit"": true, ""candidate_hit"": true, ""reranker_top_k_hit"": true, ""candidate_depth"": 100, ""ranking_k"": 10}"
disease_14623,"Trong bệnh cảnh đa u tuyến nội tiết tuýp 1, tổn thương thường gặp nhất là gì?",1,"[""doc_b8539c8c25da0779705c08eb""]","[""ctx_5e83700616d83a4fd58b3ccb""]",45,80,34,2,True,True,BOTH_HIT,hit_at_evaluated_cutoff,BOTH_HIT,"{""bm25_hit"": true, ""dense_hit"": true, ""union_hit"": true, ""candidate_hit"": true, ""reranker_top_k_hit"": true, ""candidate_depth"": 100, ""ranking_k"": 10}"
disease_14130,Viêm âm đạo do virus có lây truyền qua đường tình dục không?,1,"[""doc_8af37770be7bd51f8c52b901""]","[""ctx_ce8021d4500f86f3fa02cddf""]",1,1,1,1,True,True,BOTH_HIT,hit_at_evaluated_cutoff,BOTH_HIT,"{""bm25_hit"": true, ""dense_hit"": true, ""union_hit"": true, ""candidate_hit"": true, ""reranker_top_k_hit"": true, ""candidate_depth"": 100, ""ranking_k"": 10}"
disease_14644,Tỷ lệ đa u tuyến nội tiết tuýp 2 (MEN 2) trên thế giới là bao nhiêu?,1,"[""doc_49fdd696e602d5240d192a2d""]","[""ctx_d1c6118e0389461ec1121fc2""]",1,1,1,1,True,True,BOTH_HIT,hit_at_evaluated_cutoff,BOTH_HIT,"{""bm25_hit"": true, ""dense_hit"": true, ""union_hit"": true, ""candidate_hit"": true, ""reranker_top_k_hit"": true, ""candidate_depth"": 100, ""ranking_k"": 10}"
disease_1042,Vị trí mẩn đỏ của bệnh chàm da có tính chất đặc trưng như thế nào?,1,"[""doc_a30de51b568ff0ae2ca28f45""]","[""ctx_41a350222c1b32230e37129b""]",4,4,4,1,True,True,BOTH_HIT,hit_at_evaluated_cutoff,BOTH_HIT,"{""bm25_hit"": true, ""dense_hit"": true, ""union_hit"": true, ""candidate_hit"": true, ""reranker_top_k_hit"": true, ""candidate_depth"": 100, ""ranking_k"": 10}"
disease_1081,"Trong quá trình thăm khám chóng mặt, bác sĩ sẽ tiến hành các bước nào?",1,"[""doc_f8280dc4283dcee1c46e66e3""]","[""ctx_9cb67e689f4c0b31a34473f0""]",17,8,3,3,True,True,BOTH_HIT,hit_at_evaluated_cutoff,BOTH_HIT,"{""bm25_hit"": true, ""dense_hit"": true, ""union_hit"": true, ""candidate_hit"": true, ""reranker_top_k_hit"": true, ""candidate_depth"": 100, ""ranking_k"": 10}"
disease_11282,Tác dụng không mong muốn của hóa trị là gì?,1,"[""doc_f8285dc14f4e2965d7ecb72d""]","[""ctx_d852c80c25dce6bc9d05cd19""]",25,4,4,1,True,True,BOTH_HIT,hit_at_evaluated_cutoff,BOTH_HIT,"{""bm25_hit"": true, ""dense_hit"": true, ""union_hit"": true, ""candidate_hit"": true, ""reranker_top_k_hit"": true, ""candidate_depth"": 100, ""ranking_k"": 10}"
disease_9713,"Theo nghiên cứu, ai có nguy cơ mắc trầm cảm cao hơn khi mang thai?",1,"[""doc_e4b3d34f1912eb237730a3b2""]","[""ctx_918fa7d1c01eed8a31dbc32d""]",1,1,1,1,True,True,BOTH_HIT,hit_at_evaluated_cutoff,BOTH_HIT,"{""bm25_hit"": true, ""dense_hit"": true, ""union_hit"": true, ""candidate_hit"": true, ""reranker_top_k_hit"": true, ""candidate_depth"": 100, ""ranking_k"": 10}"
disease_1383,Người bị bệnh Crohn nên tránh ăn gì?,1,"[""doc_f1c2187eb1f51f124a9ec0cf""]","[""ctx_5baa8bf7a1ae837bf3382921""]",,24,50,2,True,True,DENSE_ONLY_HIT,hit_at_evaluated_cutoff,DENSE_ONLY_HIT,"{""bm25_hit"": false, ""dense_hit"": true, ""union_hit"": true, ""candidate_hit"": true, ""reranker_top_k_hit"": true, ""candidate_depth"": 100, ""ranking_k"": 10}"
disease_9348,Nuốt nước bọt có lợi ích gì?,1,"[""doc_66a6188556d9505cda0d75ce""]","[""ctx_2c9faaa273d407c133b25aba""]",8,1,1,1,True,True,BOTH_HIT,hit_at_evaluated_cutoff,BOTH_HIT,"{""bm25_hit"": true, ""dense_hit"": true, ""union_hit"": true, ""candidate_hit"": true, ""reranker_top_k_hit"": true, ""candidate_depth"": 100, ""ranking_k"": 10}"
disease_9938,Các triệu chứng của loạn thần phân liệt là gì?,1,"[""doc_d5eb628b88c3a27a5c27ed59""]","[""ctx_4861f3411e28d61581a81e4e""]",1,1,1,1,True,True,BOTH_HIT,hit_at_evaluated_cutoff,BOTH_HIT,"{""bm25_hit"": true, ""dense_hit"": true, ""union_hit"": true, ""candidate_hit"": true, ""reranker_top_k_hit"": true, ""candidate_depth"": 100, ""ranking_k"": 10}"
disease_12055,Đối với những người có nguy cơ mắc bệnh ung thư vú cao hơn nên bắt đầu chụp X – quang tuyến vú từ độ tuổi nào?,1,"[""doc_3c1e091e7b477d1faf99f606""]","[""ctx_f54e674907944f1e89650e1c""]",1,1,1,1,True,True,BOTH_HIT,hit_at_evaluated_cutoff,BOTH_HIT,"{""bm25_hit"": true, ""dense_hit"": true, ""union_hit"": true, ""candidate_hit"": true, ""reranker_top_k_hit"": true, ""candidate_depth"": 100, ""ranking_k"": 10}"
disease_6349,Rung nhĩ xuất hiện khi có những bất thường gì xảy ra?,1,"[""doc_57981a11db178304287aa49d""]","[""ctx_da3b4e3d125251d81c1def51""]",10,15,11,1,True,True,BOTH_HIT,hit_at_evaluated_cutoff,BOTH_HIT,"{""bm25_hit"": true, ""dense_hit"": true, ""union_hit"": true, ""candidate_hit"": true, ""reranker_top_k_hit"": true, ""candidate_depth"": 100, ""ranking_k"": 10}"
disease_9741,Trầm cảm chủ yếu có thể xảy ra bao nhiêu lần trong đời?,1,"[""doc_4b9107f51a86bd99ed167679""]","[""ctx_f12308ebca2cce702dafa8a7""]",1,1,1,1,True,True,BOTH_HIT,hit_at_evaluated_cutoff,BOTH_HIT,"{""bm25_hit"": true, ""dense_hit"": true, ""union_hit"": true, ""candidate_hit"": true, ""reranker_top_k_hit"": true, ""candidate_depth"": 100, ""ranking_k"": 10}"
disease_2903,Tổn thương da do nhiễm nấm có hình dạng như thế nào khi soi qua dung dịch KOH 10%?,1,"[""doc_42e5a32aba7a74c462759962""]","[""ctx_053aab6cf0a76bca7b4dece6""]",2,2,2,1,True,True,BOTH_HIT,hit_at_evaluated_cutoff,BOTH_HIT,"{""bm25_hit"": true, ""dense_hit"": true, ""union_hit"": true, ""candidate_hit"": true, ""reranker_top_k_hit"": true, ""candidate_depth"": 100, ""ranking_k"": 10}"
disease_1366,"Khi bị rò, triệu chứng có thể gặp phải là gì?",1,"[""doc_f1c2187eb1f51f124a9ec0cf""]","[""ctx_b2fe9096b4577072944ccf4f""]",1,2,1,2,True,True,BOTH_HIT,hit_at_evaluated_cutoff,BOTH_HIT,"{""bm25_hit"": true, ""dense_hit"": true, ""union_hit"": true, ""candidate_hit"": true, ""reranker_top_k_hit"": true, ""candidate_depth"": 100, ""ranking_k"": 10}"
disease_1630,Những tác nhân gây bệnh sốt thường bắt đầu biểu hiện triệu chứng cảm lạnh như thế nào?,1,"[""doc_f7a960641f1ab07cfdfca325""]","[""ctx_ace2f124f8d5b49cb8feb629""]",1,1,1,1,True,True,BOTH_HIT,hit_at_evaluated_cutoff,BOTH_HIT,"{""bm25_hit"": true, ""dense_hit"": true, ""union_hit"": true, ""candidate_hit"": true, ""reranker_top_k_hit"": true, ""candidate_depth"": 100, ""ranking_k"": 10}"
disease_1393,Tại sao người bệnh Crohn nên tầm soát ung thư ruột sớm hơn và thường xuyên hơn so với người không mắc bệnh?,1,"[""doc_f1c2187eb1f51f124a9ec0cf""]","[""ctx_33543ff81eb7b6ffc591571e""]",1,1,1,1,True,True,BOTH_HIT,hit_at_evaluated_cutoff,BOTH_HIT,"{""bm25_hit"": true, ""dense_hit"": true, ""union_hit"": true, ""candidate_hit"": true, ""reranker_top_k_hit"": true, ""candidate_depth"": 100, ""ranking_k"": 10}"
disease_2894,Sau khi sử dụng các thứ trên thì làm gì thêm?,1,"[""doc_6487b177066ecc38c63f284a""]","[""ctx_f1ed093ef06221d014e07d70""]",,,,,False,False,BOTH_MISS;CANDIDATE_MISS;DOC_AND_CHUNK_MISS,retrieval_or_fusion,BOTH_MISS; CANDIDATE_MISS; DOC_AND_CHUNK_MISS,"{""bm25_hit"": false, ""dense_hit"": false, ""union_hit"": false, ""candidate_hit"": false, ""reranker_top_k_hit"": false, ""candidate_depth"": 100, ""ranking_k"": 10}"
disease_9445,Tiền đái tháo đường ảnh hưởng tới đối tượng nào?,1,"[""doc_d0bb6736335f7ba2919132ef""]","[""ctx_bb6d8f1bb42e70e2cd4d1853""]",,23,69,9,False,True,DENSE_ONLY_HIT;SELECTION_MISS;DOC_HIT_CHUNK_MISS,selection,DENSE_ONLY_HIT; SELECTION_MISS; DOC_HIT_CHUNK_MISS,"{""bm25_hit"": false, ""dense_hit"": true, ""union_hit"": true, ""candidate_hit"": true, ""reranker_top_k_hit"": true, ""candidate_depth"": 100, ""ranking_k"": 10}"
disease_14355,Người ta thực hiện chụp mạch máu não (CTA) để làm gì?,1,"[""doc_f608aa6a064d3f67ab9de8e9""]","[""ctx_58882697901572a164cca7a6""]",1,1,1,1,True,True,BOTH_HIT,hit_at_evaluated_cutoff,BOTH_HIT,"{""bm25_hit"": true, ""dense_hit"": true, ""union_hit"": true, ""candidate_hit"": true, ""reranker_top_k_hit"": true, ""candidate_depth"": 100, ""ranking_k"": 10}"
disease_6116,Phì đại thất trái ảnh hưởng đến cấu trúc và hoạt động của tim như thế nào?,1,"[""doc_f26793163aa3934b88e90e78""]","[""ctx_f60c6ba62df911ebb8cb435d""]",3,1,2,1,True,True,BOTH_HIT,hit_at_evaluated_cutoff,BOTH_HIT,"{""bm25_hit"": true, ""dense_hit"": true, ""union_hit"": true, ""candidate_hit"": true, ""reranker_top_k_hit"": true, ""candidate_depth"": 100, ""ranking_k"": 10}"
disease_9543,"Đối với phụ nữ thuộc nhóm có yếu tố nguy cơ mắc bệnh, thời điểm nào để tầm soát bệnh tiểu đường thai kỳ là phù hợp nhất?",1,"[""doc_df04e48bebad9e5b33b12313""]","[""ctx_4254fc845646e1a7ef988b7b""]",1,2,1,1,True,True,BOTH_HIT,hit_at_evaluated_cutoff,BOTH_HIT,"{""bm25_hit"": true, ""dense_hit"": true, ""union_hit"": true, ""candidate_hit"": true, ""reranker_top_k_hit"": true, ""candidate_depth"": 100, ""ranking_k"": 10}"
disease_204,Chế độ ăn nào giúp điều chỉnh chu kỳ kinh nguyệt tốt hơn chế độ ăn kiêng giảm cân thông thường?,1,"[""doc_ff4ef5f7d0febd1ba672980b""]","[""ctx_bcaab2395c731b192df618c7""]",1,1,1,1,True,True,BOTH_HIT,hit_at_evaluated_cutoff,BOTH_HIT,"{""bm25_hit"": true, ""dense_hit"": true, ""union_hit"": true, ""candidate_hit"": true, ""reranker_top_k_hit"": true, ""candidate_depth"": 100, ""ranking_k"": 10}"
disease_8244,"Những loại thuốc nào được sử dụng để điều trị triệu chứng đau, sưng khớp do sốt thấp khớp?",1,"[""doc_5e7fff0c5a984706041d6a61""]","[""ctx_c44d2f596f77dd56e88cc3ab""]",6,5,2,1,True,True,BOTH_HIT,hit_at_evaluated_cutoff,BOTH_HIT,"{""bm25_hit"": true, ""dense_hit"": true, ""union_hit"": true, ""candidate_hit"": true, ""reranker_top_k_hit"": true, ""candidate_depth"": 100, ""ranking_k"": 10}"
disease_5674,Nấm móng có dấu hiệu nào dễ nhận biết?,1,"[""doc_7a089dc6097986f874a9ca02""]","[""ctx_0839a5fa2f9f07f5509c26e0""]",20,6,11,2,True,True,BOTH_HIT,hit_at_evaluated_cutoff,BOTH_HIT,"{""bm25_hit"": true, ""dense_hit"": true, ""union_hit"": true, ""candidate_hit"": true, ""reranker_top_k_hit"": true, ""candidate_depth"": 100, ""ranking_k"": 10}"
disease_14806,Trong những trường hợp nào thì phẫu thuật có thể là lựa chọn điều trị phù hợp cho người bị đau chi ma?,1,"[""doc_bb46abcf2a50e69e949fd9a2""]","[""ctx_790cf7d61c098e4ba9c79217""]",1,1,1,1,True,True,BOTH_HIT,hit_at_evaluated_cutoff,BOTH_HIT,"{""bm25_hit"": true, ""dense_hit"": true, ""union_hit"": true, ""candidate_hit"": true, ""reranker_top_k_hit"": true, ""candidate_depth"": 100, ""ranking_k"": 10}"
disease_15190,Nguyên nhân chính dẫn đến tình trạng đi tiểu ra tinh trùng là gì?,1,"[""doc_ce1c0bc5de1d666a1449fa6d""]","[""ctx_2a10956ac118948a91795ff8""]",2,1,1,1,True,True,BOTH_HIT,hit_at_evaluated_cutoff,BOTH_HIT,"{""bm25_hit"": true, ""dense_hit"": true, ""union_hit"": true, ""candidate_hit"": true, ""reranker_top_k_hit"": true, ""candidate_depth"": 100, ""ranking_k"": 10}"
disease_14016,"Những triệu chứng của bệnh viêm tủy thị thần kinh được chia thành hai loại, hãy kể tên những triệu chứng đó?",1,"[""doc_f2f22cdf07e3d850ec341c69""]","[""ctx_546bb1509c72079f74d0e45c""]",1,1,1,1,True,True,BOTH_HIT,hit_at_evaluated_cutoff,BOTH_HIT,"{""bm25_hit"": true, ""dense_hit"": true, ""union_hit"": true, ""candidate_hit"": true, ""reranker_top_k_hit"": true, ""candidate_depth"": 100, ""ranking_k"": 10}"
disease_7364,Cần làm gì nếu tôi nghĩ rằng mình có thể bị trầm cảm?,1,"[""doc_c31693baa0ad9a2f109454cd""]","[""ctx_dc1bedb328a1931eccdf3713""]",6,68,15,2,True,True,BOTH_HIT,hit_at_evaluated_cutoff,BOTH_HIT,"{""bm25_hit"": true, ""dense_hit"": true, ""union_hit"": true, ""candidate_hit"": true, ""reranker_top_k_hit"": true, ""candidate_depth"": 100, ""ranking_k"": 10}"
disease_13498,"Theo liệu pháp oxy, oxy có thể làm gì để hỗ trợ cho bệnh nhân viêm phổi kẽ?",1,"[""doc_eb6f1874824883c854da6b9c""]","[""ctx_1b72d72ae215e3c02ccdda78""]",62,2,9,1,True,True,BOTH_HIT,hit_at_evaluated_cutoff,BOTH_HIT,"{""bm25_hit"": true, ""dense_hit"": true, ""union_hit"": true, ""candidate_hit"": true, ""reranker_top_k_hit"": true, ""candidate_depth"": 100, ""ranking_k"": 10}"
disease_15661,Hầu hết tình trạng ợ nóng sẽ được kiểm soát như thế nào?,1,"[""doc_b7dddc88b79c9907f0c392a1""]","[""ctx_876c292ec00e6c7890fd4b68""]",1,2,1,1,True,True,BOTH_HIT,hit_at_evaluated_cutoff,BOTH_HIT,"{""bm25_hit"": true, ""dense_hit"": true, ""union_hit"": true, ""candidate_hit"": true, ""reranker_top_k_hit"": true, ""candidate_depth"": 100, ""ranking_k"": 10}"
disease_4053,Trong trường hợp nào thì trẻ bị kén bã đậu cần điều trị bằng thuốc?,1,"[""doc_e0f5ce412bce20614956ce3e""]","[""ctx_493c09f0ea9a0225ef8e807c""]",1,1,1,1,True,True,BOTH_HIT,hit_at_evaluated_cutoff,BOTH_HIT,"{""bm25_hit"": true, ""dense_hit"": true, ""union_hit"": true, ""candidate_hit"": true, ""reranker_top_k_hit"": true, ""candidate_depth"": 100, ""ranking_k"": 10}"
disease_10295,Điều trị trước sinh bằng corticosteroid có an toàn không?,1,"[""doc_7f5f9025959c474086c3664f""]","[""ctx_b343365a6cf7da3522ad00a0""]",1,1,1,1,True,True,BOTH_HIT,hit_at_evaluated_cutoff,BOTH_HIT,"{""bm25_hit"": true, ""dense_hit"": true, ""union_hit"": true, ""candidate_hit"": true, ""reranker_top_k_hit"": true, ""candidate_depth"": 100, ""ranking_k"": 10}"
disease_7,Đo nồng độ điện giải trong máu có thể phát hiện tình trạng nào của bệnh Addison?,1,"[""doc_64eb20bfb3acb632581c74cc""]","[""ctx_aa4957f337c99b1662e0d823""]",2,1,2,1,True,True,BOTH_HIT,hit_at_evaluated_cutoff,BOTH_HIT,"{""bm25_hit"": true, ""dense_hit"": true, ""union_hit"": true, ""candidate_hit"": true, ""reranker_top_k_hit"": true, ""candidate_depth"": 100, ""ranking_k"": 10}"
disease_970,Bệnh động mạch chi dưới là tình trạng như thế nào?,1,"[""doc_dccb0aef8e9e01049b4e1c00""]","[""ctx_6d69c35544cb70d6af5a58a1""]",1,1,1,1,True,True,BOTH_HIT,hit_at_evaluated_cutoff,BOTH_HIT,"{""bm25_hit"": true, ""dense_hit"": true, ""union_hit"": true, ""candidate_hit"": true, ""reranker_top_k_hit"": true, ""candidate_depth"": 100, ""ranking_k"": 10}"
disease_10528,"Đối với người bị tự kỷ, điều gì trở nên khó khăn hơn?",1,"[""doc_22f1ff991ed388693adc9168""]","[""ctx_04a4595dcbb42e8a5251bc78""]",1,1,1,1,True,True,BOTH_HIT,hit_at_evaluated_cutoff,BOTH_HIT,"{""bm25_hit"": true, ""dense_hit"": true, ""union_hit"": true, ""candidate_hit"": true, ""reranker_top_k_hit"": true, ""candidate_depth"": 100, ""ranking_k"": 10}"
disease_8053,"Rau xanh, hoa quả tươi cung cấp nguồn dinh dưỡng nào cho cơ thể?",1,"[""doc_eb225c863d7c01a0b2b87afc""]","[""ctx_8911a6ca6559faf1e4cf7613""]",1,76,7,1,True,True,BOTH_HIT,hit_at_evaluated_cutoff,BOTH_HIT,"{""bm25_hit"": true, ""dense_hit"": true, ""union_hit"": true, ""candidate_hit"": true, ""reranker_top_k_hit"": true, ""candidate_depth"": 100, ""ranking_k"": 10}"
disease_11022,Khả năng tiếp theo của ung thư có thể đi vào các mạch máu để đến các cơ quan khác được gọi là gì?,1,"[""doc_df5a0cd9223c88ab45b87533""]","[""ctx_da2695c350f280c94a41b9ff""]",1,1,1,1,True,True,BOTH_HIT,hit_at_evaluated_cutoff,BOTH_HIT,"{""bm25_hit"": true, ""dense_hit"": true, ""union_hit"": true, ""candidate_hit"": true, ""reranker_top_k_hit"": true, ""candidate_depth"": 100, ""ranking_k"": 10}"
disease_10886,U tụy nội tiết không chức năng thường phát triển ở giai đoạn nào?,1,"[""doc_9b45965970093d0db7fcc801""]","[""ctx_e90367e1051c0c7db7342b54""]",2,1,1,1,True,True,BOTH_HIT,hit_at_evaluated_cutoff,BOTH_HIT,"{""bm25_hit"": true, ""dense_hit"": true, ""union_hit"": true, ""candidate_hit"": true, ""reranker_top_k_hit"": true, ""candidate_depth"": 100, ""ranking_k"": 10}"
disease_12093,Điều trị ung thư xương được phối hợp những phương pháp nào trong điều trị?,1,"[""doc_7879d06ef5c7b63c7e073c9f""]","[""ctx_ca7c33cef4973921006e8f03""]",1,1,1,1,True,True,BOTH_HIT,hit_at_evaluated_cutoff,BOTH_HIT,"{""bm25_hit"": true, ""dense_hit"": true, ""union_hit"": true, ""candidate_hit"": true, ""reranker_top_k_hit"": true, ""candidate_depth"": 100, ""ranking_k"": 10}"
disease_13226,Viêm mũi không dị ứng có giống với viêm mũi dị ứng không?,1,"[""doc_244ea9af970c69cfe4095194""]","[""ctx_d67030fdca3029e009630cd9""]",1,1,1,1,True,True,BOTH_HIT,hit_at_evaluated_cutoff,BOTH_HIT,"{""bm25_hit"": true, ""dense_hit"": true, ""union_hit"": true, ""candidate_hit"": true, ""reranker_top_k_hit"": true, ""candidate_depth"": 100, ""ranking_k"": 10}"
disease_3308,Hội chứng Patau là gì?,1,"[""doc_e6c3975c45af402db401ca55""]","[""ctx_32c5a103c28f40f89149fa84""]",1,1,1,1,True,True,BOTH_HIT,hit_at_evaluated_cutoff,BOTH_HIT,"{""bm25_hit"": true, ""dense_hit"": true, ""union_hit"": true, ""candidate_hit"": true, ""reranker_top_k_hit"": true, ""candidate_depth"": 100, ""ranking_k"": 10}"
disease_838,Cholesterol là gì?,1,"[""doc_207478e6b9fe47e33637cf80""]","[""ctx_c34712990c8f42a909bd4f61""]",3,7,3,5,True,True,BOTH_HIT,hit_at_evaluated_cutoff,BOTH_HIT,"{""bm25_hit"": true, ""dense_hit"": true, ""union_hit"": true, ""candidate_hit"": true, ""reranker_top_k_hit"": true, ""candidate_depth"": 100, ""ranking_k"": 10}"
disease_6495,Glycogen tích tụ ở những cơ quan nào trong cơ thể khi mắc bệnh ứ glycogen bất thường gia đình?,1,"[""doc_248774b42f0bdb12876e850c""]","[""ctx_9203c5ae6f2e4402dd127df2""]",1,1,1,1,True,True,BOTH_HIT,hit_at_evaluated_cutoff,BOTH_HIT,"{""bm25_hit"": true, ""dense_hit"": true, ""union_hit"": true, ""candidate_hit"": true, ""reranker_top_k_hit"": true, ""candidate_depth"": 100, ""ranking_k"": 10}"
disease_5411,Điện tâm đồ (Điện tim) là phương pháp chính để chẩn đoán bệnh gì?,1,"[""doc_aba5c97b4e88fa2d14c19126""]","[""ctx_6dba158f36201af0a8aa1a3a""]",5,4,3,1,True,True,BOTH_HIT,hit_at_evaluated_cutoff,BOTH_HIT,"{""bm25_hit"": true, ""dense_hit"": true, ""union_hit"": true, ""candidate_hit"": true, ""reranker_top_k_hit"": true, ""candidate_depth"": 100, ""ranking_k"": 10}"
disease_7537,Có loại thuốc nào có thể gây ra suy giáp?,1,"[""doc_7961917ececca5d435d6ceaa""]","[""ctx_166d2cfffd645feac3deb9d9""]",1,1,1,1,True,True,BOTH_HIT,hit_at_evaluated_cutoff,BOTH_HIT,"{""bm25_hit"": true, ""dense_hit"": true, ""union_hit"": true, ""candidate_hit"": true, ""reranker_top_k_hit"": true, ""candidate_depth"": 100, ""ranking_k"": 10}"
disease_7858,Suy thượng thận cấp có biểu hiện nào thường gặp?,1,"[""doc_b3088ef282f68ab8ac7250eb""]","[""ctx_d892ca91108fee7de7f5c4df""]",1,1,1,1,True,True,BOTH_HIT,hit_at_evaluated_cutoff,BOTH_HIT,"{""bm25_hit"": true, ""dense_hit"": true, ""union_hit"": true, ""candidate_hit"": true, ""reranker_top_k_hit"": true, ""candidate_depth"": 100, ""ranking_k"": 10}"
disease_15548,Cần làm gì khi có những triệu chứng liên quan đến động kinh?,1,"[""doc_8804214140412093c74c6451""]","[""ctx_80076f5830118f69954bd770""]",2,1,1,4,True,True,BOTH_HIT,hit_at_evaluated_cutoff,BOTH_HIT,"{""bm25_hit"": true, ""dense_hit"": true, ""union_hit"": true, ""candidate_hit"": true, ""reranker_top_k_hit"": true, ""candidate_depth"": 100, ""ranking_k"": 10}"
disease_4387,Tại sao bệnh nhân đang có biến chứng viêm thận nên tránh dùng thuốc kháng viêm không steroid?,1,"[""doc_7c66d2d3a0e59b08fcf1632e""]","[""ctx_339f3e70317caa4a1ff0d21f""]",1,6,1,1,True,True,BOTH_HIT,hit_at_evaluated_cutoff,BOTH_HIT,"{""bm25_hit"": true, ""dense_hit"": true, ""union_hit"": true, ""candidate_hit"": true, ""reranker_top_k_hit"": true, ""candidate_depth"": 100, ""ranking_k"": 10}"
disease_14856,Thuốc chống co thắt có thể gây ra những tác dụng phụ nào?,1,"[""doc_74620b2d44d4524c9d656036""]","[""ctx_d9ecdd455ad38f25b9eec83e""]",1,,11,1,True,True,BM25_ONLY_HIT,hit_at_evaluated_cutoff,BM25_ONLY_HIT,"{""bm25_hit"": true, ""dense_hit"": false, ""union_hit"": true, ""candidate_hit"": true, ""reranker_top_k_hit"": true, ""candidate_depth"": 100, ""ranking_k"": 10}"
disease_12076,Hội chứng ung thư di truyền nào liên quan đến ung thư xương?,1,"[""doc_7879d06ef5c7b63c7e073c9f""]","[""ctx_514ad9cd4e8d83d5021d26c5""]",3,1,1,1,True,True,BOTH_HIT,hit_at_evaluated_cutoff,BOTH_HIT,"{""bm25_hit"": true, ""dense_hit"": true, ""union_hit"": true, ""candidate_hit"": true, ""reranker_top_k_hit"": true, ""candidate_depth"": 100, ""ranking_k"": 10}"
disease_13694,"Ở người lớn, dấu hiệu viêm tai giữa cấp điển hình thường gặp ở vị trí nào?",1,"[""doc_cc38df96f40668a2556c9d34""]","[""ctx_8e5f5f2c51310f2cf4a342d8""]",1,1,1,1,True,True,BOTH_HIT,hit_at_evaluated_cutoff,BOTH_HIT,"{""bm25_hit"": true, ""dense_hit"": true, ""union_hit"": true, ""candidate_hit"": true, ""reranker_top_k_hit"": true, ""candidate_depth"": 100, ""ranking_k"": 10}"
disease_2239,Khi nào nên đi khám chuyên khoa để được chẩn đoán và điều trị kịp thời?,1,"[""doc_6682750c622ba486e8a9f578""]","[""ctx_8d3418770db22a529745db71""]",26,,53,4,True,True,BM25_ONLY_HIT,hit_at_evaluated_cutoff,BM25_ONLY_HIT,"{""bm25_hit"": true, ""dense_hit"": false, ""union_hit"": true, ""candidate_hit"": true, ""reranker_top_k_hit"": true, ""candidate_depth"": 100, ""ranking_k"": 10}"
disease_8674,Thiếu máu tán huyết có liên quan đến bệnh lý tự miễn không?,1,"[""doc_7f47f19290234ba5fd0afe55""]","[""ctx_d413d4000dadce16d614b704""]",1,2,2,1,True,True,BOTH_HIT,hit_at_evaluated_cutoff,BOTH_HIT,"{""bm25_hit"": true, ""dense_hit"": true, ""union_hit"": true, ""candidate_hit"": true, ""reranker_top_k_hit"": true, ""candidate_depth"": 100, ""ranking_k"": 10}"
disease_10272,Dậy thì sớm ở cả nam và nữ là biểu hiện của triệu chứng gì?,1,"[""doc_7f5f9025959c474086c3664f""]","[""ctx_eb9833d60a62eb5f48010e82""]",6,63,15,1,True,True,BOTH_HIT,hit_at_evaluated_cutoff,BOTH_HIT,"{""bm25_hit"": true, ""dense_hit"": true, ""union_hit"": true, ""candidate_hit"": true, ""reranker_top_k_hit"": true, ""candidate_depth"": 100, ""ranking_k"": 10}"
disease_14173,Viêm âm đạo là bệnh gì?,1,"[""doc_8af37770be7bd51f8c52b901""]","[""ctx_502790f86ec92a8312e31359""]",39,2,12,7,False,True,BOTH_HIT;SELECTION_MISS;DOC_HIT_CHUNK_MISS,selection,BOTH_HIT; SELECTION_MISS; DOC_HIT_CHUNK_MISS,"{""bm25_hit"": true, ""dense_hit"": true, ""union_hit"": true, ""candidate_hit"": true, ""reranker_top_k_hit"": true, ""candidate_depth"": 100, ""ranking_k"": 10}"
disease_9179,Nguyên nhân gây ra tinh trùng loãng là gì?,1,"[""doc_31975eb11adc81cc5bcc363c""]","[""ctx_826dba7e3a1a877f21c1e8a8""]",,67,,,False,True,DENSE_ONLY_HIT;FUSION_DROPPED;CANDIDATE_MISS;DOC_HIT_CHUNK_MISS,retrieval_or_fusion,DENSE_ONLY_HIT; FUSION_DROPPED; CANDIDATE_MISS; DOC_HIT_CHUNK_MISS,"{""bm25_hit"": false, ""dense_hit"": true, ""union_hit"": true, ""candidate_hit"": false, ""reranker_top_k_hit"": false, ""candidate_depth"": 100, ""ranking_k"": 10}"
disease_15213,Thuốc kháng cholinergic có tác dụng gì trong điều trị đái rắt do bàng quang hoạt động quá mức?,1,"[""doc_e2cacbe541dafdff80f9c5a8""]","[""ctx_54cc6577f35be93a7f7ccf56""]",1,1,1,1,True,True,BOTH_HIT,hit_at_evaluated_cutoff,BOTH_HIT,"{""bm25_hit"": true, ""dense_hit"": true, ""union_hit"": true, ""candidate_hit"": true, ""reranker_top_k_hit"": true, ""candidate_depth"": 100, ""ranking_k"": 10}"
disease_2491,Làm thế nào để quản lý bệnh gù cột sống khi đồng thời mắc các bệnh lý khác?,1,"[""doc_7c203188d93b5a103639c930""]","[""ctx_160c553acfac49927fd83b6d""]",1,,23,18,False,True,BM25_ONLY_HIT;RERANKER_MISS;SELECTION_MISS;DOC_HIT_CHUNK_MISS,reranker,BM25_ONLY_HIT; RERANKER_MISS; SELECTION_MISS; DOC_HIT_CHUNK_MISS,"{""bm25_hit"": true, ""dense_hit"": false, ""union_hit"": true, ""candidate_hit"": true, ""reranker_top_k_hit"": false, ""candidate_depth"": 100, ""ranking_k"": 10}"
disease_9934,"Tiêu chuẩn ""Lệch lạc"" được hiểu như thế nào?",1,"[""doc_5fc2510a16c6e822ac5c08f0""]","[""ctx_6e29443002d587263f83c8f6""]",2,1,1,1,True,True,BOTH_HIT,hit_at_evaluated_cutoff,BOTH_HIT,"{""bm25_hit"": true, ""dense_hit"": true, ""union_hit"": true, ""candidate_hit"": true, ""reranker_top_k_hit"": true, ""candidate_depth"": 100, ""ranking_k"": 10}"
disease_14839,Người bệnh đau dây thần kinh liên sườn nên làm gì để giảm thiểu nguy cơ xảy ra PHN?,1,"[""doc_86282e45c954b579dd4406f0""]","[""ctx_0bbafeccb8da84a4a19b96a7""]",1,1,1,1,True,True,BOTH_HIT,hit_at_evaluated_cutoff,BOTH_HIT,"{""bm25_hit"": true, ""dense_hit"": true, ""union_hit"": true, ""candidate_hit"": true, ""reranker_top_k_hit"": true, ""candidate_depth"": 100, ""ranking_k"": 10}"
disease_7849,Những bệnh lý nào tại tuyến yên có thể gây ra suy giảm tuyến thượng thận thứ phát?,1,"[""doc_b3088ef282f68ab8ac7250eb""]","[""ctx_dc23596fc2b0c5bde419e898""]",,,,,False,True,BOTH_MISS;CANDIDATE_MISS;DOC_HIT_CHUNK_MISS,retrieval_or_fusion,BOTH_MISS; CANDIDATE_MISS; DOC_HIT_CHUNK_MISS,"{""bm25_hit"": false, ""dense_hit"": false, ""union_hit"": false, ""candidate_hit"": false, ""reranker_top_k_hit"": false, ""candidate_depth"": 100, ""ranking_k"": 10}"
disease_11975,Tại sao phẫu thuật thường không thể kiểm soát được khối u ung thư vòm mũi họng?,1,"[""doc_81b555a4c073a51d42e0a802""]","[""ctx_a665aa5108f32815a2ba3736""]",21,10,12,1,True,True,BOTH_HIT,hit_at_evaluated_cutoff,BOTH_HIT,"{""bm25_hit"": true, ""dense_hit"": true, ""union_hit"": true, ""candidate_hit"": true, ""reranker_top_k_hit"": true, ""candidate_depth"": 100, ""ranking_k"": 10}"
disease_7490,Khi nào người bệnh suy gan được chỉ định nội soi đường tiêu hoá?,1,"[""doc_57a5c8cf48b6cc9a7760f888""]","[""ctx_7d4977843dd8f434979a2c4d""]",1,1,1,1,True,True,BOTH_HIT,hit_at_evaluated_cutoff,BOTH_HIT,"{""bm25_hit"": true, ""dense_hit"": true, ""union_hit"": true, ""candidate_hit"": true, ""reranker_top_k_hit"": true, ""candidate_depth"": 100, ""ranking_k"": 10}"
disease_10345,Kết quả của thử nghiệm chức năng phổi có ý nghĩa gì?,1,"[""doc_9a4650dc64157e78e636abaa""]","[""ctx_32d17928312dc78ae12be189""]",65,1,8,1,True,True,BOTH_HIT,hit_at_evaluated_cutoff,BOTH_HIT,"{""bm25_hit"": true, ""dense_hit"": true, ""union_hit"": true, ""candidate_hit"": true, ""reranker_top_k_hit"": true, ""candidate_depth"": 100, ""ranking_k"": 10}"
disease_12552,Độ ẩm thấp ảnh hưởng thế nào đến da?,1,"[""doc_26a1647b49660d8df38f24c5""]","[""ctx_e2a2c4af673677b852839b45""]",7,1,1,1,True,True,BOTH_HIT,hit_at_evaluated_cutoff,BOTH_HIT,"{""bm25_hit"": true, ""dense_hit"": true, ""union_hit"": true, ""candidate_hit"": true, ""reranker_top_k_hit"": true, ""candidate_depth"": 100, ""ranking_k"": 10}"
disease_8567,Liều lượng khuyến cáo hằng ngày của vitamin B12 đối với người lớn là bao nhiêu?,1,"[""doc_d3b626134c1b452203f05ea4""]","[""ctx_1adf10f5e153b3e420d26390""]",25,44,17,3,True,True,BOTH_HIT,hit_at_evaluated_cutoff,BOTH_HIT,"{""bm25_hit"": true, ""dense_hit"": true, ""union_hit"": true, ""candidate_hit"": true, ""reranker_top_k_hit"": true, ""candidate_depth"": 100, ""ranking_k"": 10}"
disease_10179,Nguyên nhân của tăng nhãn áp là gì?,1,"[""doc_4b690f4d600305d9909f51e7""]","[""ctx_c2408d255848f32f97390ad6""]",11,1,3,1,True,True,BOTH_HIT,hit_at_evaluated_cutoff,BOTH_HIT,"{""bm25_hit"": true, ""dense_hit"": true, ""union_hit"": true, ""candidate_hit"": true, ""reranker_top_k_hit"": true, ""candidate_depth"": 100, ""ranking_k"": 10}"
disease_4892,Tại sao các bác sĩ có thể đề nghị thực hiện thủ thuật nội soi ổ bụng để chẩn đoán nang nước cạnh buồng trứng?,1,"[""doc_699fe5242ba4f76fb9e977ec""]","[""ctx_cfe4d10ef90c88f8fb958de7""]",1,2,2,1,True,True,BOTH_HIT,hit_at_evaluated_cutoff,BOTH_HIT,"{""bm25_hit"": true, ""dense_hit"": true, ""union_hit"": true, ""candidate_hit"": true, ""reranker_top_k_hit"": true, ""candidate_depth"": 100, ""ranking_k"": 10}"
disease_7931,Nguyên nhân di truyền nào có thể dẫn đến sưng lưỡi gà?,1,"[""doc_8b60d9b7abd991ab7da18064""]","[""ctx_3fd45524c0168e9aa370d022""]",1,1,1,1,True,True,BOTH_HIT,hit_at_evaluated_cutoff,BOTH_HIT,"{""bm25_hit"": true, ""dense_hit"": true, ""union_hit"": true, ""candidate_hit"": true, ""reranker_top_k_hit"": true, ""candidate_depth"": 100, ""ranking_k"": 10}"
disease_14752,"Khi lựa chọn sử dụng tinh dầu, tôi cần phải lưu ý những điều gì?",1,"[""doc_407d9915d3b25fc6b22fe731""]","[""ctx_81d6bcdcaf4d671e6c98786e""]",,,,,False,False,BOTH_MISS;CANDIDATE_MISS;DOC_AND_CHUNK_MISS,retrieval_or_fusion,BOTH_MISS; CANDIDATE_MISS; DOC_AND_CHUNK_MISS,"{""bm25_hit"": false, ""dense_hit"": false, ""union_hit"": false, ""candidate_hit"": false, ""reranker_top_k_hit"": false, ""candidate_depth"": 100, ""ranking_k"": 10}"
disease_6589,Căn bệnh rối loạn cương dương xuất hiện ở nam giới giai đoạn nào phổ biến hơn?,1,"[""doc_038a8e19b79f8506e84faa06""]","[""ctx_52d1c1bee94cfcc1f89d74a1""]",14,2,4,2,True,True,BOTH_HIT,hit_at_evaluated_cutoff,BOTH_HIT,"{""bm25_hit"": true, ""dense_hit"": true, ""union_hit"": true, ""candidate_hit"": true, ""reranker_top_k_hit"": true, ""candidate_depth"": 100, ""ranking_k"": 10}"
disease_7979,Khi bị sặc nước bọt thì nên làm gì?,1,"[""doc_1dee4e55c5ceb5e58d371846""]","[""ctx_d85eb2b06252b1fe96d91c9e""]",3,3,3,1,True,True,BOTH_HIT,hit_at_evaluated_cutoff,BOTH_HIT,"{""bm25_hit"": true, ""dense_hit"": true, ""union_hit"": true, ""candidate_hit"": true, ""reranker_top_k_hit"": true, ""candidate_depth"": 100, ""ranking_k"": 10}"
disease_5626,Tại sao cần rửa tay thường xuyên để phòng ngừa bệnh nấm da đầu?,1,"[""doc_172bbf15e0965738de4ab580""]","[""ctx_7a750b13c726db47842fd8ac""]",,,,,False,True,BOTH_MISS;CANDIDATE_MISS;DOC_HIT_CHUNK_MISS,retrieval_or_fusion,BOTH_MISS; CANDIDATE_MISS; DOC_HIT_CHUNK_MISS,"{""bm25_hit"": false, ""dense_hit"": false, ""union_hit"": false, ""candidate_hit"": false, ""reranker_top_k_hit"": false, ""candidate_depth"": 100, ""ranking_k"": 10}"
disease_3368,Hội chứng Sjogren có thể khởi phát ở lứa tuổi nào?,1,"[""doc_b8c2dd626ac863df72fdccd2""]","[""ctx_4bda6392c4f92cbaf18f8c7b""]",1,1,1,1,True,True,BOTH_HIT,hit_at_evaluated_cutoff,BOTH_HIT,"{""bm25_hit"": true, ""dense_hit"": true, ""union_hit"": true, ""candidate_hit"": true, ""reranker_top_k_hit"": true, ""candidate_depth"": 100, ""ranking_k"": 10}"
disease_14811,Hiệu quả của phương pháp sử dụng kính thực tế ảo đối với bệnh nhân đau chi ma như thế nào?,1,"[""doc_bb46abcf2a50e69e949fd9a2""]","[""ctx_a53ca15ac8e682adc7b2e74c""]",1,1,1,1,True,True,BOTH_HIT,hit_at_evaluated_cutoff,BOTH_HIT,"{""bm25_hit"": true, ""dense_hit"": true, ""union_hit"": true, ""candidate_hit"": true, ""reranker_top_k_hit"": true, ""candidate_depth"": 100, ""ranking_k"": 10}"
disease_1661,Đeo kính cận quá yếu có thể dẫn đến tình trạng gì?,1,"[""doc_abd9b87dbda1b5646999e512""]","[""ctx_cabad0d5c0dc2351ae573a7d""]",1,8,2,1,True,True,BOTH_HIT,hit_at_evaluated_cutoff,BOTH_HIT,"{""bm25_hit"": true, ""dense_hit"": true, ""union_hit"": true, ""candidate_hit"": true, ""reranker_top_k_hit"": true, ""candidate_depth"": 100, ""ranking_k"": 10}"
disease_5363,Các triệu chứng của rối loạn cảm xúc là gì?,1,"[""doc_cb09e295ced2775d5810fa91""]","[""ctx_56a4e1c8d70b331491c31ee8""]",2,6,3,8,False,True,BOTH_HIT;SELECTION_MISS;DOC_HIT_CHUNK_MISS,selection,BOTH_HIT; SELECTION_MISS; DOC_HIT_CHUNK_MISS,"{""bm25_hit"": true, ""dense_hit"": true, ""union_hit"": true, ""candidate_hit"": true, ""reranker_top_k_hit"": true, ""candidate_depth"": 100, ""ranking_k"": 10}"
disease_345,Tình trạng chảy máu nào là biểu hiện phổ biến nhất của bệnh?,1,"[""doc_64f4af921406baa9b5c87147""]","[""ctx_7ba4fa5a866a50586aa7a3ad""]",1,2,1,1,True,True,BOTH_HIT,hit_at_evaluated_cutoff,BOTH_HIT,"{""bm25_hit"": true, ""dense_hit"": true, ""union_hit"": true, ""candidate_hit"": true, ""reranker_top_k_hit"": true, ""candidate_depth"": 100, ""ranking_k"": 10}"
disease_13415,Kể một thủ thuật xâm lấn có thể dẫn đến viêm phúc mạc thứ phát?,1,"[""doc_6663efb55680896b0ab3efb0""]","[""ctx_36600b13019a640cdc372a80""]",1,1,1,1,True,True,BOTH_HIT,hit_at_evaluated_cutoff,BOTH_HIT,"{""bm25_hit"": true, ""dense_hit"": true, ""union_hit"": true, ""candidate_hit"": true, ""reranker_top_k_hit"": true, ""candidate_depth"": 100, ""ranking_k"": 10}"
disease_6157,Tình trạng chậm đi tiêu phân su sau sinh có ý nghĩa gì trong việc phát hiện bệnh lý phình đại tràng bẩm sinh?,1,"[""doc_ea1694438873becf2a20dd7e""]","[""ctx_7b7641551ec3ae58717e87d2""]",1,1,1,1,True,True,BOTH_HIT,hit_at_evaluated_cutoff,BOTH_HIT,"{""bm25_hit"": true, ""dense_hit"": true, ""union_hit"": true, ""candidate_hit"": true, ""reranker_top_k_hit"": true, ""candidate_depth"": 100, ""ranking_k"": 10}"
disease_11719,Yếu tố nào ảnh hưởng đến tiên lượng sống còn của bệnh nhân ung thư tuyến giáp dạng nhú?,1,"[""doc_feb760ec2519bfd100ac1c96""]","[""ctx_bbb346ed08e349cde850432e""]",1,1,1,2,True,True,BOTH_HIT,hit_at_evaluated_cutoff,BOTH_HIT,"{""bm25_hit"": true, ""dense_hit"": true, ""union_hit"": true, ""candidate_hit"": true, ""reranker_top_k_hit"": true, ""candidate_depth"": 100, ""ranking_k"": 10}"
disease_6886,Rối loạn nhân cách tránh né phổ biến đến mức nào?,1,"[""doc_885ea7277e1d42359ab5cbf0""]","[""ctx_57095849d22099284a7b74bc""]",2,1,1,1,True,True,BOTH_HIT,hit_at_evaluated_cutoff,BOTH_HIT,"{""bm25_hit"": true, ""dense_hit"": true, ""union_hit"": true, ""candidate_hit"": true, ""reranker_top_k_hit"": true, ""candidate_depth"": 100, ""ranking_k"": 10}"
disease_3282,Có bao nhiêu biến thể kiểu hình gen ở hội chứng Klinefelter?,1,"[""doc_c6c27452d7cb664146db0c3f""]","[""ctx_6e897194825e672d5400f240""]",1,3,2,1,True,True,BOTH_HIT,hit_at_evaluated_cutoff,BOTH_HIT,"{""bm25_hit"": true, ""dense_hit"": true, ""union_hit"": true, ""candidate_hit"": true, ""reranker_top_k_hit"": true, ""candidate_depth"": 100, ""ranking_k"": 10}"
disease_1900,Xét nghiệm máu được sử dụng để chẩn đoán dị ứng lúa mì trong trường hợp nào?,1,"[""doc_4b011bf5df070c7b03ee0137""]","[""ctx_f07dc12a6aca41e966feecfa""]",2,1,1,1,True,True,BOTH_HIT,hit_at_evaluated_cutoff,BOTH_HIT,"{""bm25_hit"": true, ""dense_hit"": true, ""union_hit"": true, ""candidate_hit"": true, ""reranker_top_k_hit"": true, ""candidate_depth"": 100, ""ranking_k"": 10}"
disease_14164,Tại sao nên vệ sinh đồ lót sạch sẽ và phơi khô trước khi mặc?,1,"[""doc_8af37770be7bd51f8c52b901""]","[""ctx_cc366493fb48a641778a2b01""]",1,4,1,1,True,True,BOTH_HIT,hit_at_evaluated_cutoff,BOTH_HIT,"{""bm25_hit"": true, ""dense_hit"": true, ""union_hit"": true, ""candidate_hit"": true, ""reranker_top_k_hit"": true, ""candidate_depth"": 100, ""ranking_k"": 10}"
disease_12876,Khi nào nên đi khám bác sĩ nếu nghi ngờ bị viêm khớp ngón tay?,1,"[""doc_12a0eb67320a75b06cb0886d""]","[""ctx_5f6f198290c4426d0e95b3ab""]",2,2,2,1,True,True,BOTH_HIT,hit_at_evaluated_cutoff,BOTH_HIT,"{""bm25_hit"": true, ""dense_hit"": true, ""union_hit"": true, ""candidate_hit"": true, ""reranker_top_k_hit"": true, ""candidate_depth"": 100, ""ranking_k"": 10}"
disease_13108,Những triệu chứng phổ biến nhất của viêm màng não do vi khuẩn là gì?,1,"[""doc_140420010f20086654552448""]","[""ctx_64d4f27f92ca6097ae0490e4""]",10,1,5,1,True,True,BOTH_HIT,hit_at_evaluated_cutoff,BOTH_HIT,"{""bm25_hit"": true, ""dense_hit"": true, ""union_hit"": true, ""candidate_hit"": true, ""reranker_top_k_hit"": true, ""candidate_depth"": 100, ""ranking_k"": 10}"
disease_14833,"Trong trường hợp phẫu thuật lồng ngực, điều quan trọng cần thực hiện gì để kiểm soát cơn đau trước phẫu thuật?",1,"[""doc_86282e45c954b579dd4406f0""]","[""ctx_50bc18cdfc126a16d27db645""]",1,1,1,1,True,True,BOTH_HIT,hit_at_evaluated_cutoff,BOTH_HIT,"{""bm25_hit"": true, ""dense_hit"": true, ""union_hit"": true, ""candidate_hit"": true, ""reranker_top_k_hit"": true, ""candidate_depth"": 100, ""ranking_k"": 10}"
disease_1292,"Loại thuốc nào sau đây không thuộc nhóm thuốc chống trầm cảm ba vòng: Amitriptyline, Nortriptyline, Duloxetine?",1,"[""doc_1f2a2c67823771c5076ca0e6""]","[""ctx_56d07472eb953deb5e1e59c4""]",1,3,1,1,True,True,BOTH_HIT,hit_at_evaluated_cutoff,BOTH_HIT,"{""bm25_hit"": true, ""dense_hit"": true, ""union_hit"": true, ""candidate_hit"": true, ""reranker_top_k_hit"": true, ""candidate_depth"": 100, ""ranking_k"": 10}"
disease_2715,Bệnh huyết khối tĩnh mạch do ứ trệ tuần hoàn hình thành như thế nào?,1,"[""doc_28cf0328537d4c4ffe73934c""]","[""ctx_77afaa559bd0ce4ffdd09204""]",,,,,False,True,BOTH_MISS;CANDIDATE_MISS;DOC_HIT_CHUNK_MISS,retrieval_or_fusion,BOTH_MISS; CANDIDATE_MISS; DOC_HIT_CHUNK_MISS,"{""bm25_hit"": false, ""dense_hit"": false, ""union_hit"": false, ""candidate_hit"": false, ""reranker_top_k_hit"": false, ""candidate_depth"": 100, ""ranking_k"": 10}"
disease_12206,Chăm sóc giảm nhẹ được thực hiện cùng với các phương pháp điều trị thích hợp mang lại lợi ích gì?,1,"[""doc_5657f30f81bba227bbbebdef""]","[""ctx_2479a18610eb3a7a6c2e8db5""]",2,3,3,2,True,True,BOTH_HIT,hit_at_evaluated_cutoff,BOTH_HIT,"{""bm25_hit"": true, ""dense_hit"": true, ""union_hit"": true, ""candidate_hit"": true, ""reranker_top_k_hit"": true, ""candidate_depth"": 100, ""ranking_k"": 10}"
disease_7899,Làm thế nào để chẩn đoán thiếu prolactin?,1,"[""doc_a670b1b7f3ce9fe89fc3054b""]","[""ctx_ad999424ed7d82844ddb3f8f""]",1,1,1,1,True,True,BOTH_HIT,hit_at_evaluated_cutoff,BOTH_HIT,"{""bm25_hit"": true, ""dense_hit"": true, ""union_hit"": true, ""candidate_hit"": true, ""reranker_top_k_hit"": true, ""candidate_depth"": 100, ""ranking_k"": 10}"
disease_2698,Các loại thuốc ổn định tâm trạng là gì và lợi ích của thuốc như thế nào?,1,"[""doc_2b03cbbc5599a334f9836903""]","[""ctx_de684e20a99535e4b68b7bd8""]",2,1,1,1,True,True,BOTH_HIT,hit_at_evaluated_cutoff,BOTH_HIT,"{""bm25_hit"": true, ""dense_hit"": true, ""union_hit"": true, ""candidate_hit"": true, ""reranker_top_k_hit"": true, ""candidate_depth"": 100, ""ranking_k"": 10}"
disease_2440,Điều trị gãy xương cổ chân - Gãy ba xương mắc cá3? là gì?,1,"[""doc_a2b42d4862bb811c1dd7b0d1""]","[""ctx_263d3335f8579004d992ae69""]",27,1,9,1,True,True,BOTH_HIT,hit_at_evaluated_cutoff,BOTH_HIT,"{""bm25_hit"": true, ""dense_hit"": true, ""union_hit"": true, ""candidate_hit"": true, ""reranker_top_k_hit"": true, ""candidate_depth"": 100, ""ranking_k"": 10}"
disease_7069,"Trong quá trình kiểm tra biểu đồ tư thế, người bệnh cần thực hiện hành động gì?",1,"[""doc_8ab9a1a2d4a379d73536a9fb""]","[""ctx_8b04f2543a086735931e40ad""]",2,1,1,1,True,True,BOTH_HIT,hit_at_evaluated_cutoff,BOTH_HIT,"{""bm25_hit"": true, ""dense_hit"": true, ""union_hit"": true, ""candidate_hit"": true, ""reranker_top_k_hit"": true, ""candidate_depth"": 100, ""ranking_k"": 10}"
disease_8819,Cần chú ý những gì khi dùng thuốc điều trị thoái hóa khớp gối ở người cao tuổi?,1,"[""doc_ebb9622879ad995f75a5ee5e""]","[""ctx_93de1ac1affb7303ea0f9398""]",82,2,12,1,True,True,BOTH_HIT,hit_at_evaluated_cutoff,BOTH_HIT,"{""bm25_hit"": true, ""dense_hit"": true, ""union_hit"": true, ""candidate_hit"": true, ""reranker_top_k_hit"": true, ""candidate_depth"": 100, ""ranking_k"": 10}"
disease_13516,Do đâu mà virus gây viêm phổi thường gây bệnh nhẹ?,1,"[""doc_c38b4ba654d1041ee38c9dfb""]","[""ctx_c786777b5d0c3de259f68f34""]",1,1,1,1,True,True,BOTH_HIT,hit_at_evaluated_cutoff,BOTH_HIT,"{""bm25_hit"": true, ""dense_hit"": true, ""union_hit"": true, ""candidate_hit"": true, ""reranker_top_k_hit"": true, ""candidate_depth"": 100, ""ranking_k"": 10}"
disease_2290,Nguyên nhân ưu tiên bác sĩ cần loại trừ đầu tiên khi bệnh nhân có dấu hiệu bất thường ở vú là gì?,1,"[""doc_6086b6143efe18b936b481a8""]","[""ctx_ea24c7c6062431a02dee0f07""]",1,1,1,1,True,True,BOTH_HIT,hit_at_evaluated_cutoff,BOTH_HIT,"{""bm25_hit"": true, ""dense_hit"": true, ""union_hit"": true, ""candidate_hit"": true, ""reranker_top_k_hit"": true, ""candidate_depth"": 100, ""ranking_k"": 10}"
disease_13551,Hậu quả có thể xảy ra khi bị nhiễm HPV qua đường sinh dục là gì?,1,"[""doc_6c8f874c132783ec41d26fd3""]","[""ctx_b09b50f4ec472fab3f41891c""]",1,1,1,1,True,True,BOTH_HIT,hit_at_evaluated_cutoff,BOTH_HIT,"{""bm25_hit"": true, ""dense_hit"": true, ""union_hit"": true, ""candidate_hit"": true, ""reranker_top_k_hit"": true, ""candidate_depth"": 100, ""ranking_k"": 10}"
disease_9437,Bệnh tiền sản giật là gì?,1,"[""doc_0f5b338f4a9c1cc4d56b8c62""]","[""ctx_c556691818e561308bda9faa""]",2,4,1,2,True,True,BOTH_HIT,hit_at_evaluated_cutoff,BOTH_HIT,"{""bm25_hit"": true, ""dense_hit"": true, ""union_hit"": true, ""candidate_hit"": true, ""reranker_top_k_hit"": true, ""candidate_depth"": 100, ""ranking_k"": 10}"
disease_8591,Nguyên nhân của thiếu máu não thoáng qua thường là gì?,1,"[""doc_da45dc733d61130a76666e5b""]","[""ctx_0c07181413e5b304f93124cb""]",47,9,16,1,True,True,BOTH_HIT,hit_at_evaluated_cutoff,BOTH_HIT,"{""bm25_hit"": true, ""dense_hit"": true, ""union_hit"": true, ""candidate_hit"": true, ""reranker_top_k_hit"": true, ""candidate_depth"": 100, ""ranking_k"": 10}"
disease_10815,Bệnh nhân mắc khối u não diến tiến chậm cần tái khám như thế nào?,1,"[""doc_d9249ee15e0a950293ce6719""]","[""ctx_e1217a1c81885eaa778630c5""]",1,2,1,1,True,True,BOTH_HIT,hit_at_evaluated_cutoff,BOTH_HIT,"{""bm25_hit"": true, ""dense_hit"": true, ""union_hit"": true, ""candidate_hit"": true, ""reranker_top_k_hit"": true, ""candidate_depth"": 100, ""ranking_k"": 10}"
disease_7935,Những hoạt động nào làm tăng nguy cơ bị sưng lưỡi gà?,1,"[""doc_8b60d9b7abd991ab7da18064""]","[""ctx_9390322605d984850f755536""]",3,1,2,1,True,True,BOTH_HIT,hit_at_evaluated_cutoff,BOTH_HIT,"{""bm25_hit"": true, ""dense_hit"": true, ""union_hit"": true, ""candidate_hit"": true, ""reranker_top_k_hit"": true, ""candidate_depth"": 100, ""ranking_k"": 10}"
disease_10861,Sinh thiết giúp chẩn đoán những gì?,1,"[""doc_3b932eb37f5d38586a380c71""]","[""ctx_10a113c100a57eabaddfc320""]",19,10,10,1,True,True,BOTH_HIT,hit_at_evaluated_cutoff,BOTH_HIT,"{""bm25_hit"": true, ""dense_hit"": true, ""union_hit"": true, ""candidate_hit"": true, ""reranker_top_k_hit"": true, ""candidate_depth"": 100, ""ranking_k"": 10}"
disease_9698,Tại sao thuốc bôi chứa hydrocortisone được sử dụng để điều trị bệnh trĩ?,1,"[""doc_32c2aa213acd62b2f83f5cf6""]","[""ctx_96be0afa9979372f9354f80c""]",1,2,1,1,True,True,BOTH_HIT,hit_at_evaluated_cutoff,BOTH_HIT,"{""bm25_hit"": true, ""dense_hit"": true, ""union_hit"": true, ""candidate_hit"": true, ""reranker_top_k_hit"": true, ""candidate_depth"": 100, ""ranking_k"": 10}"
disease_3472,Các xét nghiệm nào được sử dụng để chẩn đoán các dạng hiếm hơn của hội chứng chèn ép dây thần kinh?,1,"[""doc_b0f307f4abfe2360b495cf89""]","[""ctx_3d8e5d01aa8a048c2251ecff""]",1,1,1,1,True,True,BOTH_HIT,hit_at_evaluated_cutoff,BOTH_HIT,"{""bm25_hit"": true, ""dense_hit"": true, ""union_hit"": true, ""candidate_hit"": true, ""reranker_top_k_hit"": true, ""candidate_depth"": 100, ""ranking_k"": 10}"
disease_8382,Một trong những dấu hiệu đầu tiên thông thường của bệnh Tay-Sachs bán cấp là gì?,1,"[""doc_711d74c26979a12fdf310230""]","[""ctx_8cef00ea0c7a3a9deba94460""]",9,28,5,1,True,True,BOTH_HIT,hit_at_evaluated_cutoff,BOTH_HIT,"{""bm25_hit"": true, ""dense_hit"": true, ""union_hit"": true, ""candidate_hit"": true, ""reranker_top_k_hit"": true, ""candidate_depth"": 100, ""ranking_k"": 10}"
disease_14847,Cơn đau dây thần kinh sinh ba thường xuất hiện như thế nào?,1,"[""doc_74620b2d44d4524c9d656036""]","[""ctx_ec1bb0fc437bc7c31d1faad5""]",1,1,1,1,True,True,BOTH_HIT,hit_at_evaluated_cutoff,BOTH_HIT,"{""bm25_hit"": true, ""dense_hit"": true, ""union_hit"": true, ""candidate_hit"": true, ""reranker_top_k_hit"": true, ""candidate_depth"": 100, ""ranking_k"": 10}"
disease_11358,Tại sao ung thư màng phổi thường bị nhầm lẫn với các bệnh lý khác?,1,"[""doc_9823be295246204226e9b591""]","[""ctx_1473a90b5e70fe2708271d4c""]",1,1,1,1,True,True,BOTH_HIT,hit_at_evaluated_cutoff,BOTH_HIT,"{""bm25_hit"": true, ""dense_hit"": true, ""union_hit"": true, ""candidate_hit"": true, ""reranker_top_k_hit"": true, ""candidate_depth"": 100, ""ranking_k"": 10}"
disease_5690,Triệu chứng toàn thân của bệnh nấm thanh quản là gì?,1,"[""doc_783e42bbfaef42cd08f590e0""]","[""ctx_ab0c1d5eccd8ba204b1a6595""]",1,1,1,1,True,True,BOTH_HIT,hit_at_evaluated_cutoff,BOTH_HIT,"{""bm25_hit"": true, ""dense_hit"": true, ""union_hit"": true, ""candidate_hit"": true, ""reranker_top_k_hit"": true, ""candidate_depth"": 100, ""ranking_k"": 10}"
disease_13911,Giảm hấp thu iod hoặc giảm bắt xạ là dấu hiệu của bệnh gì?,1,"[""doc_cddf1ead0ab6c66f8614d9a7""]","[""ctx_d3cad4f36fe664e763821f55""]",1,1,1,1,True,True,BOTH_HIT,hit_at_evaluated_cutoff,BOTH_HIT,"{""bm25_hit"": true, ""dense_hit"": true, ""union_hit"": true, ""candidate_hit"": true, ""reranker_top_k_hit"": true, ""candidate_depth"": 100, ""ranking_k"": 10}"
disease_7523,Suy giáp gây ảnh hưởng như thế nào đến hệ tiêu hóa?,1,"[""doc_7961917ececca5d435d6ceaa""]","[""ctx_743139ba14257cbe9deb4c65""]",7,1,1,1,True,True,BOTH_HIT,hit_at_evaluated_cutoff,BOTH_HIT,"{""bm25_hit"": true, ""dense_hit"": true, ""union_hit"": true, ""candidate_hit"": true, ""reranker_top_k_hit"": true, ""candidate_depth"": 100, ""ranking_k"": 10}"
disease_2165,"Ngoài các xét nghiệm bằng kính hiển vi hoặc kính lúp, có biện pháp nào khác để chẩn đoán bệnh ghẻ không?",1,"[""doc_a78b2b9522d95f6d00dd7f76""]","[""ctx_99c049d0cabeac80cc7d1a64""]",1,1,1,1,True,True,BOTH_HIT,hit_at_evaluated_cutoff,BOTH_HIT,"{""bm25_hit"": true, ""dense_hit"": true, ""union_hit"": true, ""candidate_hit"": true, ""reranker_top_k_hit"": true, ""candidate_depth"": 100, ""ranking_k"": 10}"
disease_10134,Điều gì có thể xảy ra nếu giảm huyết áp quá nhanh hoặc quá nhiều?,1,"[""doc_87d83a19f0c99aa50370acbe""]","[""ctx_8e146620d8bbef3c024349ef""]",1,1,1,1,True,True,BOTH_HIT,hit_at_evaluated_cutoff,BOTH_HIT,"{""bm25_hit"": true, ""dense_hit"": true, ""union_hit"": true, ""candidate_hit"": true, ""reranker_top_k_hit"": true, ""candidate_depth"": 100, ""ranking_k"": 10}"
disease_9191,Thắt ống dẫn tinh có gây tinh trùng yếu không?,1,"[""doc_31975eb11adc81cc5bcc363c""]","[""ctx_03fc4ee87281f2ebef56d3b1""]",11,33,9,3,True,True,BOTH_HIT,hit_at_evaluated_cutoff,BOTH_HIT,"{""bm25_hit"": true, ""dense_hit"": true, ""union_hit"": true, ""candidate_hit"": true, ""reranker_top_k_hit"": true, ""candidate_depth"": 100, ""ranking_k"": 10}"
disease_12599,Bệnh viêm da tiết bã kéo dài đến bao lâu?,1,"[""doc_9a832457597a3a67045c9f67""]","[""ctx_1af8d17f463c86ae7a67ab2a""]",3,1,1,1,True,True,BOTH_HIT,hit_at_evaluated_cutoff,BOTH_HIT,"{""bm25_hit"": true, ""dense_hit"": true, ""union_hit"": true, ""candidate_hit"": true, ""reranker_top_k_hit"": true, ""candidate_depth"": 100, ""ranking_k"": 10}"
disease_14636,Xét nghiệm gen MEN 1 có ý nghĩa gì trong chẩn đoán hội chứng MEN 1?,1,"[""doc_b8539c8c25da0779705c08eb""]","[""ctx_9392ca1b87f8f9bd8a3cee14""]",1,1,1,1,True,True,BOTH_HIT,hit_at_evaluated_cutoff,BOTH_HIT,"{""bm25_hit"": true, ""dense_hit"": true, ""union_hit"": true, ""candidate_hit"": true, ""reranker_top_k_hit"": true, ""candidate_depth"": 100, ""ranking_k"": 10}"
disease_6777,"Theo định nghĩa của ICD-10, rối loạn lên đồng được đặc trưng như thế nào?",1,"[""doc_e6c4c659ea060ff5e34e1a30""]","[""ctx_9c1120afec0adf59cab09708""]",1,1,1,1,True,True,BOTH_HIT,hit_at_evaluated_cutoff,BOTH_HIT,"{""bm25_hit"": true, ""dense_hit"": true, ""union_hit"": true, ""candidate_hit"": true, ""reranker_top_k_hit"": true, ""candidate_depth"": 100, ""ranking_k"": 10}"
disease_15463,Thiết bị nào được cấy vào người để kích thích dây thần kinh phế vị?,1,"[""doc_054ec15cfb1f43ff7d0c8561""]","[""ctx_8dbb6c15f55751a6c228710a""]",1,1,1,1,True,True,BOTH_HIT,hit_at_evaluated_cutoff,BOTH_HIT,"{""bm25_hit"": true, ""dense_hit"": true, ""union_hit"": true, ""candidate_hit"": true, ""reranker_top_k_hit"": true, ""candidate_depth"": 100, ""ranking_k"": 10}"
disease_13587,Những loại vắc-xin nào thường được khuyến cáo tiêm cho bệnh nhân IBD?,1,"[""doc_70c32982ecd0abc93ffa81c2""]","[""ctx_9de7822e3df661b92b8a8bc7""]",27,1,4,1,True,True,BOTH_HIT,hit_at_evaluated_cutoff,BOTH_HIT,"{""bm25_hit"": true, ""dense_hit"": true, ""union_hit"": true, ""candidate_hit"": true, ""reranker_top_k_hit"": true, ""candidate_depth"": 100, ""ranking_k"": 10}"
disease_13630,Ăn không thấy ngon miệng có liên quan gì đến viêm ruột thừa không?,1,"[""doc_1102888899b04a13931d6cb6""]","[""ctx_41247de3838b3e7fbe0bc4ef""]",2,64,9,3,True,True,BOTH_HIT,hit_at_evaluated_cutoff,BOTH_HIT,"{""bm25_hit"": true, ""dense_hit"": true, ""union_hit"": true, ""candidate_hit"": true, ""reranker_top_k_hit"": true, ""candidate_depth"": 100, ""ranking_k"": 10}"
disease_7249,Những trường hợp nào chứng ái vật mới được xem là rối loạn?,1,"[""doc_0e2f68116c3cce504244b17d""]","[""ctx_65c6d9dbc3df2541cdafba8e""]",1,1,1,1,True,True,BOTH_HIT,hit_at_evaluated_cutoff,BOTH_HIT,"{""bm25_hit"": true, ""dense_hit"": true, ""union_hit"": true, ""candidate_hit"": true, ""reranker_top_k_hit"": true, ""candidate_depth"": 100, ""ranking_k"": 10}"
disease_3742,Bệnh hở van tim thường liên quan đến những bệnh lý nào khác?,1,"[""doc_253f192cbe46138e9fc934a1""]","[""ctx_9ea6b986f8ac6c914d8012ba""]",30,3,12,7,False,True,BOTH_HIT;SELECTION_MISS;DOC_HIT_CHUNK_MISS,selection,BOTH_HIT; SELECTION_MISS; DOC_HIT_CHUNK_MISS,"{""bm25_hit"": true, ""dense_hit"": true, ""union_hit"": true, ""candidate_hit"": true, ""reranker_top_k_hit"": true, ""candidate_depth"": 100, ""ranking_k"": 10}"
disease_13487,Dựa vào đặc điểm nào để phân biệt các loại viêm phổi kẽ nhóm diễn tiến bệnh nhanh?,1,"[""doc_eb6f1874824883c854da6b9c""]","[""ctx_586ff16039856c0fb5d29b2e""]",1,1,1,1,True,True,BOTH_HIT,hit_at_evaluated_cutoff,BOTH_HIT,"{""bm25_hit"": true, ""dense_hit"": true, ""union_hit"": true, ""candidate_hit"": true, ""reranker_top_k_hit"": true, ""candidate_depth"": 100, ""ranking_k"": 10}"
disease_13225,Những loại viêm mũi không dị ứng thường gặp là gì?,1,"[""doc_244ea9af970c69cfe4095194""]","[""ctx_d67030fdca3029e009630cd9""]",1,1,1,1,True,True,BOTH_HIT,hit_at_evaluated_cutoff,BOTH_HIT,"{""bm25_hit"": true, ""dense_hit"": true, ""union_hit"": true, ""candidate_hit"": true, ""reranker_top_k_hit"": true, ""candidate_depth"": 100, ""ranking_k"": 10}"
disease_12028,Các yếu tố nào có thể làm tăng nguy cơ ung thư vú?,1,"[""doc_3c1e091e7b477d1faf99f606""]","[""ctx_9131a4d3edb2888d6df1c5f8""]",4,3,4,3,True,True,BOTH_HIT,hit_at_evaluated_cutoff,BOTH_HIT,"{""bm25_hit"": true, ""dense_hit"": true, ""union_hit"": true, ""candidate_hit"": true, ""reranker_top_k_hit"": true, ""candidate_depth"": 100, ""ranking_k"": 10}"
disease_749,Khoảng thời gian xuất hiện của những dấu hiệu và triệu chứng ban đầu sau khi bắt đầu phơi nhiễm phụ thuộc vào điều gì?,1,"[""doc_28d1a2839a4df8f01f6fadb2""]","[""ctx_86907a09818fef2358bdd26b""]",1,1,1,1,True,True,BOTH_HIT,hit_at_evaluated_cutoff,BOTH_HIT,"{""bm25_hit"": true, ""dense_hit"": true, ""union_hit"": true, ""candidate_hit"": true, ""reranker_top_k_hit"": true, ""candidate_depth"": 100, ""ranking_k"": 10}"
disease_9848,Trong trường hợp nào thì trật khớp ngón thường xảy ra?,1,"[""doc_399f08a1624b7eb1ded85ff4""]","[""ctx_492793a194740737f58deea9""]",1,1,1,1,True,True,BOTH_HIT,hit_at_evaluated_cutoff,BOTH_HIT,"{""bm25_hit"": true, ""dense_hit"": true, ""union_hit"": true, ""candidate_hit"": true, ""reranker_top_k_hit"": true, ""candidate_depth"": 100, ""ranking_k"": 10}"
disease_4035,Khi nào nên đi khám ngay lập tức khi kinh nguyệt kéo dài?,1,"[""doc_3f858258647192bade44f453""]","[""ctx_3035f45dae6b169887ba55a8""]",3,1,1,1,True,True,BOTH_HIT,hit_at_evaluated_cutoff,BOTH_HIT,"{""bm25_hit"": true, ""dense_hit"": true, ""union_hit"": true, ""candidate_hit"": true, ""reranker_top_k_hit"": true, ""candidate_depth"": 100, ""ranking_k"": 10}"
disease_11371,Giai đoạn I và II của ung thư màng phổi thể hiện điều gì?,1,"[""doc_9823be295246204226e9b591""]","[""ctx_65c7d2bd725c5a60b82c1cf2""]",1,2,1,1,True,True,BOTH_HIT,hit_at_evaluated_cutoff,BOTH_HIT,"{""bm25_hit"": true, ""dense_hit"": true, ""union_hit"": true, ""candidate_hit"": true, ""reranker_top_k_hit"": true, ""candidate_depth"": 100, ""ranking_k"": 10}"
disease_10417,Trong trường hợp nào cần phẫu thuật để tái định hình lại xương sọ?,1,"[""doc_4393f0cac284d6d660224e34""]","[""ctx_01b4c23287b045506cf916f9""]",7,85,21,1,True,True,BOTH_HIT,hit_at_evaluated_cutoff,BOTH_HIT,"{""bm25_hit"": true, ""dense_hit"": true, ""union_hit"": true, ""candidate_hit"": true, ""reranker_top_k_hit"": true, ""candidate_depth"": 100, ""ranking_k"": 10}"
disease_12686,Phương pháp nào là hiệu quả nhất để phòng ngừa viêm gan A?,1,"[""doc_e6c030877f69faf8a112e3b3""]","[""ctx_7edadb8ff1dbedf8accc5eaf""]",1,1,1,1,True,True,BOTH_HIT,hit_at_evaluated_cutoff,BOTH_HIT,"{""bm25_hit"": true, ""dense_hit"": true, ""union_hit"": true, ""candidate_hit"": true, ""reranker_top_k_hit"": true, ""candidate_depth"": 100, ""ranking_k"": 10}"
disease_3786,Ai thường xuyên gặp phải chứng mất ngủ đầu hôm hay khó đi vào giấc ngủ?,1,"[""doc_acf97a2cc3c263fe1de075ac""]","[""ctx_6826c4962bb18e2ac6c1a7b9""]",42,4,13,1,True,True,BOTH_HIT,hit_at_evaluated_cutoff,BOTH_HIT,"{""bm25_hit"": true, ""dense_hit"": true, ""union_hit"": true, ""candidate_hit"": true, ""reranker_top_k_hit"": true, ""candidate_depth"": 100, ""ranking_k"": 10}"
disease_13150,Ung thư có thể gây viêm màng não không?,1,"[""doc_db764134e928d15502d20cc5""]","[""ctx_8bd40b0a2c7413170c019679""]",1,1,1,1,True,True,BOTH_HIT,hit_at_evaluated_cutoff,BOTH_HIT,"{""bm25_hit"": true, ""dense_hit"": true, ""union_hit"": true, ""candidate_hit"": true, ""reranker_top_k_hit"": true, ""candidate_depth"": 100, ""ranking_k"": 10}"
disease_8469,Xét nghiệm theo dõi tình trạng thai nhi qua monitor được tiến hành ra sao?,1,"[""doc_d47cba6d583c019aee53e24e""]","[""ctx_dcccbba921ea1d127ea46da8""]",,1,21,1,True,True,DENSE_ONLY_HIT,hit_at_evaluated_cutoff,DENSE_ONLY_HIT,"{""bm25_hit"": false, ""dense_hit"": true, ""union_hit"": true, ""candidate_hit"": true, ""reranker_top_k_hit"": true, ""candidate_depth"": 100, ""ranking_k"": 10}"
disease_2785,"Khi trẻ bị hóc xương cá, điều quan trọng đầu tiên phụ huynh cần làm là gì?",1,"[""doc_d777fd61405bf4d852cfb615""]","[""ctx_2bfb7dbe945495604a458a97""]",2,1,1,1,True,True,BOTH_HIT,hit_at_evaluated_cutoff,BOTH_HIT,"{""bm25_hit"": true, ""dense_hit"": true, ""union_hit"": true, ""candidate_hit"": true, ""reranker_top_k_hit"": true, ""candidate_depth"": 100, ""ranking_k"": 10}"
disease_7489,Người bệnh suy gan được điều trị các biến chứng bằng phương pháp nào?,1,"[""doc_57a5c8cf48b6cc9a7760f888""]","[""ctx_7d4977843dd8f434979a2c4d""]",87,1,10,1,True,True,BOTH_HIT,hit_at_evaluated_cutoff,BOTH_HIT,"{""bm25_hit"": true, ""dense_hit"": true, ""union_hit"": true, ""candidate_hit"": true, ""reranker_top_k_hit"": true, ""candidate_depth"": 100, ""ranking_k"": 10}"
disease_227,Khi nào bác sĩ quyết định áp dụng phương pháp quan sát đối với bệnh bướu cổ?,1,"[""doc_5ca304a6116b18a9cbec703a""]","[""ctx_f50552834921300db4d05dc7""]",2,1,1,1,True,True,BOTH_HIT,hit_at_evaluated_cutoff,BOTH_HIT,"{""bm25_hit"": true, ""dense_hit"": true, ""union_hit"": true, ""candidate_hit"": true, ""reranker_top_k_hit"": true, ""candidate_depth"": 100, ""ranking_k"": 10}"
disease_4109,Biểu hiện của lichen xơ hóa như thế nào?,1,"[""doc_fa084714fee2ecba7fd065f8""]","[""ctx_94c762e321093d37c8e03084""]",2,3,3,2,True,True,BOTH_HIT,hit_at_evaluated_cutoff,BOTH_HIT,"{""bm25_hit"": true, ""dense_hit"": true, ""union_hit"": true, ""candidate_hit"": true, ""reranker_top_k_hit"": true, ""candidate_depth"": 100, ""ranking_k"": 10}"
disease_13827,"Ngoài dùng thuốc và phẫu thuật, cần hạn chế những yếu tố nguy cơ nào gây trào ngược dạ dày thực quản?",1,"[""doc_588e5a3d29db5c385f7b7e1c""]","[""ctx_889fa6157938452bad05883a""]",1,1,1,1,True,True,BOTH_HIT,hit_at_evaluated_cutoff,BOTH_HIT,"{""bm25_hit"": true, ""dense_hit"": true, ""union_hit"": true, ""candidate_hit"": true, ""reranker_top_k_hit"": true, ""candidate_depth"": 100, ""ranking_k"": 10}"
disease_3525,Hội chứng kháng Phospholipid ảnh hưởng tới da như thể não?,1,"[""doc_0b29daff5def4a45e612db2e""]","[""ctx_338a1c63b256ec4de26afc89""]",1,1,1,1,True,True,BOTH_HIT,hit_at_evaluated_cutoff,BOTH_HIT,"{""bm25_hit"": true, ""dense_hit"": true, ""union_hit"": true, ""candidate_hit"": true, ""reranker_top_k_hit"": true, ""candidate_depth"": 100, ""ranking_k"": 10}"
disease_8448,"Nếu không được điều trị, teo tinh hoàn có thể dẫn đến những biến chứng nghiêm trọng nào?",1,"[""doc_952683d270a19cbc508ab68f""]","[""ctx_cc31cc9124660af12462c682""]",1,1,1,1,True,True,BOTH_HIT,hit_at_evaluated_cutoff,BOTH_HIT,"{""bm25_hit"": true, ""dense_hit"": true, ""union_hit"": true, ""candidate_hit"": true, ""reranker_top_k_hit"": true, ""candidate_depth"": 100, ""ranking_k"": 10}"
disease_12578,"Yếu tố nào ảnh hưởng đến quá trình sản xuất dầu nhờn trên da, gây nên viêm da tiết bã?",1,"[""doc_9a832457597a3a67045c9f67""]","[""ctx_629147368180c127ed977db9""]",1,3,2,1,True,True,BOTH_HIT,hit_at_evaluated_cutoff,BOTH_HIT,"{""bm25_hit"": true, ""dense_hit"": true, ""union_hit"": true, ""candidate_hit"": true, ""reranker_top_k_hit"": true, ""candidate_depth"": 100, ""ranking_k"": 10}"
disease_2607,Điều gì gây ra ho kéo dài?,1,"[""doc_de69b6497ed995e8865f2554""]","[""ctx_717e6cdfcf94cb566b70dbb5""]",11,1,2,1,True,True,BOTH_HIT,hit_at_evaluated_cutoff,BOTH_HIT,"{""bm25_hit"": true, ""dense_hit"": true, ""union_hit"": true, ""candidate_hit"": true, ""reranker_top_k_hit"": true, ""candidate_depth"": 100, ""ranking_k"": 10}"
disease_9286,Một trong những triệu chứng tiêu chảy và mất nước ở trẻ là gì?,1,"[""doc_7cfc2fa110789c362667d0be""]","[""ctx_f2a46cdef260a1cc3c4a35db""]",1,1,1,1,True,True,BOTH_HIT,hit_at_evaluated_cutoff,BOTH_HIT,"{""bm25_hit"": true, ""dense_hit"": true, ""union_hit"": true, ""candidate_hit"": true, ""reranker_top_k_hit"": true, ""candidate_depth"": 100, ""ranking_k"": 10}"
disease_671,Bệnh liệt dương có khả năng dẫn đến hậu quả nào trong một mối quan hệ?,1,"[""doc_e4dd8ed3a5e5f107129fe8d4""]","[""ctx_9d4bea3039f2df14dd710f7f""]",1,1,1,1,True,True,BOTH_HIT,hit_at_evaluated_cutoff,BOTH_HIT,"{""bm25_hit"": true, ""dense_hit"": true, ""union_hit"": true, ""candidate_hit"": true, ""reranker_top_k_hit"": true, ""candidate_depth"": 100, ""ranking_k"": 10}"
disease_4172,Khi nào trẻ sơ sinh dễ mắc bệnh nhiễm liên cầu nhóm B?,1,"[""doc_c22d0d57c4b25403c947493f""]","[""ctx_210bcf8a49aaf54d04c5ca61""]",1,2,1,1,True,True,BOTH_HIT,hit_at_evaluated_cutoff,BOTH_HIT,"{""bm25_hit"": true, ""dense_hit"": true, ""union_hit"": true, ""candidate_hit"": true, ""reranker_top_k_hit"": true, ""candidate_depth"": 100, ""ranking_k"": 10}"
disease_8543,Một số thảo dược Đông y nào được sử dụng để điều trị thiếu máu cơ tim?,1,"[""doc_0852e3ebe0effe9ada86a26a""]","[""ctx_48d0fb3739243b13cad341a6""]",1,1,1,1,True,True,BOTH_HIT,hit_at_evaluated_cutoff,BOTH_HIT,"{""bm25_hit"": true, ""dense_hit"": true, ""union_hit"": true, ""candidate_hit"": true, ""reranker_top_k_hit"": true, ""candidate_depth"": 100, ""ranking_k"": 10}"
disease_5418,Bác sĩ có thể thay đổi thuốc hay giảm liều thuốc để cải thiện nhịp tim như thế nào?,1,"[""doc_aba5c97b4e88fa2d14c19126""]","[""ctx_0f47c6e492cb523821d4ac65""]",1,1,1,1,True,True,BOTH_HIT,hit_at_evaluated_cutoff,BOTH_HIT,"{""bm25_hit"": true, ""dense_hit"": true, ""union_hit"": true, ""candidate_hit"": true, ""reranker_top_k_hit"": true, ""candidate_depth"": 100, ""ranking_k"": 10}"
disease_14144,Trong trường hợp nào viêm âm đạo có thể tự khỏi?,1,"[""doc_8af37770be7bd51f8c52b901""]","[""ctx_69d8eb55d66daa12501f24cf""]",1,1,1,1,True,True,BOTH_HIT,hit_at_evaluated_cutoff,BOTH_HIT,"{""bm25_hit"": true, ""dense_hit"": true, ""union_hit"": true, ""candidate_hit"": true, ""reranker_top_k_hit"": true, ""candidate_depth"": 100, ""ranking_k"": 10}"
disease_12744,Những triệu chứng thường gặp của viêm họng liên cầu là gì?,1,"[""doc_0a05bf7e987c9512c52fb8cb""]","[""ctx_1d8aa39698c2f39ea8123894""]",1,1,1,1,True,True,BOTH_HIT,hit_at_evaluated_cutoff,BOTH_HIT,"{""bm25_hit"": true, ""dense_hit"": true, ""union_hit"": true, ""candidate_hit"": true, ""reranker_top_k_hit"": true, ""candidate_depth"": 100, ""ranking_k"": 10}"
disease_15342,"Để phòng ngừa đái tháo đường type 2, nên làm gì?",1,"[""doc_9cedcfc52db640de5d732e84""]","[""ctx_eb561b74f2809727630889b2""]",2,2,1,1,True,True,BOTH_HIT,hit_at_evaluated_cutoff,BOTH_HIT,"{""bm25_hit"": true, ""dense_hit"": true, ""union_hit"": true, ""candidate_hit"": true, ""reranker_top_k_hit"": true, ""candidate_depth"": 100, ""ranking_k"": 10}"
disease_9943,"""Chìa khóa vàng"" trong nhóm bệnh lý thần kinh - cột sống là gì?",1,"[""doc_12c5fd89c5a0d6fb54119820""]","[""ctx_48d3ffecc7cb1ef60758966c""]",1,1,1,1,True,True,BOTH_HIT,hit_at_evaluated_cutoff,BOTH_HIT,"{""bm25_hit"": true, ""dense_hit"": true, ""union_hit"": true, ""candidate_hit"": true, ""reranker_top_k_hit"": true, ""candidate_depth"": 100, ""ranking_k"": 10}"
disease_704,Căn bệnh đau thắt ngực có thể được điều trị như thế nào?,1,"[""doc_1c1d9ae8e3efa65d67ad7c01""]","[""ctx_8a3b272eb7bf51c719c7ca90""]",1,6,1,1,True,True,BOTH_HIT,hit_at_evaluated_cutoff,BOTH_HIT,"{""bm25_hit"": true, ""dense_hit"": true, ""union_hit"": true, ""candidate_hit"": true, ""reranker_top_k_hit"": true, ""candidate_depth"": 100, ""ranking_k"": 10}"
disease_11045,Tỷ lệ sống còn trung bình 5 năm của bệnh nhân sau khi điều trị ung thư biểu mô tuyến bã bằng phẫu thuật hoặc xạ trị là bao nhiêu?,1,"[""doc_df5a0cd9223c88ab45b87533""]","[""ctx_1230ac0015abc0c3a048fa48""]",2,7,3,1,True,True,BOTH_HIT,hit_at_evaluated_cutoff,BOTH_HIT,"{""bm25_hit"": true, ""dense_hit"": true, ""union_hit"": true, ""candidate_hit"": true, ""reranker_top_k_hit"": true, ""candidate_depth"": 100, ""ranking_k"": 10}"
disease_13121,Các triệu chứng viêm màng não do virus ở trẻ sơ sinh thường biểu hiện như thế nào?,1,"[""doc_644387fc5f2f11be79e2042e""]","[""ctx_b1018107f41b80958ae40af8""]",1,2,1,1,True,True,BOTH_HIT,hit_at_evaluated_cutoff,BOTH_HIT,"{""bm25_hit"": true, ""dense_hit"": true, ""union_hit"": true, ""candidate_hit"": true, ""reranker_top_k_hit"": true, ""candidate_depth"": 100, ""ranking_k"": 10}"
disease_13272,Các triệu chứng của viêm mũi xoang có thể bao gồm những gì?,1,"[""doc_2ea25e4c5047389fe798193b""]","[""ctx_c8c6026fc0a6120293f197cd""]",68,19,21,3,True,True,BOTH_HIT,hit_at_evaluated_cutoff,BOTH_HIT,"{""bm25_hit"": true, ""dense_hit"": true, ""union_hit"": true, ""candidate_hit"": true, ""reranker_top_k_hit"": true, ""candidate_depth"": 100, ""ranking_k"": 10}"
disease_9317,"Trong trường hợp tiêu chảy, bệnh nhân nên bổ sung loại nước nào để phòng ngừa mất nước?",1,"[""doc_7cfc2fa110789c362667d0be""]","[""ctx_472467da0da5acf67677286a""]",1,2,1,1,True,True,BOTH_HIT,hit_at_evaluated_cutoff,BOTH_HIT,"{""bm25_hit"": true, ""dense_hit"": true, ""union_hit"": true, ""candidate_hit"": true, ""reranker_top_k_hit"": true, ""candidate_depth"": 100, ""ranking_k"": 10}"
disease_8027,Sỏi bùn túi mật là gì?,1,"[""doc_eb225c863d7c01a0b2b87afc""]","[""ctx_bdc5f24752dfe587e516100a""]",1,1,1,1,True,True,BOTH_HIT,hit_at_evaluated_cutoff,BOTH_HIT,"{""bm25_hit"": true, ""dense_hit"": true, ""union_hit"": true, ""candidate_hit"": true, ""reranker_top_k_hit"": true, ""candidate_depth"": 100, ""ranking_k"": 10}"
disease_4982,Nghiến răng mức độ nặng gây ra đau ở đâu?,1,"[""doc_e39a742da9d5023264111cbb""]","[""ctx_c19b80561e97591c4e2cf617""]",1,1,1,1,True,True,BOTH_HIT,hit_at_evaluated_cutoff,BOTH_HIT,"{""bm25_hit"": true, ""dense_hit"": true, ""union_hit"": true, ""candidate_hit"": true, ""reranker_top_k_hit"": true, ""candidate_depth"": 100, ""ranking_k"": 10}"
disease_13715,Tại sao trẻ em có nguy cơ cao mắc bệnh viêm tai ngoài?,1,"[""doc_775fe4474097619cf7f91239""]","[""ctx_57e2f90fc5fc268b32ecc8f5""]",1,2,1,2,True,True,BOTH_HIT,hit_at_evaluated_cutoff,BOTH_HIT,"{""bm25_hit"": true, ""dense_hit"": true, ""union_hit"": true, ""candidate_hit"": true, ""reranker_top_k_hit"": true, ""candidate_depth"": 100, ""ranking_k"": 10}"
disease_5793,Người ta có thể sử dụng những phương pháp laser nào để điều trị nếp nhăn vùng mắt?,1,"[""doc_fa56c416d73654147b7d2da6""]","[""ctx_8c8d190f123c3d07aea65732""]",1,1,1,1,True,True,BOTH_HIT,hit_at_evaluated_cutoff,BOTH_HIT,"{""bm25_hit"": true, ""dense_hit"": true, ""union_hit"": true, ""candidate_hit"": true, ""reranker_top_k_hit"": true, ""candidate_depth"": 100, ""ranking_k"": 10}"
disease_4105,Bệnh sốt Pontiac có gây ra hậu quả lâu dài không?,1,"[""doc_4e864504cee844ce03a4fce9""]","[""ctx_de71f655617f0228cd7c8c78""]",1,1,1,1,True,True,BOTH_HIT,hit_at_evaluated_cutoff,BOTH_HIT,"{""bm25_hit"": true, ""dense_hit"": true, ""union_hit"": true, ""candidate_hit"": true, ""reranker_top_k_hit"": true, ""candidate_depth"": 100, ""ranking_k"": 10}"
disease_7807,Triệu chứng tâm thần có thể xuất hiện trong trường hợp phì đại thất phải như thế nào?,1,"[""doc_b4aab28519a732d10f6bd830""]","[""ctx_6f895f86f3f8f9e55cefec25""]",,,,,False,False,BOTH_MISS;CANDIDATE_MISS;DOC_AND_CHUNK_MISS,retrieval_or_fusion,BOTH_MISS; CANDIDATE_MISS; DOC_AND_CHUNK_MISS,"{""bm25_hit"": false, ""dense_hit"": false, ""union_hit"": false, ""candidate_hit"": false, ""reranker_top_k_hit"": false, ""candidate_depth"": 100, ""ranking_k"": 10}"
disease_11598,Tại sao phương pháp xạ trị lập thể định vị thận (SBRT) chỉ được áp dụng cho bệnh nhân giai đoạn đầu của ung thư phổi?,1,"[""doc_bb1895f2deba679ed02e0191""]","[""ctx_80a8777af4c15d2312aa36a8""]",1,1,1,1,True,True,BOTH_HIT,hit_at_evaluated_cutoff,BOTH_HIT,"{""bm25_hit"": true, ""dense_hit"": true, ""union_hit"": true, ""candidate_hit"": true, ""reranker_top_k_hit"": true, ""candidate_depth"": 100, ""ranking_k"": 10}"
disease_5952,"Nếu không được điều trị, đau phức tạp có thể ảnh hưởng như thế nào đến các mối quan hệ của người bệnh?",1,"[""doc_1aa83deaa3bd268646893dfa""]","[""ctx_c0dfbeeb488dcf047e8f9812""]",1,1,1,1,True,True,BOTH_HIT,hit_at_evaluated_cutoff,BOTH_HIT,"{""bm25_hit"": true, ""dense_hit"": true, ""union_hit"": true, ""candidate_hit"": true, ""reranker_top_k_hit"": true, ""candidate_depth"": 100, ""ranking_k"": 10}"
disease_2450,"Ngoài cảm giác đau, khi bị gãy xương sườn, còn triệu chứng nào khác không?",1,"[""doc_21ce34ce669d33a6ee1dc254""]","[""ctx_4729ee765dd7abfa51fa1920""]",1,1,1,1,True,True,BOTH_HIT,hit_at_evaluated_cutoff,BOTH_HIT,"{""bm25_hit"": true, ""dense_hit"": true, ""union_hit"": true, ""candidate_hit"": true, ""reranker_top_k_hit"": true, ""candidate_depth"": 100, ""ranking_k"": 10}"
disease_2665,Rối loạn tâm thần phổ biến nhất có tên gọi là gì?,1,"[""doc_2b03cbbc5599a334f9836903""]","[""ctx_f0292db0bd43e5e443bf0821""]",3,1,1,1,True,True,BOTH_HIT,hit_at_evaluated_cutoff,BOTH_HIT,"{""bm25_hit"": true, ""dense_hit"": true, ""union_hit"": true, ""candidate_hit"": true, ""reranker_top_k_hit"": true, ""candidate_depth"": 100, ""ranking_k"": 10}"
disease_8742,Phụ nữ mang thai cần lưu ý điều gì về thiếu máu?,1,"[""doc_c49021f4dc9865296d5e1b7a""]","[""ctx_41a6b37f6b0fc8c2f6537069""]",44,1,6,2,True,True,BOTH_HIT,hit_at_evaluated_cutoff,BOTH_HIT,"{""bm25_hit"": true, ""dense_hit"": true, ""union_hit"": true, ""candidate_hit"": true, ""reranker_top_k_hit"": true, ""candidate_depth"": 100, ""ranking_k"": 10}"
disease_1560,Cần làm gì nếu cắt bỏ tuyến giáp?,1,"[""doc_b6303edd04b6a99b65d40414""]","[""ctx_bbdfd0895a5215260a82de73""]",4,2,3,2,True,True,BOTH_HIT,hit_at_evaluated_cutoff,BOTH_HIT,"{""bm25_hit"": true, ""dense_hit"": true, ""union_hit"": true, ""candidate_hit"": true, ""reranker_top_k_hit"": true, ""candidate_depth"": 100, ""ranking_k"": 10}"
disease_1508,Chụp CT bụng được sử dụng để làm gì trong trường hợp nghi ngờ cường aldosterone nguyên phát?,1,"[""doc_d28e1036f78133c7fdca508f""]","[""ctx_84639a29b4ebfd96e9c63f60""]",1,1,1,1,True,True,BOTH_HIT,hit_at_evaluated_cutoff,BOTH_HIT,"{""bm25_hit"": true, ""dense_hit"": true, ""union_hit"": true, ""candidate_hit"": true, ""reranker_top_k_hit"": true, ""candidate_depth"": 100, ""ranking_k"": 10}"
disease_8462,Một nguyên nhân nào nữa của tình trạng thai chậm tăng trưởng?,1,"[""doc_d47cba6d583c019aee53e24e""]","[""ctx_b4b7482ebda478389243783f""]",6,14,2,1,True,True,BOTH_HIT,hit_at_evaluated_cutoff,BOTH_HIT,"{""bm25_hit"": true, ""dense_hit"": true, ""union_hit"": true, ""candidate_hit"": true, ""reranker_top_k_hit"": true, ""candidate_depth"": 100, ""ranking_k"": 10}"
disease_10814,Mục đích của việc theo dõi là gì?,1,"[""doc_d9249ee15e0a950293ce6719""]","[""ctx_e1217a1c81885eaa778630c5""]",15,4,1,6,False,False,BOTH_HIT;SELECTION_MISS;DOC_AND_CHUNK_MISS,selection,BOTH_HIT; SELECTION_MISS; DOC_AND_CHUNK_MISS,"{""bm25_hit"": true, ""dense_hit"": true, ""union_hit"": true, ""candidate_hit"": true, ""reranker_top_k_hit"": true, ""candidate_depth"": 100, ""ranking_k"": 10}"
disease_308,Mục đích chính của thăm khám lâm sàng là gì?,1,"[""doc_f944c0d57ba19f060af1f460""]","[""ctx_095fa782a1eed9c882a480ef""]",1,1,1,1,True,True,BOTH_HIT,hit_at_evaluated_cutoff,BOTH_HIT,"{""bm25_hit"": true, ""dense_hit"": true, ""union_hit"": true, ""candidate_hit"": true, ""reranker_top_k_hit"": true, ""candidate_depth"": 100, ""ranking_k"": 10}"
disease_15249,Phác đồ điều trị bệnh đái tháo nhạt trung ương có thể sử dụng thuốc không?,1,"[""doc_a33c18b0b156b77273ba4a0b""]","[""ctx_6a5f886f53225c38ebefabdc""]",2,3,2,3,True,True,BOTH_HIT,hit_at_evaluated_cutoff,BOTH_HIT,"{""bm25_hit"": true, ""dense_hit"": true, ""union_hit"": true, ""candidate_hit"": true, ""reranker_top_k_hit"": true, ""candidate_depth"": 100, ""ranking_k"": 10}"
disease_12118,Ở thời điểm nào khi xảy ra chảy máu vùng kín là dấu hiệu báo động cần được thăm khám?,1,"[""doc_7a6d3482a4db85ff4bdc4931""]","[""ctx_a0ec93f1bcd49b66e12a428d""]",1,1,1,1,True,True,BOTH_HIT,hit_at_evaluated_cutoff,BOTH_HIT,"{""bm25_hit"": true, ""dense_hit"": true, ""union_hit"": true, ""candidate_hit"": true, ""reranker_top_k_hit"": true, ""candidate_depth"": 100, ""ranking_k"": 10}"
disease_450,Bệnh Charcot-Marie-Tooth có thể gây ra những triệu chứng đau nào?,1,"[""doc_bcaa96551bb2734d06d45be9""]","[""ctx_689e1a208cb7787166df670b""]",1,1,1,2,True,True,BOTH_HIT,hit_at_evaluated_cutoff,BOTH_HIT,"{""bm25_hit"": true, ""dense_hit"": true, ""union_hit"": true, ""candidate_hit"": true, ""reranker_top_k_hit"": true, ""candidate_depth"": 100, ""ranking_k"": 10}"
disease_7238,Những người mắc chứng ái vật có thể có những hành vi nào?,1,"[""doc_0e2f68116c3cce504244b17d""]","[""ctx_92614f7a5f0ad0c6a2ddf6a1""]",5,2,4,1,True,True,BOTH_HIT,hit_at_evaluated_cutoff,BOTH_HIT,"{""bm25_hit"": true, ""dense_hit"": true, ""union_hit"": true, ""candidate_hit"": true, ""reranker_top_k_hit"": true, ""candidate_depth"": 100, ""ranking_k"": 10}"
disease_2836,Đứng quá lâu hoặc giữ tư thế đứng kéo dài có thể gây ra hậu quả gì?,1,"[""doc_83adeda9fbdbffe678500712""]","[""ctx_55a05bb5ad0e967f7134ccee""]",1,1,1,1,True,True,BOTH_HIT,hit_at_evaluated_cutoff,BOTH_HIT,"{""bm25_hit"": true, ""dense_hit"": true, ""union_hit"": true, ""candidate_hit"": true, ""reranker_top_k_hit"": true, ""candidate_depth"": 100, ""ranking_k"": 10}"
disease_950,Bệnh tim Ebstein là bệnh gì?,1,"[""doc_f3785bd29136bf147fc5b182""]","[""ctx_44040322dd04f89aee90ef71""]",,50,85,91,False,True,DENSE_ONLY_HIT;RERANKER_MISS;SELECTION_MISS;DOC_HIT_CHUNK_MISS,reranker,DENSE_ONLY_HIT; RERANKER_MISS; SELECTION_MISS; DOC_HIT_CHUNK_MISS,"{""bm25_hit"": false, ""dense_hit"": true, ""union_hit"": true, ""candidate_hit"": true, ""reranker_top_k_hit"": false, ""candidate_depth"": 100, ""ranking_k"": 10}"
disease_11220,Phương pháp quang trị liệu có ưu điểm gì so với các phương pháp điều trị khác?,1,"[""doc_40dd15809413f38eeb76db53""]","[""ctx_61685ce75f34a847ed5da06d""]",2,1,1,1,True,True,BOTH_HIT,hit_at_evaluated_cutoff,BOTH_HIT,"{""bm25_hit"": true, ""dense_hit"": true, ""union_hit"": true, ""candidate_hit"": true, ""reranker_top_k_hit"": true, ""candidate_depth"": 100, ""ranking_k"": 10}"
disease_4535,Bệnh lậu ở trẻ sơ sinh có thể gây ra những biến chứng nghiêm trọng nào?,1,"[""doc_c6e6237f64b30d80d4d2939f""]","[""ctx_b17957a9201049bd783cc0ed""]",1,3,2,1,True,True,BOTH_HIT,hit_at_evaluated_cutoff,BOTH_HIT,"{""bm25_hit"": true, ""dense_hit"": true, ""union_hit"": true, ""candidate_hit"": true, ""reranker_top_k_hit"": true, ""candidate_depth"": 100, ""ranking_k"": 10}"
disease_14902,"Nếu đau hậu môn kéo dài, chảy máu,... nên làm gì để tránh bỏ sót bệnh?",1,"[""doc_20656975e6731efc68c7de05""]","[""ctx_b2a43bf7f83e7e5c66b64cc6""]",2,1,2,1,True,True,BOTH_HIT,hit_at_evaluated_cutoff,BOTH_HIT,"{""bm25_hit"": true, ""dense_hit"": true, ""union_hit"": true, ""candidate_hit"": true, ""reranker_top_k_hit"": true, ""candidate_depth"": 100, ""ranking_k"": 10}"
disease_13659,Viêm tai giữa mạn có mủ thường khởi nguồn từ đâu?,1,"[""doc_0108d1ce96d85da26fef8dd2""]","[""ctx_d33d09b478de513936b6b443""]",1,1,1,1,True,True,BOTH_HIT,hit_at_evaluated_cutoff,BOTH_HIT,"{""bm25_hit"": true, ""dense_hit"": true, ""union_hit"": true, ""candidate_hit"": true, ""reranker_top_k_hit"": true, ""candidate_depth"": 100, ""ranking_k"": 10}"
disease_4093,Các con đường lây lan của vi khuẩn Legionella có thể chia ra làm mấy loại?,1,"[""doc_4e864504cee844ce03a4fce9""]","[""ctx_7d1eefe912026fcddd9facd4""]",1,1,1,1,True,True,BOTH_HIT,hit_at_evaluated_cutoff,BOTH_HIT,"{""bm25_hit"": true, ""dense_hit"": true, ""union_hit"": true, ""candidate_hit"": true, ""reranker_top_k_hit"": true, ""candidate_depth"": 100, ""ranking_k"": 10}"
disease_15429,Một số thực phẩm giàu vitamin B giúp ổn định thần kinh mà người bệnh đổ mồ hôi toàn thân nên bổ sung vào chế độ ăn uống là gì?,1,"[""doc_3f2eb2597130b6434a7c9c26""]","[""ctx_d688df891bf435b585d7e6ae""]",1,1,1,1,True,True,BOTH_HIT,hit_at_evaluated_cutoff,BOTH_HIT,"{""bm25_hit"": true, ""dense_hit"": true, ""union_hit"": true, ""candidate_hit"": true, ""reranker_top_k_hit"": true, ""candidate_depth"": 100, ""ranking_k"": 10}"
disease_6413,"Trong trường hợp tổn thương sụn chêm phức tạp, bác sĩ sử dụng phương pháp nào để kiểm tra các cấu trúc giải phẫu bên trong đầu gối?",1,"[""doc_5b21b7860091f543f60506ae""]","[""ctx_f119d168e1556aa06e70cd14""]",1,1,1,1,True,True,BOTH_HIT,hit_at_evaluated_cutoff,BOTH_HIT,"{""bm25_hit"": true, ""dense_hit"": true, ""union_hit"": true, ""candidate_hit"": true, ""reranker_top_k_hit"": true, ""candidate_depth"": 100, ""ranking_k"": 10}"
disease_3876,Nên làm gì để mắt nghỉ ngơi trong thời gian nghỉ?,1,"[""doc_f8701f5bc07ef2a2c802e578""]","[""ctx_0a749310eddf4f074eb4390e""]",5,1,2,1,True,True,BOTH_HIT,hit_at_evaluated_cutoff,BOTH_HIT,"{""bm25_hit"": true, ""dense_hit"": true, ""union_hit"": true, ""candidate_hit"": true, ""reranker_top_k_hit"": true, ""candidate_depth"": 100, ""ranking_k"": 10}"
disease_9541,"Trong trường hợp xuất hiện các dấu hiệu của bệnh tiểu đường thai kỳ, người bệnh nên làm gì?",1,"[""doc_df04e48bebad9e5b33b12313""]","[""ctx_bbdee7b8ba17c27adb480125""]",2,4,2,2,True,True,BOTH_HIT,hit_at_evaluated_cutoff,BOTH_HIT,"{""bm25_hit"": true, ""dense_hit"": true, ""union_hit"": true, ""candidate_hit"": true, ""reranker_top_k_hit"": true, ""candidate_depth"": 100, ""ranking_k"": 10}"
disease_13653,Thói quen nào có thể làm tăng nguy cơ mắc bệnh viêm sụn vành tai?,1,"[""doc_5a2891e9b212f28748536056""]","[""ctx_d74aef45688fa2cd3580839a""]",4,3,1,3,True,True,BOTH_HIT,hit_at_evaluated_cutoff,BOTH_HIT,"{""bm25_hit"": true, ""dense_hit"": true, ""union_hit"": true, ""candidate_hit"": true, ""reranker_top_k_hit"": true, ""candidate_depth"": 100, ""ranking_k"": 10}"
disease_1315,Bác sĩ thực hiện thủ thuật giải nén vi mạch như thế nào?,1,"[""doc_7602c2cfe71b741940456124""]","[""ctx_1ba0b54586d69ee87edba0c4""]",1,1,1,1,True,True,BOTH_HIT,hit_at_evaluated_cutoff,BOTH_HIT,"{""bm25_hit"": true, ""dense_hit"": true, ""union_hit"": true, ""candidate_hit"": true, ""reranker_top_k_hit"": true, ""candidate_depth"": 100, ""ranking_k"": 10}"
disease_2696,Thuốc chống trầm cảm nào được nêu trong bài viết?,1,"[""doc_2b03cbbc5599a334f9836903""]","[""ctx_de684e20a99535e4b68b7bd8""]",,3,36,1,True,True,DENSE_ONLY_HIT,hit_at_evaluated_cutoff,DENSE_ONLY_HIT,"{""bm25_hit"": false, ""dense_hit"": true, ""union_hit"": true, ""candidate_hit"": true, ""reranker_top_k_hit"": true, ""candidate_depth"": 100, ""ranking_k"": 10}"
disease_6812,Phân loại bệnh rối loạn lưỡng cực - RLLC loại II?,1,"[""doc_d30a0a51031018d8699632d7""]","[""ctx_65e27447a7b948bdbec910b3""]",13,2,5,1,True,True,BOTH_HIT,hit_at_evaluated_cutoff,BOTH_HIT,"{""bm25_hit"": true, ""dense_hit"": true, ""union_hit"": true, ""candidate_hit"": true, ""reranker_top_k_hit"": true, ""candidate_depth"": 100, ""ranking_k"": 10}"
disease_4785,Có những loại mụn nào thường gặp trên da đầu?,1,"[""doc_18e1d3eed3e834be11f67932""]","[""ctx_705ebcef68f1edd854a51a93""]",1,1,1,1,True,True,BOTH_HIT,hit_at_evaluated_cutoff,BOTH_HIT,"{""bm25_hit"": true, ""dense_hit"": true, ""union_hit"": true, ""candidate_hit"": true, ""reranker_top_k_hit"": true, ""candidate_depth"": 100, ""ranking_k"": 10}"
disease_9994,Tăng bạch cầu đơn nhận nhiễm khuẩn đang chữa khỏi hoàn toàn không?,1,"[""doc_924561aa1defcacabf5d2c0e""]","[""ctx_9489bbde121182f82c0fa1de""]",1,2,1,1,True,True,BOTH_HIT,hit_at_evaluated_cutoff,BOTH_HIT,"{""bm25_hit"": true, ""dense_hit"": true, ""union_hit"": true, ""candidate_hit"": true, ""reranker_top_k_hit"": true, ""candidate_depth"": 100, ""ranking_k"": 10}"
disease_5516,Những yếu tố nào có thể gây nên viêm dạ dày?,1,"[""doc_1031b6a456f0235af53aa6f7""]","[""ctx_4bb0213eca017cccfd7b4671""]",1,6,3,5,True,True,BOTH_HIT,hit_at_evaluated_cutoff,BOTH_HIT,"{""bm25_hit"": true, ""dense_hit"": true, ""union_hit"": true, ""candidate_hit"": true, ""reranker_top_k_hit"": true, ""candidate_depth"": 100, ""ranking_k"": 10}"
disease_6738,HDL có chức năng gì?,1,"[""doc_68d07010a3bbf8bff71a4dac""]","[""ctx_279db3c566081d9f3b8f4daa""]",2,3,2,2,True,True,BOTH_HIT,hit_at_evaluated_cutoff,BOTH_HIT,"{""bm25_hit"": true, ""dense_hit"": true, ""union_hit"": true, ""candidate_hit"": true, ""reranker_top_k_hit"": true, ""candidate_depth"": 100, ""ranking_k"": 10}"
disease_7075,Làm thế nào để phát hiện nguyên nhân tụt huyết áp khi đứng?,1,"[""doc_8ab9a1a2d4a379d73536a9fb""]","[""ctx_ad008175522d14847ede93ef""]",3,2,3,1,True,True,BOTH_HIT,hit_at_evaluated_cutoff,BOTH_HIT,"{""bm25_hit"": true, ""dense_hit"": true, ""union_hit"": true, ""candidate_hit"": true, ""reranker_top_k_hit"": true, ""candidate_depth"": 100, ""ranking_k"": 10}"
disease_11249,"Ngoài những cơ quan lân cận, ung thư gan còn có thể di căn xa đến đâu?",1,"[""doc_999a8e41eaceaa0f18d6016e""]","[""ctx_aa9d72b7af6461ef8a925c15""]",1,1,1,1,True,True,BOTH_HIT,hit_at_evaluated_cutoff,BOTH_HIT,"{""bm25_hit"": true, ""dense_hit"": true, ""union_hit"": true, ""candidate_hit"": true, ""reranker_top_k_hit"": true, ""candidate_depth"": 100, ""ranking_k"": 10}"
disease_11183,Tại sao việc cắt tử cung ảnh hưởng đến khả năng sinh sản của phụ nữ?,1,"[""doc_6688e3853e8396c32194c35f""]","[""ctx_587f6fa9ddf38ea0341ffe13""]",1,1,1,1,True,True,BOTH_HIT,hit_at_evaluated_cutoff,BOTH_HIT,"{""bm25_hit"": true, ""dense_hit"": true, ""union_hit"": true, ""candidate_hit"": true, ""reranker_top_k_hit"": true, ""candidate_depth"": 100, ""ranking_k"": 10}"
disease_12730,Trong trường hợp nào cần thực hiện xét nghiệm kiểm tra có thai?,1,"[""doc_a1813039027886b5778ef336""]","[""ctx_22f92a9607595b450ccf1862""]",25,28,9,1,True,True,BOTH_HIT,hit_at_evaluated_cutoff,BOTH_HIT,"{""bm25_hit"": true, ""dense_hit"": true, ""union_hit"": true, ""candidate_hit"": true, ""reranker_top_k_hit"": true, ""candidate_depth"": 100, ""ranking_k"": 10}"
disease_14626,"Theo khảo sát, tỷ lệ mắc adenoma tuyến yên ở người dao động trong khoảng nào?",1,"[""doc_b8539c8c25da0779705c08eb""]","[""ctx_27c3cd0ed0d47bbf1a1a3d5b""]",2,1,1,1,True,True,BOTH_HIT,hit_at_evaluated_cutoff,BOTH_HIT,"{""bm25_hit"": true, ""dense_hit"": true, ""union_hit"": true, ""candidate_hit"": true, ""reranker_top_k_hit"": true, ""candidate_depth"": 100, ""ranking_k"": 10}"
disease_8002,Liệu pháp đông lạnh trong điều trị sẹo lồi vành tai có tác dụng gì?,1,"[""doc_95edc7fde797ee37cafb6fb1""]","[""ctx_45543c450fd6ad6ab207e842""]",1,1,1,1,True,True,BOTH_HIT,hit_at_evaluated_cutoff,BOTH_HIT,"{""bm25_hit"": true, ""dense_hit"": true, ""union_hit"": true, ""candidate_hit"": true, ""reranker_top_k_hit"": true, ""candidate_depth"": 100, ""ranking_k"": 10}"
disease_13139,Viêm màng não do virus thường nghiêm trọng như thế nào?,1,"[""doc_db764134e928d15502d20cc5""]","[""ctx_782806bcb67d3d83595c0212""]",1,1,1,3,True,True,BOTH_HIT,hit_at_evaluated_cutoff,BOTH_HIT,"{""bm25_hit"": true, ""dense_hit"": true, ""union_hit"": true, ""candidate_hit"": true, ""reranker_top_k_hit"": true, ""candidate_depth"": 100, ""ranking_k"": 10}"
disease_7104,Rối loạn tiền đình có thể gây ra hậu quả gì?,1,"[""doc_d75fcc433a91c558184282c7""]","[""ctx_487ca35b6031b50cdbe8b9c7""]",2,1,1,1,True,True,BOTH_HIT,hit_at_evaluated_cutoff,BOTH_HIT,"{""bm25_hit"": true, ""dense_hit"": true, ""union_hit"": true, ""candidate_hit"": true, ""reranker_top_k_hit"": true, ""candidate_depth"": 100, ""ranking_k"": 10}"
disease_1887,Phản ứng phản vệ cần được xử trí như thế nào?,1,"[""doc_4b011bf5df070c7b03ee0137""]","[""ctx_a551f1395216645293fe11e7""]",2,2,2,3,True,True,BOTH_HIT,hit_at_evaluated_cutoff,BOTH_HIT,"{""bm25_hit"": true, ""dense_hit"": true, ""union_hit"": true, ""candidate_hit"": true, ""reranker_top_k_hit"": true, ""candidate_depth"": 100, ""ranking_k"": 10}"
disease_13849,"Vô tinh, không sang vú, không có tuyến tiền liệt, tinh hoàn teo:",1,"[""doc_8adff1aec77eebe98f0a6438""]","[""ctx_a3bd0523f8229c63898c0d23""]",34,2,8,59,False,False,BOTH_HIT;RERANKER_MISS;SELECTION_MISS;DOC_AND_CHUNK_MISS,reranker,BOTH_HIT; RERANKER_MISS; SELECTION_MISS; DOC_AND_CHUNK_MISS,"{""bm25_hit"": true, ""dense_hit"": true, ""union_hit"": true, ""candidate_hit"": true, ""reranker_top_k_hit"": false, ""candidate_depth"": 100, ""ranking_k"": 10}"
disease_6665,Xét nghiệm máu có quan trọng trong việc chẩn đoán rối loạn giấc ngủ không?,1,"[""doc_048016538c84ff8c4ff991f5""]","[""ctx_0df7dcad5412d1342f68ee0d""]",1,1,1,1,True,True,BOTH_HIT,hit_at_evaluated_cutoff,BOTH_HIT,"{""bm25_hit"": true, ""dense_hit"": true, ""union_hit"": true, ""candidate_hit"": true, ""reranker_top_k_hit"": true, ""candidate_depth"": 100, ""ranking_k"": 10}"
disease_2361,Nguy cơ nào dễ dẫn đến gãy cành tươi?,1,"[""doc_dd55f27859e6497a17f0403c""]","[""ctx_00a06d12f0523b42c5640bc0""]",1,1,1,1,True,True,BOTH_HIT,hit_at_evaluated_cutoff,BOTH_HIT,"{""bm25_hit"": true, ""dense_hit"": true, ""union_hit"": true, ""candidate_hit"": true, ""reranker_top_k_hit"": true, ""candidate_depth"": 100, ""ranking_k"": 10}"
disease_9338,Sử dụng thuốc nào có thể gây tình trạng tăng tiết nước bọt trong thai kỳ?,1,"[""doc_66a6188556d9505cda0d75ce""]","[""ctx_9c1cb6f9217d83280ad80296""]",1,1,1,1,True,True,BOTH_HIT,hit_at_evaluated_cutoff,BOTH_HIT,"{""bm25_hit"": true, ""dense_hit"": true, ""union_hit"": true, ""candidate_hit"": true, ""reranker_top_k_hit"": true, ""candidate_depth"": 100, ""ranking_k"": 10}"
disease_1629,"Trong quá trình bị cảm lạnh, triệu chứng thường gặp đầu tiên là gì?",1,"[""doc_f7a960641f1ab07cfdfca325""]","[""ctx_ace2f124f8d5b49cb8feb629""]",91,3,11,1,True,True,BOTH_HIT,hit_at_evaluated_cutoff,BOTH_HIT,"{""bm25_hit"": true, ""dense_hit"": true, ""union_hit"": true, ""candidate_hit"": true, ""reranker_top_k_hit"": true, ""candidate_depth"": 100, ""ranking_k"": 10}"
disease_2430,Điều trị không cần phẫu thuật có những phương pháp nào?,1,"[""doc_a2b42d4862bb811c1dd7b0d1""]","[""ctx_aa0baeddfb046c75c207097b""]",21,39,15,3,True,True,BOTH_HIT,hit_at_evaluated_cutoff,BOTH_HIT,"{""bm25_hit"": true, ""dense_hit"": true, ""union_hit"": true, ""candidate_hit"": true, ""reranker_top_k_hit"": true, ""candidate_depth"": 100, ""ranking_k"": 10}"
disease_9386,Nêu các loại thực phẩm chứa canxi có thể bổ sung cho người tiền mãn kinh?,1,"[""doc_8d6ea0222c57397db24898c9""]","[""ctx_4fd6c311c7a87451e9841056""]",3,1,1,1,True,True,BOTH_HIT,hit_at_evaluated_cutoff,BOTH_HIT,"{""bm25_hit"": true, ""dense_hit"": true, ""union_hit"": true, ""candidate_hit"": true, ""reranker_top_k_hit"": true, ""candidate_depth"": 100, ""ranking_k"": 10}"
disease_9861,Kiểu trật khớp háng thường gặp nhất là gì?,1,"[""doc_399f08a1624b7eb1ded85ff4""]","[""ctx_9db990c824597db6e733c9ec""]",7,9,7,1,True,True,BOTH_HIT,hit_at_evaluated_cutoff,BOTH_HIT,"{""bm25_hit"": true, ""dense_hit"": true, ""union_hit"": true, ""candidate_hit"": true, ""reranker_top_k_hit"": true, ""candidate_depth"": 100, ""ranking_k"": 10}"
disease_14153,Các yếu tố nào góp phần vào quá trình chẩn đoán viêm âm đạo?,1,"[""doc_8af37770be7bd51f8c52b901""]","[""ctx_9e493f864d7bfc995f82a915""]",1,1,1,2,True,True,BOTH_HIT,hit_at_evaluated_cutoff,BOTH_HIT,"{""bm25_hit"": true, ""dense_hit"": true, ""union_hit"": true, ""candidate_hit"": true, ""reranker_top_k_hit"": true, ""candidate_depth"": 100, ""ranking_k"": 10}"
disease_13800,Viêm thực quản do nhiễm khuẩn xảy ra khi nào?,1,"[""doc_588e5a3d29db5c385f7b7e1c""]","[""ctx_c4eddfd1b682476e4e88b76b""]",4,1,2,1,True,True,BOTH_HIT,hit_at_evaluated_cutoff,BOTH_HIT,"{""bm25_hit"": true, ""dense_hit"": true, ""union_hit"": true, ""candidate_hit"": true, ""reranker_top_k_hit"": true, ""candidate_depth"": 100, ""ranking_k"": 10}"
disease_808,Hiệu quả của thuốc trị Parkinson đối với bệnh teo đa hệ thống có kéo dài không?,1,"[""doc_8a955627b7318852613b45a8""]","[""ctx_21f13410177b0c02a2c7a0ad""]",1,1,1,1,True,True,BOTH_HIT,hit_at_evaluated_cutoff,BOTH_HIT,"{""bm25_hit"": true, ""dense_hit"": true, ""union_hit"": true, ""candidate_hit"": true, ""reranker_top_k_hit"": true, ""candidate_depth"": 100, ""ranking_k"": 10}"
disease_7305,Trong những trường hợp nào triệu chứng của rỗng tủy sống có thể xuất hiện?,1,"[""doc_2ac364b6789821d5d950db9d""]","[""ctx_933fd9c3b150108dfa52277e""]",4,1,2,1,True,True,BOTH_HIT,hit_at_evaluated_cutoff,BOTH_HIT,"{""bm25_hit"": true, ""dense_hit"": true, ""union_hit"": true, ""candidate_hit"": true, ""reranker_top_k_hit"": true, ""candidate_depth"": 100, ""ranking_k"": 10}"
disease_1371,Tại sao bệnh Crohn có thể gây ra suy dinh dưỡng?,1,"[""doc_f1c2187eb1f51f124a9ec0cf""]","[""ctx_fe2a3e8cb7d5a3747e93ba2d""]",,,,,False,True,BOTH_MISS;CANDIDATE_MISS;DOC_HIT_CHUNK_MISS,retrieval_or_fusion,BOTH_MISS; CANDIDATE_MISS; DOC_HIT_CHUNK_MISS,"{""bm25_hit"": false, ""dense_hit"": false, ""union_hit"": false, ""candidate_hit"": false, ""reranker_top_k_hit"": false, ""candidate_depth"": 100, ""ranking_k"": 10}"
disease_13722,Viêm tai ngoài được chẩn đoán như thế nào?,1,"[""doc_775fe4474097619cf7f91239""]","[""ctx_15b7bace59a4094aff930753""]",2,1,1,1,True,True,BOTH_HIT,hit_at_evaluated_cutoff,BOTH_HIT,"{""bm25_hit"": true, ""dense_hit"": true, ""union_hit"": true, ""candidate_hit"": true, ""reranker_top_k_hit"": true, ""candidate_depth"": 100, ""ranking_k"": 10}"
disease_9392,"Những loại thực phẩm nào giàu omega-3, omega-6?",1,"[""doc_8d6ea0222c57397db24898c9""]","[""ctx_1b55a29901923b3b8abd0833""]",5,2,3,1,True,True,BOTH_HIT,hit_at_evaluated_cutoff,BOTH_HIT,"{""bm25_hit"": true, ""dense_hit"": true, ""union_hit"": true, ""candidate_hit"": true, ""reranker_top_k_hit"": true, ""candidate_depth"": 100, ""ranking_k"": 10}"
disease_6090,Nốt thấp là triệu chứng điển hình của bệnh phong thấp như thế nào?,1,"[""doc_9ed81383ed82bb73b9b53954""]","[""ctx_9a1ce6f04f2ce0e42b3cd67f""]",6,2,1,1,True,True,BOTH_HIT,hit_at_evaluated_cutoff,BOTH_HIT,"{""bm25_hit"": true, ""dense_hit"": true, ""union_hit"": true, ""candidate_hit"": true, ""reranker_top_k_hit"": true, ""candidate_depth"": 100, ""ranking_k"": 10}"
disease_6114,Những biểu hiện thường gặp của bệnh phì đại thất trái là gì?,1,"[""doc_f26793163aa3934b88e90e78""]","[""ctx_a5ebcf04de4a3587cef0e8af""]",3,1,1,1,True,True,BOTH_HIT,hit_at_evaluated_cutoff,BOTH_HIT,"{""bm25_hit"": true, ""dense_hit"": true, ""union_hit"": true, ""candidate_hit"": true, ""reranker_top_k_hit"": true, ""candidate_depth"": 100, ""ranking_k"": 10}"
disease_9160,Tinh trùng loãng là gì?,1,"[""doc_31975eb11adc81cc5bcc363c""]","[""ctx_84ea2eebc04aa9673a6085e9""]",1,1,1,1,True,True,BOTH_HIT,hit_at_evaluated_cutoff,BOTH_HIT,"{""bm25_hit"": true, ""dense_hit"": true, ""union_hit"": true, ""candidate_hit"": true, ""reranker_top_k_hit"": true, ""candidate_depth"": 100, ""ranking_k"": 10}"
disease_13768,"Ngoài nguyên nhân phổ biến là sự xâm nhập ngược dòng của vi khuẩn ở đường tiết niệu, nguyên nhân nào khác có khả năng dẫn đến viêm thận - bể thận?",1,"[""doc_2e9fd97da5a31431fad1dfa4""]","[""ctx_a7e7b644730997950a3a857d""]",1,1,1,1,True,True,BOTH_HIT,hit_at_evaluated_cutoff,BOTH_HIT,"{""bm25_hit"": true, ""dense_hit"": true, ""union_hit"": true, ""candidate_hit"": true, ""reranker_top_k_hit"": true, ""candidate_depth"": 100, ""ranking_k"": 10}"
disease_5348,Khi triệu chứng nhiễu loạn cảm xúc điển hình thì láo khóc?,1,"[""doc_cb09e295ced2775d5810fa91""]","[""ctx_89a3cdfaa29e17534e98a6bc""]",1,1,1,1,True,True,BOTH_HIT,hit_at_evaluated_cutoff,BOTH_HIT,"{""bm25_hit"": true, ""dense_hit"": true, ""union_hit"": true, ""candidate_hit"": true, ""reranker_top_k_hit"": true, ""candidate_depth"": 100, ""ranking_k"": 10}"
disease_7909,Lỗ sâu trên bề mặt răng tiếp tục phá hủy đến đâu?,1,"[""doc_b2bd2cb201b137777fc3d688""]","[""ctx_8906324d0659c1e6ed5adf71""]",2,3,3,1,True,True,BOTH_HIT,hit_at_evaluated_cutoff,BOTH_HIT,"{""bm25_hit"": true, ""dense_hit"": true, ""union_hit"": true, ""candidate_hit"": true, ""reranker_top_k_hit"": true, ""candidate_depth"": 100, ""ranking_k"": 10}"
disease_229,"Có phải trong tất cả các trường hợp, phương pháp điều trị iod phóng xạ đều đem lại hiệu quả tốt?",1,"[""doc_5ca304a6116b18a9cbec703a""]","[""ctx_f50552834921300db4d05dc7""]",5,,31,7,False,True,BM25_ONLY_HIT;SELECTION_MISS;DOC_HIT_CHUNK_MISS,selection,BM25_ONLY_HIT; SELECTION_MISS; DOC_HIT_CHUNK_MISS,"{""bm25_hit"": true, ""dense_hit"": false, ""union_hit"": true, ""candidate_hit"": true, ""reranker_top_k_hit"": true, ""candidate_depth"": 100, ""ranking_k"": 10}"
disease_4842,Làm thế nào để tránh nổi mụn ở âm đạo?,1,"[""doc_77f1c9a0a65380c12806205d""]","[""ctx_4b9239ba9fabdd48076311dc""]",1,1,1,1,True,True,BOTH_HIT,hit_at_evaluated_cutoff,BOTH_HIT,"{""bm25_hit"": true, ""dense_hit"": true, ""union_hit"": true, ""candidate_hit"": true, ""reranker_top_k_hit"": true, ""candidate_depth"": 100, ""ranking_k"": 10}"
disease_11275,Trong trường hợp nào có thể ung thư hậu môn không gây ra triệu chứng nào?,1,"[""doc_f8285dc14f4e2965d7ecb72d""]","[""ctx_124f5fc12782fd55a5b10691""]",1,1,1,1,True,True,BOTH_HIT,hit_at_evaluated_cutoff,BOTH_HIT,"{""bm25_hit"": true, ""dense_hit"": true, ""union_hit"": true, ""candidate_hit"": true, ""reranker_top_k_hit"": true, ""candidate_depth"": 100, ""ranking_k"": 10}"
disease_6736,Triglyceride là gì?,1,"[""doc_68d07010a3bbf8bff71a4dac""]","[""ctx_279db3c566081d9f3b8f4daa""]",1,1,1,1,True,True,BOTH_HIT,hit_at_evaluated_cutoff,BOTH_HIT,"{""bm25_hit"": true, ""dense_hit"": true, ""union_hit"": true, ""candidate_hit"": true, ""reranker_top_k_hit"": true, ""candidate_depth"": 100, ""ranking_k"": 10}"
disease_1732,Phương pháp chẩn đoán ban đầu của bác sĩ khi nghi ngờ làn da nhiễm corticosteroids là gì?,1,"[""doc_887875cbf186185dc69dabf6""]","[""ctx_098843cd6ff2aa6023ac1a05""]",1,1,1,1,True,True,BOTH_HIT,hit_at_evaluated_cutoff,BOTH_HIT,"{""bm25_hit"": true, ""dense_hit"": true, ""union_hit"": true, ""candidate_hit"": true, ""reranker_top_k_hit"": true, ""candidate_depth"": 100, ""ranking_k"": 10}"
disease_4516,Uống nhiều rượu bia có thể dẫn đến hậu quả gì?,1,"[""doc_b983057045b6797a6cbb43bb""]","[""ctx_3c9d0c8266f756ff6fb102d2""]",1,1,1,1,True,True,BOTH_HIT,hit_at_evaluated_cutoff,BOTH_HIT,"{""bm25_hit"": true, ""dense_hit"": true, ""union_hit"": true, ""candidate_hit"": true, ""reranker_top_k_hit"": true, ""candidate_depth"": 100, ""ranking_k"": 10}"
disease_3139,"Trong quá trình thăm khám để chẩn đoán hội chứng Colic ở bé sơ sinh, bác sĩ sẽ đánh giá những phản ứng nào của bé?",1,"[""doc_590de799e2adbcb497345a5d""]","[""ctx_70c5bbd64b9c2217edb01f6f""]",2,6,3,1,True,True,BOTH_HIT,hit_at_evaluated_cutoff,BOTH_HIT,"{""bm25_hit"": true, ""dense_hit"": true, ""union_hit"": true, ""candidate_hit"": true, ""reranker_top_k_hit"": true, ""candidate_depth"": 100, ""ranking_k"": 10}"
disease_2798,Khi nào cần đến bệnh viện để kiểm tra khi bị hóc xương?,1,"[""doc_d777fd61405bf4d852cfb615""]","[""ctx_f65467b029478fffe242ec3d""]",2,15,7,4,True,True,BOTH_HIT,hit_at_evaluated_cutoff,BOTH_HIT,"{""bm25_hit"": true, ""dense_hit"": true, ""union_hit"": true, ""candidate_hit"": true, ""reranker_top_k_hit"": true, ""candidate_depth"": 100, ""ranking_k"": 10}"
disease_3590,Uống vào thời gian nào trong thai kỳ thì thai nhi được an toàn?,1,"[""doc_6b8f91e2ea76fd3675a09161""]","[""ctx_21d49771b576d6b16b954d79""]",1,1,1,1,True,True,BOTH_HIT,hit_at_evaluated_cutoff,BOTH_HIT,"{""bm25_hit"": true, ""dense_hit"": true, ""union_hit"": true, ""candidate_hit"": true, ""reranker_top_k_hit"": true, ""candidate_depth"": 100, ""ranking_k"": 10}"
disease_10033,Thuốc lợi tiểu quai có vai trò gì trong việc điều trị tăng canxi máu?,1,"[""doc_bb6b80535926ee6e6ea89b4c""]","[""ctx_4720464fe66f05fafc03395e""]",3,4,4,1,True,True,BOTH_HIT,hit_at_evaluated_cutoff,BOTH_HIT,"{""bm25_hit"": true, ""dense_hit"": true, ""union_hit"": true, ""candidate_hit"": true, ""reranker_top_k_hit"": true, ""candidate_depth"": 100, ""ranking_k"": 10}"
disease_3390,Thuốc nào có thể được sử dụng để điều trị các triệu chứng hệ thống của hội chứng Sjogren?,1,"[""doc_b8c2dd626ac863df72fdccd2""]","[""ctx_e219f6b7cf29a7059c22aa4e""]",1,1,1,1,True,True,BOTH_HIT,hit_at_evaluated_cutoff,BOTH_HIT,"{""bm25_hit"": true, ""dense_hit"": true, ""union_hit"": true, ""candidate_hit"": true, ""reranker_top_k_hit"": true, ""candidate_depth"": 100, ""ranking_k"": 10}"
disease_11991,Những thói quen nào cần thay đổi để giảm nguy cơ ung thư vòm mũi họng?,1,"[""doc_81b555a4c073a51d42e0a802""]","[""ctx_6a040505a0d2eb48a8d0c0f5""]",3,2,1,1,True,True,BOTH_HIT,hit_at_evaluated_cutoff,BOTH_HIT,"{""bm25_hit"": true, ""dense_hit"": true, ""union_hit"": true, ""candidate_hit"": true, ""reranker_top_k_hit"": true, ""candidate_depth"": 100, ""ranking_k"": 10}"
disease_10053,Bệnh nhân tăng huyết áp có thể lấy lại hoạt động bình thường khi nào?,1,"[""doc_fb597d50727dc2098809aa4b""]","[""ctx_637f8d6d2c6f03fe9939aa21""]",1,4,1,1,True,True,BOTH_HIT,hit_at_evaluated_cutoff,BOTH_HIT,"{""bm25_hit"": true, ""dense_hit"": true, ""union_hit"": true, ""candidate_hit"": true, ""reranker_top_k_hit"": true, ""candidate_depth"": 100, ""ranking_k"": 10}"
disease_7819,Bệnh suy tim là tình trạng như thế nào?,1,"[""doc_718259b4e5617ba5333fef1f""]","[""ctx_956e82c411e37f841870d218""]",34,2,9,1,True,True,BOTH_HIT,hit_at_evaluated_cutoff,BOTH_HIT,"{""bm25_hit"": true, ""dense_hit"": true, ""union_hit"": true, ""candidate_hit"": true, ""reranker_top_k_hit"": true, ""candidate_depth"": 100, ""ranking_k"": 10}"
disease_1258,"Theo yêu cầu của bác sĩ, bệnh nhân cần phải làm gì để bác sĩ có thể đánh giá thời gian và kiểu ngủ của bệnh nhân?",1,"[""doc_c4fdafea74506079638df08c""]","[""ctx_2fc4975d63b95cadb7aa647b""]",1,1,1,1,True,True,BOTH_HIT,hit_at_evaluated_cutoff,BOTH_HIT,"{""bm25_hit"": true, ""dense_hit"": true, ""union_hit"": true, ""candidate_hit"": true, ""reranker_top_k_hit"": true, ""candidate_depth"": 100, ""ranking_k"": 10}"
disease_5215,Nêu ví dụ về nhiễm trùng đường hô hấp dưới?,1,"[""doc_5e62239a5db71e77503060d9""]","[""ctx_5cf29c2f25369b62b996b46f""]",1,1,1,1,True,True,BOTH_HIT,hit_at_evaluated_cutoff,BOTH_HIT,"{""bm25_hit"": true, ""dense_hit"": true, ""union_hit"": true, ""candidate_hit"": true, ""reranker_top_k_hit"": true, ""candidate_depth"": 100, ""ranking_k"": 10}"
disease_4636,Vì sao cần đến bác sĩ sớm nếu có những triệu chứng nào bất thường?,1,"[""doc_608599cf9de448ca56b58618""]","[""ctx_6758194abfe86f6d2ced8bb6""]",42,3,3,41,False,False,BOTH_HIT;RERANKER_MISS;SELECTION_MISS;DOC_AND_CHUNK_MISS,reranker,BOTH_HIT; RERANKER_MISS; SELECTION_MISS; DOC_AND_CHUNK_MISS,"{""bm25_hit"": true, ""dense_hit"": true, ""union_hit"": true, ""candidate_hit"": true, ""reranker_top_k_hit"": false, ""candidate_depth"": 100, ""ranking_k"": 10}"
disease_12499,Viêm cầu thận cấp có thể dẫn đến tình trạng nào?,1,"[""doc_26fc2054440998a09aaff379""]","[""ctx_197846c28f480041b7dbea48""]",2,1,1,1,True,True,BOTH_HIT,hit_at_evaluated_cutoff,BOTH_HIT,"{""bm25_hit"": true, ""dense_hit"": true, ""union_hit"": true, ""candidate_hit"": true, ""reranker_top_k_hit"": true, ""candidate_depth"": 100, ""ranking_k"": 10}"
disease_11446,Nôn mửa đột ngột có tên gọi là gì?,1,"[""doc_917072f56a83430a911632be""]","[""ctx_d1e495a8fde9655c03188eae""]",1,,10,1,True,True,BM25_ONLY_HIT,hit_at_evaluated_cutoff,BM25_ONLY_HIT,"{""bm25_hit"": true, ""dense_hit"": false, ""union_hit"": true, ""candidate_hit"": true, ""reranker_top_k_hit"": true, ""candidate_depth"": 100, ""ranking_k"": 10}"
disease_13449,Khi nào thì cần đi khám bác sĩ khi bị viêm phế quản cấp?,1,"[""doc_68f853faa6c1816f5b919b03""]","[""ctx_25630aa6aaaf8d6537153281""]",12,1,1,1,True,True,BOTH_HIT,hit_at_evaluated_cutoff,BOTH_HIT,"{""bm25_hit"": true, ""dense_hit"": true, ""union_hit"": true, ""candidate_hit"": true, ""reranker_top_k_hit"": true, ""candidate_depth"": 100, ""ranking_k"": 10}"
disease_13612,Hiện tượng khối áp-xe hình thành do ruột thừa bị vỡ có khả năng gây ra hậu quả gì?,1,"[""doc_eafa759e5bcb5019ecacd410""]","[""ctx_d2d25ad28a56597a023ea201""]",1,1,1,1,True,True,BOTH_HIT,hit_at_evaluated_cutoff,BOTH_HIT,"{""bm25_hit"": true, ""dense_hit"": true, ""union_hit"": true, ""candidate_hit"": true, ""reranker_top_k_hit"": true, ""candidate_depth"": 100, ""ranking_k"": 10}"
disease_12360,Ở nhóm bệnh nhân nào cần tìm nguyên nhân theo hướng nhiễm khuẩn đường tiết niệu phức tạp?,1,"[""doc_13b3857fa25dd2d5bbde7ae9""]","[""ctx_c6424ebea26c26109b28ac39""]",4,23,5,3,True,True,BOTH_HIT,hit_at_evaluated_cutoff,BOTH_HIT,"{""bm25_hit"": true, ""dense_hit"": true, ""union_hit"": true, ""candidate_hit"": true, ""reranker_top_k_hit"": true, ""candidate_depth"": 100, ""ranking_k"": 10}"
disease_6551,Có những cách nào để khắc phục những thay đổi về trí nhớ do Rối loạn chức năng não sau hóa trị?,1,"[""doc_8a943426e217e779213d241a""]","[""ctx_faba873a9128f63ae7938384""]",4,7,5,1,True,True,BOTH_HIT,hit_at_evaluated_cutoff,BOTH_HIT,"{""bm25_hit"": true, ""dense_hit"": true, ""union_hit"": true, ""candidate_hit"": true, ""reranker_top_k_hit"": true, ""candidate_depth"": 100, ""ranking_k"": 10}"
disease_597,Hormone tăng trưởng được tiết ra khi nào?,1,"[""doc_c175bb8c583891baa1c7cb35""]","[""ctx_d911b4363adbd7921f63dc8b""]",2,1,1,1,True,True,BOTH_HIT,hit_at_evaluated_cutoff,BOTH_HIT,"{""bm25_hit"": true, ""dense_hit"": true, ""union_hit"": true, ""candidate_hit"": true, ""reranker_top_k_hit"": true, ""candidate_depth"": 100, ""ranking_k"": 10}"
disease_15641,Dấu hiệu đứt dây chằng đầu gối được gọi là gãy xương Segond là gì?,1,"[""doc_c35b195dae178fbc3669f259""]","[""ctx_ad338db10f8bbae1cf04c2ab""]",1,8,2,1,True,True,BOTH_HIT,hit_at_evaluated_cutoff,BOTH_HIT,"{""bm25_hit"": true, ""dense_hit"": true, ""union_hit"": true, ""candidate_hit"": true, ""reranker_top_k_hit"": true, ""candidate_depth"": 100, ""ranking_k"": 10}"
disease_8651,Một người thiếu sắt có thể có nguồn cung cấp sắt đầy đủ hay không?,1,"[""doc_202b18db961abbb44eaa361c""]","[""ctx_0f8a44431a263b356f16b9bf""]",1,3,1,2,True,True,BOTH_HIT,hit_at_evaluated_cutoff,BOTH_HIT,"{""bm25_hit"": true, ""dense_hit"": true, ""union_hit"": true, ""candidate_hit"": true, ""reranker_top_k_hit"": true, ""candidate_depth"": 100, ""ranking_k"": 10}"
disease_5510,Thuốc kháng viêm Corticoide điển hình bao gồm những loại nào?,1,"[""doc_1031b6a456f0235af53aa6f7""]","[""ctx_0d96272a51484d380f357847""]",5,64,7,5,True,True,BOTH_HIT,hit_at_evaluated_cutoff,BOTH_HIT,"{""bm25_hit"": true, ""dense_hit"": true, ""union_hit"": true, ""candidate_hit"": true, ""reranker_top_k_hit"": true, ""candidate_depth"": 100, ""ranking_k"": 10}"
disease_13446,Bệnh viêm phế quản cấp thường biểu hiện như thế nào?,1,"[""doc_68f853faa6c1816f5b919b03""]","[""ctx_1fb5da68b021f890a046ef03""]",2,2,1,2,True,True,BOTH_HIT,hit_at_evaluated_cutoff,BOTH_HIT,"{""bm25_hit"": true, ""dense_hit"": true, ""union_hit"": true, ""candidate_hit"": true, ""reranker_top_k_hit"": true, ""candidate_depth"": 100, ""ranking_k"": 10}"
disease_11353,Amiăng có thể hiện diện ở đâu?,1,"[""doc_9823be295246204226e9b591""]","[""ctx_7dbc1dddf2dd68d76ffe6256""]",1,1,1,2,True,True,BOTH_HIT,hit_at_evaluated_cutoff,BOTH_HIT,"{""bm25_hit"": true, ""dense_hit"": true, ""union_hit"": true, ""candidate_hit"": true, ""reranker_top_k_hit"": true, ""candidate_depth"": 100, ""ranking_k"": 10}"
disease_13194,Sau bao lâu thì nên làm ướt lại chiếc khăn?,1,"[""doc_2c563b644d8187ff4427d728""]","[""ctx_8577477c20fe90b3414eac80""]",1,,8,1,True,True,BM25_ONLY_HIT,hit_at_evaluated_cutoff,BM25_ONLY_HIT,"{""bm25_hit"": true, ""dense_hit"": false, ""union_hit"": true, ""candidate_hit"": true, ""reranker_top_k_hit"": true, ""candidate_depth"": 100, ""ranking_k"": 10}"
disease_15399,"Có những biểu tượng hay biểu hiệu chung, chứng tỏ cho dấu hiệu của bệnh tim?",1,"[""doc_a58a0c7bc2bb7586fec3c8ae""]","[""ctx_91f55055d7c0a90166f020f3""]",34,,72,48,False,False,BM25_ONLY_HIT;RERANKER_MISS;SELECTION_MISS;DOC_AND_CHUNK_MISS,reranker,BM25_ONLY_HIT; RERANKER_MISS; SELECTION_MISS; DOC_AND_CHUNK_MISS,"{""bm25_hit"": true, ""dense_hit"": false, ""union_hit"": true, ""candidate_hit"": true, ""reranker_top_k_hit"": false, ""candidate_depth"": 100, ""ranking_k"": 10}"
disease_10355,Khi nào cần phải thực hiện thủ thuật đặt ống thông tim để chẩn đoán tăng áp động mạch phổi?,1,"[""doc_9a4650dc64157e78e636abaa""]","[""ctx_8790a41ef11d7e9d73d61b94""]",1,1,1,1,True,True,BOTH_HIT,hit_at_evaluated_cutoff,BOTH_HIT,"{""bm25_hit"": true, ""dense_hit"": true, ""union_hit"": true, ""candidate_hit"": true, ""reranker_top_k_hit"": true, ""candidate_depth"": 100, ""ranking_k"": 10}"
disease_10505,Tứ chứng Fallot là một tình trạng tim bẩm sinh nghiêm trọng?,1,"[""doc_3a90ced9d09497e1ce266e78""]","[""ctx_7715ec9caf028bae98ee6117""]",2,3,3,3,True,True,BOTH_HIT,hit_at_evaluated_cutoff,BOTH_HIT,"{""bm25_hit"": true, ""dense_hit"": true, ""union_hit"": true, ""candidate_hit"": true, ""reranker_top_k_hit"": true, ""candidate_depth"": 100, ""ranking_k"": 10}"
disease_1114,Chảy máu mũi thường xuyên là như thế nào?,1,"[""doc_a00b53d2063807ff85a1d759""]","[""ctx_ab4a5c0cb3487a7ffce6e576""]",1,1,1,1,True,True,BOTH_HIT,hit_at_evaluated_cutoff,BOTH_HIT,"{""bm25_hit"": true, ""dense_hit"": true, ""union_hit"": true, ""candidate_hit"": true, ""reranker_top_k_hit"": true, ""candidate_depth"": 100, ""ranking_k"": 10}"
disease_1117,Khi nào bạn nên đến khám bác sĩ để xác định nguyên nhân chảy máu nếu tình trạng này thường xuyên xảy ra?,1,"[""doc_a00b53d2063807ff85a1d759""]","[""ctx_2a3801be13a5ca6b6be2fa4e""]",1,1,1,1,True,True,BOTH_HIT,hit_at_evaluated_cutoff,BOTH_HIT,"{""bm25_hit"": true, ""dense_hit"": true, ""union_hit"": true, ""candidate_hit"": true, ""reranker_top_k_hit"": true, ""candidate_depth"": 100, ""ranking_k"": 10}"
disease_299,Bệnh bướu giáp là gì?,1,"[""doc_f944c0d57ba19f060af1f460""]","[""ctx_f1a56b2f18f63761e175d230""]",1,1,1,1,True,True,BOTH_HIT,hit_at_evaluated_cutoff,BOTH_HIT,"{""bm25_hit"": true, ""dense_hit"": true, ""union_hit"": true, ""candidate_hit"": true, ""reranker_top_k_hit"": true, ""candidate_depth"": 100, ""ranking_k"": 10}"
disease_327,Phương pháp điều trị iốt phóng xạ được sử dụng cho đối tượng nào?,1,"[""doc_f944c0d57ba19f060af1f460""]","[""ctx_0930b6b6699a12f410df022a""]",,11,42,2,True,True,DENSE_ONLY_HIT,hit_at_evaluated_cutoff,DENSE_ONLY_HIT,"{""bm25_hit"": false, ""dense_hit"": true, ""union_hit"": true, ""candidate_hit"": true, ""reranker_top_k_hit"": true, ""candidate_depth"": 100, ""ranking_k"": 10}"
disease_3844,Người bị khô mắt có thể gặp khó chịu như thế nào khi lái xe?,1,"[""doc_f8701f5bc07ef2a2c802e578""]","[""ctx_b22ee363651e3dd9dc3764c8""]",4,1,2,1,True,True,BOTH_HIT,hit_at_evaluated_cutoff,BOTH_HIT,"{""bm25_hit"": true, ""dense_hit"": true, ""union_hit"": true, ""candidate_hit"": true, ""reranker_top_k_hit"": true, ""candidate_depth"": 100, ""ranking_k"": 10}"
disease_11184,Bướu lớn dần gây ra biến chứng gì cho người bệnh?,1,"[""doc_6688e3853e8396c32194c35f""]","[""ctx_e921a7cbde65d08935223773""]",2,2,2,1,True,True,BOTH_HIT,hit_at_evaluated_cutoff,BOTH_HIT,"{""bm25_hit"": true, ""dense_hit"": true, ""union_hit"": true, ""candidate_hit"": true, ""reranker_top_k_hit"": true, ""candidate_depth"": 100, ""ranking_k"": 10}"
disease_7222,Yếu tố nguy cơ nào làm tăng nguy cơ mắc Rối loạn ác mộng?,1,"[""doc_88465eb6b7b4e9237af49d0b""]","[""ctx_d6f62542548a70ff373cabbe""]",29,2,4,2,True,True,BOTH_HIT,hit_at_evaluated_cutoff,BOTH_HIT,"{""bm25_hit"": true, ""dense_hit"": true, ""union_hit"": true, ""candidate_hit"": true, ""reranker_top_k_hit"": true, ""candidate_depth"": 100, ""ranking_k"": 10}"
disease_14074,Làm thế nào để chẩn đoán viêm huyết hang vị dạ dày?,1,"[""doc_f20ebda00feee2fcd6d47096""]","[""ctx_25b425c8b6f097fa76774d35""]",2,1,1,1,True,True,BOTH_HIT,hit_at_evaluated_cutoff,BOTH_HIT,"{""bm25_hit"": true, ""dense_hit"": true, ""union_hit"": true, ""candidate_hit"": true, ""reranker_top_k_hit"": true, ""candidate_depth"": 100, ""ranking_k"": 10}"
disease_7456,"Trong điều trị suy gan cấp, tại sao dinh dưỡng đường tĩnh mạch được khuyến cáo ít dùng?",1,"[""doc_c206e36a1caff15873b81712""]","[""ctx_64cc22d0c64d00821cabb809""]",8,1,1,1,True,True,BOTH_HIT,hit_at_evaluated_cutoff,BOTH_HIT,"{""bm25_hit"": true, ""dense_hit"": true, ""union_hit"": true, ""candidate_hit"": true, ""reranker_top_k_hit"": true, ""candidate_depth"": 100, ""ranking_k"": 10}"
disease_9421,Nguy cơ mắc các bệnh tim mạch tăng lên như thế nào nếu sản phụ bị tiền sản giật hai lần trở lên hoặc phải sanh non vì biến chứng nặng?,1,"[""doc_0f5b338f4a9c1cc4d56b8c62""]","[""ctx_64906bd59e94fcc6594efc3c""]",1,1,1,1,True,True,BOTH_HIT,hit_at_evaluated_cutoff,BOTH_HIT,"{""bm25_hit"": true, ""dense_hit"": true, ""union_hit"": true, ""candidate_hit"": true, ""reranker_top_k_hit"": true, ""candidate_depth"": 100, ""ranking_k"": 10}"
disease_3528,"Trong trường hợp bệnh nhân có những tai biến do huyết khối ví dụ như nhồi máu não, nhồi máu cơ tim thì điều trị như thế nào?",1,"[""doc_0b29daff5def4a45e612db2e""]","[""ctx_a804d349396605c40f93344a""]",1,1,1,1,True,True,BOTH_HIT,hit_at_evaluated_cutoff,BOTH_HIT,"{""bm25_hit"": true, ""dense_hit"": true, ""union_hit"": true, ""candidate_hit"": true, ""reranker_top_k_hit"": true, ""candidate_depth"": 100, ""ranking_k"": 10}"
disease_4160,"Trong bao lâu sau sinh, các bệnh lý do liên cầu nhóm B có thể xuất hiện ở trẻ sơ sinh?",1,"[""doc_c22d0d57c4b25403c947493f""]","[""ctx_153134f4581ceb3c6922cc43""]",1,1,1,1,True,True,BOTH_HIT,hit_at_evaluated_cutoff,BOTH_HIT,"{""bm25_hit"": true, ""dense_hit"": true, ""union_hit"": true, ""candidate_hit"": true, ""reranker_top_k_hit"": true, ""candidate_depth"": 100, ""ranking_k"": 10}"
disease_1123,Cần làm gì khi bị chảy máu mũi?,1,"[""doc_a00b53d2063807ff85a1d759""]","[""ctx_6ef5b7cfcf49180494700ed9""]",5,2,3,2,True,True,BOTH_HIT,hit_at_evaluated_cutoff,BOTH_HIT,"{""bm25_hit"": true, ""dense_hit"": true, ""union_hit"": true, ""candidate_hit"": true, ""reranker_top_k_hit"": true, ""candidate_depth"": 100, ""ranking_k"": 10}"
disease_905,Hơi thở có mùi urê là dấu hiệu của tình trạng gì?,1,"[""doc_be8fd6e59aa484e38f4f0694""]","[""ctx_24446953a100b399f0529958""]",1,1,1,1,True,True,BOTH_HIT,hit_at_evaluated_cutoff,BOTH_HIT,"{""bm25_hit"": true, ""dense_hit"": true, ""union_hit"": true, ""candidate_hit"": true, ""reranker_top_k_hit"": true, ""candidate_depth"": 100, ""ranking_k"": 10}"
disease_5630,Nấm da đầu là bệnh lý gì?,1,"[""doc_172bbf15e0965738de4ab580""]","[""ctx_dd4dff281604f801ea095e51""]",11,4,6,3,True,True,BOTH_HIT,hit_at_evaluated_cutoff,BOTH_HIT,"{""bm25_hit"": true, ""dense_hit"": true, ""union_hit"": true, ""candidate_hit"": true, ""reranker_top_k_hit"": true, ""candidate_depth"": 100, ""ranking_k"": 10}"
disease_13247,"Nội soi mũi xoang được thực hiện để loại trừ những bất thường cấu trúc, sự việc nào có thể làm triệu chứng nặng hơn?",1,"[""doc_244ea9af970c69cfe4095194""]","[""ctx_f68f8524d46e5664345f21cf""]",1,1,1,1,True,True,BOTH_HIT,hit_at_evaluated_cutoff,BOTH_HIT,"{""bm25_hit"": true, ""dense_hit"": true, ""union_hit"": true, ""candidate_hit"": true, ""reranker_top_k_hit"": true, ""candidate_depth"": 100, ""ranking_k"": 10}"
disease_2335,Những hiện tượng báo động cần lưu ý khi gặp vấn đề về giấc ngủ là gì?,1,"[""doc_d30c4a2f511c7ec854e08157""]","[""ctx_f888a9499889dff2fb385ad3""]",19,1,2,1,True,True,BOTH_HIT,hit_at_evaluated_cutoff,BOTH_HIT,"{""bm25_hit"": true, ""dense_hit"": true, ""union_hit"": true, ""candidate_hit"": true, ""reranker_top_k_hit"": true, ""candidate_depth"": 100, ""ranking_k"": 10}"
disease_6138,"Trong trường hợp nặng, phì đại tiền liệt tuyến dẫn đến hậu quả gì?",1,"[""doc_64cc51e43fe62fe0e6f034d5""]","[""ctx_ec5934d682b34997811f18cf""]",14,1,3,1,True,True,BOTH_HIT,hit_at_evaluated_cutoff,BOTH_HIT,"{""bm25_hit"": true, ""dense_hit"": true, ""union_hit"": true, ""candidate_hit"": true, ""reranker_top_k_hit"": true, ""candidate_depth"": 100, ""ranking_k"": 10}"
disease_3778,Trong trường hợp nào bác sĩ sẽ kê toa thuốc giãn phế quản cho bệnh nhân khí phế thủng?,1,"[""doc_56f6488d4f9dc3eef866d49f""]","[""ctx_0ff168eef89cb66a5ad0ceac""]",6,4,2,1,True,True,BOTH_HIT,hit_at_evaluated_cutoff,BOTH_HIT,"{""bm25_hit"": true, ""dense_hit"": true, ""union_hit"": true, ""candidate_hit"": true, ""reranker_top_k_hit"": true, ""candidate_depth"": 100, ""ranking_k"": 10}"
disease_9451,Căn nguyên gây ra bênh tiểu đường ĐTĐ-1 vẫn chưa được rõ ràng?,1,"[""doc_d0bb6736335f7ba2919132ef""]","[""ctx_3d1ada347bf1f1b721105906""]",1,1,1,1,True,True,BOTH_HIT,hit_at_evaluated_cutoff,BOTH_HIT,"{""bm25_hit"": true, ""dense_hit"": true, ""union_hit"": true, ""candidate_hit"": true, ""reranker_top_k_hit"": true, ""candidate_depth"": 100, ""ranking_k"": 10}"
disease_4349,Nỗi đau ở người bệnh Lupus ban đỏ ở mức độ nào?,1,"[""doc_7c66d2d3a0e59b08fcf1632e""]","[""ctx_34250e5ab5be85c46c0a9360""]",,,,,False,True,BOTH_MISS;CANDIDATE_MISS;DOC_HIT_CHUNK_MISS,retrieval_or_fusion,BOTH_MISS; CANDIDATE_MISS; DOC_HIT_CHUNK_MISS,"{""bm25_hit"": false, ""dense_hit"": false, ""union_hit"": false, ""candidate_hit"": false, ""reranker_top_k_hit"": false, ""candidate_depth"": 100, ""ranking_k"": 10}"
disease_15649,Khi nào đau dữ dội quanh xương bánh chè có thể xảy ra?,1,"[""doc_c35b195dae178fbc3669f259""]","[""ctx_9a4aeccf0498280d93ac26b4""]",1,1,1,1,True,True,BOTH_HIT,hit_at_evaluated_cutoff,BOTH_HIT,"{""bm25_hit"": true, ""dense_hit"": true, ""union_hit"": true, ""candidate_hit"": true, ""reranker_top_k_hit"": true, ""candidate_depth"": 100, ""ranking_k"": 10}"
disease_13866,Những triệu chứng ban đầu của viêm tiểu phế quản là gì?,1,"[""doc_de6f47005b52c0f1ee835cb3""]","[""ctx_fc370a42f1c7c67d9f5a2002""]",3,1,1,1,True,True,BOTH_HIT,hit_at_evaluated_cutoff,BOTH_HIT,"{""bm25_hit"": true, ""dense_hit"": true, ""union_hit"": true, ""candidate_hit"": true, ""reranker_top_k_hit"": true, ""candidate_depth"": 100, ""ranking_k"": 10}"
disease_13696,Viêm tai giữa mạn tính là gì?,1,"[""doc_cc38df96f40668a2556c9d34""]","[""ctx_ea860e0bbafb9ef458e28db8""]",2,1,1,2,True,True,BOTH_HIT,hit_at_evaluated_cutoff,BOTH_HIT,"{""bm25_hit"": true, ""dense_hit"": true, ""union_hit"": true, ""candidate_hit"": true, ""reranker_top_k_hit"": true, ""candidate_depth"": 100, ""ranking_k"": 10}"
disease_11010,Những yếu tố nào liên quan đến bệnh sinh ung thư amiđan?,1,"[""doc_4859448460da3c5078deb1a7""]","[""ctx_268d48025b469973e2508bc5""]",1,1,1,1,True,True,BOTH_HIT,hit_at_evaluated_cutoff,BOTH_HIT,"{""bm25_hit"": true, ""dense_hit"": true, ""union_hit"": true, ""candidate_hit"": true, ""reranker_top_k_hit"": true, ""candidate_depth"": 100, ""ranking_k"": 10}"
disease_12312,Người bị bệnh Viêm amidan mạn tính nên làm gì để chăm sóc tại nhà?,1,"[""doc_ad33f53eccce0cbf27e5d8b7""]","[""ctx_2bd3855634c176984c1a75be""]",,54,91,1,True,True,DENSE_ONLY_HIT,hit_at_evaluated_cutoff,DENSE_ONLY_HIT,"{""bm25_hit"": false, ""dense_hit"": true, ""union_hit"": true, ""candidate_hit"": true, ""reranker_top_k_hit"": true, ""candidate_depth"": 100, ""ranking_k"": 10}"
disease_15313,Nguy cơ biến chứng ở người mắc tiểu đường type 1 như thế nào?,1,"[""doc_316bc3891c4ea522b06ff7fb""]","[""ctx_376398c39b662d152b85541b""]",3,1,1,1,True,True,BOTH_HIT,hit_at_evaluated_cutoff,BOTH_HIT,"{""bm25_hit"": true, ""dense_hit"": true, ""union_hit"": true, ""candidate_hit"": true, ""reranker_top_k_hit"": true, ""candidate_depth"": 100, ""ranking_k"": 10}"
disease_12209,Tại sao hầu hết các bạn trẻ ở Việt Nam lại có miễn dịch bảo vệ chống lại vi khuẩn gây uốn ván?,1,"[""doc_56d2be1ee5e57780a38fbec1""]","[""ctx_549d09b2f4ab74d4250e6417""]",1,1,1,1,True,True,BOTH_HIT,hit_at_evaluated_cutoff,BOTH_HIT,"{""bm25_hit"": true, ""dense_hit"": true, ""union_hit"": true, ""candidate_hit"": true, ""reranker_top_k_hit"": true, ""candidate_depth"": 100, ""ranking_k"": 10}"
disease_2697,Thuốc chống loạn thần có thể gây ra tác dụng phụ gì?,1,"[""doc_2b03cbbc5599a334f9836903""]","[""ctx_de684e20a99535e4b68b7bd8""]",1,2,1,1,True,True,BOTH_HIT,hit_at_evaluated_cutoff,BOTH_HIT,"{""bm25_hit"": true, ""dense_hit"": true, ""union_hit"": true, ""candidate_hit"": true, ""reranker_top_k_hit"": true, ""candidate_depth"": 100, ""ranking_k"": 10}"
disease_13526,Tràn dịch màng phổi thường hình thành như thế nào và có phương pháp điều trị nào hiệu quả?,1,"[""doc_c38b4ba654d1041ee38c9dfb""]","[""ctx_24c82fa981f7cf425f9e58fc""]",25,22,16,11,False,False,BOTH_HIT;RERANKER_MISS;SELECTION_MISS;DOC_AND_CHUNK_MISS,reranker,BOTH_HIT; RERANKER_MISS; SELECTION_MISS; DOC_AND_CHUNK_MISS,"{""bm25_hit"": true, ""dense_hit"": true, ""union_hit"": true, ""candidate_hit"": true, ""reranker_top_k_hit"": false, ""candidate_depth"": 100, ""ranking_k"": 10}"
disease_13867,Khi nào trẻ cần nhập viện để điều trị bệnh viêm tiểu phế quản?,1,"[""doc_de6f47005b52c0f1ee835cb3""]","[""ctx_fc370a42f1c7c67d9f5a2002""]",1,2,2,1,True,True,BOTH_HIT,hit_at_evaluated_cutoff,BOTH_HIT,"{""bm25_hit"": true, ""dense_hit"": true, ""union_hit"": true, ""candidate_hit"": true, ""reranker_top_k_hit"": true, ""candidate_depth"": 100, ""ranking_k"": 10}"
disease_1486,Bệnh cước thường tự khỏi trong bao lâu?,1,"[""doc_00dad9d2149473397a948642""]","[""ctx_f7197056d3e2c455820f5b5c""]",2,1,2,2,True,True,BOTH_HIT,hit_at_evaluated_cutoff,BOTH_HIT,"{""bm25_hit"": true, ""dense_hit"": true, ""union_hit"": true, ""candidate_hit"": true, ""reranker_top_k_hit"": true, ""candidate_depth"": 100, ""ranking_k"": 10}"
disease_4912,Tại sao nên đến khám bác sĩ sớm khi bị nghe kém đột ngột?,1,"[""doc_f28dc6308d44b651b232a565""]","[""ctx_d670fe93693ca5881fd8fc6c""]",1,1,1,1,True,True,BOTH_HIT,hit_at_evaluated_cutoff,BOTH_HIT,"{""bm25_hit"": true, ""dense_hit"": true, ""union_hit"": true, ""candidate_hit"": true, ""reranker_top_k_hit"": true, ""candidate_depth"": 100, ""ranking_k"": 10}"
disease_7436,"Trong trường hợp suy dinh dưỡng nhẹ - trung bình, chế độ ăn phù hợp với trẻ trong 6 tháng đầu là gì?",1,"[""doc_a01886e2482d2c1f49af18f1""]","[""ctx_99f503c2cc2b0ac674176954""]",1,2,1,1,True,True,BOTH_HIT,hit_at_evaluated_cutoff,BOTH_HIT,"{""bm25_hit"": true, ""dense_hit"": true, ""union_hit"": true, ""candidate_hit"": true, ""reranker_top_k_hit"": true, ""candidate_depth"": 100, ""ranking_k"": 10}"
disease_12575,Tại sao viêm da tiết bã có thể xảy ra ở trẻ sơ sinh?,1,"[""doc_9a832457597a3a67045c9f67""]","[""ctx_a388a3416bef59b8e5a1dd4e""]",1,1,1,1,True,True,BOTH_HIT,hit_at_evaluated_cutoff,BOTH_HIT,"{""bm25_hit"": true, ""dense_hit"": true, ""union_hit"": true, ""candidate_hit"": true, ""reranker_top_k_hit"": true, ""candidate_depth"": 100, ""ranking_k"": 10}"
disease_5427,"Khi thực hiện ép tim, người sơ cứu cần phải đặt nạn nhân nằm ở đâu?",1,"[""doc_89c676456bb5517470497aab""]","[""ctx_e124697cac34c32a9f572a0a""]",1,1,1,1,True,True,BOTH_HIT,hit_at_evaluated_cutoff,BOTH_HIT,"{""bm25_hit"": true, ""dense_hit"": true, ""union_hit"": true, ""candidate_hit"": true, ""reranker_top_k_hit"": true, ""candidate_depth"": 100, ""ranking_k"": 10}"
disease_3124,Làm thế nào để giải quyết triệt để hội chứng Colic?,1,"[""doc_590de799e2adbcb497345a5d""]","[""ctx_d9cc020616294efac5d0c2f4""]",1,4,2,2,True,True,BOTH_HIT,hit_at_evaluated_cutoff,BOTH_HIT,"{""bm25_hit"": true, ""dense_hit"": true, ""union_hit"": true, ""candidate_hit"": true, ""reranker_top_k_hit"": true, ""candidate_depth"": 100, ""ranking_k"": 10}"
disease_27,Bệnh Alzheimer thường gặp ở người cao tuổi hay người trẻ tuổi?,1,"[""doc_600293ca74a2f117f77ee6d5""]","[""ctx_16cdafd62483d7baaca3fd99""]",35,87,30,6,False,True,BOTH_HIT;SELECTION_MISS;DOC_HIT_CHUNK_MISS,selection,BOTH_HIT; SELECTION_MISS; DOC_HIT_CHUNK_MISS,"{""bm25_hit"": true, ""dense_hit"": true, ""union_hit"": true, ""candidate_hit"": true, ""reranker_top_k_hit"": true, ""candidate_depth"": 100, ""ranking_k"": 10}"
disease_13237,Polyp mũi là gì và phát triển ở đâu?,1,"[""doc_244ea9af970c69cfe4095194""]","[""ctx_9442e955fdae76f16e797fb2""]",3,9,5,4,True,True,BOTH_HIT,hit_at_evaluated_cutoff,BOTH_HIT,"{""bm25_hit"": true, ""dense_hit"": true, ""union_hit"": true, ""candidate_hit"": true, ""reranker_top_k_hit"": true, ""candidate_depth"": 100, ""ranking_k"": 10}"
disease_2873,Vấn đề mất nước thường dẫn tới hạ natri máu có thể dễ dàng được nhận biết bằng cách gì?,1,"[""doc_de3c9ea4fca089b5bd9d47de""]","[""ctx_3dc4437d6b29b24b91d9195f""]",3,1,1,2,True,True,BOTH_HIT,hit_at_evaluated_cutoff,BOTH_HIT,"{""bm25_hit"": true, ""dense_hit"": true, ""union_hit"": true, ""candidate_hit"": true, ""reranker_top_k_hit"": true, ""candidate_depth"": 100, ""ranking_k"": 10}"
disease_5022,Người mắc các bệnh tim nào dễ bị ngừng tim đột ngột?,1,"[""doc_3c4e7a692d3758abc958b211""]","[""ctx_15c08e230668cd7a3504aa9e""]",1,1,1,1,True,True,BOTH_HIT,hit_at_evaluated_cutoff,BOTH_HIT,"{""bm25_hit"": true, ""dense_hit"": true, ""union_hit"": true, ""candidate_hit"": true, ""reranker_top_k_hit"": true, ""candidate_depth"": 100, ""ranking_k"": 10}"
disease_3219,Có thể xuất hiện các triệu chứng nào ngoài những triệu chứng đặc trưng của hội chứng Horner?,1,"[""doc_7fde8fdbd66f819ddb73a467""]","[""ctx_5949e641fd095d12c03b18f9""]",5,1,2,1,True,True,BOTH_HIT,hit_at_evaluated_cutoff,BOTH_HIT,"{""bm25_hit"": true, ""dense_hit"": true, ""union_hit"": true, ""candidate_hit"": true, ""reranker_top_k_hit"": true, ""candidate_depth"": 100, ""ranking_k"": 10}"
disease_10027,"Trong quá trình chẩn đoán tình trạng tăng canxi máu, bác sĩ thường yêu cầu các xét nghiệm gì?",1,"[""doc_bb6b80535926ee6e6ea89b4c""]","[""ctx_f3a2dc113e32e87daeb66c14""]",1,1,1,1,True,True,BOTH_HIT,hit_at_evaluated_cutoff,BOTH_HIT,"{""bm25_hit"": true, ""dense_hit"": true, ""union_hit"": true, ""candidate_hit"": true, ""reranker_top_k_hit"": true, ""candidate_depth"": 100, ""ranking_k"": 10}"
disease_12583,Trên da đầu của trẻ bị viêm da tiết bã có thể xuất hiện những gì?,1,"[""doc_9a832457597a3a67045c9f67""]","[""ctx_354a4a37e9bf0dc620f27abe""]",16,5,8,1,True,True,BOTH_HIT,hit_at_evaluated_cutoff,BOTH_HIT,"{""bm25_hit"": true, ""dense_hit"": true, ""union_hit"": true, ""candidate_hit"": true, ""reranker_top_k_hit"": true, ""candidate_depth"": 100, ""ranking_k"": 10}"
disease_5221,Viêm xoang là gì?,1,"[""doc_5e62239a5db71e77503060d9""]","[""ctx_69f231f767924983fae5c9dc""]",6,2,4,3,True,True,BOTH_HIT,hit_at_evaluated_cutoff,BOTH_HIT,"{""bm25_hit"": true, ""dense_hit"": true, ""union_hit"": true, ""candidate_hit"": true, ""reranker_top_k_hit"": true, ""candidate_depth"": 100, ""ranking_k"": 10}"
disease_8128,Bệnh phù do nhiệt là gì?,1,"[""doc_965328f478b8cb6339156304""]","[""ctx_94a4548469879d73c735ce91""]",1,1,1,1,True,True,BOTH_HIT,hit_at_evaluated_cutoff,BOTH_HIT,"{""bm25_hit"": true, ""dense_hit"": true, ""union_hit"": true, ""candidate_hit"": true, ""reranker_top_k_hit"": true, ""candidate_depth"": 100, ""ranking_k"": 10}"
disease_3690,Hội chứng thần kinh cận ung có thể gây ra những triệu chứng nào?,1,"[""doc_9e5ed0fa2d6bd36c4ab0c0e2""]","[""ctx_2b6609e068bbc57f30117433""]",4,42,8,1,True,True,BOTH_HIT,hit_at_evaluated_cutoff,BOTH_HIT,"{""bm25_hit"": true, ""dense_hit"": true, ""union_hit"": true, ""candidate_hit"": true, ""reranker_top_k_hit"": true, ""candidate_depth"": 100, ""ranking_k"": 10}"
disease_6704,Trẻ mắc chứng khó đọc thường gặp những khó khăn khác gì trong cuộc sống?,1,"[""doc_22bccab1a381051879637d30""]","[""ctx_41cd0430ed7286cee5dfa8ef""]",18,8,6,9,False,True,BOTH_HIT;SELECTION_MISS;DOC_HIT_CHUNK_MISS,selection,BOTH_HIT; SELECTION_MISS; DOC_HIT_CHUNK_MISS,"{""bm25_hit"": true, ""dense_hit"": true, ""union_hit"": true, ""candidate_hit"": true, ""reranker_top_k_hit"": true, ""candidate_depth"": 100, ""ranking_k"": 10}"
disease_12513,Liệu có người mắc bệnh viêm cột sống dính khớp mặc dù không mang gen HLA-B27?,1,"[""doc_f9cc3f1a005f7e995184e839""]","[""ctx_eeea61bf714e5515af038c91""]",1,1,1,1,True,True,BOTH_HIT,hit_at_evaluated_cutoff,BOTH_HIT,"{""bm25_hit"": true, ""dense_hit"": true, ""union_hit"": true, ""candidate_hit"": true, ""reranker_top_k_hit"": true, ""candidate_depth"": 100, ""ranking_k"": 10}"
disease_8941,Độ tuổi nào có nguy cơ cao nhất mắc thoát vị đĩa đệm cột sống thắt lưng?,1,"[""doc_af0ee0d34fe328d8b5f5de0c""]","[""ctx_244ce7a22ea5f1d911df00c4""]",1,1,1,1,True,True,BOTH_HIT,hit_at_evaluated_cutoff,BOTH_HIT,"{""bm25_hit"": true, ""dense_hit"": true, ""union_hit"": true, ""candidate_hit"": true, ""reranker_top_k_hit"": true, ""candidate_depth"": 100, ""ranking_k"": 10}"
disease_14240,Thuốc nào có khả năng gây phát ban giống vảy phấn hồng?,1,"[""doc_9239745fe8ba82164fb3398a""]","[""ctx_d4b9c0c25fa17459ba44b620""]",1,1,1,1,True,True,BOTH_HIT,hit_at_evaluated_cutoff,BOTH_HIT,"{""bm25_hit"": true, ""dense_hit"": true, ""union_hit"": true, ""candidate_hit"": true, ""reranker_top_k_hit"": true, ""candidate_depth"": 100, ""ranking_k"": 10}"
disease_10199,Khi nào đo độ dày giác mạc được sử dụng?,1,"[""doc_4b690f4d600305d9909f51e7""]","[""ctx_dcb499dcad0dfad26c19ce1b""]",1,1,1,1,True,True,BOTH_HIT,hit_at_evaluated_cutoff,BOTH_HIT,"{""bm25_hit"": true, ""dense_hit"": true, ""union_hit"": true, ""candidate_hit"": true, ""reranker_top_k_hit"": true, ""candidate_depth"": 100, ""ranking_k"": 10}"
disease_4783,Mụn trên đầu thường gây ra triệu chứng gì khác có thể ảnh hưởng đến da đầu?,1,"[""doc_18e1d3eed3e834be11f67932""]","[""ctx_15bac9ef9eba25b8e4a585e2""]",1,1,1,1,True,True,BOTH_HIT,hit_at_evaluated_cutoff,BOTH_HIT,"{""bm25_hit"": true, ""dense_hit"": true, ""union_hit"": true, ""candidate_hit"": true, ""reranker_top_k_hit"": true, ""candidate_depth"": 100, ""ranking_k"": 10}"
disease_10647,Trong trường hợp nào thì không cần điều trị u máu trong gan?,1,"[""doc_d8cfc87a91135c35b80473e3""]","[""ctx_a6cd9fc28871de7d848889b2""]",9,3,3,1,True,True,BOTH_HIT,hit_at_evaluated_cutoff,BOTH_HIT,"{""bm25_hit"": true, ""dense_hit"": true, ""union_hit"": true, ""candidate_hit"": true, ""reranker_top_k_hit"": true, ""candidate_depth"": 100, ""ranking_k"": 10}"
disease_7467,Nguyên nhân gây ra suy gan mạn là gì?,1,"[""doc_57a5c8cf48b6cc9a7760f888""]","[""ctx_962a274b629f54e8044d9210""]",1,4,2,6,False,True,BOTH_HIT;SELECTION_MISS;DOC_HIT_CHUNK_MISS,selection,BOTH_HIT; SELECTION_MISS; DOC_HIT_CHUNK_MISS,"{""bm25_hit"": true, ""dense_hit"": true, ""union_hit"": true, ""candidate_hit"": true, ""reranker_top_k_hit"": true, ""candidate_depth"": 100, ""ranking_k"": 10}"
disease_7672,Bất thường tại khớp là biến chứng thường gặp của suy thận mạn tính giai đoạn cuối hay không?,1,"[""doc_c5d62e4e8581114961988462""]","[""ctx_87e546de53a42b4cd08d13d2""]",,,,,False,True,BOTH_MISS;CANDIDATE_MISS;DOC_HIT_CHUNK_MISS,retrieval_or_fusion,BOTH_MISS; CANDIDATE_MISS; DOC_HIT_CHUNK_MISS,"{""bm25_hit"": false, ""dense_hit"": false, ""union_hit"": false, ""candidate_hit"": false, ""reranker_top_k_hit"": false, ""candidate_depth"": 100, ""ranking_k"": 10}"
disease_1591,"Trong phần lớn các trường hợp, cảm cúm có thể được điều trị tại nhà hay không?",1,"[""doc_5cffcaf54916671d0c6b06a0""]","[""ctx_03b6af0b06a85a88a9551472""]",1,1,1,1,True,True,BOTH_HIT,hit_at_evaluated_cutoff,BOTH_HIT,"{""bm25_hit"": true, ""dense_hit"": true, ""union_hit"": true, ""candidate_hit"": true, ""reranker_top_k_hit"": true, ""candidate_depth"": 100, ""ranking_k"": 10}"
disease_8517,Mẫu bệnh phẩm nào được sử dụng để phân tích khi xét nghiệm thiếu hụt men pseudocholinesterase?,1,"[""doc_b54b185d7938461f94d50d96""]","[""ctx_b7c3efc0a7273de0c81ca0ee""]",1,1,1,1,True,True,BOTH_HIT,hit_at_evaluated_cutoff,BOTH_HIT,"{""bm25_hit"": true, ""dense_hit"": true, ""union_hit"": true, ""candidate_hit"": true, ""reranker_top_k_hit"": true, ""candidate_depth"": 100, ""ranking_k"": 10}"
disease_9014,Thuyên tắc tĩnh mạch sâu có thể gây ra những hậu quả gì?,1,"[""doc_f8282d49281fd25fb3b8c671""]","[""ctx_8e7efec2c98615b74c0edfd8""]",3,7,5,13,False,True,BOTH_HIT;RERANKER_MISS;SELECTION_MISS;DOC_HIT_CHUNK_MISS,reranker,BOTH_HIT; RERANKER_MISS; SELECTION_MISS; DOC_HIT_CHUNK_MISS,"{""bm25_hit"": true, ""dense_hit"": true, ""union_hit"": true, ""candidate_hit"": true, ""reranker_top_k_hit"": false, ""candidate_depth"": 100, ""ranking_k"": 10}"
disease_2359,Gãy cành tươi khác với gãy xương hoàn toàn như thế nào?,1,"[""doc_dd55f27859e6497a17f0403c""]","[""ctx_990f2febbb058408be4185d0""]",2,1,2,1,True,True,BOTH_HIT,hit_at_evaluated_cutoff,BOTH_HIT,"{""bm25_hit"": true, ""dense_hit"": true, ""union_hit"": true, ""candidate_hit"": true, ""reranker_top_k_hit"": true, ""candidate_depth"": 100, ""ranking_k"": 10}"
disease_10993,"Trong phương pháp điều trị bằng thuốc, bệnh nhân cần lưu ý điều gì?",1,"[""doc_1bfd9ae7fe46fa30d976494a""]","[""ctx_52db7856e22c56020b8615ed""]",56,,,,False,False,BM25_ONLY_HIT;FUSION_DROPPED;CANDIDATE_MISS;DOC_AND_CHUNK_MISS,retrieval_or_fusion,BM25_ONLY_HIT; FUSION_DROPPED; CANDIDATE_MISS; DOC_AND_CHUNK_MISS,"{""bm25_hit"": true, ""dense_hit"": false, ""union_hit"": true, ""candidate_hit"": false, ""reranker_top_k_hit"": false, ""candidate_depth"": 100, ""ranking_k"": 10}"
disease_1142,Điều gì sẽ xảy ra nếu không điều trị nha khoa khi có vấn đề trong thời kỳ mang thai?,1,"[""doc_7a5533cb9cfbc2deaa1af07e""]","[""ctx_2ba876e80833a732fa824637""]",1,1,1,1,True,True,BOTH_HIT,hit_at_evaluated_cutoff,BOTH_HIT,"{""bm25_hit"": true, ""dense_hit"": true, ""union_hit"": true, ""candidate_hit"": true, ""reranker_top_k_hit"": true, ""candidate_depth"": 100, ""ranking_k"": 10}"
disease_9394,Tại sao cần hạn chế ăn các loại thực phẩm chứa nhiều dầu mỡ ở độ tuổi tiền mãn kinh?,1,"[""doc_8d6ea0222c57397db24898c9""]","[""ctx_0c1739293c4ba42376967227""]",1,1,1,1,True,True,BOTH_HIT,hit_at_evaluated_cutoff,BOTH_HIT,"{""bm25_hit"": true, ""dense_hit"": true, ""union_hit"": true, ""candidate_hit"": true, ""reranker_top_k_hit"": true, ""candidate_depth"": 100, ""ranking_k"": 10}"
disease_11153,Có thể bỏ qua các triệu chứng ban đầu của ung thư cổ tử cung không?,1,"[""doc_9e239f2609ae15468a34e0b3""]","[""ctx_e3bd1b1f48175c96225c4cb1""]",2,1,1,1,True,True,BOTH_HIT,hit_at_evaluated_cutoff,BOTH_HIT,"{""bm25_hit"": true, ""dense_hit"": true, ""union_hit"": true, ""candidate_hit"": true, ""reranker_top_k_hit"": true, ""candidate_depth"": 100, ""ranking_k"": 10}"
disease_11883,Kiểu ho nào trong các loại ho kể trên gợi ý bệnh ung thư biểu mô tuyến phổi giai đoạn nghiêm trọng?,1,"[""doc_b74e38a85c85664903fb08c5""]","[""ctx_38c425cfe4f8523809550370""]",4,1,2,1,True,True,BOTH_HIT,hit_at_evaluated_cutoff,BOTH_HIT,"{""bm25_hit"": true, ""dense_hit"": true, ""union_hit"": true, ""candidate_hit"": true, ""reranker_top_k_hit"": true, ""candidate_depth"": 100, ""ranking_k"": 10}"
disease_11491,Chụp PET/CT là loại xét nghiệm kết hợp giữa những phương pháp nào?,1,"[""doc_720b8e3ff4c0d56644cc2ce6""]","[""ctx_03f9c0a87596e9ead1b5fc29""]",3,1,1,1,True,True,BOTH_HIT,hit_at_evaluated_cutoff,BOTH_HIT,"{""bm25_hit"": true, ""dense_hit"": true, ""union_hit"": true, ""candidate_hit"": true, ""reranker_top_k_hit"": true, ""candidate_depth"": 100, ""ranking_k"": 10}"
disease_9294,Trong trường hợp bị tiêu chảy nên ăn những thực phẩm như thế nào?,1,"[""doc_7cfc2fa110789c362667d0be""]","[""ctx_cfa6c3165f10ec1d9aa705b2""]",1,1,1,1,True,True,BOTH_HIT,hit_at_evaluated_cutoff,BOTH_HIT,"{""bm25_hit"": true, ""dense_hit"": true, ""union_hit"": true, ""candidate_hit"": true, ""reranker_top_k_hit"": true, ""candidate_depth"": 100, ""ranking_k"": 10}"
disease_7032,"Theo DSM-5, các tiêu chuẩn chẩn đoán rối loạn thách thức chống đối gồm những triệu chứng nào?",1,"[""doc_cc1342bcac8d68e6e8688911""]","[""ctx_f18bb2f2c5c5bd9010778994""]",1,1,1,1,True,True,BOTH_HIT,hit_at_evaluated_cutoff,BOTH_HIT,"{""bm25_hit"": true, ""dense_hit"": true, ""union_hit"": true, ""candidate_hit"": true, ""reranker_top_k_hit"": true, ""candidate_depth"": 100, ""ranking_k"": 10}"
disease_13795,Cơ chế nào dẫn đến viêm thực quản do trào ngược dạ dày thực quản?,1,"[""doc_588e5a3d29db5c385f7b7e1c""]","[""ctx_1f0e3cb4a597afa3182cfd97""]",4,2,2,1,True,True,BOTH_HIT,hit_at_evaluated_cutoff,BOTH_HIT,"{""bm25_hit"": true, ""dense_hit"": true, ""union_hit"": true, ""candidate_hit"": true, ""reranker_top_k_hit"": true, ""candidate_depth"": 100, ""ranking_k"": 10}"
disease_2856,Hạ natri máu là bệnh gì?,1,"[""doc_de3c9ea4fca089b5bd9d47de""]","[""ctx_b310f27c25100c09cd28c267""]",1,2,1,6,False,True,BOTH_HIT;SELECTION_MISS;DOC_HIT_CHUNK_MISS,selection,BOTH_HIT; SELECTION_MISS; DOC_HIT_CHUNK_MISS,"{""bm25_hit"": true, ""dense_hit"": true, ""union_hit"": true, ""candidate_hit"": true, ""reranker_top_k_hit"": true, ""candidate_depth"": 100, ""ranking_k"": 10}"
disease_1242,Có những dạng mất ngôn ngữ nào?,1,"[""doc_061c2614a0892268d410026a""]","[""ctx_ea49ec4165264a166a5759e6""]",1,1,1,1,True,True,BOTH_HIT,hit_at_evaluated_cutoff,BOTH_HIT,"{""bm25_hit"": true, ""dense_hit"": true, ""union_hit"": true, ""candidate_hit"": true, ""reranker_top_k_hit"": true, ""candidate_depth"": 100, ""ranking_k"": 10}"
disease_8881,Bệnh thoái hóa tinh bột gây ảnh hưởng ra sao đến tim?,1,"[""doc_9c4606344f4c3dd4e0b80a29""]","[""ctx_be259b899a813ae74ab5bf40""]",6,1,3,1,True,True,BOTH_HIT,hit_at_evaluated_cutoff,BOTH_HIT,"{""bm25_hit"": true, ""dense_hit"": true, ""union_hit"": true, ""candidate_hit"": true, ""reranker_top_k_hit"": true, ""candidate_depth"": 100, ""ranking_k"": 10}"
disease_5542,Bệnh nấm da chân là gì?,1,"[""doc_245dbd1b2c95ce63b18a187a""]","[""ctx_af7163d733d755250ca0b21f""]",1,1,1,1,True,True,BOTH_HIT,hit_at_evaluated_cutoff,BOTH_HIT,"{""bm25_hit"": true, ""dense_hit"": true, ""union_hit"": true, ""candidate_hit"": true, ""reranker_top_k_hit"": true, ""candidate_depth"": 100, ""ranking_k"": 10}"
disease_15655,Liệu pháp điều trị nào được áp dụng ngay từ những ngày đầu sau ca phẫu thuật?,1,"[""doc_c35b195dae178fbc3669f259""]","[""ctx_87e5f92364c8786588d110f9""]",1,1,1,1,True,True,BOTH_HIT,hit_at_evaluated_cutoff,BOTH_HIT,"{""bm25_hit"": true, ""dense_hit"": true, ""union_hit"": true, ""candidate_hit"": true, ""reranker_top_k_hit"": true, ""candidate_depth"": 100, ""ranking_k"": 10}"
disease_6798,"Trong hiện tượng lên đồng, ai là người dùng lời nói để ám thị người hầu đồng?",1,"[""doc_e6c4c659ea060ff5e34e1a30""]","[""ctx_9de3ae5aed9fe6f975a43edf""]",1,1,1,1,True,True,BOTH_HIT,hit_at_evaluated_cutoff,BOTH_HIT,"{""bm25_hit"": true, ""dense_hit"": true, ""union_hit"": true, ""candidate_hit"": true, ""reranker_top_k_hit"": true, ""candidate_depth"": 100, ""ranking_k"": 10}"
disease_7754,Giai đoạn nào bác sĩ bắt đầu tiến hành chẩn đoán suy tim cấp?,1,"[""doc_ff9c3a730bae566b044df4a9""]","[""ctx_82527915cd669f800e1b595b""]",2,1,1,1,True,True,BOTH_HIT,hit_at_evaluated_cutoff,BOTH_HIT,"{""bm25_hit"": true, ""dense_hit"": true, ""union_hit"": true, ""candidate_hit"": true, ""reranker_top_k_hit"": true, ""candidate_depth"": 100, ""ranking_k"": 10}"
disease_8010,Sỏi bàng quang được hình thành do nguyên nhân nào?,1,"[""doc_e35f33971934d60b6f34b808""]","[""ctx_d5bbb8ad94af4e4d4a161f1a""]",3,2,3,2,True,True,BOTH_HIT,hit_at_evaluated_cutoff,BOTH_HIT,"{""bm25_hit"": true, ""dense_hit"": true, ""union_hit"": true, ""candidate_hit"": true, ""reranker_top_k_hit"": true, ""candidate_depth"": 100, ""ranking_k"": 10}"
disease_15151,Điều trị bệnh đau đầu sét đánh như thế nào?,1,"[""doc_84cba34748385a100e797ef4""]","[""ctx_08d922808a5a3d14f639174b""]",1,1,1,1,True,True,BOTH_HIT,hit_at_evaluated_cutoff,BOTH_HIT,"{""bm25_hit"": true, ""dense_hit"": true, ""union_hit"": true, ""candidate_hit"": true, ""reranker_top_k_hit"": true, ""candidate_depth"": 100, ""ranking_k"": 10}"
disease_11379,EPP là dạng phẫu thuật ra sao?,1,"[""doc_9823be295246204226e9b591""]","[""ctx_801977f8b771d86d13e39a43""]",,54,,,False,False,DENSE_ONLY_HIT;FUSION_DROPPED;CANDIDATE_MISS;DOC_AND_CHUNK_MISS,retrieval_or_fusion,DENSE_ONLY_HIT; FUSION_DROPPED; CANDIDATE_MISS; DOC_AND_CHUNK_MISS,"{""bm25_hit"": false, ""dense_hit"": true, ""union_hit"": true, ""candidate_hit"": false, ""reranker_top_k_hit"": false, ""candidate_depth"": 100, ""ranking_k"": 10}"
disease_13249,Chụp Xquang thẳng còn được áp dụng phổ biến không?,1,"[""doc_244ea9af970c69cfe4095194""]","[""ctx_f68f8524d46e5664345f21cf""]",1,1,1,1,True,True,BOTH_HIT,hit_at_evaluated_cutoff,BOTH_HIT,"{""bm25_hit"": true, ""dense_hit"": true, ""union_hit"": true, ""candidate_hit"": true, ""reranker_top_k_hit"": true, ""candidate_depth"": 100, ""ranking_k"": 10}"
disease_13926,Làm thế nào để chẩn đoán sớm bệnh viêm tuyến giáp bán cấp?,1,"[""doc_cddf1ead0ab6c66f8614d9a7""]","[""ctx_b7a0413845c197a2732287ef""]",1,3,2,4,True,True,BOTH_HIT,hit_at_evaluated_cutoff,BOTH_HIT,"{""bm25_hit"": true, ""dense_hit"": true, ""union_hit"": true, ""candidate_hit"": true, ""reranker_top_k_hit"": true, ""candidate_depth"": 100, ""ranking_k"": 10}"
disease_1735,Làm thế nào để chăm sóc da nhiễm corticoid?,1,"[""doc_887875cbf186185dc69dabf6""]","[""ctx_3338f3be78abf04e87a3be87""]",3,1,1,1,True,True,BOTH_HIT,hit_at_evaluated_cutoff,BOTH_HIT,"{""bm25_hit"": true, ""dense_hit"": true, ""union_hit"": true, ""candidate_hit"": true, ""reranker_top_k_hit"": true, ""candidate_depth"": 100, ""ranking_k"": 10}"
disease_2778,Cần chuẩn bị như thế nào trước khi thực hiện mẹo chữa hóc xương cá này?,1,"[""doc_d777fd61405bf4d852cfb615""]","[""ctx_ec285175a4b7bc898214cfd1""]",28,44,18,5,True,True,BOTH_HIT,hit_at_evaluated_cutoff,BOTH_HIT,"{""bm25_hit"": true, ""dense_hit"": true, ""union_hit"": true, ""candidate_hit"": true, ""reranker_top_k_hit"": true, ""candidate_depth"": 100, ""ranking_k"": 10}"
disease_10391,"Mục đích của các xét nghiệm máu, chức năng thận trong chẩn đoán bệnh tả là gì?",1,"[""doc_84f233c441f2d0f35f096666""]","[""ctx_d55a8d746af9451db0f65152""]",1,2,1,1,True,True,BOTH_HIT,hit_at_evaluated_cutoff,BOTH_HIT,"{""bm25_hit"": true, ""dense_hit"": true, ""union_hit"": true, ""candidate_hit"": true, ""reranker_top_k_hit"": true, ""candidate_depth"": 100, ""ranking_k"": 10}"
disease_10595,Bệnh U hạt mạn tính (CGD) là gì?,1,"[""doc_f47f562d10b0255788bee952""]","[""ctx_58d624defcc57f13aa4456ff""]",2,1,1,1,True,True,BOTH_HIT,hit_at_evaluated_cutoff,BOTH_HIT,"{""bm25_hit"": true, ""dense_hit"": true, ""union_hit"": true, ""candidate_hit"": true, ""reranker_top_k_hit"": true, ""candidate_depth"": 100, ""ranking_k"": 10}"
disease_14798,Có xét nghiệm cụ thể nào để chẩn đoán bệnh đau chi ma không?,1,"[""doc_bb46abcf2a50e69e949fd9a2""]","[""ctx_f65897e7dc01b58780e8459a""]",1,1,1,1,True,True,BOTH_HIT,hit_at_evaluated_cutoff,BOTH_HIT,"{""bm25_hit"": true, ""dense_hit"": true, ""union_hit"": true, ""candidate_hit"": true, ""reranker_top_k_hit"": true, ""candidate_depth"": 100, ""ranking_k"": 10}"
disease_10641,"Ở phụ nữ mang thai, yếu tố nào làm tăng nguy cơ biến chứng do u máu trong gan?",1,"[""doc_d8cfc87a91135c35b80473e3""]","[""ctx_93309f6a2322a75496cee5b4""]",2,1,1,1,True,True,BOTH_HIT,hit_at_evaluated_cutoff,BOTH_HIT,"{""bm25_hit"": true, ""dense_hit"": true, ""union_hit"": true, ""candidate_hit"": true, ""reranker_top_k_hit"": true, ""candidate_depth"": 100, ""ranking_k"": 10}"
disease_9406,Sinh non có ảnh hưởng như thế nào đến em bé?,1,"[""doc_0f5b338f4a9c1cc4d56b8c62""]","[""ctx_b33a0c925f34d5b25f0a62b4""]",1,3,1,1,True,True,BOTH_HIT,hit_at_evaluated_cutoff,BOTH_HIT,"{""bm25_hit"": true, ""dense_hit"": true, ""union_hit"": true, ""candidate_hit"": true, ""reranker_top_k_hit"": true, ""candidate_depth"": 100, ""ranking_k"": 10}"
disease_12237,Viêm VA là bệnh gì?,1,"[""doc_bcf5e1b01668cbb0ebd085f2""]","[""ctx_5ca5afbb06bd0692156f1d55""]",4,13,7,6,False,True,BOTH_HIT;SELECTION_MISS;DOC_HIT_CHUNK_MISS,selection,BOTH_HIT; SELECTION_MISS; DOC_HIT_CHUNK_MISS,"{""bm25_hit"": true, ""dense_hit"": true, ""union_hit"": true, ""candidate_hit"": true, ""reranker_top_k_hit"": true, ""candidate_depth"": 100, ""ranking_k"": 10}"
disease_11949,Týp ung thư biểu mô vòm mũi họng thường gặp ở người trưởng thành là gì?,1,"[""doc_81b555a4c073a51d42e0a802""]","[""ctx_c756d4bea2fc196dd6f2b177""]",1,1,1,1,True,True,BOTH_HIT,hit_at_evaluated_cutoff,BOTH_HIT,"{""bm25_hit"": true, ""dense_hit"": true, ""union_hit"": true, ""candidate_hit"": true, ""reranker_top_k_hit"": true, ""candidate_depth"": 100, ""ranking_k"": 10}"
disease_2775,Tại sao xương cá lại dễ dàng bị đẩy xuống thực quản hơn sau khi nhai đủ kẹo dẻo marshmallow?,1,"[""doc_d777fd61405bf4d852cfb615""]","[""ctx_b5d8a97603229d24a7f922f8""]",1,1,1,1,True,True,BOTH_HIT,hit_at_evaluated_cutoff,BOTH_HIT,"{""bm25_hit"": true, ""dense_hit"": true, ""union_hit"": true, ""candidate_hit"": true, ""reranker_top_k_hit"": true, ""candidate_depth"": 100, ""ranking_k"": 10}"
disease_13387,Triệu chứng chính của viêm não là gì?,1,"[""doc_23602d38e0edb0bfbbbce64c""]","[""ctx_41f84bcb893d1b8c673b248f""]",3,1,1,1,True,True,BOTH_HIT,hit_at_evaluated_cutoff,BOTH_HIT,"{""bm25_hit"": true, ""dense_hit"": true, ""union_hit"": true, ""candidate_hit"": true, ""reranker_top_k_hit"": true, ""candidate_depth"": 100, ""ranking_k"": 10}"
disease_1631,Tại sao trẻ nhỏ lại ít ăn khi bị cảm lạnh?,1,"[""doc_f7a960641f1ab07cfdfca325""]","[""ctx_ace2f124f8d5b49cb8feb629""]",9,3,2,1,True,True,BOTH_HIT,hit_at_evaluated_cutoff,BOTH_HIT,"{""bm25_hit"": true, ""dense_hit"": true, ""union_hit"": true, ""candidate_hit"": true, ""reranker_top_k_hit"": true, ""candidate_depth"": 100, ""ranking_k"": 10}"
disease_3331,"Khi thai nhi được chẩn đoán mắc hội chứng Patau, ba mẹ có những lựa chọn nào?",1,"[""doc_e6c3975c45af402db401ca55""]","[""ctx_01327eaab14d74914070fb8e""]",2,2,1,1,True,True,BOTH_HIT,hit_at_evaluated_cutoff,BOTH_HIT,"{""bm25_hit"": true, ""dense_hit"": true, ""union_hit"": true, ""candidate_hit"": true, ""reranker_top_k_hit"": true, ""candidate_depth"": 100, ""ranking_k"": 10}"
disease_1079,"Nếu bị chóng mặt kéo dài, bạn nên làm gì?",1,"[""doc_f8280dc4283dcee1c46e66e3""]","[""ctx_888bd4cdb5fa3cc485c0482a""]",1,1,1,1,True,True,BOTH_HIT,hit_at_evaluated_cutoff,BOTH_HIT,"{""bm25_hit"": true, ""dense_hit"": true, ""union_hit"": true, ""candidate_hit"": true, ""reranker_top_k_hit"": true, ""candidate_depth"": 100, ""ranking_k"": 10}"
disease_9426,"Nếu không có nước tiểu sau 24 giờ, bác sĩ sẽ làm gì để chẩn đoán nhanh tiền sản giật?",1,"[""doc_0f5b338f4a9c1cc4d56b8c62""]","[""ctx_faebd2f977b1271d57223924""]",1,1,1,1,True,True,BOTH_HIT,hit_at_evaluated_cutoff,BOTH_HIT,"{""bm25_hit"": true, ""dense_hit"": true, ""union_hit"": true, ""candidate_hit"": true, ""reranker_top_k_hit"": true, ""candidate_depth"": 100, ""ranking_k"": 10}"
disease_12558,Test áp bì giúp chẩn đoán các tình trạng dị ứng nào?,1,"[""doc_26a1647b49660d8df38f24c5""]","[""ctx_e05f12f917ae9b5bd608490e""]",1,1,1,1,True,True,BOTH_HIT,hit_at_evaluated_cutoff,BOTH_HIT,"{""bm25_hit"": true, ""dense_hit"": true, ""union_hit"": true, ""candidate_hit"": true, ""reranker_top_k_hit"": true, ""candidate_depth"": 100, ""ranking_k"": 10}"
disease_6424,Tại sao rò động tĩnh mạch lại có thể xảy ra sau một chấn thương xuyên?,1,"[""doc_1c6729e2e93274e9698cbe39""]","[""ctx_6d2e6766fe9c5526b71d4fb4""]",1,1,1,1,True,True,BOTH_HIT,hit_at_evaluated_cutoff,BOTH_HIT,"{""bm25_hit"": true, ""dense_hit"": true, ""union_hit"": true, ""candidate_hit"": true, ""reranker_top_k_hit"": true, ""candidate_depth"": 100, ""ranking_k"": 10}"
disease_856,Ai có nguy cơ mắc bệnh lupus cao hơn?,1,"[""doc_2a693245c7bfb197a6c51c6b""]","[""ctx_ce50e4c4e066508a1218bd77""]",57,2,11,7,False,True,BOTH_HIT;SELECTION_MISS;DOC_HIT_CHUNK_MISS,selection,BOTH_HIT; SELECTION_MISS; DOC_HIT_CHUNK_MISS,"{""bm25_hit"": true, ""dense_hit"": true, ""union_hit"": true, ""candidate_hit"": true, ""reranker_top_k_hit"": true, ""candidate_depth"": 100, ""ranking_k"": 10}"
disease_2769,Nên làm gì khi hóc xương cá?,1,"[""doc_d777fd61405bf4d852cfb615""]","[""ctx_96b5c862f147eea7ba6084a7""]",16,15,14,15,False,True,BOTH_HIT;RERANKER_MISS;SELECTION_MISS;DOC_HIT_CHUNK_MISS,reranker,BOTH_HIT; RERANKER_MISS; SELECTION_MISS; DOC_HIT_CHUNK_MISS,"{""bm25_hit"": true, ""dense_hit"": true, ""union_hit"": true, ""candidate_hit"": true, ""reranker_top_k_hit"": false, ""candidate_depth"": 100, ""ranking_k"": 10}"
disease_10527,"Người bình thường hiểu, nhận biết nối kết với người khác bằng cách nào?",1,"[""doc_22f1ff991ed388693adc9168""]","[""ctx_04a4595dcbb42e8a5251bc78""]",1,1,1,1,True,True,BOTH_HIT,hit_at_evaluated_cutoff,BOTH_HIT,"{""bm25_hit"": true, ""dense_hit"": true, ""union_hit"": true, ""candidate_hit"": true, ""reranker_top_k_hit"": true, ""candidate_depth"": 100, ""ranking_k"": 10}"
disease_4660,Một giải pháp hữu hiệu để tránh bị những cơn chóng mặt là gì?,1,"[""doc_608599cf9de448ca56b58618""]","[""ctx_9060b65f2562db923090b23a""]",,1,12,1,True,True,DENSE_ONLY_HIT,hit_at_evaluated_cutoff,DENSE_ONLY_HIT,"{""bm25_hit"": false, ""dense_hit"": true, ""union_hit"": true, ""candidate_hit"": true, ""reranker_top_k_hit"": true, ""candidate_depth"": 100, ""ranking_k"": 10}"
disease_7645,Tình trạng ứ nước có thể dẫn đến những vấn đề gì?,1,"[""doc_9f4f10e977078872f98d2064""]","[""ctx_6588f87d46825cb8e5978fb6""]",60,,,,False,False,BM25_ONLY_HIT;FUSION_DROPPED;CANDIDATE_MISS;DOC_AND_CHUNK_MISS,retrieval_or_fusion,BM25_ONLY_HIT; FUSION_DROPPED; CANDIDATE_MISS; DOC_AND_CHUNK_MISS,"{""bm25_hit"": true, ""dense_hit"": false, ""union_hit"": true, ""candidate_hit"": false, ""reranker_top_k_hit"": false, ""candidate_depth"": 100, ""ranking_k"": 10}"
disease_10762,Trẻ bị u nguyên bào thận có thể gặp vấn đề gì ở hệ hô hấp?,1,"[""doc_cd50afd6de3a505734af2728""]","[""ctx_13d9660c83eb86c7af9670eb""]",,,,,False,True,BOTH_MISS;CANDIDATE_MISS;DOC_HIT_CHUNK_MISS,retrieval_or_fusion,BOTH_MISS; CANDIDATE_MISS; DOC_HIT_CHUNK_MISS,"{""bm25_hit"": false, ""dense_hit"": false, ""union_hit"": false, ""candidate_hit"": false, ""reranker_top_k_hit"": false, ""candidate_depth"": 100, ""ranking_k"": 10}"
disease_13127,Bao lâu thì trẻ có thể hồi phục sau viêm màng não do virus?,1,"[""doc_644387fc5f2f11be79e2042e""]","[""ctx_ad807b533311a381140aac3d""]",1,1,1,1,True,True,BOTH_HIT,hit_at_evaluated_cutoff,BOTH_HIT,"{""bm25_hit"": true, ""dense_hit"": true, ""union_hit"": true, ""candidate_hit"": true, ""reranker_top_k_hit"": true, ""candidate_depth"": 100, ""ranking_k"": 10}"
disease_5086,Ngủ ngáy có thể gây ra bởi yếu tố gì?,1,"[""doc_f6113844636556834f7cc247""]","[""ctx_4329483b221d09c8db2d4588""]",16,10,10,21,False,True,BOTH_HIT;RERANKER_MISS;SELECTION_MISS;DOC_HIT_CHUNK_MISS,reranker,BOTH_HIT; RERANKER_MISS; SELECTION_MISS; DOC_HIT_CHUNK_MISS,"{""bm25_hit"": true, ""dense_hit"": true, ""union_hit"": true, ""candidate_hit"": true, ""reranker_top_k_hit"": false, ""candidate_depth"": 100, ""ranking_k"": 10}"
disease_7816,Tác hại của muối đối với người bệnh suy tim như thể là?,1,"[""doc_b4aab28519a732d10f6bd830""]","[""ctx_372e19ebd38bf81dfd9965bf""]",1,2,1,1,True,True,BOTH_HIT,hit_at_evaluated_cutoff,BOTH_HIT,"{""bm25_hit"": true, ""dense_hit"": true, ""union_hit"": true, ""candidate_hit"": true, ""reranker_top_k_hit"": true, ""candidate_depth"": 100, ""ranking_k"": 10}"
disease_7927,Những bệnh nhân nào có nguy cơ cao bị nấm miệng và làm lưỡi gà bị sưng phồng lên?,1,"[""doc_8b60d9b7abd991ab7da18064""]","[""ctx_bd46e0366bd8fa45cd40eddf""]",1,1,1,1,True,True,BOTH_HIT,hit_at_evaluated_cutoff,BOTH_HIT,"{""bm25_hit"": true, ""dense_hit"": true, ""union_hit"": true, ""candidate_hit"": true, ""reranker_top_k_hit"": true, ""candidate_depth"": 100, ""ranking_k"": 10}"
disease_4925,Làm thế nào để bảo vệ tai khỏi tiếng ồn?,1,"[""doc_f28dc6308d44b651b232a565""]","[""ctx_ed34253fed06b2f3d3523ab7""]",1,1,1,2,True,True,BOTH_HIT,hit_at_evaluated_cutoff,BOTH_HIT,"{""bm25_hit"": true, ""dense_hit"": true, ""union_hit"": true, ""candidate_hit"": true, ""reranker_top_k_hit"": true, ""candidate_depth"": 100, ""ranking_k"": 10}"
disease_13836,Viêm tinh hoàn đơn thuần là gì?,1,"[""doc_8adff1aec77eebe98f0a6438""]","[""ctx_294e6a00455dfe7e3c054570""]",1,1,1,1,True,True,BOTH_HIT,hit_at_evaluated_cutoff,BOTH_HIT,"{""bm25_hit"": true, ""dense_hit"": true, ""union_hit"": true, ""candidate_hit"": true, ""reranker_top_k_hit"": true, ""candidate_depth"": 100, ""ranking_k"": 10}"
disease_8493,Chấn thương ở trẻ khi sinh con to qua ngã âm đạo có thể là gì?,1,"[""doc_156efe9aa463bf883e5d5f3f""]","[""ctx_60bc75146818dc2885179b36""]",7,2,2,1,True,True,BOTH_HIT,hit_at_evaluated_cutoff,BOTH_HIT,"{""bm25_hit"": true, ""dense_hit"": true, ""union_hit"": true, ""candidate_hit"": true, ""reranker_top_k_hit"": true, ""candidate_depth"": 100, ""ranking_k"": 10}"
disease_10841,Có những hội chứng di truyền nào làm tăng nguy cơ mắc U thần kinh nội tiết?,1,"[""doc_3b932eb37f5d38586a380c71""]","[""ctx_d422bdd6be5cd54a91d017d3""]",3,1,1,1,True,True,BOTH_HIT,hit_at_evaluated_cutoff,BOTH_HIT,"{""bm25_hit"": true, ""dense_hit"": true, ""union_hit"": true, ""candidate_hit"": true, ""reranker_top_k_hit"": true, ""candidate_depth"": 100, ""ranking_k"": 10}"
disease_11576,"Ngoài việc điều trị bệnh, còn có biện pháp hỗ trợ nào giúp bệnh nhân ung thư phổi giai đoạn cuối thở dễ hơn?",1,"[""doc_e219bebb07a0e6a976df4f10""]","[""ctx_4c070e2da11bdad1061a2bd1""]",81,10,29,1,True,True,BOTH_HIT,hit_at_evaluated_cutoff,BOTH_HIT,"{""bm25_hit"": true, ""dense_hit"": true, ""union_hit"": true, ""candidate_hit"": true, ""reranker_top_k_hit"": true, ""candidate_depth"": 100, ""ranking_k"": 10}"
disease_6050,Các biểu hiện khác của tình trạng viêm da do bệnh Pellagra có thể kể đến là gì?,1,"[""doc_9583d92e8b4b0e7dcd1788b4""]","[""ctx_d298ab17eafd858ce7198bfd""]",5,1,1,1,True,True,BOTH_HIT,hit_at_evaluated_cutoff,BOTH_HIT,"{""bm25_hit"": true, ""dense_hit"": true, ""union_hit"": true, ""candidate_hit"": true, ""reranker_top_k_hit"": true, ""candidate_depth"": 100, ""ranking_k"": 10}"
disease_781,Bệnh teo đa hệ thống thể Parkinson có những dấu hiệu và triệu chứng tương tự như bệnh gì?,1,"[""doc_8a955627b7318852613b45a8""]","[""ctx_fc8d433b7d9383fdaeb0c7c0""]",1,1,1,1,True,True,BOTH_HIT,hit_at_evaluated_cutoff,BOTH_HIT,"{""bm25_hit"": true, ""dense_hit"": true, ""union_hit"": true, ""candidate_hit"": true, ""reranker_top_k_hit"": true, ""candidate_depth"": 100, ""ranking_k"": 10}"
disease_11102,Tế bào tuyến bình thường có chức năng gì?,1,"[""doc_0b6134685975737144718f7d""]","[""ctx_26e96773262739f175430e57""]",1,38,5,1,True,True,BOTH_HIT,hit_at_evaluated_cutoff,BOTH_HIT,"{""bm25_hit"": true, ""dense_hit"": true, ""union_hit"": true, ""candidate_hit"": true, ""reranker_top_k_hit"": true, ""candidate_depth"": 100, ""ranking_k"": 10}"
disease_10124,Tăng huyết áp ác tính có đặc điểm mạch máu cổ điển nào?,1,"[""doc_87d83a19f0c99aa50370acbe""]","[""ctx_1ea2d29abb56f7abbc152c24""]",1,1,1,1,True,True,BOTH_HIT,hit_at_evaluated_cutoff,BOTH_HIT,"{""bm25_hit"": true, ""dense_hit"": true, ""union_hit"": true, ""candidate_hit"": true, ""reranker_top_k_hit"": true, ""candidate_depth"": 100, ""ranking_k"": 10}"
disease_4871,Một số trường hợp nang nước cạnh buồng trứng có thể gây ra biểu hiện tiểu lắt nhắt nhiều lần hoặc táo bón. Điều này là do nguyên nhân nào?,1,"[""doc_699fe5242ba4f76fb9e977ec""]","[""ctx_116c3ea0b09b41f19b5cb5b6""]",1,1,1,1,True,True,BOTH_HIT,hit_at_evaluated_cutoff,BOTH_HIT,"{""bm25_hit"": true, ""dense_hit"": true, ""union_hit"": true, ""candidate_hit"": true, ""reranker_top_k_hit"": true, ""candidate_depth"": 100, ""ranking_k"": 10}"
disease_432,Bệnh Brucellosis có thể kéo dài bao lâu?,1,"[""doc_b850da07815e73a7e8f0e0ee""]","[""ctx_3c766554475e4d2bc4cf1e8d""]",3,1,1,1,True,True,BOTH_HIT,hit_at_evaluated_cutoff,BOTH_HIT,"{""bm25_hit"": true, ""dense_hit"": true, ""union_hit"": true, ""candidate_hit"": true, ""reranker_top_k_hit"": true, ""candidate_depth"": 100, ""ranking_k"": 10}"
disease_7272,"Gọi chán ăn, táo bón và buồn nôn là triệu chứng của rối loạn gì?",1,"[""doc_fccf06778643d6ed05e5775c""]","[""ctx_6937b7c4151bc23e087b58dc""]",1,1,1,1,True,True,BOTH_HIT,hit_at_evaluated_cutoff,BOTH_HIT,"{""bm25_hit"": true, ""dense_hit"": true, ""union_hit"": true, ""candidate_hit"": true, ""reranker_top_k_hit"": true, ""candidate_depth"": 100, ""ranking_k"": 10}"
disease_9154,Tinh dịch loãng có phải là tình trạng nguy hiểm không?,1,"[""doc_529f14931cd011cbd4a814e1""]","[""ctx_0201bae48164900766a74274""]",1,1,1,1,True,True,BOTH_HIT,hit_at_evaluated_cutoff,BOTH_HIT,"{""bm25_hit"": true, ""dense_hit"": true, ""union_hit"": true, ""candidate_hit"": true, ""reranker_top_k_hit"": true, ""candidate_depth"": 100, ""ranking_k"": 10}"
disease_6193,Nêu một số thuốc dùng để kiểm soát huyết áp ở bệnh nhân tăng huyết áp?,1,"[""doc_a85fd454b59ed99f1865070c""]","[""ctx_7b275d8180ae13437e931803""]",2,34,4,15,False,False,BOTH_HIT;RERANKER_MISS;SELECTION_MISS;DOC_AND_CHUNK_MISS,reranker,BOTH_HIT; RERANKER_MISS; SELECTION_MISS; DOC_AND_CHUNK_MISS,"{""bm25_hit"": true, ""dense_hit"": true, ""union_hit"": true, ""candidate_hit"": true, ""reranker_top_k_hit"": false, ""candidate_depth"": 100, ""ranking_k"": 10}"
disease_4137,Vi khuẩn Listeria có thể gây bệnh gì?,1,"[""doc_02f0891f83621c3313a47d6f""]","[""ctx_251133f91a2c1a166107f7a0""]",1,1,1,2,True,True,BOTH_HIT,hit_at_evaluated_cutoff,BOTH_HIT,"{""bm25_hit"": true, ""dense_hit"": true, ""union_hit"": true, ""candidate_hit"": true, ""reranker_top_k_hit"": true, ""candidate_depth"": 100, ""ranking_k"": 10}"
disease_1193,"Trong chấn thương sọ não kín, phương pháp hình ảnh nào được ưu tiên sử dụng để chẩn đoán trong bối cảnh cấp cứu?",1,"[""doc_fa0d35a49ee9cbe727b2fde6""]","[""ctx_e4064d372ece035d119fc47e""]",1,1,1,1,True,True,BOTH_HIT,hit_at_evaluated_cutoff,BOTH_HIT,"{""bm25_hit"": true, ""dense_hit"": true, ""union_hit"": true, ""candidate_hit"": true, ""reranker_top_k_hit"": true, ""candidate_depth"": 100, ""ranking_k"": 10}"
disease_11725,Hiện nay có loại thuốc nào có thể trị khỏi bệnh ung thư tuyến giáp không?,1,"[""doc_feb760ec2519bfd100ac1c96""]","[""ctx_da6adfbcf43256143525f269""]",1,1,1,1,True,True,BOTH_HIT,hit_at_evaluated_cutoff,BOTH_HIT,"{""bm25_hit"": true, ""dense_hit"": true, ""union_hit"": true, ""candidate_hit"": true, ""reranker_top_k_hit"": true, ""candidate_depth"": 100, ""ranking_k"": 10}"
disease_9901,Táo bón là triệu chứng hay bệnh lý?,1,"[""doc_f6fc3a885c521c105c3f6cae""]","[""ctx_39cf3547bb9dbd8afe914c2f""]",1,1,1,1,True,True,BOTH_HIT,hit_at_evaluated_cutoff,BOTH_HIT,"{""bm25_hit"": true, ""dense_hit"": true, ""union_hit"": true, ""candidate_hit"": true, ""reranker_top_k_hit"": true, ""candidate_depth"": 100, ""ranking_k"": 10}"
disease_13651,Biến chứng nào ít gặp nhưng nguy hiểm hơn trong bệnh viêm sụn vành tai?,1,"[""doc_5a2891e9b212f28748536056""]","[""ctx_3ed39562e868c65770d4e38b""]",,2,27,4,True,True,DENSE_ONLY_HIT,hit_at_evaluated_cutoff,DENSE_ONLY_HIT,"{""bm25_hit"": false, ""dense_hit"": true, ""union_hit"": true, ""candidate_hit"": true, ""reranker_top_k_hit"": true, ""candidate_depth"": 100, ""ranking_k"": 10}"
disease_8241,Xét nghiệm cấy họng có vai trò gì trong chẩn đoán sốt thấp khớp?,1,"[""doc_5e7fff0c5a984706041d6a61""]","[""ctx_5a9d3129669f2b132260cb5c""]",2,2,2,1,True,True,BOTH_HIT,hit_at_evaluated_cutoff,BOTH_HIT,"{""bm25_hit"": true, ""dense_hit"": true, ""union_hit"": true, ""candidate_hit"": true, ""reranker_top_k_hit"": true, ""candidate_depth"": 100, ""ranking_k"": 10}"
disease_3949,Dễ mệt mỏi khi vận động hoặc tập thể dục là do đâu?,1,"[""doc_393bd1a5e7078aa8f31e8b48""]","[""ctx_f97b82e21e46e80f24342791""]",1,,20,3,True,True,BM25_ONLY_HIT,hit_at_evaluated_cutoff,BM25_ONLY_HIT,"{""bm25_hit"": true, ""dense_hit"": false, ""union_hit"": true, ""candidate_hit"": true, ""reranker_top_k_hit"": true, ""candidate_depth"": 100, ""ranking_k"": 10}"
disease_3603,Hội chứng sốc nhiễm độc là gì?,1,"[""doc_64540a6227abfc93f7f2d409""]","[""ctx_d321b734fd84ddc20d32e222""]",2,1,2,1,True,True,BOTH_HIT,hit_at_evaluated_cutoff,BOTH_HIT,"{""bm25_hit"": true, ""dense_hit"": true, ""union_hit"": true, ""candidate_hit"": true, ""reranker_top_k_hit"": true, ""candidate_depth"": 100, ""ranking_k"": 10}"
disease_1596,Việc chẩn đoán chính xác bệnh cúm sẽ giúp các y bác sĩ làm gì?,1,"[""doc_5cffcaf54916671d0c6b06a0""]","[""ctx_7a1b48d72522b065753e9d88""]",1,1,1,1,True,True,BOTH_HIT,hit_at_evaluated_cutoff,BOTH_HIT,"{""bm25_hit"": true, ""dense_hit"": true, ""union_hit"": true, ""candidate_hit"": true, ""reranker_top_k_hit"": true, ""candidate_depth"": 100, ""ranking_k"": 10}"
disease_1954,"Khi sản phẩm có thông tin về thành phần bị thay đổi, bạn cần phải kiểm tra như thế nào?",1,"[""doc_2411908ec0f02f1e3b130c88""]","[""ctx_44b977ac541191f5aa5d5dbf""]",1,65,4,1,True,True,BOTH_HIT,hit_at_evaluated_cutoff,BOTH_HIT,"{""bm25_hit"": true, ""dense_hit"": true, ""union_hit"": true, ""candidate_hit"": true, ""reranker_top_k_hit"": true, ""candidate_depth"": 100, ""ranking_k"": 10}"
disease_4088,Các triệu chứng khác có thể xuất hiện vào ngày thứ 2 hoặc thứ 3 của bệnh là gì?,1,"[""doc_4e864504cee844ce03a4fce9""]","[""ctx_4cc34561e07675a1535fca69""]",1,13,3,1,True,True,BOTH_HIT,hit_at_evaluated_cutoff,BOTH_HIT,"{""bm25_hit"": true, ""dense_hit"": true, ""union_hit"": true, ""candidate_hit"": true, ""reranker_top_k_hit"": true, ""candidate_depth"": 100, ""ranking_k"": 10}"
disease_2645,Một số biểu hiện của chứng sa sút trí tuệ có thể kể đến là gì?,1,"[""doc_84f4f8c023ad8b9212fe05be""]","[""ctx_2dee33f5ae0e5a146707d32c""]",10,22,14,6,False,True,BOTH_HIT;SELECTION_MISS;DOC_HIT_CHUNK_MISS,selection,BOTH_HIT; SELECTION_MISS; DOC_HIT_CHUNK_MISS,"{""bm25_hit"": true, ""dense_hit"": true, ""union_hit"": true, ""candidate_hit"": true, ""reranker_top_k_hit"": true, ""candidate_depth"": 100, ""ranking_k"": 10}"
disease_15503,"Trong trường hợp của cơn động kinh giật cơ ở thanh thiếu niên, bệnh khởi phát vào độ tuổi nào?",1,"[""doc_bf0e0d3882ae2c159c5f9165""]","[""ctx_da134fba712468ccacac16ba""]",1,1,1,1,True,True,BOTH_HIT,hit_at_evaluated_cutoff,BOTH_HIT,"{""bm25_hit"": true, ""dense_hit"": true, ""union_hit"": true, ""candidate_hit"": true, ""reranker_top_k_hit"": true, ""candidate_depth"": 100, ""ranking_k"": 10}"
disease_14420,Xuất tinh sớm được gọi là bệnh lý khi không vượt qua mốc thời gian bao lâu?,1,"[""doc_61013f9df6d5fc3824e988ed""]","[""ctx_6ae636f9d4b3aae513b5eb32""]",1,1,1,1,True,True,BOTH_HIT,hit_at_evaluated_cutoff,BOTH_HIT,"{""bm25_hit"": true, ""dense_hit"": true, ""union_hit"": true, ""candidate_hit"": true, ""reranker_top_k_hit"": true, ""candidate_depth"": 100, ""ranking_k"": 10}"
disease_9770,Nguyên nhân nào phổ biến nhất gây trật khuỷu tay ở trẻ em?,1,"[""doc_338df21a65342bd129e72f63""]","[""ctx_b36a6780f2f3173c9d901fc2""]",1,2,2,3,True,True,BOTH_HIT,hit_at_evaluated_cutoff,BOTH_HIT,"{""bm25_hit"": true, ""dense_hit"": true, ""union_hit"": true, ""candidate_hit"": true, ""reranker_top_k_hit"": true, ""candidate_depth"": 100, ""ranking_k"": 10}"
disease_11546,Ung thư phổi di căn có thể lan sang những hạch bạch huyết nào?,1,"[""doc_f5240d186a9c07eb22094649""]","[""ctx_2b70696c0190e9d63c1fb074""]",8,2,3,1,True,True,BOTH_HIT,hit_at_evaluated_cutoff,BOTH_HIT,"{""bm25_hit"": true, ""dense_hit"": true, ""union_hit"": true, ""candidate_hit"": true, ""reranker_top_k_hit"": true, ""candidate_depth"": 100, ""ranking_k"": 10}"
disease_13840,Một số hoạt động nào dẫn đến nguy cơ mắc phải viêm mào tinh cấp?,1,"[""doc_8adff1aec77eebe98f0a6438""]","[""ctx_3d2fac1a9821df4e1edc1f49""]",,,,,False,True,BOTH_MISS;CANDIDATE_MISS;DOC_HIT_CHUNK_MISS,retrieval_or_fusion,BOTH_MISS; CANDIDATE_MISS; DOC_HIT_CHUNK_MISS,"{""bm25_hit"": false, ""dense_hit"": false, ""union_hit"": false, ""candidate_hit"": false, ""reranker_top_k_hit"": false, ""candidate_depth"": 100, ""ranking_k"": 10}"
disease_12929,Trẻ bị viêm khớp có nguy cơ mắc bệnh gì?,1,"[""doc_cedb931a3a27087cfecec0f1""]","[""ctx_932c6b88a33008148112a1fb""]",8,1,2,1,True,True,BOTH_HIT,hit_at_evaluated_cutoff,BOTH_HIT,"{""bm25_hit"": true, ""dense_hit"": true, ""union_hit"": true, ""candidate_hit"": true, ""reranker_top_k_hit"": true, ""candidate_depth"": 100, ""ranking_k"": 10}"
disease_9926,"Theo xu hướng của lý thuyết Phân tâm học, nguyên nhân nào gây nên tâm bệnh?",1,"[""doc_5fc2510a16c6e822ac5c08f0""]","[""ctx_7e3ebfde9aa36f6ac0c3c861""]",2,2,1,1,True,True,BOTH_HIT,hit_at_evaluated_cutoff,BOTH_HIT,"{""bm25_hit"": true, ""dense_hit"": true, ""union_hit"": true, ""candidate_hit"": true, ""reranker_top_k_hit"": true, ""candidate_depth"": 100, ""ranking_k"": 10}"
disease_11277,Tỉ lệ khối u di căn của ung thư hậu môn thường là bao nhiêu?,1,"[""doc_f8285dc14f4e2965d7ecb72d""]","[""ctx_e70d53a4fb07877e07e3e9e0""]",1,1,1,1,True,True,BOTH_HIT,hit_at_evaluated_cutoff,BOTH_HIT,"{""bm25_hit"": true, ""dense_hit"": true, ""union_hit"": true, ""candidate_hit"": true, ""reranker_top_k_hit"": true, ""candidate_depth"": 100, ""ranking_k"": 10}"
disease_128,Burnout được định nghĩa bởi tổ chức nào và là hiện tượng gì?,1,"[""doc_bc3e0423580404eb4fd9937f""]","[""ctx_f98bf004e0bb655a7094486c""]",1,1,1,1,True,True,BOTH_HIT,hit_at_evaluated_cutoff,BOTH_HIT,"{""bm25_hit"": true, ""dense_hit"": true, ""union_hit"": true, ""candidate_hit"": true, ""reranker_top_k_hit"": true, ""candidate_depth"": 100, ""ranking_k"": 10}"
disease_8285,Làm thế nào để bệnh sốt xuất huyết lây sang người khác?,1,"[""doc_2dfe4a5da1a676ddeef0416b""]","[""ctx_cf046545c19c68f03f3ff334""]",1,1,1,1,True,True,BOTH_HIT,hit_at_evaluated_cutoff,BOTH_HIT,"{""bm25_hit"": true, ""dense_hit"": true, ""union_hit"": true, ""candidate_hit"": true, ""reranker_top_k_hit"": true, ""candidate_depth"": 100, ""ranking_k"": 10}"
disease_13218,Có thể biết được mình dị ứng với gì để phòng bệnh Viêm mũi dị ứng hay không?,1,"[""doc_cc89bba2c1c8dddc6ebd259c""]","[""ctx_cdff574d6766c383c1a3ed52""]",7,1,1,1,True,True,BOTH_HIT,hit_at_evaluated_cutoff,BOTH_HIT,"{""bm25_hit"": true, ""dense_hit"": true, ""union_hit"": true, ""candidate_hit"": true, ""reranker_top_k_hit"": true, ""candidate_depth"": 100, ""ranking_k"": 10}"
disease_6139,Có thể làm gì để bí tiểu không nặng thêm hoặc gây nguy hiểm cho sức khỏe?,1,"[""doc_64cc51e43fe62fe0e6f034d5""]","[""ctx_ec5934d682b34997811f18cf""]",2,44,5,8,False,True,BOTH_HIT;SELECTION_MISS;DOC_HIT_CHUNK_MISS,selection,BOTH_HIT; SELECTION_MISS; DOC_HIT_CHUNK_MISS,"{""bm25_hit"": true, ""dense_hit"": true, ""union_hit"": true, ""candidate_hit"": true, ""reranker_top_k_hit"": true, ""candidate_depth"": 100, ""ranking_k"": 10}"
disease_10612,"Một số trường hợp động kinh thể hiện kín đáo hơn, các biểu hiện thường thấy là gì?",1,"[""doc_3d8f5d762c1102aecac7b636""]","[""ctx_2ccf6a8728654939960aa523""]",1,1,1,1,True,True,BOTH_HIT,hit_at_evaluated_cutoff,BOTH_HIT,"{""bm25_hit"": true, ""dense_hit"": true, ""union_hit"": true, ""candidate_hit"": true, ""reranker_top_k_hit"": true, ""candidate_depth"": 100, ""ranking_k"": 10}"
disease_3954,"Trong cụm từ ""siêu âm thai: mẹ cần biết gì"", siêu âm thai nghĩa là gì?",1,"[""doc_393bd1a5e7078aa8f31e8b48""]","[""ctx_4929720863c657f4b1fd2586""]",1,2,1,4,True,True,BOTH_HIT,hit_at_evaluated_cutoff,BOTH_HIT,"{""bm25_hit"": true, ""dense_hit"": true, ""union_hit"": true, ""candidate_hit"": true, ""reranker_top_k_hit"": true, ""candidate_depth"": 100, ""ranking_k"": 10}"
disease_6395,Sụn chêm đóng vai trò gì trong khớp gối?,1,"[""doc_5b21b7860091f543f60506ae""]","[""ctx_a93454d03bd94469b8619302""]",1,1,1,1,True,True,BOTH_HIT,hit_at_evaluated_cutoff,BOTH_HIT,"{""bm25_hit"": true, ""dense_hit"": true, ""union_hit"": true, ""candidate_hit"": true, ""reranker_top_k_hit"": true, ""candidate_depth"": 100, ""ranking_k"": 10}"
disease_8297,Điều gì quan trọng khi bị sốt đổ mồ hôi?,1,"[""doc_d67c0d1d865ff35470227e23""]","[""ctx_13985a53d761d022116a548a""]",1,1,1,1,True,True,BOTH_HIT,hit_at_evaluated_cutoff,BOTH_HIT,"{""bm25_hit"": true, ""dense_hit"": true, ""union_hit"": true, ""candidate_hit"": true, ""reranker_top_k_hit"": true, ""candidate_depth"": 100, ""ranking_k"": 10}"
disease_667,Liệt dương có những biểu hiện nào?,1,"[""doc_e4dd8ed3a5e5f107129fe8d4""]","[""ctx_fce9c7696ef1feed6a6b7c1f""]",,7,24,1,True,True,DENSE_ONLY_HIT,hit_at_evaluated_cutoff,DENSE_ONLY_HIT,"{""bm25_hit"": false, ""dense_hit"": true, ""union_hit"": true, ""candidate_hit"": true, ""reranker_top_k_hit"": true, ""candidate_depth"": 100, ""ranking_k"": 10}"
disease_14119,"Theo Trung tâm Kiểm soát và Phòng ngừa Dịch bệnh (CDC), loại viêm âm đạo nào phổ biến nhất ở Hoa Kỳ?",1,"[""doc_8af37770be7bd51f8c52b901""]","[""ctx_40b8b2064bac41b395e2d97f""]",1,1,1,1,True,True,BOTH_HIT,hit_at_evaluated_cutoff,BOTH_HIT,"{""bm25_hit"": true, ""dense_hit"": true, ""union_hit"": true, ""candidate_hit"": true, ""reranker_top_k_hit"": true, ""candidate_depth"": 100, ""ranking_k"": 10}"
disease_7246,Thuốc antiandrogens giúp giảm ham muốn tình dục ở nam giới bằng cách nào?,1,"[""doc_0e2f68116c3cce504244b17d""]","[""ctx_9f92776936acb29460e0681c""]",4,1,1,1,True,True,BOTH_HIT,hit_at_evaluated_cutoff,BOTH_HIT,"{""bm25_hit"": true, ""dense_hit"": true, ""union_hit"": true, ""candidate_hit"": true, ""reranker_top_k_hit"": true, ""candidate_depth"": 100, ""ranking_k"": 10}"
disease_11430,Các yếu tố tăng trưởng tế bào máu được sử dụng trong điều trị ung thư môi với mục đích gì?,1,"[""doc_588dcc720060a453085c4fb4""]","[""ctx_746955aca08d75f6055b8d8e""]",3,25,2,1,True,True,BOTH_HIT,hit_at_evaluated_cutoff,BOTH_HIT,"{""bm25_hit"": true, ""dense_hit"": true, ""union_hit"": true, ""candidate_hit"": true, ""reranker_top_k_hit"": true, ""candidate_depth"": 100, ""ranking_k"": 10}"
disease_7985,Sẹo lồi hình thành như thế nào?,1,"[""doc_95edc7fde797ee37cafb6fb1""]","[""ctx_b59fd5a15c0a393acf61be5d""]",4,3,3,2,True,True,BOTH_HIT,hit_at_evaluated_cutoff,BOTH_HIT,"{""bm25_hit"": true, ""dense_hit"": true, ""union_hit"": true, ""candidate_hit"": true, ""reranker_top_k_hit"": true, ""candidate_depth"": 100, ""ranking_k"": 10}"
disease_1058,Mô tả đặc điểm của vùng da bị chàm khi tái phát nhiều lần?,1,"[""doc_a30de51b568ff0ae2ca28f45""]","[""ctx_7b3117616efe4cf9425a0267""]",2,2,2,1,True,True,BOTH_HIT,hit_at_evaluated_cutoff,BOTH_HIT,"{""bm25_hit"": true, ""dense_hit"": true, ""union_hit"": true, ""candidate_hit"": true, ""reranker_top_k_hit"": true, ""candidate_depth"": 100, ""ranking_k"": 10}"
disease_8906,Nguyên nhân nào dẫn đến thoát vị hoành?,1,"[""doc_6aa90a09923243d1c1873cd2""]","[""ctx_43b53b1d4718dbb748fa227f""]",3,2,3,4,True,True,BOTH_HIT,hit_at_evaluated_cutoff,BOTH_HIT,"{""bm25_hit"": true, ""dense_hit"": true, ""union_hit"": true, ""candidate_hit"": true, ""reranker_top_k_hit"": true, ""candidate_depth"": 100, ""ranking_k"": 10}"
disease_2276,Tỷ lệ giãn ống tuyến vú ở phụ nữ ở độ tuổi nào chiếm tỷ lệ cao nhất?,1,"[""doc_6086b6143efe18b936b481a8""]","[""ctx_e8bb5b4db7dc299c0694a4c7""]",2,1,1,1,True,True,BOTH_HIT,hit_at_evaluated_cutoff,BOTH_HIT,"{""bm25_hit"": true, ""dense_hit"": true, ""union_hit"": true, ""candidate_hit"": true, ""reranker_top_k_hit"": true, ""candidate_depth"": 100, ""ranking_k"": 10}"
disease_3851,Phụ nữ có dễ bị khô mắt hơn nam giới không?,1,"[""doc_f8701f5bc07ef2a2c802e578""]","[""ctx_e8b1090235db07199c49d6f9""]",3,1,1,1,True,True,BOTH_HIT,hit_at_evaluated_cutoff,BOTH_HIT,"{""bm25_hit"": true, ""dense_hit"": true, ""union_hit"": true, ""candidate_hit"": true, ""reranker_top_k_hit"": true, ""candidate_depth"": 100, ""ranking_k"": 10}"
disease_10692,"Theo nghiên cứu khảo sát, nhóm xoắn có chiều dài dây chằng như thế nào so với những người bình thường?",1,"[""doc_5a9ccb1ac0a6021cb127ad18""]","[""ctx_92c70b2d5970283572795d2b""]",1,1,1,1,True,True,BOTH_HIT,hit_at_evaluated_cutoff,BOTH_HIT,"{""bm25_hit"": true, ""dense_hit"": true, ""union_hit"": true, ""candidate_hit"": true, ""reranker_top_k_hit"": true, ""candidate_depth"": 100, ""ranking_k"": 10}"
disease_13158,Viêm màng não do vi khuẩn có lây lan không và lây qua đường nào?,1,"[""doc_db764134e928d15502d20cc5""]","[""ctx_a487130ad0daa1188238c258""]",1,1,1,1,True,True,BOTH_HIT,hit_at_evaluated_cutoff,BOTH_HIT,"{""bm25_hit"": true, ""dense_hit"": true, ""union_hit"": true, ""candidate_hit"": true, ""reranker_top_k_hit"": true, ""candidate_depth"": 100, ""ranking_k"": 10}"
disease_2545,Hirschsprung có thể xảy ra cùng với những bất thường nào khác?,1,"[""doc_776c3219958d5000949286d5""]","[""ctx_9b045cd3cb1244bd49e943d9""]",1,1,1,1,True,True,BOTH_HIT,hit_at_evaluated_cutoff,BOTH_HIT,"{""bm25_hit"": true, ""dense_hit"": true, ""union_hit"": true, ""candidate_hit"": true, ""reranker_top_k_hit"": true, ""candidate_depth"": 100, ""ranking_k"": 10}"
disease_9205,Trong những trường hợp nào phẫu thuật là một lựa chọn ưu thế để điều trị tinh trùng yếu?,1,"[""doc_f8fb99650177578f1d69d247""]","[""ctx_6ed6f90a69162c58a648b3dd""]",1,1,1,1,True,True,BOTH_HIT,hit_at_evaluated_cutoff,BOTH_HIT,"{""bm25_hit"": true, ""dense_hit"": true, ""union_hit"": true, ""candidate_hit"": true, ""reranker_top_k_hit"": true, ""candidate_depth"": 100, ""ranking_k"": 10}"
disease_8882,Bệnh thoái hóa tinh bột ảnh hưởng đến thận như thế nào?,1,"[""doc_9c4606344f4c3dd4e0b80a29""]","[""ctx_be259b899a813ae74ab5bf40""]",6,1,3,1,True,True,BOTH_HIT,hit_at_evaluated_cutoff,BOTH_HIT,"{""bm25_hit"": true, ""dense_hit"": true, ""union_hit"": true, ""candidate_hit"": true, ""reranker_top_k_hit"": true, ""candidate_depth"": 100, ""ranking_k"": 10}"
disease_3816,Tuổi tác nào có nguy cơ mắc khó tiêu chức năng cao hơn?,1,"[""doc_78f84afe401e68b4a9a9be5c""]","[""ctx_0b5c830ac77039e5b61ad333""]",,,,,False,False,BOTH_MISS;CANDIDATE_MISS;DOC_AND_CHUNK_MISS,retrieval_or_fusion,BOTH_MISS; CANDIDATE_MISS; DOC_AND_CHUNK_MISS,"{""bm25_hit"": false, ""dense_hit"": false, ""union_hit"": false, ""candidate_hit"": false, ""reranker_top_k_hit"": false, ""candidate_depth"": 100, ""ranking_k"": 10}"
disease_15604,Khi bị đứt dây chằng chéo trước gây ảnh hưởng như thế nào đến khả năng vận động của khớp gối?,1,"[""doc_58d00490c554b9a50c84f59a""]","[""ctx_4604df2c3306241df5b84501""]",5,2,2,1,True,True,BOTH_HIT,hit_at_evaluated_cutoff,BOTH_HIT,"{""bm25_hit"": true, ""dense_hit"": true, ""union_hit"": true, ""candidate_hit"": true, ""reranker_top_k_hit"": true, ""candidate_depth"": 100, ""ranking_k"": 10}"
disease_9818,Có thể kể tên một số nguyên nhân có thể dẫn đến trật khớp vai ra sau?,1,"[""doc_9c07f529c7de3b7ffc17df40""]","[""ctx_3a59420c6606867434cf2e2d""]",16,2,8,3,True,True,BOTH_HIT,hit_at_evaluated_cutoff,BOTH_HIT,"{""bm25_hit"": true, ""dense_hit"": true, ""union_hit"": true, ""candidate_hit"": true, ""reranker_top_k_hit"": true, ""candidate_depth"": 100, ""ranking_k"": 10}"
disease_9260,Người bệnh tiêu chảy do kháng sinh liên quan C.difficile có thể gặp những triệu chứng nào khác ngoài tình trạng đi tiêu phân lỏng thường xuyên?,1,"[""doc_16f0d8a453b6bc0959d07b6c""]","[""ctx_f76a38551cf316fb19f7dc83""]",1,1,1,1,True,True,BOTH_HIT,hit_at_evaluated_cutoff,BOTH_HIT,"{""bm25_hit"": true, ""dense_hit"": true, ""union_hit"": true, ""candidate_hit"": true, ""reranker_top_k_hit"": true, ""candidate_depth"": 100, ""ranking_k"": 10}"
disease_10329,Những bệnh liên quan đến hô hấp có thể dẫn đến tăng áp phổi là gì?,1,"[""doc_9a4650dc64157e78e636abaa""]","[""ctx_7d83c1f551a94d17a6afb1fb""]",59,1,5,1,True,True,BOTH_HIT,hit_at_evaluated_cutoff,BOTH_HIT,"{""bm25_hit"": true, ""dense_hit"": true, ""union_hit"": true, ""candidate_hit"": true, ""reranker_top_k_hit"": true, ""candidate_depth"": 100, ""ranking_k"": 10}"
disease_5729,Cần làm gì nếu triệu chứng của bệnh nấm âm đạo không giảm sau khi điều trị bằng thuốc không kê đơn?,1,"[""doc_dbc512e11a09fabfc5adb3e6""]","[""ctx_15baed01b01daeeb0db45581""]",1,1,1,2,True,True,BOTH_HIT,hit_at_evaluated_cutoff,BOTH_HIT,"{""bm25_hit"": true, ""dense_hit"": true, ""union_hit"": true, ""candidate_hit"": true, ""reranker_top_k_hit"": true, ""candidate_depth"": 100, ""ranking_k"": 10}"
disease_14754,Có nên vận động khi đang đau bụng kinh không?,1,"[""doc_407d9915d3b25fc6b22fe731""]","[""ctx_7b53b9f9d9bb02930e17a316""]",,7,29,1,True,True,DENSE_ONLY_HIT,hit_at_evaluated_cutoff,DENSE_ONLY_HIT,"{""bm25_hit"": false, ""dense_hit"": true, ""union_hit"": true, ""candidate_hit"": true, ""reranker_top_k_hit"": true, ""candidate_depth"": 100, ""ranking_k"": 10}"
disease_3537,Tại sao các bé gái trong độ tuổi dậy thì có thể xuất hiện tình trạng nam hóa?,1,"[""doc_70a38f3b73b968615c90d552""]","[""ctx_82981bd840b78ba3a7c04f6f""]",2,1,1,1,True,True,BOTH_HIT,hit_at_evaluated_cutoff,BOTH_HIT,"{""bm25_hit"": true, ""dense_hit"": true, ""union_hit"": true, ""candidate_hit"": true, ""reranker_top_k_hit"": true, ""candidate_depth"": 100, ""ranking_k"": 10}"
disease_7131,Trong trường hợp nào thì không nên sử dụng thuốc uống để điều trị bệnh chóng mặt tư thế kịch phát lành tính?,1,"[""doc_d75fcc433a91c558184282c7""]","[""ctx_050d833e53a7261bb64cc76c""]",,59,,,False,True,DENSE_ONLY_HIT;FUSION_DROPPED;CANDIDATE_MISS;DOC_HIT_CHUNK_MISS,retrieval_or_fusion,DENSE_ONLY_HIT; FUSION_DROPPED; CANDIDATE_MISS; DOC_HIT_CHUNK_MISS,"{""bm25_hit"": false, ""dense_hit"": true, ""union_hit"": true, ""candidate_hit"": false, ""reranker_top_k_hit"": false, ""candidate_depth"": 100, ""ranking_k"": 10}"
disease_1815,Nêu những yếu tố làm tăng nguy cơ dậy thì sớm ở trẻ?,1,"[""doc_93405e4e0cfb133540ee03e0""]","[""ctx_5c77913ffc698e9519908139""]",1,1,1,1,True,True,BOTH_HIT,hit_at_evaluated_cutoff,BOTH_HIT,"{""bm25_hit"": true, ""dense_hit"": true, ""union_hit"": true, ""candidate_hit"": true, ""reranker_top_k_hit"": true, ""candidate_depth"": 100, ""ranking_k"": 10}"
disease_5137,Đâu là một đặc điểm chung có thể đi kèm với triệu chứng ngứa?,1,"[""doc_9e64c68d0792f797ce349ffc""]","[""ctx_4f9c834043b9e47b8eaf4c98""]",9,1,2,1,True,True,BOTH_HIT,hit_at_evaluated_cutoff,BOTH_HIT,"{""bm25_hit"": true, ""dense_hit"": true, ""union_hit"": true, ""candidate_hit"": true, ""reranker_top_k_hit"": true, ""candidate_depth"": 100, ""ranking_k"": 10}"
disease_12643,Vi khuẩn và vi-rút gây viêm dạ dày ruột cấp lây từ đâu?,1,"[""doc_db78720b5ec19eb6d3e5edf8""]","[""ctx_8d60abf3e57481cfcf44ef39""]",,,,,False,True,BOTH_MISS;CANDIDATE_MISS;DOC_HIT_CHUNK_MISS,retrieval_or_fusion,BOTH_MISS; CANDIDATE_MISS; DOC_HIT_CHUNK_MISS,"{""bm25_hit"": false, ""dense_hit"": false, ""union_hit"": false, ""candidate_hit"": false, ""reranker_top_k_hit"": false, ""candidate_depth"": 100, ""ranking_k"": 10}"
disease_2312,"Bệnh lý nào là yếu tố nguy cơ của Giả u não trong số các bệnh lý sau: Bệnh Addison, Thiếu máu, Rối loạn đông máu?",1,"[""doc_3c91b2cfed7a8ec4d2d7ed5c""]","[""ctx_1541d15b22308fd15f2e1656""]",10,16,6,1,True,True,BOTH_HIT,hit_at_evaluated_cutoff,BOTH_HIT,"{""bm25_hit"": true, ""dense_hit"": true, ""union_hit"": true, ""candidate_hit"": true, ""reranker_top_k_hit"": true, ""candidate_depth"": 100, ""ranking_k"": 10}"
disease_7441,Suy dinh dưỡng là gì?,1,"[""doc_a01886e2482d2c1f49af18f1""]","[""ctx_0e27217cbd94949a87e4a2b9""]",5,2,2,2,True,True,BOTH_HIT,hit_at_evaluated_cutoff,BOTH_HIT,"{""bm25_hit"": true, ""dense_hit"": true, ""union_hit"": true, ""candidate_hit"": true, ""reranker_top_k_hit"": true, ""candidate_depth"": 100, ""ranking_k"": 10}"
disease_11199,Vai trò của Bevacizumab trong phác đồ hóa trị điều trị ung thư cổ tử cung là gì?,1,"[""doc_6688e3853e8396c32194c35f""]","[""ctx_45505f2719b4b378938e8236""]",1,1,1,1,True,True,BOTH_HIT,hit_at_evaluated_cutoff,BOTH_HIT,"{""bm25_hit"": true, ""dense_hit"": true, ""union_hit"": true, ""candidate_hit"": true, ""reranker_top_k_hit"": true, ""candidate_depth"": 100, ""ranking_k"": 10}"
disease_2616,Ho kéo dài liên quan chảy dịch mũi sau có thể cải thiện khi sử dụng loại thuốc nào?,1,"[""doc_de69b6497ed995e8865f2554""]","[""ctx_ea3c25622bead747a3fe7599""]",1,1,1,1,True,True,BOTH_HIT,hit_at_evaluated_cutoff,BOTH_HIT,"{""bm25_hit"": true, ""dense_hit"": true, ""union_hit"": true, ""candidate_hit"": true, ""reranker_top_k_hit"": true, ""candidate_depth"": 100, ""ranking_k"": 10}"
disease_13013,Tác động của căng thẳng kéo dài đối với bệnh viêm loét dạ dày như thế nào?,1,"[""doc_13e8a229a503b7e0f73de22f""]","[""ctx_5ff49e9b36948028c5263c1d""]",1,1,1,2,True,True,BOTH_HIT,hit_at_evaluated_cutoff,BOTH_HIT,"{""bm25_hit"": true, ""dense_hit"": true, ""union_hit"": true, ""candidate_hit"": true, ""reranker_top_k_hit"": true, ""candidate_depth"": 100, ""ranking_k"": 10}"
