query_id,query,topic,relevant_docs,relevant_chunks,bm25_first_relevant_rank,dense_first_relevant_rank,hybrid_first_relevant_rank,reranker_first_relevant_rank,final_chunk_selected,final_doc_selected,error_types,primary_failure_stage,notes,diagnostics
drug_9499,Dalfusin nên được bảo quản ở đâu?,2,"[""doc_65ea29747be083c84f018a45""]","[""ctx_99d236fe185cc6f5b1272e21""]",,,,,False,False,BOTH_MISS;CANDIDATE_MISS;DOC_AND_CHUNK_MISS,retrieval_or_fusion,BOTH_MISS; CANDIDATE_MISS; DOC_AND_CHUNK_MISS,"{""bm25_hit"": false, ""dense_hit"": false, ""union_hit"": false, ""candidate_hit"": false, ""reranker_top_k_hit"": false, ""candidate_depth"": 100, ""ranking_k"": 10}"
drug_3063,Điều gì nên làm nếu quên dùng một liều Appeton Lysine Syrup?,2,"[""doc_817356a5ab1804245744b90d""]","[""ctx_99964cfe8a80f304363072d3""]",,60,,,False,False,DENSE_ONLY_HIT;FUSION_DROPPED;CANDIDATE_MISS;DOC_AND_CHUNK_MISS,retrieval_or_fusion,DENSE_ONLY_HIT; FUSION_DROPPED; CANDIDATE_MISS; DOC_AND_CHUNK_MISS,"{""bm25_hit"": false, ""dense_hit"": true, ""union_hit"": true, ""candidate_hit"": false, ""reranker_top_k_hit"": false, ""candidate_depth"": 100, ""ranking_k"": 10}"
drug_6207,Không dùng BoniDiabet không khi nào?,2,"[""doc_219fd5769b463f729daaa49d""]","[""ctx_a6316ad1e1153dc3690f15fb""]",,,,,False,True,BOTH_MISS;CANDIDATE_MISS;DOC_HIT_CHUNK_MISS,retrieval_or_fusion,BOTH_MISS; CANDIDATE_MISS; DOC_HIT_CHUNK_MISS,"{""bm25_hit"": false, ""dense_hit"": false, ""union_hit"": false, ""candidate_hit"": false, ""reranker_top_k_hit"": false, ""candidate_depth"": 100, ""ranking_k"": 10}"
drug_316,Điều gì nên làm khi nhớ ra đã quên một liều Acehasan?,2,"[""doc_c8c4943c9078b30b88832ab3""]","[""ctx_6f10b7f2ea27c866a410b6ee""]",12,32,8,44,False,False,BOTH_HIT;RERANKER_MISS;SELECTION_MISS;DOC_AND_CHUNK_MISS,reranker,BOTH_HIT; RERANKER_MISS; SELECTION_MISS; DOC_AND_CHUNK_MISS,"{""bm25_hit"": true, ""dense_hit"": true, ""union_hit"": true, ""candidate_hit"": true, ""reranker_top_k_hit"": false, ""candidate_depth"": 100, ""ranking_k"": 10}"
drug_3816,"Khi sử dụng Atorlog, cần lưu ý gì đối với trẻ em?",2,"[""doc_545d4c97576321c5de78d0c7""]","[""ctx_4a5f95b92d22d9890cb0b9cc""]",,28,62,7,False,False,DENSE_ONLY_HIT;SELECTION_MISS;DOC_AND_CHUNK_MISS,selection,DENSE_ONLY_HIT; SELECTION_MISS; DOC_AND_CHUNK_MISS,"{""bm25_hit"": false, ""dense_hit"": true, ""union_hit"": true, ""candidate_hit"": true, ""reranker_top_k_hit"": true, ""candidate_depth"": 100, ""ranking_k"": 10}"
drug_8660,Sử dụng thuốc Cloviracinob cần lưu ý những gì?,2,"[""doc_0ff1134eee2bf3849726ae82""]","[""ctx_da71f58039cfba1a6e975456""]",17,39,6,69,False,True,BOTH_HIT;RERANKER_MISS;SELECTION_MISS;DOC_HIT_CHUNK_MISS,reranker,BOTH_HIT; RERANKER_MISS; SELECTION_MISS; DOC_HIT_CHUNK_MISS,"{""bm25_hit"": true, ""dense_hit"": true, ""union_hit"": true, ""candidate_hit"": true, ""reranker_top_k_hit"": false, ""candidate_depth"": 100, ""ranking_k"": 10}"
drug_5561,Khi dùng Betaserc có thể gây tương tác với nhóm thuốc nào?,2,"[""doc_4485e7be2f9e0f78bf445a9e""]","[""ctx_f1fd4e5a95f4478c48bad62c""]",,,,,False,True,BOTH_MISS;CANDIDATE_MISS;DOC_HIT_CHUNK_MISS,retrieval_or_fusion,BOTH_MISS; CANDIDATE_MISS; DOC_HIT_CHUNK_MISS,"{""bm25_hit"": false, ""dense_hit"": false, ""union_hit"": false, ""candidate_hit"": false, ""reranker_top_k_hit"": false, ""candidate_depth"": 100, ""ranking_k"": 10}"
drug_3038,Phụ nữ cho con bú có thể sử dụng thuốc Apitim không?,2,"[""doc_d46931d16f62d5a98a0be9b5""]","[""ctx_5fe0f561473b79379a9a938d""]",,,,,False,False,BOTH_MISS;CANDIDATE_MISS;DOC_AND_CHUNK_MISS,retrieval_or_fusion,BOTH_MISS; CANDIDATE_MISS; DOC_AND_CHUNK_MISS,"{""bm25_hit"": false, ""dense_hit"": false, ""union_hit"": false, ""candidate_hit"": false, ""reranker_top_k_hit"": false, ""candidate_depth"": 100, ""ranking_k"": 10}"
drug_1258,Thuốc Agirenyl được dùng theo đường nào?,2,"[""doc_31798364a0547292c5673a6f""]","[""ctx_f6fbd2a56e7541f3b13362b3""]",,11,28,58,False,False,DENSE_ONLY_HIT;RERANKER_MISS;SELECTION_MISS;DOC_AND_CHUNK_MISS,reranker,DENSE_ONLY_HIT; RERANKER_MISS; SELECTION_MISS; DOC_AND_CHUNK_MISS,"{""bm25_hit"": false, ""dense_hit"": true, ""union_hit"": true, ""candidate_hit"": true, ""reranker_top_k_hit"": false, ""candidate_depth"": 100, ""ranking_k"": 10}"
drug_6950,"Trong dầu Cao Sao Vàng, thành phần nào có hàm lượng cao nhất?",2,"[""doc_e879551eb834d0b5ff0b4112""]","[""ctx_f5615a23b3e5964071b836b3""]",,92,,,False,True,DENSE_ONLY_HIT;FUSION_DROPPED;CANDIDATE_MISS;DOC_HIT_CHUNK_MISS,retrieval_or_fusion,DENSE_ONLY_HIT; FUSION_DROPPED; CANDIDATE_MISS; DOC_HIT_CHUNK_MISS,"{""bm25_hit"": false, ""dense_hit"": true, ""union_hit"": true, ""candidate_hit"": false, ""reranker_top_k_hit"": false, ""candidate_depth"": 100, ""ranking_k"": 10}"
drug_3687,Nên làm gì khi bị quá liều Atiliver?,2,"[""doc_183e80ccbfd4a30c71185874""]","[""ctx_0d86cd5c834f0a71dbde72ea""]",,,,,False,False,BOTH_MISS;CANDIDATE_MISS;DOC_AND_CHUNK_MISS,retrieval_or_fusion,BOTH_MISS; CANDIDATE_MISS; DOC_AND_CHUNK_MISS,"{""bm25_hit"": false, ""dense_hit"": false, ""union_hit"": false, ""candidate_hit"": false, ""reranker_top_k_hit"": false, ""candidate_depth"": 100, ""ranking_k"": 10}"
drug_9199,Tôi có thể dùng thuốc Coversyl nếu tôi có tiền sử phản vệ không?,2,"[""doc_5f71fe70b8ff8060371950fc""]","[""ctx_9a41647cd7584886f98a5c68""]",53,,,,False,False,BM25_ONLY_HIT;FUSION_DROPPED;CANDIDATE_MISS;DOC_AND_CHUNK_MISS,retrieval_or_fusion,BM25_ONLY_HIT; FUSION_DROPPED; CANDIDATE_MISS; DOC_AND_CHUNK_MISS,"{""bm25_hit"": true, ""dense_hit"": false, ""union_hit"": true, ""candidate_hit"": false, ""reranker_top_k_hit"": false, ""candidate_depth"": 100, ""ranking_k"": 10}"
drug_7374,Các triệu chứng khi dùng quá liều thuốc Cedipect F là gì?,2,"[""doc_70544172d6a331b9a0f3044a""]","[""ctx_7c3117a7e53e38f9d9816977""]",,65,,,False,True,DENSE_ONLY_HIT;FUSION_DROPPED;CANDIDATE_MISS;DOC_HIT_CHUNK_MISS,retrieval_or_fusion,DENSE_ONLY_HIT; FUSION_DROPPED; CANDIDATE_MISS; DOC_HIT_CHUNK_MISS,"{""bm25_hit"": false, ""dense_hit"": true, ""union_hit"": true, ""candidate_hit"": false, ""reranker_top_k_hit"": false, ""candidate_depth"": 100, ""ranking_k"": 10}"
drug_5195,Điều kiện cần thiết nhất để bảo quản thuốc Bentarcin là gì?,2,"[""doc_38601af1eafab77a6597d898""]","[""ctx_912de904ace88bf24cc882a3""]",87,25,13,12,False,True,BOTH_HIT;RERANKER_MISS;SELECTION_MISS;DOC_HIT_CHUNK_MISS,reranker,BOTH_HIT; RERANKER_MISS; SELECTION_MISS; DOC_HIT_CHUNK_MISS,"{""bm25_hit"": true, ""dense_hit"": true, ""union_hit"": true, ""candidate_hit"": true, ""reranker_top_k_hit"": false, ""candidate_depth"": 100, ""ranking_k"": 10}"
drug_4462,Có biện pháp bảo vệ nào khi sử dụng Azanex để đảm bảo an toàn cho trẻ không?,2,"[""doc_6aea43c9adee86dd5ff86ef4""]","[""ctx_a83aea7bb9ff8f51f2712745""]",,,,,False,True,BOTH_MISS;CANDIDATE_MISS;DOC_HIT_CHUNK_MISS,retrieval_or_fusion,BOTH_MISS; CANDIDATE_MISS; DOC_HIT_CHUNK_MISS,"{""bm25_hit"": false, ""dense_hit"": false, ""union_hit"": false, ""candidate_hit"": false, ""reranker_top_k_hit"": false, ""candidate_depth"": 100, ""ranking_k"": 10}"
drug_85,A.T.P dùng bằng đường nào?,2,"[""doc_7d7048fa4501da9d4addffd3""]","[""ctx_86752b4362f03303239e0344""]",,76,,,False,True,DENSE_ONLY_HIT;FUSION_DROPPED;CANDIDATE_MISS;DOC_HIT_CHUNK_MISS,retrieval_or_fusion,DENSE_ONLY_HIT; FUSION_DROPPED; CANDIDATE_MISS; DOC_HIT_CHUNK_MISS,"{""bm25_hit"": false, ""dense_hit"": true, ""union_hit"": true, ""candidate_hit"": false, ""reranker_top_k_hit"": false, ""candidate_depth"": 100, ""ranking_k"": 10}"
drug_2260,Trong trường hợp nào Amiodarone được dùng hỗ trợ điều trị?,2,"[""doc_304c58f70c365d8ec1414985""]","[""ctx_ff87d495fc8745d3e51509d9""]",,,,,False,True,BOTH_MISS;CANDIDATE_MISS;DOC_HIT_CHUNK_MISS,retrieval_or_fusion,BOTH_MISS; CANDIDATE_MISS; DOC_HIT_CHUNK_MISS,"{""bm25_hit"": false, ""dense_hit"": false, ""union_hit"": false, ""candidate_hit"": false, ""reranker_top_k_hit"": false, ""candidate_depth"": 100, ""ranking_k"": 10}"
drug_3910,Hoạt chất chính trong thuốc Atussin là gì?,2,"[""doc_ee1a88f1112268b4644f8055""]","[""ctx_7f2e162cec24318771820a9e""]",,,,,False,True,BOTH_MISS;CANDIDATE_MISS;DOC_HIT_CHUNK_MISS,retrieval_or_fusion,BOTH_MISS; CANDIDATE_MISS; DOC_HIT_CHUNK_MISS,"{""bm25_hit"": false, ""dense_hit"": false, ""union_hit"": false, ""candidate_hit"": false, ""reranker_top_k_hit"": false, ""candidate_depth"": 100, ""ranking_k"": 10}"
drug_8567,Sử dụng chung Clopias với nhóm thuốc NSAID có thể gây ra điều gì?,2,"[""doc_e70de9a468512b59d3239283""]","[""ctx_e9a338ca1ae9b9eea17122f6""]",8,5,4,7,False,True,BOTH_HIT;SELECTION_MISS;DOC_HIT_CHUNK_MISS,selection,BOTH_HIT; SELECTION_MISS; DOC_HIT_CHUNK_MISS,"{""bm25_hit"": true, ""dense_hit"": true, ""union_hit"": true, ""candidate_hit"": true, ""reranker_top_k_hit"": true, ""candidate_depth"": 100, ""ranking_k"": 10}"
drug_9193,Người bị hẹp van động mạch chủ và van hai lá/ bệnh phì đại cơ tim cần lưu ý gì khi sử dụng thuốc hạ huyết áp Coversyl?,2,"[""doc_5f71fe70b8ff8060371950fc""]","[""ctx_ec34d705cb34b6683e631172""]",,,,,False,True,BOTH_MISS;CANDIDATE_MISS;DOC_HIT_CHUNK_MISS,retrieval_or_fusion,BOTH_MISS; CANDIDATE_MISS; DOC_HIT_CHUNK_MISS,"{""bm25_hit"": false, ""dense_hit"": false, ""union_hit"": false, ""candidate_hit"": false, ""reranker_top_k_hit"": false, ""candidate_depth"": 100, ""ranking_k"": 10}"
drug_948,"Nếu quên 1 liều thuốc Adrenoxyl?, có thể dùng gấp đôi liều để bù vào liều đã quên hay không?",2,"[""doc_ab797aa3c347dbe2ae942890""]","[""ctx_f4ea822391bb479367670465""]",9,28,11,41,False,False,BOTH_HIT;RERANKER_MISS;SELECTION_MISS;DOC_AND_CHUNK_MISS,reranker,BOTH_HIT; RERANKER_MISS; SELECTION_MISS; DOC_AND_CHUNK_MISS,"{""bm25_hit"": true, ""dense_hit"": true, ""union_hit"": true, ""candidate_hit"": true, ""reranker_top_k_hit"": false, ""candidate_depth"": 100, ""ranking_k"": 10}"
drug_6157,Cần lưu ý gì khi sử dụng Bofit F?,2,"[""doc_8cacd2861770c38303a19df7""]","[""ctx_f340b1082b85d33edf806d87""]",,,,,False,True,BOTH_MISS;CANDIDATE_MISS;DOC_HIT_CHUNK_MISS,retrieval_or_fusion,BOTH_MISS; CANDIDATE_MISS; DOC_HIT_CHUNK_MISS,"{""bm25_hit"": false, ""dense_hit"": false, ""union_hit"": false, ""candidate_hit"": false, ""reranker_top_k_hit"": false, ""candidate_depth"": 100, ""ranking_k"": 10}"
drug_5544,Bạn tuyệt đối không nên làm gì khi quên một liều Betamethasone?,2,"[""doc_2bdf1755527f3b61a11d61cb""]","[""ctx_6d027cf4268f79b62a1a5f25""]",,57,,,False,False,DENSE_ONLY_HIT;FUSION_DROPPED;CANDIDATE_MISS;DOC_AND_CHUNK_MISS,retrieval_or_fusion,DENSE_ONLY_HIT; FUSION_DROPPED; CANDIDATE_MISS; DOC_AND_CHUNK_MISS,"{""bm25_hit"": false, ""dense_hit"": true, ""union_hit"": true, ""candidate_hit"": false, ""reranker_top_k_hit"": false, ""candidate_depth"": 100, ""ranking_k"": 10}"
drug_8686,"Tại sao cần tránh uống bia, rượu khi dùng thuốc Co-Diovan (valsartan, hydrochlorothiazide)?",2,"[""doc_58d56e2b07a8afeb3b263797""]","[""ctx_151b30e3f16463f83f164dec""]",,58,,,False,False,DENSE_ONLY_HIT;FUSION_DROPPED;CANDIDATE_MISS;DOC_AND_CHUNK_MISS,retrieval_or_fusion,DENSE_ONLY_HIT; FUSION_DROPPED; CANDIDATE_MISS; DOC_AND_CHUNK_MISS,"{""bm25_hit"": false, ""dense_hit"": true, ""union_hit"": true, ""candidate_hit"": false, ""reranker_top_k_hit"": false, ""candidate_depth"": 100, ""ranking_k"": 10}"
drug_758,Những lưu ý nào cần biết khi sử dụng thuốc Acyclovir Boston 800?,2,"[""doc_31798364a0547292c5673a6f""]","[""ctx_dfc9d84313b34c654758df99""]",9,2,5,8,False,True,BOTH_HIT;SELECTION_MISS;DOC_HIT_CHUNK_MISS,selection,BOTH_HIT; SELECTION_MISS; DOC_HIT_CHUNK_MISS,"{""bm25_hit"": true, ""dense_hit"": true, ""union_hit"": true, ""candidate_hit"": true, ""reranker_top_k_hit"": true, ""candidate_depth"": 100, ""ranking_k"": 10}"
drug_5793,Trong trường hợp nào cần uống bổ sung thuốc Bilgrel?,2,"[""doc_3d8087340e27ec76115fa596""]","[""ctx_0bb16042f6edaa465ca5fc0f""]",2,84,10,7,False,True,BOTH_HIT;SELECTION_MISS;DOC_HIT_CHUNK_MISS,selection,BOTH_HIT; SELECTION_MISS; DOC_HIT_CHUNK_MISS,"{""bm25_hit"": true, ""dense_hit"": true, ""union_hit"": true, ""candidate_hit"": true, ""reranker_top_k_hit"": true, ""candidate_depth"": 100, ""ranking_k"": 10}"
drug_7751,Nên tiến hành biện pháp nào khi dùng quá liều thuốc Celecoxib?,2,"[""doc_1a9ccc5f14e878ec652b8358""]","[""ctx_fa8511f4947e26e376078df6""]",,,,,False,False,BOTH_MISS;CANDIDATE_MISS;DOC_AND_CHUNK_MISS,retrieval_or_fusion,BOTH_MISS; CANDIDATE_MISS; DOC_AND_CHUNK_MISS,"{""bm25_hit"": false, ""dense_hit"": false, ""union_hit"": false, ""candidate_hit"": false, ""reranker_top_k_hit"": false, ""candidate_depth"": 100, ""ranking_k"": 10}"
drug_809,"Nếu tôi quên uống một liều Acyclovir Stella 400 mg, tôi nên làm gì?",2,"[""doc_45ba59fce256dcda40f400ed""]","[""ctx_658c3e624ad700efc83652ab""]",,83,,,False,False,DENSE_ONLY_HIT;FUSION_DROPPED;CANDIDATE_MISS;DOC_AND_CHUNK_MISS,retrieval_or_fusion,DENSE_ONLY_HIT; FUSION_DROPPED; CANDIDATE_MISS; DOC_AND_CHUNK_MISS,"{""bm25_hit"": false, ""dense_hit"": true, ""union_hit"": true, ""candidate_hit"": false, ""reranker_top_k_hit"": false, ""candidate_depth"": 100, ""ranking_k"": 10}"
drug_6116,Cách xử trí khi quên một liều thuốc Bixicam là gì?,2,"[""doc_ab797aa3c347dbe2ae942890""]","[""ctx_f4ea822391bb479367670465""]",55,85,55,26,False,False,BOTH_HIT;RERANKER_MISS;SELECTION_MISS;DOC_AND_CHUNK_MISS,reranker,BOTH_HIT; RERANKER_MISS; SELECTION_MISS; DOC_AND_CHUNK_MISS,"{""bm25_hit"": true, ""dense_hit"": true, ""union_hit"": true, ""candidate_hit"": true, ""reranker_top_k_hit"": false, ""candidate_depth"": 100, ""ranking_k"": 10}"
drug_2035,"Khi uống quá liều Ambroco, người bệnh cần làm gì?",2,"[""doc_67f517697061d12d4bb6dca3""]","[""ctx_19af99a91915dae7f13b8c7d""]",,33,69,13,False,False,DENSE_ONLY_HIT;RERANKER_MISS;SELECTION_MISS;DOC_AND_CHUNK_MISS,reranker,DENSE_ONLY_HIT; RERANKER_MISS; SELECTION_MISS; DOC_AND_CHUNK_MISS,"{""bm25_hit"": false, ""dense_hit"": true, ""union_hit"": true, ""candidate_hit"": true, ""reranker_top_k_hit"": false, ""candidate_depth"": 100, ""ranking_k"": 10}"
drug_7433,"Trong trường hợp quên liều Cefaclor, điều đầu tiên cần làm là gì?",2,"[""doc_ff60c710202e8ab1b16292e3""]","[""ctx_f2fcfa6bd0239601b522051f""]",,78,,,False,False,DENSE_ONLY_HIT;FUSION_DROPPED;CANDIDATE_MISS;DOC_AND_CHUNK_MISS,retrieval_or_fusion,DENSE_ONLY_HIT; FUSION_DROPPED; CANDIDATE_MISS; DOC_AND_CHUNK_MISS,"{""bm25_hit"": false, ""dense_hit"": true, ""union_hit"": true, ""candidate_hit"": false, ""reranker_top_k_hit"": false, ""candidate_depth"": 100, ""ranking_k"": 10}"
drug_5137,Thời gian tối đa được khuyến cáo khi dùng Benate Fort Ointment là bao lâu?,2,"[""doc_cb1bc7e5f6b255bcb70c7620""]","[""ctx_7c6867165ca845007fe1f0bf""]",,,,,False,False,BOTH_MISS;CANDIDATE_MISS;DOC_AND_CHUNK_MISS,retrieval_or_fusion,BOTH_MISS; CANDIDATE_MISS; DOC_AND_CHUNK_MISS,"{""bm25_hit"": false, ""dense_hit"": false, ""union_hit"": false, ""candidate_hit"": false, ""reranker_top_k_hit"": false, ""candidate_depth"": 100, ""ranking_k"": 10}"
drug_8418,Làm thế nào để sử dụng thuốc Claminat?,2,"[""doc_cc2beb0a93623509c13a42e1""]","[""ctx_a0c9415c77d1c85cb6879e99""]",,,,,False,True,BOTH_MISS;CANDIDATE_MISS;DOC_HIT_CHUNK_MISS,retrieval_or_fusion,BOTH_MISS; CANDIDATE_MISS; DOC_HIT_CHUNK_MISS,"{""bm25_hit"": false, ""dense_hit"": false, ""union_hit"": false, ""candidate_hit"": false, ""reranker_top_k_hit"": false, ""candidate_depth"": 100, ""ranking_k"": 10}"
drug_227,Thuốc Acarbose có công dụng chính là gì?,2,"[""doc_e85baeadce7c2f830e6934bc""]","[""ctx_de983e8184d21475cbcc5391""]",,,,,False,True,BOTH_MISS;CANDIDATE_MISS;DOC_HIT_CHUNK_MISS,retrieval_or_fusion,BOTH_MISS; CANDIDATE_MISS; DOC_HIT_CHUNK_MISS,"{""bm25_hit"": false, ""dense_hit"": false, ""union_hit"": false, ""candidate_hit"": false, ""reranker_top_k_hit"": false, ""candidate_depth"": 100, ""ranking_k"": 10}"
drug_7,Thuốc 3B Medi giúp cải thiện những tình trạng nào?,2,"[""doc_0ebd8c2a72d834e15acf2c9a""]","[""ctx_275cd9a7fb871aa177a0209d""]",,,,,False,True,BOTH_MISS;CANDIDATE_MISS;DOC_HIT_CHUNK_MISS,retrieval_or_fusion,BOTH_MISS; CANDIDATE_MISS; DOC_HIT_CHUNK_MISS,"{""bm25_hit"": false, ""dense_hit"": false, ""union_hit"": false, ""candidate_hit"": false, ""reranker_top_k_hit"": false, ""candidate_depth"": 100, ""ranking_k"": 10}"
drug_6757,Thuốc Calcigenol có thể dùng để phòng ngừa bệnh gì?,2,"[""doc_5daf5bb5675c9524ebac550c""]","[""ctx_7673e8d7baf537438c684d8d""]",,,,,False,True,BOTH_MISS;CANDIDATE_MISS;DOC_HIT_CHUNK_MISS,retrieval_or_fusion,BOTH_MISS; CANDIDATE_MISS; DOC_HIT_CHUNK_MISS,"{""bm25_hit"": false, ""dense_hit"": false, ""union_hit"": false, ""candidate_hit"": false, ""reranker_top_k_hit"": false, ""candidate_depth"": 100, ""ranking_k"": 10}"
drug_2673,Tại sao cần tuân thủ theo liều điều trị của bác sĩ khi sử dụng thuốc Ampicillin Brawn?,2,"[""doc_542be8eafeaf7359d04ba1ac""]","[""ctx_66204fed13f20e780511dff9""]",1,8,2,7,False,True,BOTH_HIT;SELECTION_MISS;DOC_HIT_CHUNK_MISS,selection,BOTH_HIT; SELECTION_MISS; DOC_HIT_CHUNK_MISS,"{""bm25_hit"": true, ""dense_hit"": true, ""union_hit"": true, ""candidate_hit"": true, ""reranker_top_k_hit"": true, ""candidate_depth"": 100, ""ranking_k"": 10}"
drug_2697,Nên làm gì nếu xảy ra biến chứng bất thường trong thời gian sử dụng thuốc Ampicillin Domesco?,2,"[""doc_1b37bf8707462cd2c758c450""]","[""ctx_c7b0751835fdd9a7c60062c6""]",6,11,5,9,False,True,BOTH_HIT;SELECTION_MISS;DOC_HIT_CHUNK_MISS,selection,BOTH_HIT; SELECTION_MISS; DOC_HIT_CHUNK_MISS,"{""bm25_hit"": true, ""dense_hit"": true, ""union_hit"": true, ""candidate_hit"": true, ""reranker_top_k_hit"": true, ""candidate_depth"": 100, ""ranking_k"": 10}"
drug_8198,"Khi dùng quá liều thuốc Cialis (tadalafil), quá trình dùng thuốc được diễn ra như thế nào?",2,"[""doc_0fe9a9f6804892e2b382511a""]","[""ctx_13808a257dbab0c59f1437e1""]",,,,,False,True,BOTH_MISS;CANDIDATE_MISS;DOC_HIT_CHUNK_MISS,retrieval_or_fusion,BOTH_MISS; CANDIDATE_MISS; DOC_HIT_CHUNK_MISS,"{""bm25_hit"": false, ""dense_hit"": false, ""union_hit"": false, ""candidate_hit"": false, ""reranker_top_k_hit"": false, ""candidate_depth"": 100, ""ranking_k"": 10}"
drug_6886,Theo đường nào thuốc Candesartan được sử dụng?,2,"[""doc_ab797aa3c347dbe2ae942890""]","[""ctx_4747c6d3dc761aa2bc6ca90c""]",,,,,False,True,BOTH_MISS;CANDIDATE_MISS;DOC_HIT_CHUNK_MISS,retrieval_or_fusion,BOTH_MISS; CANDIDATE_MISS; DOC_HIT_CHUNK_MISS,"{""bm25_hit"": false, ""dense_hit"": false, ""union_hit"": false, ""candidate_hit"": false, ""reranker_top_k_hit"": false, ""candidate_depth"": 100, ""ranking_k"": 10}"
drug_4251,Trong trường hợp nào cần thận trọng khi sử dụng Avastin?,2,"[""doc_759606824c891255fc73948a""]","[""ctx_e1e747e27def247bc2c6c391""]",,,,,False,True,BOTH_MISS;CANDIDATE_MISS;DOC_HIT_CHUNK_MISS,retrieval_or_fusion,BOTH_MISS; CANDIDATE_MISS; DOC_HIT_CHUNK_MISS,"{""bm25_hit"": false, ""dense_hit"": false, ""union_hit"": false, ""candidate_hit"": false, ""reranker_top_k_hit"": false, ""candidate_depth"": 100, ""ranking_k"": 10}"
drug_4629,Khi sử dụng thuốc Bactroban cần lưu ý những gì?,2,"[""doc_f3199866dd6a59fe42ced86b""]","[""ctx_629706c4ed709a2e1b189d1c""]",,,,,False,False,BOTH_MISS;CANDIDATE_MISS;DOC_AND_CHUNK_MISS,retrieval_or_fusion,BOTH_MISS; CANDIDATE_MISS; DOC_AND_CHUNK_MISS,"{""bm25_hit"": false, ""dense_hit"": false, ""union_hit"": false, ""candidate_hit"": false, ""reranker_top_k_hit"": false, ""candidate_depth"": 100, ""ranking_k"": 10}"
drug_1287,Có tác dụng phụ nào của Aibezym được ghi nhận ở phụ nữ có thai và mẹ cho con bú không?,2,"[""doc_28cc50d6019b49a9ef3377ea""]","[""ctx_a9cc88bc962a6a5bb9d2edaa""]",,,,,False,True,BOTH_MISS;CANDIDATE_MISS;DOC_HIT_CHUNK_MISS,retrieval_or_fusion,BOTH_MISS; CANDIDATE_MISS; DOC_HIT_CHUNK_MISS,"{""bm25_hit"": false, ""dense_hit"": false, ""union_hit"": false, ""candidate_hit"": false, ""reranker_top_k_hit"": false, ""candidate_depth"": 100, ""ranking_k"": 10}"
drug_6327,Có thể làm gì nếu tôi quên một liều thuốc Bricanyl?,2,"[""doc_36205564218c021501d00c2e""]","[""ctx_2ded247b436ba667d2adfa83""]",,,,,False,False,BOTH_MISS;CANDIDATE_MISS;DOC_AND_CHUNK_MISS,retrieval_or_fusion,BOTH_MISS; CANDIDATE_MISS; DOC_AND_CHUNK_MISS,"{""bm25_hit"": false, ""dense_hit"": false, ""union_hit"": false, ""candidate_hit"": false, ""reranker_top_k_hit"": false, ""candidate_depth"": 100, ""ranking_k"": 10}"
drug_7017,Khi sử dụng Captopril kết hợp với Allopurinol có gây tương tác thuốc không?,2,"[""doc_92e74d50921d9690b06d4e86""]","[""ctx_267b54ba2b14dddf6c6dcb6d""]",,,,,False,False,BOTH_MISS;CANDIDATE_MISS;DOC_AND_CHUNK_MISS,retrieval_or_fusion,BOTH_MISS; CANDIDATE_MISS; DOC_AND_CHUNK_MISS,"{""bm25_hit"": false, ""dense_hit"": false, ""union_hit"": false, ""candidate_hit"": false, ""reranker_top_k_hit"": false, ""candidate_depth"": 100, ""ranking_k"": 10}"
drug_1630,Khi sử dụng Allopurinol cần chú ý điều gì?,2,"[""doc_8a07c997731d7ccc5a72503c""]","[""ctx_a52304c4a7df176782881971""]",76,7,8,12,False,True,BOTH_HIT;RERANKER_MISS;SELECTION_MISS;DOC_HIT_CHUNK_MISS,reranker,BOTH_HIT; RERANKER_MISS; SELECTION_MISS; DOC_HIT_CHUNK_MISS,"{""bm25_hit"": true, ""dense_hit"": true, ""union_hit"": true, ""candidate_hit"": true, ""reranker_top_k_hit"": false, ""candidate_depth"": 100, ""ranking_k"": 10}"
drug_6912,Làm cách nào để sử dụng Canditral?,2,"[""doc_bbb091f2f52b62d02a9609f1""]","[""ctx_097e5b3b1892bd7e007b74a4""]",,,,,False,True,BOTH_MISS;CANDIDATE_MISS;DOC_HIT_CHUNK_MISS,retrieval_or_fusion,BOTH_MISS; CANDIDATE_MISS; DOC_HIT_CHUNK_MISS,"{""bm25_hit"": false, ""dense_hit"": false, ""union_hit"": false, ""candidate_hit"": false, ""reranker_top_k_hit"": false, ""candidate_depth"": 100, ""ranking_k"": 10}"
drug_8882,Tôi có thể bẻ vụn hoặc nghiền nát thuốc Comiaryl chứ?,2,"[""doc_2fd00aa65f6ae9d204244463""]","[""ctx_b82de553909b835a3dd0c302""]",22,2,3,23,False,False,BOTH_HIT;RERANKER_MISS;SELECTION_MISS;DOC_AND_CHUNK_MISS,reranker,BOTH_HIT; RERANKER_MISS; SELECTION_MISS; DOC_AND_CHUNK_MISS,"{""bm25_hit"": true, ""dense_hit"": true, ""union_hit"": true, ""candidate_hit"": true, ""reranker_top_k_hit"": false, ""candidate_depth"": 100, ""ranking_k"": 10}"
drug_9521,Davibest được sử dụng theo cách nào?,2,"[""doc_203ea8c7c7ac710a6e799e75""]","[""ctx_ed4f6f89c0f43ac576987538""]",,,,,False,True,BOTH_MISS;CANDIDATE_MISS;DOC_HIT_CHUNK_MISS,retrieval_or_fusion,BOTH_MISS; CANDIDATE_MISS; DOC_HIT_CHUNK_MISS,"{""bm25_hit"": false, ""dense_hit"": false, ""union_hit"": false, ""candidate_hit"": false, ""reranker_top_k_hit"": false, ""candidate_depth"": 100, ""ranking_k"": 10}"
drug_9220,Trong trường hợp nào cần thận trọng khi sử dụng Cozaar (losartan)?,2,"[""doc_2ddc8dbf49398cc741f9c65d""]","[""ctx_12d612046d281e8faed068cb""]",,,,,False,True,BOTH_MISS;CANDIDATE_MISS;DOC_HIT_CHUNK_MISS,retrieval_or_fusion,BOTH_MISS; CANDIDATE_MISS; DOC_HIT_CHUNK_MISS,"{""bm25_hit"": false, ""dense_hit"": false, ""union_hit"": false, ""candidate_hit"": false, ""reranker_top_k_hit"": false, ""candidate_depth"": 100, ""ranking_k"": 10}"
drug_9718,Người dùng thuốc Didicera cần chú ý gì trước khi dùng thuốc?,2,"[""doc_ac21b0db03068a743a6af73b""]","[""ctx_3b56fdbed6e855664d508534""]",,21,44,9,False,True,DENSE_ONLY_HIT;SELECTION_MISS;DOC_HIT_CHUNK_MISS,selection,DENSE_ONLY_HIT; SELECTION_MISS; DOC_HIT_CHUNK_MISS,"{""bm25_hit"": false, ""dense_hit"": true, ""union_hit"": true, ""candidate_hit"": true, ""reranker_top_k_hit"": true, ""candidate_depth"": 100, ""ranking_k"": 10}"
drug_3977,Thuốc Audocals có gây ra khó tiêu không?,2,"[""doc_31d7bd24c3c8c43ed86e52e6""]","[""ctx_fa783ed28998a3e74700efbb""]",,,,,False,True,BOTH_MISS;CANDIDATE_MISS;DOC_HIT_CHUNK_MISS,retrieval_or_fusion,BOTH_MISS; CANDIDATE_MISS; DOC_HIT_CHUNK_MISS,"{""bm25_hit"": false, ""dense_hit"": false, ""union_hit"": false, ""candidate_hit"": false, ""reranker_top_k_hit"": false, ""candidate_depth"": 100, ""ranking_k"": 10}"
drug_2314,Người nào nên thận trọng khi sử dụng thuốc Amiparen 5 Otsuka?,2,"[""doc_9cc017879179a069ddd17e03""]","[""ctx_60ba778fbc7f726eb29e65d1""]",,41,71,19,False,True,DENSE_ONLY_HIT;RERANKER_MISS;SELECTION_MISS;DOC_HIT_CHUNK_MISS,reranker,DENSE_ONLY_HIT; RERANKER_MISS; SELECTION_MISS; DOC_HIT_CHUNK_MISS,"{""bm25_hit"": false, ""dense_hit"": true, ""union_hit"": true, ""candidate_hit"": true, ""reranker_top_k_hit"": false, ""candidate_depth"": 100, ""ranking_k"": 10}"
drug_4317,"Tôi là phụ nữ, tôi có nên sử dụng thuốc Avodart không?",2,"[""doc_9a03751147754be981cb1c9d""]","[""ctx_be7a7767857c40a89dedbb85""]",,,,,False,True,BOTH_MISS;CANDIDATE_MISS;DOC_HIT_CHUNK_MISS,retrieval_or_fusion,BOTH_MISS; CANDIDATE_MISS; DOC_HIT_CHUNK_MISS,"{""bm25_hit"": false, ""dense_hit"": false, ""union_hit"": false, ""candidate_hit"": false, ""reranker_top_k_hit"": false, ""candidate_depth"": 100, ""ranking_k"": 10}"
drug_6183,Bạn nên làm gì nếu gặp phải phản ứng có hại khi sử dụng thuốc Boganic?,2,"[""doc_698a84156f918c1cfae402f4""]","[""ctx_ac6157dbfcdfdf2562ab8328""]",2,14,3,21,False,True,BOTH_HIT;RERANKER_MISS;SELECTION_MISS;DOC_HIT_CHUNK_MISS,reranker,BOTH_HIT; RERANKER_MISS; SELECTION_MISS; DOC_HIT_CHUNK_MISS,"{""bm25_hit"": true, ""dense_hit"": true, ""union_hit"": true, ""candidate_hit"": true, ""reranker_top_k_hit"": false, ""candidate_depth"": 100, ""ranking_k"": 10}"
drug_9014,Tác đụng của 1.2 trong Cosele là: ?,2,"[""doc_47879fda5a6298f13203f878""]","[""ctx_6e7fb86656f6e5cbf15605b2""]",,,,,False,True,BOTH_MISS;CANDIDATE_MISS;DOC_HIT_CHUNK_MISS,retrieval_or_fusion,BOTH_MISS; CANDIDATE_MISS; DOC_HIT_CHUNK_MISS,"{""bm25_hit"": false, ""dense_hit"": false, ""union_hit"": false, ""candidate_hit"": false, ""reranker_top_k_hit"": false, ""candidate_depth"": 100, ""ranking_k"": 10}"
drug_478,Aciclovir dùng để điều trị nhiễm trùng nào?,2,"[""doc_93f6cd2b4fec936c9f66ccde""]","[""ctx_b501d9f645331d344d5ba017""]",,,,,False,True,BOTH_MISS;CANDIDATE_MISS;DOC_HIT_CHUNK_MISS,retrieval_or_fusion,BOTH_MISS; CANDIDATE_MISS; DOC_HIT_CHUNK_MISS,"{""bm25_hit"": false, ""dense_hit"": false, ""union_hit"": false, ""candidate_hit"": false, ""reranker_top_k_hit"": false, ""candidate_depth"": 100, ""ranking_k"": 10}"
drug_2873,Khi nào tôi không nên sử dụng thuốc Andol S Imexpharm?,2,"[""doc_73566ed1a888708ca4e2f006""]","[""ctx_35295a4e4ced1a93bcb3a068""]",32,,60,14,False,True,BM25_ONLY_HIT;RERANKER_MISS;SELECTION_MISS;DOC_HIT_CHUNK_MISS,reranker,BM25_ONLY_HIT; RERANKER_MISS; SELECTION_MISS; DOC_HIT_CHUNK_MISS,"{""bm25_hit"": true, ""dense_hit"": false, ""union_hit"": true, ""candidate_hit"": true, ""reranker_top_k_hit"": false, ""candidate_depth"": 100, ""ranking_k"": 10}"
drug_491,Khi quá liều Aciclovir cần xử trí như thế nào?,2,"[""doc_93f6cd2b4fec936c9f66ccde""]","[""ctx_1314b33f91ac1a931990512b""]",,,,,False,True,BOTH_MISS;CANDIDATE_MISS;DOC_HIT_CHUNK_MISS,retrieval_or_fusion,BOTH_MISS; CANDIDATE_MISS; DOC_HIT_CHUNK_MISS,"{""bm25_hit"": false, ""dense_hit"": false, ""union_hit"": false, ""candidate_hit"": false, ""reranker_top_k_hit"": false, ""candidate_depth"": 100, ""ranking_k"": 10}"
drug_8581,Thuốc Clorpheniramin có các hàm lượng nào?,2,"[""doc_8208c2d23fca33e94a6ba150""]","[""ctx_9d9956835ace707ed6a3f177""]",94,,,,False,True,BM25_ONLY_HIT;FUSION_DROPPED;CANDIDATE_MISS;DOC_HIT_CHUNK_MISS,retrieval_or_fusion,BM25_ONLY_HIT; FUSION_DROPPED; CANDIDATE_MISS; DOC_HIT_CHUNK_MISS,"{""bm25_hit"": true, ""dense_hit"": false, ""union_hit"": true, ""candidate_hit"": false, ""reranker_top_k_hit"": false, ""candidate_depth"": 100, ""ranking_k"": 10}"
drug_2817,Có nghiên cứu nào về tác động của thuốc Anaferon đối với người lái tàu xe hay vận hành máy móc không?,2,"[""doc_42cc095d6c726f9235d0ac4a""]","[""ctx_8668a8c2b6c2abe6e02a8c99""]",,,,,False,False,BOTH_MISS;CANDIDATE_MISS;DOC_AND_CHUNK_MISS,retrieval_or_fusion,BOTH_MISS; CANDIDATE_MISS; DOC_AND_CHUNK_MISS,"{""bm25_hit"": false, ""dense_hit"": false, ""union_hit"": false, ""candidate_hit"": false, ""reranker_top_k_hit"": false, ""candidate_depth"": 100, ""ranking_k"": 10}"
drug_2827,Các tác dụng phụ có thể xảy ra khi sử dụng Anapa là gì?,2,"[""doc_98e18ec808d9b4b2492c9191""]","[""ctx_c8ae98baae87971d0ec94dc9""]",,,,,False,False,BOTH_MISS;CANDIDATE_MISS;DOC_AND_CHUNK_MISS,retrieval_or_fusion,BOTH_MISS; CANDIDATE_MISS; DOC_AND_CHUNK_MISS,"{""bm25_hit"": false, ""dense_hit"": false, ""union_hit"": false, ""candidate_hit"": false, ""reranker_top_k_hit"": false, ""candidate_depth"": 100, ""ranking_k"": 10}"
drug_8580,Clorpheniramin có dạng bào chế nào?,2,"[""doc_8208c2d23fca33e94a6ba150""]","[""ctx_9d9956835ace707ed6a3f177""]",,,,,False,True,BOTH_MISS;CANDIDATE_MISS;DOC_HIT_CHUNK_MISS,retrieval_or_fusion,BOTH_MISS; CANDIDATE_MISS; DOC_HIT_CHUNK_MISS,"{""bm25_hit"": false, ""dense_hit"": false, ""union_hit"": false, ""candidate_hit"": false, ""reranker_top_k_hit"": false, ""candidate_depth"": 100, ""ranking_k"": 10}"
drug_4168,"Khi quá liều thuốc Avalo, việc chủ quan có thể dẫn đến hậu quả gì?",2,"[""doc_944f56c14a010e9d784f510b""]","[""ctx_8ac386051f0208ab589bf1eb""]",2,1,1,7,False,True,BOTH_HIT;SELECTION_MISS;DOC_HIT_CHUNK_MISS,selection,BOTH_HIT; SELECTION_MISS; DOC_HIT_CHUNK_MISS,"{""bm25_hit"": true, ""dense_hit"": true, ""union_hit"": true, ""candidate_hit"": true, ""reranker_top_k_hit"": true, ""candidate_depth"": 100, ""ranking_k"": 10}"
drug_8775,Cách xử trí được thực hiện khi dùng quá liều dextromethorphan1 của Coldko là gì?,2,"[""doc_44594a321e3bfbe2a124e476""]","[""ctx_7eed2fbb662aec10055d621a""]",,,,,False,False,BOTH_MISS;CANDIDATE_MISS;DOC_AND_CHUNK_MISS,retrieval_or_fusion,BOTH_MISS; CANDIDATE_MISS; DOC_AND_CHUNK_MISS,"{""bm25_hit"": false, ""dense_hit"": false, ""union_hit"": false, ""candidate_hit"": false, ""reranker_top_k_hit"": false, ""candidate_depth"": 100, ""ranking_k"": 10}"
drug_2778,Anaferon Materia là thuốc gì?,2,"[""doc_515e9fedb7acf84476cbff88""]","[""ctx_2d77d95f7dd3b849f56e8142""]",,58,,,False,True,DENSE_ONLY_HIT;FUSION_DROPPED;CANDIDATE_MISS;DOC_HIT_CHUNK_MISS,retrieval_or_fusion,DENSE_ONLY_HIT; FUSION_DROPPED; CANDIDATE_MISS; DOC_HIT_CHUNK_MISS,"{""bm25_hit"": false, ""dense_hit"": true, ""union_hit"": true, ""candidate_hit"": false, ""reranker_top_k_hit"": false, ""candidate_depth"": 100, ""ranking_k"": 10}"
drug_2754,Trong những trường hợp nào An Cung Ngưu Hoàng Hoàn được sử dụng?,2,"[""doc_131b3e12127442d1c9243771""]","[""ctx_9f5b2a82bdeec132f8860e80""]",,76,,,False,True,DENSE_ONLY_HIT;FUSION_DROPPED;CANDIDATE_MISS;DOC_HIT_CHUNK_MISS,retrieval_or_fusion,DENSE_ONLY_HIT; FUSION_DROPPED; CANDIDATE_MISS; DOC_HIT_CHUNK_MISS,"{""bm25_hit"": false, ""dense_hit"": true, ""union_hit"": true, ""candidate_hit"": false, ""reranker_top_k_hit"": false, ""candidate_depth"": 100, ""ranking_k"": 10}"
drug_1810,Thuốc Alsiful S.R có thể phối hợp với loại thuốc nào?,2,"[""doc_b67304ea2c8f5eaf1f160497""]","[""ctx_1f8dc3b324e6425f01166f70""]",31,21,9,14,False,True,BOTH_HIT;RERANKER_MISS;SELECTION_MISS;DOC_HIT_CHUNK_MISS,reranker,BOTH_HIT; RERANKER_MISS; SELECTION_MISS; DOC_HIT_CHUNK_MISS,"{""bm25_hit"": true, ""dense_hit"": true, ""union_hit"": true, ""candidate_hit"": true, ""reranker_top_k_hit"": false, ""candidate_depth"": 100, ""ranking_k"": 10}"
drug_6096,Bixicam là loại thuốc gì?,2,"[""doc_dbc23c2a2333d9babf2f7806""]","[""ctx_e0ddbae6e52ffe7aa3959975""]",,,,,False,True,BOTH_MISS;CANDIDATE_MISS;DOC_HIT_CHUNK_MISS,retrieval_or_fusion,BOTH_MISS; CANDIDATE_MISS; DOC_HIT_CHUNK_MISS,"{""bm25_hit"": false, ""dense_hit"": false, ""union_hit"": false, ""candidate_hit"": false, ""reranker_top_k_hit"": false, ""candidate_depth"": 100, ""ranking_k"": 10}"
drug_432,Khi dùng thuốc Acetazolamid có thể gây ra tình trạng gì?,2,"[""doc_8df8cf08994011af0edbb16c""]","[""ctx_1974bda82cec3f4588961dcc""]",,,,,False,True,BOTH_MISS;CANDIDATE_MISS;DOC_HIT_CHUNK_MISS,retrieval_or_fusion,BOTH_MISS; CANDIDATE_MISS; DOC_HIT_CHUNK_MISS,"{""bm25_hit"": false, ""dense_hit"": false, ""union_hit"": false, ""candidate_hit"": false, ""reranker_top_k_hit"": false, ""candidate_depth"": 100, ""ranking_k"": 10}"
drug_2836,Những đối tượng nào chống chỉ định dùng Anapa?,2,"[""doc_98e18ec808d9b4b2492c9191""]","[""ctx_bfde0a99ba21ffbe32287142""]",,,,,False,True,BOTH_MISS;CANDIDATE_MISS;DOC_HIT_CHUNK_MISS,retrieval_or_fusion,BOTH_MISS; CANDIDATE_MISS; DOC_HIT_CHUNK_MISS,"{""bm25_hit"": false, ""dense_hit"": false, ""union_hit"": false, ""candidate_hit"": false, ""reranker_top_k_hit"": false, ""candidate_depth"": 100, ""ranking_k"": 10}"
drug_8310,Điều kiện nhiệt độ để bảo quản Cimetidine MKP là gì?,2,"[""doc_9be39bb152ed2eb72720c4f6""]","[""ctx_f951138c58451c0d656f336a""]",,,,,False,True,BOTH_MISS;CANDIDATE_MISS;DOC_HIT_CHUNK_MISS,retrieval_or_fusion,BOTH_MISS; CANDIDATE_MISS; DOC_HIT_CHUNK_MISS,"{""bm25_hit"": false, ""dense_hit"": false, ""union_hit"": false, ""candidate_hit"": false, ""reranker_top_k_hit"": false, ""candidate_depth"": 100, ""ranking_k"": 10}"
drug_3249,Sử dụng liều cao thuốc Artrodar có thể gây ra tình trạng nào?,2,"[""doc_492c9fc22a64ff6b57ea98bd""]","[""ctx_0b944c24cd92401175e0819e""]",,,,,False,True,BOTH_MISS;CANDIDATE_MISS;DOC_HIT_CHUNK_MISS,retrieval_or_fusion,BOTH_MISS; CANDIDATE_MISS; DOC_HIT_CHUNK_MISS,"{""bm25_hit"": false, ""dense_hit"": false, ""union_hit"": false, ""candidate_hit"": false, ""reranker_top_k_hit"": false, ""candidate_depth"": 100, ""ranking_k"": 10}"
drug_7733,Thuốc Celecoxib (Celebrex) có thể gây ra các vấn đề về tiêu hoá nào?,2,"[""doc_1a9ccc5f14e878ec652b8358""]","[""ctx_cf24ff4d540c508686fc5ac3""]",,71,,,False,True,DENSE_ONLY_HIT;FUSION_DROPPED;CANDIDATE_MISS;DOC_HIT_CHUNK_MISS,retrieval_or_fusion,DENSE_ONLY_HIT; FUSION_DROPPED; CANDIDATE_MISS; DOC_HIT_CHUNK_MISS,"{""bm25_hit"": false, ""dense_hit"": true, ""union_hit"": true, ""candidate_hit"": false, ""reranker_top_k_hit"": false, ""candidate_depth"": 100, ""ranking_k"": 10}"
drug_7300,Thuốc Cavinton có gây ra những tác dụng phụ nào liên quan đến hệ tiêu hóa?,2,"[""doc_1d1f8ac3bd8f8c61e73a986d""]","[""ctx_e26a60d4d4fac6c5915e2b88""]",,,,,False,False,BOTH_MISS;CANDIDATE_MISS;DOC_AND_CHUNK_MISS,retrieval_or_fusion,BOTH_MISS; CANDIDATE_MISS; DOC_AND_CHUNK_MISS,"{""bm25_hit"": false, ""dense_hit"": false, ""union_hit"": false, ""candidate_hit"": false, ""reranker_top_k_hit"": false, ""candidate_depth"": 100, ""ranking_k"": 10}"
drug_1795,Alputine 80mg nên được bảo quản như thế nào để tránh các tác động xấu đến chất lượng thuốc?,2,"[""doc_1b31b2ed542bbac01fd5ee03""]","[""ctx_fba8aa9bbab20b91f5662ebb""]",,53,,,False,True,DENSE_ONLY_HIT;FUSION_DROPPED;CANDIDATE_MISS;DOC_HIT_CHUNK_MISS,retrieval_or_fusion,DENSE_ONLY_HIT; FUSION_DROPPED; CANDIDATE_MISS; DOC_HIT_CHUNK_MISS,"{""bm25_hit"": false, ""dense_hit"": true, ""union_hit"": true, ""candidate_hit"": false, ""reranker_top_k_hit"": false, ""candidate_depth"": 100, ""ranking_k"": 10}"
drug_3221,Liều thuốc Artreil có thể chồng lên hay không?,2,"[""doc_ab00b8183937fa4cbf5192a0""]","[""ctx_19e356dba8179e34d0edfe27""]",,,,,False,False,BOTH_MISS;CANDIDATE_MISS;DOC_AND_CHUNK_MISS,retrieval_or_fusion,BOTH_MISS; CANDIDATE_MISS; DOC_AND_CHUNK_MISS,"{""bm25_hit"": false, ""dense_hit"": false, ""union_hit"": false, ""candidate_hit"": false, ""reranker_top_k_hit"": false, ""candidate_depth"": 100, ""ranking_k"": 10}"
drug_9237,"Khi dùng thuốc Cravit, điều gì cần lưu ý?",2,"[""doc_c206f5182a8840e423a6e8f0""]","[""ctx_be88a63d5a61b14fa66d8f52""]",,,,,False,True,BOTH_MISS;CANDIDATE_MISS;DOC_HIT_CHUNK_MISS,retrieval_or_fusion,BOTH_MISS; CANDIDATE_MISS; DOC_HIT_CHUNK_MISS,"{""bm25_hit"": false, ""dense_hit"": false, ""union_hit"": false, ""candidate_hit"": false, ""reranker_top_k_hit"": false, ""candidate_depth"": 100, ""ranking_k"": 10}"
drug_3036,Phụ nữ mang thai có được sử dụng thuốc Apitim không?,2,"[""doc_d46931d16f62d5a98a0be9b5""]","[""ctx_5fe0f561473b79379a9a938d""]",,,,,False,False,BOTH_MISS;CANDIDATE_MISS;DOC_AND_CHUNK_MISS,retrieval_or_fusion,BOTH_MISS; CANDIDATE_MISS; DOC_AND_CHUNK_MISS,"{""bm25_hit"": false, ""dense_hit"": false, ""union_hit"": false, ""candidate_hit"": false, ""reranker_top_k_hit"": false, ""candidate_depth"": 100, ""ranking_k"": 10}"
drug_4678,Liều lượng thuốc Baby Septol là bao nhiêu đối với trẻ từ 2-6 tháng tuổi?,2,"[""doc_66ce1791093ffad2226472c9""]","[""ctx_8aca3b99c6a9812cd6dc14c3""]",,81,,,False,True,DENSE_ONLY_HIT;FUSION_DROPPED;CANDIDATE_MISS;DOC_HIT_CHUNK_MISS,retrieval_or_fusion,DENSE_ONLY_HIT; FUSION_DROPPED; CANDIDATE_MISS; DOC_HIT_CHUNK_MISS,"{""bm25_hit"": false, ""dense_hit"": true, ""union_hit"": true, ""candidate_hit"": false, ""reranker_top_k_hit"": false, ""candidate_depth"": 100, ""ranking_k"": 10}"
drug_440,"Nếu quên một liều thuốc Acetazolamid, cần làm gì?",2,"[""doc_9e0ceac1225a8fdce8f1dc8b""]","[""ctx_c42d72a696bb09cf6fdff8df""]",55,47,42,81,False,False,BOTH_HIT;RERANKER_MISS;SELECTION_MISS;DOC_AND_CHUNK_MISS,reranker,BOTH_HIT; RERANKER_MISS; SELECTION_MISS; DOC_AND_CHUNK_MISS,"{""bm25_hit"": true, ""dense_hit"": true, ""union_hit"": true, ""candidate_hit"": true, ""reranker_top_k_hit"": false, ""candidate_depth"": 100, ""ranking_k"": 10}"
drug_9634,Phản ứng quá mẫn có thể xảy ra khi dùng thuốc methylprednisolone (Depo-Medrol) không?,2,"[""doc_a1b828f2ed9457f110eaa58e""]","[""ctx_d6e7d411648fd8ea7dafc710""]",,,,,False,True,BOTH_MISS;CANDIDATE_MISS;DOC_HIT_CHUNK_MISS,retrieval_or_fusion,BOTH_MISS; CANDIDATE_MISS; DOC_HIT_CHUNK_MISS,"{""bm25_hit"": false, ""dense_hit"": false, ""union_hit"": false, ""candidate_hit"": false, ""reranker_top_k_hit"": false, ""candidate_depth"": 100, ""ranking_k"": 10}"
drug_5690,Nên thực hiện điều gì trước khi sử dụng thuốc Bibonlax?,2,"[""doc_5e014db2d16c3ddc9f73a981""]","[""ctx_b02d38fa9a189f27c3e046c0""]",,,,,False,True,BOTH_MISS;CANDIDATE_MISS;DOC_HIT_CHUNK_MISS,retrieval_or_fusion,BOTH_MISS; CANDIDATE_MISS; DOC_HIT_CHUNK_MISS,"{""bm25_hit"": false, ""dense_hit"": false, ""union_hit"": false, ""candidate_hit"": false, ""reranker_top_k_hit"": false, ""candidate_depth"": 100, ""ranking_k"": 10}"
drug_8435,Điều nên làm ngay lập tức khi phát hiện dùng quá liều thuốc Claminat là gì?,2,"[""doc_cc2beb0a93623509c13a42e1""]","[""ctx_14ff370aa25be934ecdf0ec8""]",86,,,,False,False,BM25_ONLY_HIT;FUSION_DROPPED;CANDIDATE_MISS;DOC_AND_CHUNK_MISS,retrieval_or_fusion,BM25_ONLY_HIT; FUSION_DROPPED; CANDIDATE_MISS; DOC_AND_CHUNK_MISS,"{""bm25_hit"": true, ""dense_hit"": false, ""union_hit"": true, ""candidate_hit"": false, ""reranker_top_k_hit"": false, ""candidate_depth"": 100, ""ranking_k"": 10}"
drug_3681,Trong những trường hợp nào thì không được sử dụng Atiliver?,2,"[""doc_183e80ccbfd4a30c71185874""]","[""ctx_5edda3d8765205e930f37f84""]",,,,,False,True,BOTH_MISS;CANDIDATE_MISS;DOC_HIT_CHUNK_MISS,retrieval_or_fusion,BOTH_MISS; CANDIDATE_MISS; DOC_HIT_CHUNK_MISS,"{""bm25_hit"": false, ""dense_hit"": false, ""union_hit"": false, ""candidate_hit"": false, ""reranker_top_k_hit"": false, ""candidate_depth"": 100, ""ranking_k"": 10}"
drug_8695,"Khi gặp những triệu chứng của tác dụng phụ nguy hiểm do thuốc Co-Diovan (valsartan, hydrochlorothiazide), bạn nên làm gì?",2,"[""doc_58d56e2b07a8afeb3b263797""]","[""ctx_734c081734a482c78256cd31""]",,,,,False,True,BOTH_MISS;CANDIDATE_MISS;DOC_HIT_CHUNK_MISS,retrieval_or_fusion,BOTH_MISS; CANDIDATE_MISS; DOC_HIT_CHUNK_MISS,"{""bm25_hit"": false, ""dense_hit"": false, ""union_hit"": false, ""candidate_hit"": false, ""reranker_top_k_hit"": false, ""candidate_depth"": 100, ""ranking_k"": 10}"
drug_2213,Nôn là tác dụng phụ thường hay ít gặp khi dùng Amilavil?,2,"[""doc_f0086dadfe67bc5bbba31701""]","[""ctx_4727f420841fa424be8c1342""]",,96,,,False,False,DENSE_ONLY_HIT;FUSION_DROPPED;CANDIDATE_MISS;DOC_AND_CHUNK_MISS,retrieval_or_fusion,DENSE_ONLY_HIT; FUSION_DROPPED; CANDIDATE_MISS; DOC_AND_CHUNK_MISS,"{""bm25_hit"": false, ""dense_hit"": true, ""union_hit"": true, ""candidate_hit"": false, ""reranker_top_k_hit"": false, ""candidate_depth"": 100, ""ranking_k"": 10}"
drug_35,Nếu thời điểm quên dùng gần với liều thuốc tiếp theo thì nên xử lý như thế nào?,2,"[""doc_2432acce799852336d87c434""]","[""ctx_f0898ba9cc50f2578743ec42""]",,,,,False,False,BOTH_MISS;CANDIDATE_MISS;DOC_AND_CHUNK_MISS,retrieval_or_fusion,BOTH_MISS; CANDIDATE_MISS; DOC_AND_CHUNK_MISS,"{""bm25_hit"": false, ""dense_hit"": false, ""union_hit"": false, ""candidate_hit"": false, ""reranker_top_k_hit"": false, ""candidate_depth"": 100, ""ranking_k"": 10}"
drug_7708,"Ngoài sốt, còn có thể biểu hiện thêm những phản ứng phụ nào khi sử dụng thuốc Cefuroxim?",2,"[""doc_1fc6315682a5eb531b781b72""]","[""ctx_815b4a3e0e98fed05742262a""]",,,,,False,True,BOTH_MISS;CANDIDATE_MISS;DOC_HIT_CHUNK_MISS,retrieval_or_fusion,BOTH_MISS; CANDIDATE_MISS; DOC_HIT_CHUNK_MISS,"{""bm25_hit"": false, ""dense_hit"": false, ""union_hit"": false, ""candidate_hit"": false, ""reranker_top_k_hit"": false, ""candidate_depth"": 100, ""ranking_k"": 10}"
drug_95,Khi nào cần thông báo cho bác sĩ khi dùng thuốc A.T.P?,2,"[""doc_7d7048fa4501da9d4addffd3""]","[""ctx_758d6b1244452a612b9acf14""]",,93,,,False,False,DENSE_ONLY_HIT;FUSION_DROPPED;CANDIDATE_MISS;DOC_AND_CHUNK_MISS,retrieval_or_fusion,DENSE_ONLY_HIT; FUSION_DROPPED; CANDIDATE_MISS; DOC_AND_CHUNK_MISS,"{""bm25_hit"": false, ""dense_hit"": true, ""union_hit"": true, ""candidate_hit"": false, ""reranker_top_k_hit"": false, ""candidate_depth"": 100, ""ranking_k"": 10}"
drug_901,Bác sĩ thường đưa ra lời khuyên như thế nào cho những bệnh nhân đang sử dụng thuốc Adalat LA 20mg?,2,"[""doc_1e84174108b3fa6599000bcf""]","[""ctx_7a6c5ad0f6e960c88258fe68""]",,,,,False,True,BOTH_MISS;CANDIDATE_MISS;DOC_HIT_CHUNK_MISS,retrieval_or_fusion,BOTH_MISS; CANDIDATE_MISS; DOC_HIT_CHUNK_MISS,"{""bm25_hit"": false, ""dense_hit"": false, ""union_hit"": false, ""candidate_hit"": false, ""reranker_top_k_hit"": false, ""candidate_depth"": 100, ""ranking_k"": 10}"
drug_5099,Điều kiện bảo quản Belaf có gì cần lưu ý?,2,"[""doc_cce3e0fa8009b4ac854f89f2""]","[""ctx_6b98d98d06a6bd258bd92117""]",,,,,False,True,BOTH_MISS;CANDIDATE_MISS;DOC_HIT_CHUNK_MISS,retrieval_or_fusion,BOTH_MISS; CANDIDATE_MISS; DOC_HIT_CHUNK_MISS,"{""bm25_hit"": false, ""dense_hit"": false, ""union_hit"": false, ""candidate_hit"": false, ""reranker_top_k_hit"": false, ""candidate_depth"": 100, ""ranking_k"": 10}"
drug_8398,Đối tượng dùng thuốc citicoline cần chú trọng vấn đề liều dùng không?,2,"[""doc_5eccc65e10536cf6b3988436""]","[""ctx_9dd2df4cea6d2e3e8d3a9e20""]",,65,,,False,True,DENSE_ONLY_HIT;FUSION_DROPPED;CANDIDATE_MISS;DOC_HIT_CHUNK_MISS,retrieval_or_fusion,DENSE_ONLY_HIT; FUSION_DROPPED; CANDIDATE_MISS; DOC_HIT_CHUNK_MISS,"{""bm25_hit"": false, ""dense_hit"": true, ""union_hit"": true, ""candidate_hit"": false, ""reranker_top_k_hit"": false, ""candidate_depth"": 100, ""ranking_k"": 10}"
medicine_8380,Nhung hươu có nguồn gốc từ đâu?,3,"[""doc_813e0f776161f489ec282376""]","[""ctx_b2ad682a44a96562ae69c665""]",3,3,2,8,False,True,BOTH_HIT;SELECTION_MISS;DOC_HIT_CHUNK_MISS,selection,BOTH_HIT; SELECTION_MISS; DOC_HIT_CHUNK_MISS,"{""bm25_hit"": true, ""dense_hit"": true, ""union_hit"": true, ""candidate_hit"": true, ""reranker_top_k_hit"": true, ""candidate_depth"": 100, ""ranking_k"": 10}"
medicine_1576,"Ngoài các chất hóa học trên, còn có những thành phần nào khác trong Chè vằng?",3,"[""doc_479952c39272557de83a68f0""]","[""ctx_26c758d14e92e6d364152cdd""]",,,,,False,True,BOTH_MISS;CANDIDATE_MISS;DOC_HIT_CHUNK_MISS,retrieval_or_fusion,BOTH_MISS; CANDIDATE_MISS; DOC_HIT_CHUNK_MISS,"{""bm25_hit"": false, ""dense_hit"": false, ""union_hit"": false, ""candidate_hit"": false, ""reranker_top_k_hit"": false, ""candidate_depth"": 100, ""ranking_k"": 10}"
medicine_3632,Tác dụng giảm đau của củ Gấu tàu là gì?,3,"[""doc_7eaf74aa233222a22e0e61d7""]","[""ctx_8ffc0153b658eb03307cfa92""]",,,,,False,True,BOTH_MISS;CANDIDATE_MISS;DOC_HIT_CHUNK_MISS,retrieval_or_fusion,BOTH_MISS; CANDIDATE_MISS; DOC_HIT_CHUNK_MISS,"{""bm25_hit"": false, ""dense_hit"": false, ""union_hit"": false, ""candidate_hit"": false, ""reranker_top_k_hit"": false, ""candidate_depth"": 100, ""ranking_k"": 10}"
medicine_11719,Tri Mẫu là gì?,3,"[""doc_b4da61367947dae100d08521""]","[""ctx_0c905040beee779a52087dc0""]",1,5,1,6,False,True,BOTH_HIT;SELECTION_MISS;DOC_HIT_CHUNK_MISS,selection,BOTH_HIT; SELECTION_MISS; DOC_HIT_CHUNK_MISS,"{""bm25_hit"": true, ""dense_hit"": true, ""union_hit"": true, ""candidate_hit"": true, ""reranker_top_k_hit"": true, ""candidate_depth"": 100, ""ranking_k"": 10}"
medicine_4154,Cách sử dụng bài thuốc có cây Dướng?,3,"[""doc_ee5a1e70ac0d76c769080bc9""]","[""ctx_e14a75ab4c8c10d31eb31062""]",67,,,,False,True,BM25_ONLY_HIT;FUSION_DROPPED;CANDIDATE_MISS;DOC_HIT_CHUNK_MISS,retrieval_or_fusion,BM25_ONLY_HIT; FUSION_DROPPED; CANDIDATE_MISS; DOC_HIT_CHUNK_MISS,"{""bm25_hit"": true, ""dense_hit"": false, ""union_hit"": true, ""candidate_hit"": false, ""reranker_top_k_hit"": false, ""candidate_depth"": 100, ""ranking_k"": 10}"
medicine_8238,"Theo Y học cổ truyền, Ngưu bàng tử có tác dụng gì?",3,"[""doc_0a4a7be2cc295179671103ec""]","[""ctx_0c9e59bdeeeec4675014631d""]",,,,,False,True,BOTH_MISS;CANDIDATE_MISS;DOC_HIT_CHUNK_MISS,retrieval_or_fusion,BOTH_MISS; CANDIDATE_MISS; DOC_HIT_CHUNK_MISS,"{""bm25_hit"": false, ""dense_hit"": false, ""union_hit"": false, ""candidate_hit"": false, ""reranker_top_k_hit"": false, ""candidate_depth"": 100, ""ranking_k"": 10}"
medicine_2297,Trong khoảng thời gian nào cây La rừng ra hoa và fruiting?,3,"[""doc_c79f73cd60c0fe191b30e28a""]","[""ctx_8e1f0c6c2c1e818b43b0fc3d""]",,78,,,False,True,DENSE_ONLY_HIT;FUSION_DROPPED;CANDIDATE_MISS;DOC_HIT_CHUNK_MISS,retrieval_or_fusion,DENSE_ONLY_HIT; FUSION_DROPPED; CANDIDATE_MISS; DOC_HIT_CHUNK_MISS,"{""bm25_hit"": false, ""dense_hit"": true, ""union_hit"": true, ""candidate_hit"": false, ""reranker_top_k_hit"": false, ""candidate_depth"": 100, ""ranking_k"": 10}"
medicine_6762,Lá tre thường được trồng ở đâu?,3,"[""doc_380101b22af345738f5308e3""]","[""ctx_99b3818abd60b86c3cd30cec""]",,,,,False,False,BOTH_MISS;CANDIDATE_MISS;DOC_AND_CHUNK_MISS,retrieval_or_fusion,BOTH_MISS; CANDIDATE_MISS; DOC_AND_CHUNK_MISS,"{""bm25_hit"": false, ""dense_hit"": false, ""union_hit"": false, ""candidate_hit"": false, ""reranker_top_k_hit"": false, ""candidate_depth"": 100, ""ranking_k"": 10}"
medicine_2960,Dạng bào chế của Cúc hoa là gì?,3,"[""doc_d94346b4a25264fb6dfccaa3""]","[""ctx_8593e06360f564c31a444246""]",,,,,False,True,BOTH_MISS;CANDIDATE_MISS;DOC_HIT_CHUNK_MISS,retrieval_or_fusion,BOTH_MISS; CANDIDATE_MISS; DOC_HIT_CHUNK_MISS,"{""bm25_hit"": false, ""dense_hit"": false, ""union_hit"": false, ""candidate_hit"": false, ""reranker_top_k_hit"": false, ""candidate_depth"": 100, ""ranking_k"": 10}"
medicine_9179,Bài thuốc từ Rau Khúc được đắp lên vị trí nào trên cơ thể để điều trị bệnh Gút?,3,"[""doc_69625f14d4903727c30adda6""]","[""ctx_8ace7c6abaae8266d25dacac""]",64,,,,False,False,BM25_ONLY_HIT;FUSION_DROPPED;CANDIDATE_MISS;DOC_AND_CHUNK_MISS,retrieval_or_fusion,BM25_ONLY_HIT; FUSION_DROPPED; CANDIDATE_MISS; DOC_AND_CHUNK_MISS,"{""bm25_hit"": true, ""dense_hit"": false, ""union_hit"": true, ""candidate_hit"": false, ""reranker_top_k_hit"": false, ""candidate_depth"": 100, ""ranking_k"": 10}"
medicine_973,Cây bạch đàn trắng thường được dùng làm thuốc gì?,3,"[""doc_8ec864e648337b40d5caa116""]","[""ctx_33c973a4d58f575b6928211d""]",,,,,False,True,BOTH_MISS;CANDIDATE_MISS;DOC_HIT_CHUNK_MISS,retrieval_or_fusion,BOTH_MISS; CANDIDATE_MISS; DOC_HIT_CHUNK_MISS,"{""bm25_hit"": false, ""dense_hit"": false, ""union_hit"": false, ""candidate_hit"": false, ""reranker_top_k_hit"": false, ""candidate_depth"": 100, ""ranking_k"": 10}"
medicine_11725,Liều lượng dùng Tri mẫu như thế nào?,3,"[""doc_b4da61367947dae100d08521""]","[""ctx_0bdb3b582e439226c7bf1688""]",,,,,False,True,BOTH_MISS;CANDIDATE_MISS;DOC_HIT_CHUNK_MISS,retrieval_or_fusion,BOTH_MISS; CANDIDATE_MISS; DOC_HIT_CHUNK_MISS,"{""bm25_hit"": false, ""dense_hit"": false, ""union_hit"": false, ""candidate_hit"": false, ""reranker_top_k_hit"": false, ""candidate_depth"": 100, ""ranking_k"": 10}"
medicine_12629,"Theo Y học hiện đại, tác dụng chính của dược liệu Vàng đắng là gì?",3,"[""doc_c76e81398c20a85de4065336""]","[""ctx_07d96e7c8364fc38a0233aaf""]",,,,,False,True,BOTH_MISS;CANDIDATE_MISS;DOC_HIT_CHUNK_MISS,retrieval_or_fusion,BOTH_MISS; CANDIDATE_MISS; DOC_HIT_CHUNK_MISS,"{""bm25_hit"": false, ""dense_hit"": false, ""union_hit"": false, ""candidate_hit"": false, ""reranker_top_k_hit"": false, ""candidate_depth"": 100, ""ranking_k"": 10}"
medicine_12237,Những bộ phận nào của cây tầm bóp được sử dụng làm thuốc?,3,"[""doc_b494b4ae17d0352842cb0e54""]","[""ctx_dd4a63e4c3892685328c3fd7""]",42,,81,12,False,True,BM25_ONLY_HIT;RERANKER_MISS;SELECTION_MISS;DOC_HIT_CHUNK_MISS,reranker,BM25_ONLY_HIT; RERANKER_MISS; SELECTION_MISS; DOC_HIT_CHUNK_MISS,"{""bm25_hit"": true, ""dense_hit"": false, ""union_hit"": true, ""candidate_hit"": true, ""reranker_top_k_hit"": false, ""candidate_depth"": 100, ""ranking_k"": 10}"
medicine_1258,Bổ cốt chỉ có tác dụng gì đối với tế bào ung thư?,3,"[""doc_0d1f60c91e5891325279f5e6""]","[""ctx_80d4c7f17a726263eb6aacd2""]",,,,,False,True,BOTH_MISS;CANDIDATE_MISS;DOC_HIT_CHUNK_MISS,retrieval_or_fusion,BOTH_MISS; CANDIDATE_MISS; DOC_HIT_CHUNK_MISS,"{""bm25_hit"": false, ""dense_hit"": false, ""union_hit"": false, ""candidate_hit"": false, ""reranker_top_k_hit"": false, ""candidate_depth"": 100, ""ranking_k"": 10}"
medicine_2785,"Khi dùng Cây xấu hổ trực tiếp bên ngoài, liều lượng cần lưu ý như thế nào?",3,"[""doc_668850ad9c01e329ca20f8fb""]","[""ctx_52d455bcabd70b5438c737c9""]",,97,,,False,True,DENSE_ONLY_HIT;FUSION_DROPPED;CANDIDATE_MISS;DOC_HIT_CHUNK_MISS,retrieval_or_fusion,DENSE_ONLY_HIT; FUSION_DROPPED; CANDIDATE_MISS; DOC_HIT_CHUNK_MISS,"{""bm25_hit"": false, ""dense_hit"": true, ""union_hit"": true, ""candidate_hit"": false, ""reranker_top_k_hit"": false, ""candidate_depth"": 100, ""ranking_k"": 10}"
medicine_10361,Lá của Tang bạch bì có đặc điểm gì?,3,"[""doc_842735fb70f4d86c48853ae7""]","[""ctx_1019a90a6b809761fd96aa8a""]",,,,,False,True,BOTH_MISS;CANDIDATE_MISS;DOC_HIT_CHUNK_MISS,retrieval_or_fusion,BOTH_MISS; CANDIDATE_MISS; DOC_HIT_CHUNK_MISS,"{""bm25_hit"": false, ""dense_hit"": false, ""union_hit"": false, ""candidate_hit"": false, ""reranker_top_k_hit"": false, ""candidate_depth"": 100, ""ranking_k"": 10}"
medicine_8566,Náng hoa trắng thường dùng để làm gì?,3,"[""doc_7a52c612bbc325db3a9e14c5""]","[""ctx_e9d8b481b36e3532dcc38d05""]",,67,,,False,True,DENSE_ONLY_HIT;FUSION_DROPPED;CANDIDATE_MISS;DOC_HIT_CHUNK_MISS,retrieval_or_fusion,DENSE_ONLY_HIT; FUSION_DROPPED; CANDIDATE_MISS; DOC_HIT_CHUNK_MISS,"{""bm25_hit"": false, ""dense_hit"": true, ""union_hit"": true, ""candidate_hit"": false, ""reranker_top_k_hit"": false, ""candidate_depth"": 100, ""ranking_k"": 10}"
medicine_7367,Ở đâu có thể bắt gặp cây Mơ tam thể mọc hoang?,3,"[""doc_79eba5442701817766f40a98""]","[""ctx_763a3c0b4baa52af29d78979""]",95,,,,False,True,BM25_ONLY_HIT;FUSION_DROPPED;CANDIDATE_MISS;DOC_HIT_CHUNK_MISS,retrieval_or_fusion,BM25_ONLY_HIT; FUSION_DROPPED; CANDIDATE_MISS; DOC_HIT_CHUNK_MISS,"{""bm25_hit"": true, ""dense_hit"": false, ""union_hit"": true, ""candidate_hit"": false, ""reranker_top_k_hit"": false, ""candidate_depth"": 100, ""ranking_k"": 10}"
medicine_1448,Chi tử là gì?,3,"[""doc_af868186a171f0c8580f04e9""]","[""ctx_8b59e79d43dd508739acdee8""]",23,27,12,15,False,True,BOTH_HIT;RERANKER_MISS;SELECTION_MISS;DOC_HIT_CHUNK_MISS,reranker,BOTH_HIT; RERANKER_MISS; SELECTION_MISS; DOC_HIT_CHUNK_MISS,"{""bm25_hit"": true, ""dense_hit"": true, ""union_hit"": true, ""candidate_hit"": true, ""reranker_top_k_hit"": false, ""candidate_depth"": 100, ""ranking_k"": 10}"
medicine_7378,Liều dùng Mơ tam thể dạng thuốc sắc là bao nhiêu mỗi ngày?,3,"[""doc_79eba5442701817766f40a98""]","[""ctx_105d0f2704aae36c97114d7a""]",,,,,False,True,BOTH_MISS;CANDIDATE_MISS;DOC_HIT_CHUNK_MISS,retrieval_or_fusion,BOTH_MISS; CANDIDATE_MISS; DOC_HIT_CHUNK_MISS,"{""bm25_hit"": false, ""dense_hit"": false, ""union_hit"": false, ""candidate_hit"": false, ""reranker_top_k_hit"": false, ""candidate_depth"": 100, ""ranking_k"": 10}"
medicine_6792,Lá trầu không dùng để làm gì?,3,"[""doc_ce05fc611588e3d6d89c1d9e""]","[""ctx_52cd7d19bef7b00d18bbcce3""]",18,20,13,9,False,True,BOTH_HIT;SELECTION_MISS;DOC_HIT_CHUNK_MISS,selection,BOTH_HIT; SELECTION_MISS; DOC_HIT_CHUNK_MISS,"{""bm25_hit"": true, ""dense_hit"": true, ""union_hit"": true, ""candidate_hit"": true, ""reranker_top_k_hit"": true, ""candidate_depth"": 100, ""ranking_k"": 10}"
medicine_5516,"Ngoài phơi nắng, còn có thể dùng phương pháp nào để làm khô Hạ khô thảo?",3,"[""doc_04646ebb406accfbfa5da722""]","[""ctx_13904ef9ba9393cedd551506""]",21,5,2,9,False,True,BOTH_HIT;SELECTION_MISS;DOC_HIT_CHUNK_MISS,selection,BOTH_HIT; SELECTION_MISS; DOC_HIT_CHUNK_MISS,"{""bm25_hit"": true, ""dense_hit"": true, ""union_hit"": true, ""candidate_hit"": true, ""reranker_top_k_hit"": true, ""candidate_depth"": 100, ""ranking_k"": 10}"
medicine_5805,Hạt hồng xiêm có tác dụng gì?,3,"[""doc_e33710ce26ca4207c26615dc""]","[""ctx_0d9f8b24d9ac2db007d45203""]",,,,,False,True,BOTH_MISS;CANDIDATE_MISS;DOC_HIT_CHUNK_MISS,retrieval_or_fusion,BOTH_MISS; CANDIDATE_MISS; DOC_HIT_CHUNK_MISS,"{""bm25_hit"": false, ""dense_hit"": false, ""union_hit"": false, ""candidate_hit"": false, ""reranker_top_k_hit"": false, ""candidate_depth"": 100, ""ranking_k"": 10}"
medicine_13129,Xạ đen cần được bảo quản trong môi trường như thế nào?,3,"[""doc_2404b0da3c8e0a22fa45d5fa""]","[""ctx_94bb066326a7b44194be56fe""]",,68,,,False,True,DENSE_ONLY_HIT;FUSION_DROPPED;CANDIDATE_MISS;DOC_HIT_CHUNK_MISS,retrieval_or_fusion,DENSE_ONLY_HIT; FUSION_DROPPED; CANDIDATE_MISS; DOC_HIT_CHUNK_MISS,"{""bm25_hit"": false, ""dense_hit"": true, ""union_hit"": true, ""candidate_hit"": false, ""reranker_top_k_hit"": false, ""candidate_depth"": 100, ""ranking_k"": 10}"
medicine_5947,Những dạng dùng nào có thể bào chế từ Khiếm thực?,3,"[""doc_d4d5033ef924dd8f2babcfce""]","[""ctx_a260598d20b5dffbaa4b041b""]",,,,,False,True,BOTH_MISS;CANDIDATE_MISS;DOC_HIT_CHUNK_MISS,retrieval_or_fusion,BOTH_MISS; CANDIDATE_MISS; DOC_HIT_CHUNK_MISS,"{""bm25_hit"": false, ""dense_hit"": false, ""union_hit"": false, ""candidate_hit"": false, ""reranker_top_k_hit"": false, ""candidate_depth"": 100, ""ranking_k"": 10}"
medicine_1068,Các nhà khoa học đã nghiên cứu thành phần hóa học của Bại tương thảo qua bộ phận nào của cây?,3,"[""doc_4a9648116494552cacf91b85""]","[""ctx_9ed63732a8e74567b36cc171""]",36,18,3,11,False,True,BOTH_HIT;RERANKER_MISS;SELECTION_MISS;DOC_HIT_CHUNK_MISS,reranker,BOTH_HIT; RERANKER_MISS; SELECTION_MISS; DOC_HIT_CHUNK_MISS,"{""bm25_hit"": true, ""dense_hit"": true, ""union_hit"": true, ""candidate_hit"": true, ""reranker_top_k_hit"": false, ""candidate_depth"": 100, ""ranking_k"": 10}"
medicine_7208,"Sau khi thu hoạch mã đề, cần xử lý như thế nào trước khi sử dụng?",3,"[""doc_efb1c43712d3be8b0c0adbdf""]","[""ctx_c926ae6f2f5fe385b40c2c41""]",,,,,False,False,BOTH_MISS;CANDIDATE_MISS;DOC_AND_CHUNK_MISS,retrieval_or_fusion,BOTH_MISS; CANDIDATE_MISS; DOC_AND_CHUNK_MISS,"{""bm25_hit"": false, ""dense_hit"": false, ""union_hit"": false, ""candidate_hit"": false, ""reranker_top_k_hit"": false, ""candidate_depth"": 100, ""ranking_k"": 10}"
medicine_3781,"Sau khi thu hái, cây diếp cá được xử lý như thế nào trước khi sử dụng?",3,"[""doc_4f5ae4223ff5a4a3f5ab5d82""]","[""ctx_497097c391595288f045d5e5""]",,,,,False,False,BOTH_MISS;CANDIDATE_MISS;DOC_AND_CHUNK_MISS,retrieval_or_fusion,BOTH_MISS; CANDIDATE_MISS; DOC_AND_CHUNK_MISS,"{""bm25_hit"": false, ""dense_hit"": false, ""union_hit"": false, ""candidate_hit"": false, ""reranker_top_k_hit"": false, ""candidate_depth"": 100, ""ranking_k"": 10}"
medicine_10486,Thanh yên có công dụng gì?,3,"[""doc_725ce41404e2695db43d23bc""]","[""ctx_0a10887e71d3ee2d33dd5a62""]",,,,,False,True,BOTH_MISS;CANDIDATE_MISS;DOC_HIT_CHUNK_MISS,retrieval_or_fusion,BOTH_MISS; CANDIDATE_MISS; DOC_HIT_CHUNK_MISS,"{""bm25_hit"": false, ""dense_hit"": false, ""union_hit"": false, ""candidate_hit"": false, ""reranker_top_k_hit"": false, ""candidate_depth"": 100, ""ranking_k"": 10}"
medicine_13092,"Dấu hiệu cho thấy bài thuốc trị báng bụng, da đen sạm bằng Xạ can có hiệu quả là gì?",3,"[""doc_17f062000a102bc9f8da9e47""]","[""ctx_d0fe821fed231cba434fdfc0""]",,67,,,False,True,DENSE_ONLY_HIT;FUSION_DROPPED;CANDIDATE_MISS;DOC_HIT_CHUNK_MISS,retrieval_or_fusion,DENSE_ONLY_HIT; FUSION_DROPPED; CANDIDATE_MISS; DOC_HIT_CHUNK_MISS,"{""bm25_hit"": false, ""dense_hit"": true, ""union_hit"": true, ""candidate_hit"": false, ""reranker_top_k_hit"": false, ""candidate_depth"": 100, ""ranking_k"": 10}"
medicine_2299,"Ngoài rễ, Cây La rừng còn có bộ phận nào được dùng làm thuốc?",3,"[""doc_c79f73cd60c0fe191b30e28a""]","[""ctx_2ad08e024406b1403397c798""]",,,,,False,True,BOTH_MISS;CANDIDATE_MISS;DOC_HIT_CHUNK_MISS,retrieval_or_fusion,BOTH_MISS; CANDIDATE_MISS; DOC_HIT_CHUNK_MISS,"{""bm25_hit"": false, ""dense_hit"": false, ""union_hit"": false, ""candidate_hit"": false, ""reranker_top_k_hit"": false, ""candidate_depth"": 100, ""ranking_k"": 10}"
medicine_3710,Liều dùng của củ sen như thế nào?,3,"[""doc_52ae7704d6539728a10ecc6a""]","[""ctx_bce4b77643c242d7cab7ee22""]",,,,,False,True,BOTH_MISS;CANDIDATE_MISS;DOC_HIT_CHUNK_MISS,retrieval_or_fusion,BOTH_MISS; CANDIDATE_MISS; DOC_HIT_CHUNK_MISS,"{""bm25_hit"": false, ""dense_hit"": false, ""union_hit"": false, ""candidate_hit"": false, ""reranker_top_k_hit"": false, ""candidate_depth"": 100, ""ranking_k"": 10}"
medicine_10179,Từ đâu người ta biết được tác dụng của sơn tra?,3,"[""doc_34e17e3cc8d6a6356518efc5""]","[""ctx_c11cad35000b33d8161fbb93""]",,,,,False,True,BOTH_MISS;CANDIDATE_MISS;DOC_HIT_CHUNK_MISS,retrieval_or_fusion,BOTH_MISS; CANDIDATE_MISS; DOC_HIT_CHUNK_MISS,"{""bm25_hit"": false, ""dense_hit"": false, ""union_hit"": false, ""candidate_hit"": false, ""reranker_top_k_hit"": false, ""candidate_depth"": 100, ""ranking_k"": 10}"
medicine_801,Cách dùng đối với đơn thuốc kinh nghiệm với vị Bạch cập gồm những thao tác cụ thể nào?,3,"[""doc_39c486dc6f226c004f085835""]","[""ctx_4d489f162d3a87157830ff1b""]",,,,,False,True,BOTH_MISS;CANDIDATE_MISS;DOC_HIT_CHUNK_MISS,retrieval_or_fusion,BOTH_MISS; CANDIDATE_MISS; DOC_HIT_CHUNK_MISS,"{""bm25_hit"": false, ""dense_hit"": false, ""union_hit"": false, ""candidate_hit"": false, ""reranker_top_k_hit"": false, ""candidate_depth"": 100, ""ranking_k"": 10}"
medicine_6902,Có thể tìm thấy cây lược vàng ở đâu?,3,"[""doc_609f0ef66ebca079bac35503""]","[""ctx_7d330617f854e5da3d0850a3""]",8,62,11,6,False,False,BOTH_HIT;SELECTION_MISS;DOC_AND_CHUNK_MISS,selection,BOTH_HIT; SELECTION_MISS; DOC_AND_CHUNK_MISS,"{""bm25_hit"": true, ""dense_hit"": true, ""union_hit"": true, ""candidate_hit"": true, ""reranker_top_k_hit"": true, ""candidate_depth"": 100, ""ranking_k"": 10}"
medicine_1081,Bộ phận nào của cây Bầu đất được sử dụng làm thuốc?,3,"[""doc_d67a9c85cc0b310672cd74d8""]","[""ctx_92878147b9e33ee598a540e1""]",,,,,False,True,BOTH_MISS;CANDIDATE_MISS;DOC_HIT_CHUNK_MISS,retrieval_or_fusion,BOTH_MISS; CANDIDATE_MISS; DOC_HIT_CHUNK_MISS,"{""bm25_hit"": false, ""dense_hit"": false, ""union_hit"": false, ""candidate_hit"": false, ""reranker_top_k_hit"": false, ""candidate_depth"": 100, ""ranking_k"": 10}"
medicine_7436,"Trong bài thuốc, để chữa viêm họng, họng sưng đau thì cần dùng bộ phận nào của cây mướp hương?",3,"[""doc_c7e110b3c57b3fb392501a50""]","[""ctx_27f91678cd4f2120238c49c7""]",,,,,False,True,BOTH_MISS;CANDIDATE_MISS;DOC_HIT_CHUNK_MISS,retrieval_or_fusion,BOTH_MISS; CANDIDATE_MISS; DOC_HIT_CHUNK_MISS,"{""bm25_hit"": false, ""dense_hit"": false, ""union_hit"": false, ""candidate_hit"": false, ""reranker_top_k_hit"": false, ""candidate_depth"": 100, ""ranking_k"": 10}"
medicine_2430,Cây Móc có chiều cao trung bình là bao nhiêu?,3,"[""doc_9886618051b28e1e7c13f243""]","[""ctx_562b0782c11dc8d343e2e957""]",,89,,,False,False,DENSE_ONLY_HIT;FUSION_DROPPED;CANDIDATE_MISS;DOC_AND_CHUNK_MISS,retrieval_or_fusion,DENSE_ONLY_HIT; FUSION_DROPPED; CANDIDATE_MISS; DOC_AND_CHUNK_MISS,"{""bm25_hit"": false, ""dense_hit"": true, ""union_hit"": true, ""candidate_hit"": false, ""reranker_top_k_hit"": false, ""candidate_depth"": 100, ""ranking_k"": 10}"
medicine_2239,Liều lượng và thời gian sử dụng cây dung để trị rong kinh như thế nào?,3,"[""doc_19569514e35af80ceadfef70""]","[""ctx_c9cee1bd0466cda5b172f56f""]",,,,,False,True,BOTH_MISS;CANDIDATE_MISS;DOC_HIT_CHUNK_MISS,retrieval_or_fusion,BOTH_MISS; CANDIDATE_MISS; DOC_HIT_CHUNK_MISS,"{""bm25_hit"": false, ""dense_hit"": false, ""union_hit"": false, ""candidate_hit"": false, ""reranker_top_k_hit"": false, ""candidate_depth"": 100, ""ranking_k"": 10}"
medicine_4630,Những bộ phận nào của cây Găng tu hú được sử dụng làm thuốc?,3,"[""doc_9c58bfdcb76917075fc1dc2c""]","[""ctx_b99bfb945904a3dc570dc214""]",,,,,False,True,BOTH_MISS;CANDIDATE_MISS;DOC_HIT_CHUNK_MISS,retrieval_or_fusion,BOTH_MISS; CANDIDATE_MISS; DOC_HIT_CHUNK_MISS,"{""bm25_hit"": false, ""dense_hit"": false, ""union_hit"": false, ""candidate_hit"": false, ""reranker_top_k_hit"": false, ""candidate_depth"": 100, ""ranking_k"": 10}"
medicine_9191,Cách sử dụng Rau muống biển như thế nào?,3,"[""doc_29e143e18b3f564f2eabb911""]","[""ctx_ce1f3e0196f2fdfd7f9e9a86""]",,,,,False,True,BOTH_MISS;CANDIDATE_MISS;DOC_HIT_CHUNK_MISS,retrieval_or_fusion,BOTH_MISS; CANDIDATE_MISS; DOC_HIT_CHUNK_MISS,"{""bm25_hit"": false, ""dense_hit"": false, ""union_hit"": false, ""candidate_hit"": false, ""reranker_top_k_hit"": false, ""candidate_depth"": 100, ""ranking_k"": 10}"
medicine_12610,Nơi bảo quản Viễn chí là gì?,3,"[""doc_204576399c354a8d4bfd62b4""]","[""ctx_54c302e6fde9da0b236a340b""]",,92,,,False,True,DENSE_ONLY_HIT;FUSION_DROPPED;CANDIDATE_MISS;DOC_HIT_CHUNK_MISS,retrieval_or_fusion,DENSE_ONLY_HIT; FUSION_DROPPED; CANDIDATE_MISS; DOC_HIT_CHUNK_MISS,"{""bm25_hit"": false, ""dense_hit"": true, ""union_hit"": true, ""candidate_hit"": false, ""reranker_top_k_hit"": false, ""candidate_depth"": 100, ""ranking_k"": 10}"
medicine_13851,Những bệnh lý nào thường được điều trị bằng Đỗ trọng?,3,"[""doc_b4b44cb98a276b7b01415087""]","[""ctx_7e8033ea4f6af94045daf437""]",,,,,False,True,BOTH_MISS;CANDIDATE_MISS;DOC_HIT_CHUNK_MISS,retrieval_or_fusion,BOTH_MISS; CANDIDATE_MISS; DOC_HIT_CHUNK_MISS,"{""bm25_hit"": false, ""dense_hit"": false, ""union_hit"": false, ""candidate_hit"": false, ""reranker_top_k_hit"": false, ""candidate_depth"": 100, ""ranking_k"": 10}"
medicine_3219,"Bài thuốc trị ho gà, viêm phế quản sử dụng Cỏ Bạc đầu dưới dạng bào chế nào?",3,"[""doc_a08f9d9db89eb1346f17e0b4""]","[""ctx_efa528360443df23d6107c9b""]",,,,,False,True,BOTH_MISS;CANDIDATE_MISS;DOC_HIT_CHUNK_MISS,retrieval_or_fusion,BOTH_MISS; CANDIDATE_MISS; DOC_HIT_CHUNK_MISS,"{""bm25_hit"": false, ""dense_hit"": false, ""union_hit"": false, ""candidate_hit"": false, ""reranker_top_k_hit"": false, ""candidate_depth"": 100, ""ranking_k"": 10}"
medicine_5793,Lá cây hồng xiêm có hình dạng như thế nào?,3,"[""doc_e33710ce26ca4207c26615dc""]","[""ctx_8b9dda8f75924794e8dfdf2a""]",,,,,False,True,BOTH_MISS;CANDIDATE_MISS;DOC_HIT_CHUNK_MISS,retrieval_or_fusion,BOTH_MISS; CANDIDATE_MISS; DOC_HIT_CHUNK_MISS,"{""bm25_hit"": false, ""dense_hit"": false, ""union_hit"": false, ""candidate_hit"": false, ""reranker_top_k_hit"": false, ""candidate_depth"": 100, ""ranking_k"": 10}"
medicine_8892,"Theo y học cổ truyền, phòng phong có tác dụng chữa trị những loại bệnh nào?",3,"[""doc_bbae02c77bae3e7d84354ef7""]","[""ctx_edded8024b357f9cbfdf08e8""]",,36,68,6,False,True,DENSE_ONLY_HIT;SELECTION_MISS;DOC_HIT_CHUNK_MISS,selection,DENSE_ONLY_HIT; SELECTION_MISS; DOC_HIT_CHUNK_MISS,"{""bm25_hit"": false, ""dense_hit"": true, ""union_hit"": true, ""candidate_hit"": true, ""reranker_top_k_hit"": true, ""candidate_depth"": 100, ""ranking_k"": 10}"
medicine_8836,Những vị thuốc nào trong bài thuốc có chứa Phèn chua?,3,"[""doc_eaf5150b648e7866a132fd21""]","[""ctx_68afe4f1d7f2558048995fc1""]",,,,,False,True,BOTH_MISS;CANDIDATE_MISS;DOC_HIT_CHUNK_MISS,retrieval_or_fusion,BOTH_MISS; CANDIDATE_MISS; DOC_HIT_CHUNK_MISS,"{""bm25_hit"": false, ""dense_hit"": false, ""union_hit"": false, ""candidate_hit"": false, ""reranker_top_k_hit"": false, ""candidate_depth"": 100, ""ranking_k"": 10}"
medicine_6950,Dược liệu lẻ bạn có khả năng sinh trường như thế nào?,3,"[""doc_223d1d772fe40200a41a8fa7""]","[""ctx_53341ab11cce93984ba1eb73""]",,,,,False,True,BOTH_MISS;CANDIDATE_MISS;DOC_HIT_CHUNK_MISS,retrieval_or_fusion,BOTH_MISS; CANDIDATE_MISS; DOC_HIT_CHUNK_MISS,"{""bm25_hit"": false, ""dense_hit"": false, ""union_hit"": false, ""candidate_hit"": false, ""reranker_top_k_hit"": false, ""candidate_depth"": 100, ""ranking_k"": 10}"
medicine_13344,"Cây nào kết hợp với Đa lông để trị đau đầu, viêm xoang mũi, ngứa mũi, chảy nước mũi?",3,"[""doc_166dba39029b35ca806bee4c""]","[""ctx_0f555f7981aa051a5c36b1db""]",,52,,,False,True,DENSE_ONLY_HIT;FUSION_DROPPED;CANDIDATE_MISS;DOC_HIT_CHUNK_MISS,retrieval_or_fusion,DENSE_ONLY_HIT; FUSION_DROPPED; CANDIDATE_MISS; DOC_HIT_CHUNK_MISS,"{""bm25_hit"": false, ""dense_hit"": true, ""union_hit"": true, ""candidate_hit"": false, ""reranker_top_k_hit"": false, ""candidate_depth"": 100, ""ranking_k"": 10}"
medicine_584,Bông ổi được sử dụng để điều trị những tình trạng sức khỏe nào?,3,"[""doc_433de883159b2e94649a95f9""]","[""ctx_9aaacaf9605d6e0b06ce7a9c""]",45,6,8,9,False,True,BOTH_HIT;SELECTION_MISS;DOC_HIT_CHUNK_MISS,selection,BOTH_HIT; SELECTION_MISS; DOC_HIT_CHUNK_MISS,"{""bm25_hit"": true, ""dense_hit"": true, ""union_hit"": true, ""candidate_hit"": true, ""reranker_top_k_hit"": true, ""candidate_depth"": 100, ""ranking_k"": 10}"
medicine_10727,Quá trình chế biến thông thảo bao gồm những bước chính nào?,3,"[""doc_596875ebd6f5be8595b5abac""]","[""ctx_e8be999553b238875bf41b61""]",,69,,,False,True,DENSE_ONLY_HIT;FUSION_DROPPED;CANDIDATE_MISS;DOC_HIT_CHUNK_MISS,retrieval_or_fusion,DENSE_ONLY_HIT; FUSION_DROPPED; CANDIDATE_MISS; DOC_HIT_CHUNK_MISS,"{""bm25_hit"": false, ""dense_hit"": true, ""union_hit"": true, ""candidate_hit"": false, ""reranker_top_k_hit"": false, ""candidate_depth"": 100, ""ranking_k"": 10}"
medicine_10133,Sơn thù du ra hoa vào mùa nào?,3,"[""doc_c98fe03ec8662dad391d00c8""]","[""ctx_ec56ed18c49fc10477c771a7""]",,,,,False,True,BOTH_MISS;CANDIDATE_MISS;DOC_HIT_CHUNK_MISS,retrieval_or_fusion,BOTH_MISS; CANDIDATE_MISS; DOC_HIT_CHUNK_MISS,"{""bm25_hit"": false, ""dense_hit"": false, ""union_hit"": false, ""candidate_hit"": false, ""reranker_top_k_hit"": false, ""candidate_depth"": 100, ""ranking_k"": 10}"
medicine_2226,Cách dùng Cây cứt lợn như thế nào?,3,"[""doc_f296a07da03b83ad7350dae8""]","[""ctx_7e80409ce00cc4361f430540""]",,,,,False,True,BOTH_MISS;CANDIDATE_MISS;DOC_HIT_CHUNK_MISS,retrieval_or_fusion,BOTH_MISS; CANDIDATE_MISS; DOC_HIT_CHUNK_MISS,"{""bm25_hit"": false, ""dense_hit"": false, ""union_hit"": false, ""candidate_hit"": false, ""reranker_top_k_hit"": false, ""candidate_depth"": 100, ""ranking_k"": 10}"
medicine_10861,Thương truật được sử dụng để hỗ trợ điều trị những triệu chứng nào?,3,"[""doc_6237fa42b7c782ff11c08b02""]","[""ctx_e6311bea1d6d5ad45c5eed97""]",,,,,False,True,BOTH_MISS;CANDIDATE_MISS;DOC_HIT_CHUNK_MISS,retrieval_or_fusion,BOTH_MISS; CANDIDATE_MISS; DOC_HIT_CHUNK_MISS,"{""bm25_hit"": false, ""dense_hit"": false, ""union_hit"": false, ""candidate_hit"": false, ""reranker_top_k_hit"": false, ""candidate_depth"": 100, ""ranking_k"": 10}"
medicine_5000,Nêu 3 công dụng của Hoàng nàn theo Y học cổ truyền?,3,"[""doc_6652c6e678e9bb135ba588dd""]","[""ctx_ea72e85c78f00a1ee5f39bcb""]",,,,,False,True,BOTH_MISS;CANDIDATE_MISS;DOC_HIT_CHUNK_MISS,retrieval_or_fusion,BOTH_MISS; CANDIDATE_MISS; DOC_HIT_CHUNK_MISS,"{""bm25_hit"": false, ""dense_hit"": false, ""union_hit"": false, ""candidate_hit"": false, ""reranker_top_k_hit"": false, ""candidate_depth"": 100, ""ranking_k"": 10}"
medicine_7759,"Ở cây mộc hoa trắng, hạt có đặc điểm như thế nào?",3,"[""doc_7338cff072417c864ceefa18""]","[""ctx_daaeb5a6acf5e2e702ca32fc""]",,,,,False,True,BOTH_MISS;CANDIDATE_MISS;DOC_HIT_CHUNK_MISS,retrieval_or_fusion,BOTH_MISS; CANDIDATE_MISS; DOC_HIT_CHUNK_MISS,"{""bm25_hit"": false, ""dense_hit"": false, ""union_hit"": false, ""candidate_hit"": false, ""reranker_top_k_hit"": false, ""candidate_depth"": 100, ""ranking_k"": 10}"
medicine_8924,Bài thuốc Phật thủ có tác dụng gì?,3,"[""doc_d98295cd7f72cd2b603bab37""]","[""ctx_61b4029fa6f4e02cdf54147b""]",,,,,False,True,BOTH_MISS;CANDIDATE_MISS;DOC_HIT_CHUNK_MISS,retrieval_or_fusion,BOTH_MISS; CANDIDATE_MISS; DOC_HIT_CHUNK_MISS,"{""bm25_hit"": false, ""dense_hit"": false, ""union_hit"": false, ""candidate_hit"": false, ""reranker_top_k_hit"": false, ""candidate_depth"": 100, ""ranking_k"": 10}"
medicine_1591,Khi nào là thời điểm thích hợp nhất để thu hái dược liệu chìa vôi?,3,"[""doc_00340990486d9e47fcf324f9""]","[""ctx_c7e10866f300d4c96ad7d893""]",,,,,False,False,BOTH_MISS;CANDIDATE_MISS;DOC_AND_CHUNK_MISS,retrieval_or_fusion,BOTH_MISS; CANDIDATE_MISS; DOC_AND_CHUNK_MISS,"{""bm25_hit"": false, ""dense_hit"": false, ""union_hit"": false, ""candidate_hit"": false, ""reranker_top_k_hit"": false, ""candidate_depth"": 100, ""ranking_k"": 10}"
medicine_442,Thành phần hóa học chính trong vỏ thân và rễ Bình bát là gì?,3,"[""doc_79c9a2e06fe1d544c0fdaefc""]","[""ctx_8c969fb01f061c96a1e278d1""]",,,,,False,False,BOTH_MISS;CANDIDATE_MISS;DOC_AND_CHUNK_MISS,retrieval_or_fusion,BOTH_MISS; CANDIDATE_MISS; DOC_AND_CHUNK_MISS,"{""bm25_hit"": false, ""dense_hit"": false, ""union_hit"": false, ""candidate_hit"": false, ""reranker_top_k_hit"": false, ""candidate_depth"": 100, ""ranking_k"": 10}"
medicine_5096,Nên tránh điều gì khi bảo quản Hoắc hương?,3,"[""doc_56aa61b96e5a46b4580bb440""]","[""ctx_e378243494f096d1509b5501""]",,,,,False,True,BOTH_MISS;CANDIDATE_MISS;DOC_HIT_CHUNK_MISS,retrieval_or_fusion,BOTH_MISS; CANDIDATE_MISS; DOC_HIT_CHUNK_MISS,"{""bm25_hit"": false, ""dense_hit"": false, ""union_hit"": false, ""candidate_hit"": false, ""reranker_top_k_hit"": false, ""candidate_depth"": 100, ""ranking_k"": 10}"
medicine_2412,Lá cây muối có hình dạng như thế nào?,3,"[""doc_89fa7b3b27adc574c912b633""]","[""ctx_aaff4c6a874d27b562f565b0""]",,,,,False,True,BOTH_MISS;CANDIDATE_MISS;DOC_HIT_CHUNK_MISS,retrieval_or_fusion,BOTH_MISS; CANDIDATE_MISS; DOC_HIT_CHUNK_MISS,"{""bm25_hit"": false, ""dense_hit"": false, ""union_hit"": false, ""candidate_hit"": false, ""reranker_top_k_hit"": false, ""candidate_depth"": 100, ""ranking_k"": 10}"
medicine_11924,Trường sinh thảo thường được dùng với mục đích gì?,3,"[""doc_55567d8c29f038324c428940""]","[""ctx_138385d5944746aeb9b0b241""]",24,,48,57,False,True,BM25_ONLY_HIT;RERANKER_MISS;SELECTION_MISS;DOC_HIT_CHUNK_MISS,reranker,BM25_ONLY_HIT; RERANKER_MISS; SELECTION_MISS; DOC_HIT_CHUNK_MISS,"{""bm25_hit"": true, ""dense_hit"": false, ""union_hit"": true, ""candidate_hit"": true, ""reranker_top_k_hit"": false, ""candidate_depth"": 100, ""ranking_k"": 10}"
medicine_901,Bạch mao căn có ảnh hưởng thế nào đến hệ miễn dịch?,3,"[""doc_dac86020215a4b520188d68b""]","[""ctx_a9cda97a0f4e32c5e3792dd8""]",,,,,False,True,BOTH_MISS;CANDIDATE_MISS;DOC_HIT_CHUNK_MISS,retrieval_or_fusion,BOTH_MISS; CANDIDATE_MISS; DOC_HIT_CHUNK_MISS,"{""bm25_hit"": false, ""dense_hit"": false, ""union_hit"": false, ""candidate_hit"": false, ""reranker_top_k_hit"": false, ""candidate_depth"": 100, ""ranking_k"": 10}"
medicine_6183,Kim ngân hoa thường được dùng với mục đích gì?,3,"[""doc_18f715e16c600eb328ea2870""]","[""ctx_4d4d3a5e3329209548437c18""]",13,10,8,10,False,True,BOTH_HIT;SELECTION_MISS;DOC_HIT_CHUNK_MISS,selection,BOTH_HIT; SELECTION_MISS; DOC_HIT_CHUNK_MISS,"{""bm25_hit"": true, ""dense_hit"": true, ""union_hit"": true, ""candidate_hit"": true, ""reranker_top_k_hit"": true, ""candidate_depth"": 100, ""ranking_k"": 10}"
medicine_597,Liều lượng chuẩn bị thuốc Bông ổi dưới dạng dược liệu tươi là bao nhiêu?,3,"[""doc_433de883159b2e94649a95f9""]","[""ctx_1776905f669110948c117204""]",25,88,27,14,False,True,BOTH_HIT;RERANKER_MISS;SELECTION_MISS;DOC_HIT_CHUNK_MISS,reranker,BOTH_HIT; RERANKER_MISS; SELECTION_MISS; DOC_HIT_CHUNK_MISS,"{""bm25_hit"": true, ""dense_hit"": true, ""union_hit"": true, ""candidate_hit"": true, ""reranker_top_k_hit"": false, ""candidate_depth"": 100, ""ranking_k"": 10}"
medicine_6897,Liều dùng của cây lưỡi rắn thường là bao nhiêu gram một ngày?,3,"[""doc_28c957f5386785463d039c4d""]","[""ctx_2aa3a3c5cb414ff8fb222e49""]",,57,,,False,False,DENSE_ONLY_HIT;FUSION_DROPPED;CANDIDATE_MISS;DOC_AND_CHUNK_MISS,retrieval_or_fusion,DENSE_ONLY_HIT; FUSION_DROPPED; CANDIDATE_MISS; DOC_AND_CHUNK_MISS,"{""bm25_hit"": false, ""dense_hit"": true, ""union_hit"": true, ""candidate_hit"": false, ""reranker_top_k_hit"": false, ""candidate_depth"": 100, ""ranking_k"": 10}"
medicine_948,Những thành phần hóa học chính có trong Bạch tật lê là gì?,3,"[""doc_ffb4ca59d42b7991d980ce1c""]","[""ctx_b8b5773e3a564e0b29f032ae""]",,58,,,False,False,DENSE_ONLY_HIT;FUSION_DROPPED;CANDIDATE_MISS;DOC_AND_CHUNK_MISS,retrieval_or_fusion,DENSE_ONLY_HIT; FUSION_DROPPED; CANDIDATE_MISS; DOC_AND_CHUNK_MISS,"{""bm25_hit"": false, ""dense_hit"": true, ""union_hit"": true, ""candidate_hit"": false, ""reranker_top_k_hit"": false, ""candidate_depth"": 100, ""ranking_k"": 10}"
medicine_8591,Đâu là những thành phần của Núc nác được sử dụng để chữa bệnh?,3,"[""doc_c46c09397fa05ceffb10b972""]","[""ctx_b7aa0ba6883dc33336916b6f""]",,,,,False,True,BOTH_MISS;CANDIDATE_MISS;DOC_HIT_CHUNK_MISS,retrieval_or_fusion,BOTH_MISS; CANDIDATE_MISS; DOC_HIT_CHUNK_MISS,"{""bm25_hit"": false, ""dense_hit"": false, ""union_hit"": false, ""candidate_hit"": false, ""reranker_top_k_hit"": false, ""candidate_depth"": 100, ""ranking_k"": 10}"
medicine_8923,Nấu làm sao để dùng bài thuốc Phật thủ chữa các bệnh đường tiêu hóa?,3,"[""doc_d98295cd7f72cd2b603bab37""]","[""ctx_61b4029fa6f4e02cdf54147b""]",,,,,False,False,BOTH_MISS;CANDIDATE_MISS;DOC_AND_CHUNK_MISS,retrieval_or_fusion,BOTH_MISS; CANDIDATE_MISS; DOC_AND_CHUNK_MISS,"{""bm25_hit"": false, ""dense_hit"": false, ""union_hit"": false, ""candidate_hit"": false, ""reranker_top_k_hit"": false, ""candidate_depth"": 100, ""ranking_k"": 10}"
medicine_6190,Mô tả hình dạng và màu sắc của lá cây kim thất tai?,3,"[""doc_8ad625e23a90fc339a92106e""]","[""ctx_401c17d97a55bccbdd42811c""]",,,,,False,False,BOTH_MISS;CANDIDATE_MISS;DOC_AND_CHUNK_MISS,retrieval_or_fusion,BOTH_MISS; CANDIDATE_MISS; DOC_AND_CHUNK_MISS,"{""bm25_hit"": false, ""dense_hit"": false, ""union_hit"": false, ""candidate_hit"": false, ""reranker_top_k_hit"": false, ""candidate_depth"": 100, ""ranking_k"": 10}"
medicine_5178,Huyết rồng có thể sử dụng ở dạng nào?,3,"[""doc_706ead5ceb22eae08aba93b8""]","[""ctx_873ea128faa2f293ac87a947""]",,,,,False,True,BOTH_MISS;CANDIDATE_MISS;DOC_HIT_CHUNK_MISS,retrieval_or_fusion,BOTH_MISS; CANDIDATE_MISS; DOC_HIT_CHUNK_MISS,"{""bm25_hit"": false, ""dense_hit"": false, ""union_hit"": false, ""candidate_hit"": false, ""reranker_top_k_hit"": false, ""candidate_depth"": 100, ""ranking_k"": 10}"
medicine_8386,Nhung hươu có tác dụng gì đối với cơ thể người?,3,"[""doc_813e0f776161f489ec282376""]","[""ctx_5e1e42a661038e970aa8bba3""]",11,19,10,6,False,True,BOTH_HIT;SELECTION_MISS;DOC_HIT_CHUNK_MISS,selection,BOTH_HIT; SELECTION_MISS; DOC_HIT_CHUNK_MISS,"{""bm25_hit"": true, ""dense_hit"": true, ""union_hit"": true, ""candidate_hit"": true, ""reranker_top_k_hit"": true, ""candidate_depth"": 100, ""ranking_k"": 10}"
medicine_12627,"Theo Y học hiện đại, dược liệu vàng đắng có tác dụng diệt gì?",3,"[""doc_c76e81398c20a85de4065336""]","[""ctx_a3a0e7b8b06efa5f06676989""]",,,,,False,True,BOTH_MISS;CANDIDATE_MISS;DOC_HIT_CHUNK_MISS,retrieval_or_fusion,BOTH_MISS; CANDIDATE_MISS; DOC_HIT_CHUNK_MISS,"{""bm25_hit"": false, ""dense_hit"": false, ""union_hit"": false, ""candidate_hit"": false, ""reranker_top_k_hit"": false, ""candidate_depth"": 100, ""ranking_k"": 10}"
body-part_2452,Thùy chẩm có vai trò gì trong não?,0,"[""doc_f0c1de44b1624da92421f5b9""]","[""ctx_d52de70744223730d6b72b75""]",12,4,6,8,False,True,BOTH_HIT;SELECTION_MISS;DOC_HIT_CHUNK_MISS,selection,BOTH_HIT; SELECTION_MISS; DOC_HIT_CHUNK_MISS,"{""bm25_hit"": true, ""dense_hit"": true, ""union_hit"": true, ""candidate_hit"": true, ""reranker_top_k_hit"": true, ""candidate_depth"": 100, ""ranking_k"": 10}"
body-part_2218,Bệnh nào phổ biến liên quan đến triệu chứng này?,0,"[""doc_b6c97fd9fa411f3a4b3e1b63""]","[""ctx_31346b36f7e83312af0960d2""]",,,,,False,False,BOTH_MISS;CANDIDATE_MISS;DOC_AND_CHUNK_MISS,retrieval_or_fusion,BOTH_MISS; CANDIDATE_MISS; DOC_AND_CHUNK_MISS,"{""bm25_hit"": false, ""dense_hit"": false, ""union_hit"": false, ""candidate_hit"": false, ""reranker_top_k_hit"": false, ""candidate_depth"": 100, ""ranking_k"": 10}"
body-part_3358,"Bệnh gì khiến tuyến sinh dục của nam giới ngừng sản xuất tinh trùng, dẫn đến tình trạng vô sinh?",0,"[""doc_ca61b36781e70a27e3018dea""]","[""ctx_49b565a418adf03ddad18ed3""]",,36,70,9,False,True,DENSE_ONLY_HIT;SELECTION_MISS;DOC_HIT_CHUNK_MISS,selection,DENSE_ONLY_HIT; SELECTION_MISS; DOC_HIT_CHUNK_MISS,"{""bm25_hit"": false, ""dense_hit"": true, ""union_hit"": true, ""candidate_hit"": true, ""reranker_top_k_hit"": true, ""candidate_depth"": 100, ""ranking_k"": 10}"
body-part_3085,Tình trạng nào dưới đây có thể là triệu chứng của bệnh viêm cầu thận?,0,"[""doc_44f64df19051861d495e205c""]","[""ctx_b8b1ba4fc0677fbff14339f2""]",,14,41,11,False,False,DENSE_ONLY_HIT;RERANKER_MISS;SELECTION_MISS;DOC_AND_CHUNK_MISS,reranker,DENSE_ONLY_HIT; RERANKER_MISS; SELECTION_MISS; DOC_AND_CHUNK_MISS,"{""bm25_hit"": false, ""dense_hit"": true, ""union_hit"": true, ""candidate_hit"": true, ""reranker_top_k_hit"": false, ""candidate_depth"": 100, ""ranking_k"": 10}"
body-part_1578,"Khi mắc bệnh suy thận, bệnh nhân có thể phải điều trị theo những phương pháp nào?",0,"[""doc_10ec7a34eaa06daa21aa0df4""]","[""ctx_041b82ec363c48025c48ab87""]",90,32,15,9,False,False,BOTH_HIT;SELECTION_MISS;DOC_AND_CHUNK_MISS,selection,BOTH_HIT; SELECTION_MISS; DOC_AND_CHUNK_MISS,"{""bm25_hit"": true, ""dense_hit"": true, ""union_hit"": true, ""candidate_hit"": true, ""reranker_top_k_hit"": true, ""candidate_depth"": 100, ""ranking_k"": 10}"
body-part_4137,Triệu chứng nào thường gặp nhất của tình trạng viêm phúc mạc?,0,"[""doc_cee8d25afb60205eb2b33c68""]","[""ctx_8d8c0a6495beeef98ae54a71""]",15,5,7,23,False,False,BOTH_HIT;RERANKER_MISS;SELECTION_MISS;DOC_AND_CHUNK_MISS,reranker,BOTH_HIT; RERANKER_MISS; SELECTION_MISS; DOC_AND_CHUNK_MISS,"{""bm25_hit"": true, ""dense_hit"": true, ""union_hit"": true, ""candidate_hit"": true, ""reranker_top_k_hit"": false, ""candidate_depth"": 100, ""ranking_k"": 10}"
body-part_1214,"Ngoài việc sở hữu Gen BRCA, tôi còn cần quan tâm đến điều gì liên quan đến ung thư vú không?",0,"[""doc_465690b90018816bc3146459""]","[""ctx_a59cfbb248f2f5fc6e17a14f""]",8,7,7,9,False,True,BOTH_HIT;SELECTION_MISS;DOC_HIT_CHUNK_MISS,selection,BOTH_HIT; SELECTION_MISS; DOC_HIT_CHUNK_MISS,"{""bm25_hit"": true, ""dense_hit"": true, ""union_hit"": true, ""candidate_hit"": true, ""reranker_top_k_hit"": true, ""candidate_depth"": 100, ""ranking_k"": 10}"
body-part_3330,Trào ngược dịch dạ dày có thể gây ra những biểu hiện gì?,0,"[""doc_eb932d5c371a7ccca8f5a449""]","[""ctx_7ccd07729580a96d5364cc20""]",23,11,15,11,False,False,BOTH_HIT;RERANKER_MISS;SELECTION_MISS;DOC_AND_CHUNK_MISS,reranker,BOTH_HIT; RERANKER_MISS; SELECTION_MISS; DOC_AND_CHUNK_MISS,"{""bm25_hit"": true, ""dense_hit"": true, ""union_hit"": true, ""candidate_hit"": true, ""reranker_top_k_hit"": false, ""candidate_depth"": 100, ""ranking_k"": 10}"
body-part_3558,Tuyến lệ có chức năng gì?,0,"[""doc_b66ca83add4ae22491eab67a""]","[""ctx_2de52ad4b12dff031880219d""]",1,1,1,8,False,True,BOTH_HIT;SELECTION_MISS;DOC_HIT_CHUNK_MISS,selection,BOTH_HIT; SELECTION_MISS; DOC_HIT_CHUNK_MISS,"{""bm25_hit"": true, ""dense_hit"": true, ""union_hit"": true, ""candidate_hit"": true, ""reranker_top_k_hit"": true, ""candidate_depth"": 100, ""ranking_k"": 10}"
body-part_4629,Có thể nhận biết ung thư âm đạo qua dấu hiệu nào?,0,"[""doc_1d83973d55306e4197862557""]","[""ctx_15bba8395c2f295b3c494a6e""]",9,12,3,11,False,False,BOTH_HIT;RERANKER_MISS;SELECTION_MISS;DOC_AND_CHUNK_MISS,reranker,BOTH_HIT; RERANKER_MISS; SELECTION_MISS; DOC_AND_CHUNK_MISS,"{""bm25_hit"": true, ""dense_hit"": true, ""union_hit"": true, ""candidate_hit"": true, ""reranker_top_k_hit"": false, ""candidate_depth"": 100, ""ranking_k"": 10}"
disease_2673,"Trong số các triệu chứng được kể đến, triệu chứng nào không gây trở ngại cho khả năng vận động?",1,"[""doc_2b03cbbc5599a334f9836903""]","[""ctx_b01c1b1c8203c96250b7c45b""]",,59,,,False,True,DENSE_ONLY_HIT;FUSION_DROPPED;CANDIDATE_MISS;DOC_HIT_CHUNK_MISS,retrieval_or_fusion,DENSE_ONLY_HIT; FUSION_DROPPED; CANDIDATE_MISS; DOC_HIT_CHUNK_MISS,"{""bm25_hit"": false, ""dense_hit"": true, ""union_hit"": true, ""candidate_hit"": false, ""reranker_top_k_hit"": false, ""candidate_depth"": 100, ""ranking_k"": 10}"
disease_149,Bệnh Burnout khác với trạng thái kiệt sức thông thường như thế nào?,1,"[""doc_bc3e0423580404eb4fd9937f""]","[""ctx_6431cbf6458db6dd36fc150d""]",,,,,False,True,BOTH_MISS;CANDIDATE_MISS;DOC_HIT_CHUNK_MISS,retrieval_or_fusion,BOTH_MISS; CANDIDATE_MISS; DOC_HIT_CHUNK_MISS,"{""bm25_hit"": false, ""dense_hit"": false, ""union_hit"": false, ""candidate_hit"": false, ""reranker_top_k_hit"": false, ""candidate_depth"": 100, ""ranking_k"": 10}"
disease_13112,Chọc dò tủy sống là gì?,1,"[""doc_140420010f20086654552448""]","[""ctx_da38330d07568e95d8a6481e""]",1,9,3,10,False,False,BOTH_HIT;SELECTION_MISS;DOC_AND_CHUNK_MISS,selection,BOTH_HIT; SELECTION_MISS; DOC_AND_CHUNK_MISS,"{""bm25_hit"": true, ""dense_hit"": true, ""union_hit"": true, ""candidate_hit"": true, ""reranker_top_k_hit"": true, ""candidate_depth"": 100, ""ranking_k"": 10}"
disease_3710,Các loại thuốc thường dùng để kiểm soát triệu chứng co giật là gì?,1,"[""doc_9e5ed0fa2d6bd36c4ab0c0e2""]","[""ctx_db8e49c7bc6ff1fc1ddb2c8f""]",1,32,4,8,False,False,BOTH_HIT;SELECTION_MISS;DOC_AND_CHUNK_MISS,selection,BOTH_HIT; SELECTION_MISS; DOC_AND_CHUNK_MISS,"{""bm25_hit"": true, ""dense_hit"": true, ""union_hit"": true, ""candidate_hit"": true, ""reranker_top_k_hit"": true, ""candidate_depth"": 100, ""ranking_k"": 10}"
disease_9331,Tại sao phụ nữ mang thai thường tiết nhiều nước bọt?,1,"[""doc_66a6188556d9505cda0d75ce""]","[""ctx_84b8c646ffa1d3a71725d267""]",,11,26,8,False,True,DENSE_ONLY_HIT;SELECTION_MISS;DOC_HIT_CHUNK_MISS,selection,DENSE_ONLY_HIT; SELECTION_MISS; DOC_HIT_CHUNK_MISS,"{""bm25_hit"": false, ""dense_hit"": true, ""union_hit"": true, ""candidate_hit"": true, ""reranker_top_k_hit"": true, ""candidate_depth"": 100, ""ranking_k"": 10}"
disease_1410,Điều gì xảy ra nếu lỗ bầu dục không đóng sau khi sinh?,1,"[""doc_843e96146548ac318318b4ef""]","[""ctx_6a6281d1be0a15d4c4f815e2""]",2,6,3,9,False,True,BOTH_HIT;SELECTION_MISS;DOC_HIT_CHUNK_MISS,selection,BOTH_HIT; SELECTION_MISS; DOC_HIT_CHUNK_MISS,"{""bm25_hit"": true, ""dense_hit"": true, ""union_hit"": true, ""candidate_hit"": true, ""reranker_top_k_hit"": true, ""candidate_depth"": 100, ""ranking_k"": 10}"
disease_1484,Nêu một số vị trí bị bệnh cước?,1,"[""doc_00dad9d2149473397a948642""]","[""ctx_712869523b48ec8b39fd186e""]",79,,,,False,True,BM25_ONLY_HIT;FUSION_DROPPED;CANDIDATE_MISS;DOC_HIT_CHUNK_MISS,retrieval_or_fusion,BM25_ONLY_HIT; FUSION_DROPPED; CANDIDATE_MISS; DOC_HIT_CHUNK_MISS,"{""bm25_hit"": true, ""dense_hit"": false, ""union_hit"": true, ""candidate_hit"": false, ""reranker_top_k_hit"": false, ""candidate_depth"": 100, ""ranking_k"": 10}"
disease_9808,Những loại thuốc nào thường được sử dụng để điều trị trật khớp háng?,1,"[""doc_b44957f3182bd1777ad1a79d""]","[""ctx_6217b60f7f4dbf6eb71cd22b""]",,,,,False,True,BOTH_MISS;CANDIDATE_MISS;DOC_HIT_CHUNK_MISS,retrieval_or_fusion,BOTH_MISS; CANDIDATE_MISS; DOC_HIT_CHUNK_MISS,"{""bm25_hit"": false, ""dense_hit"": false, ""union_hit"": false, ""candidate_hit"": false, ""reranker_top_k_hit"": false, ""candidate_depth"": 100, ""ranking_k"": 10}"
disease_11288,Ung thư hậu môn được điều trị bằng các phương pháp nào?,1,"[""doc_f8285dc14f4e2965d7ecb72d""]","[""ctx_c22cccc9a891c0d9fced24cf""]",,,,,False,True,BOTH_MISS;CANDIDATE_MISS;DOC_HIT_CHUNK_MISS,retrieval_or_fusion,BOTH_MISS; CANDIDATE_MISS; DOC_HIT_CHUNK_MISS,"{""bm25_hit"": false, ""dense_hit"": false, ""union_hit"": false, ""candidate_hit"": false, ""reranker_top_k_hit"": false, ""candidate_depth"": 100, ""ranking_k"": 10}"
disease_2671,Thay đổi hành vi ở những người mắc bệnh Huntington có thể biểu hiện như thế nào?,1,"[""doc_2b03cbbc5599a334f9836903""]","[""ctx_2bcdbfeb1088e9460781f990""]",,,,,False,True,BOTH_MISS;CANDIDATE_MISS;DOC_HIT_CHUNK_MISS,retrieval_or_fusion,BOTH_MISS; CANDIDATE_MISS; DOC_HIT_CHUNK_MISS,"{""bm25_hit"": false, ""dense_hit"": false, ""union_hit"": false, ""candidate_hit"": false, ""reranker_top_k_hit"": false, ""candidate_depth"": 100, ""ranking_k"": 10}"
disease_10809,Mục đích của việc gặp bác sĩ khi mắc bệnh u não là gì?,1,"[""doc_d9249ee15e0a950293ce6719""]","[""ctx_43a4139bce98fa5d09065b8a""]",,,,,False,True,BOTH_MISS;CANDIDATE_MISS;DOC_HIT_CHUNK_MISS,retrieval_or_fusion,BOTH_MISS; CANDIDATE_MISS; DOC_HIT_CHUNK_MISS,"{""bm25_hit"": false, ""dense_hit"": false, ""union_hit"": false, ""candidate_hit"": false, ""reranker_top_k_hit"": false, ""candidate_depth"": 100, ""ranking_k"": 10}"
disease_7478,Những triệu chứng nào cho thấy người bệnh suy gan nặng?,1,"[""doc_57a5c8cf48b6cc9a7760f888""]","[""ctx_28852a556548375d2c5e27d4""]",2,2,1,7,False,True,BOTH_HIT;SELECTION_MISS;DOC_HIT_CHUNK_MISS,selection,BOTH_HIT; SELECTION_MISS; DOC_HIT_CHUNK_MISS,"{""bm25_hit"": true, ""dense_hit"": true, ""union_hit"": true, ""candidate_hit"": true, ""reranker_top_k_hit"": true, ""candidate_depth"": 100, ""ranking_k"": 10}"
disease_1795,"Trong thể hung dữ của bệnh dại, những triệu chứng thường gặp là gì?",1,"[""doc_76bb3bff817f7124dc0e9ab0""]","[""ctx_a658630755ae4860d5bdbb4e""]",,,,,False,True,BOTH_MISS;CANDIDATE_MISS;DOC_HIT_CHUNK_MISS,retrieval_or_fusion,BOTH_MISS; CANDIDATE_MISS; DOC_HIT_CHUNK_MISS,"{""bm25_hit"": false, ""dense_hit"": false, ""union_hit"": false, ""candidate_hit"": false, ""reranker_top_k_hit"": false, ""candidate_depth"": 100, ""ranking_k"": 10}"
disease_10645,Chụp cắt lớp vi tính (CT scan) hoạt động như thế nào?,1,"[""doc_d8cfc87a91135c35b80473e3""]","[""ctx_79397dc2c774696e8a49a384""]",24,70,32,8,False,False,BOTH_HIT;SELECTION_MISS;DOC_AND_CHUNK_MISS,selection,BOTH_HIT; SELECTION_MISS; DOC_AND_CHUNK_MISS,"{""bm25_hit"": true, ""dense_hit"": true, ""union_hit"": true, ""candidate_hit"": true, ""reranker_top_k_hit"": true, ""candidate_depth"": 100, ""ranking_k"": 10}"
disease_6088,Đau nhức ở đâu là triệu chứng của bệnh phong thấp?,1,"[""doc_9ed81383ed82bb73b9b53954""]","[""ctx_5419381b961591e2cb4f19ed""]",,65,,,False,True,DENSE_ONLY_HIT;FUSION_DROPPED;CANDIDATE_MISS;DOC_HIT_CHUNK_MISS,retrieval_or_fusion,DENSE_ONLY_HIT; FUSION_DROPPED; CANDIDATE_MISS; DOC_HIT_CHUNK_MISS,"{""bm25_hit"": false, ""dense_hit"": true, ""union_hit"": true, ""candidate_hit"": false, ""reranker_top_k_hit"": false, ""candidate_depth"": 100, ""ranking_k"": 10}"
disease_9492,Tại sao nên đi tiểu thường xuyên và không nên nín nhịn?,1,"[""doc_98fc0f29a84caf9a44fcb41f""]","[""ctx_9718c91457caa7c92e3db6ab""]",3,18,3,6,False,True,BOTH_HIT;SELECTION_MISS;DOC_HIT_CHUNK_MISS,selection,BOTH_HIT; SELECTION_MISS; DOC_HIT_CHUNK_MISS,"{""bm25_hit"": true, ""dense_hit"": true, ""union_hit"": true, ""candidate_hit"": true, ""reranker_top_k_hit"": true, ""candidate_depth"": 100, ""ranking_k"": 10}"
disease_14712,Trường quá đau bụng dưới bên trái xoay dữ dọi không kèm các rồi chứng hoặc triệu chứng kèm liềm có thể là dấu hiệu bệnh ly nghiêm trọng không?,1,"[""doc_723d57376a76698682a44382""]","[""ctx_4733f83733c9e6181ff6270e""]",51,15,15,12,False,True,BOTH_HIT;RERANKER_MISS;SELECTION_MISS;DOC_HIT_CHUNK_MISS,reranker,BOTH_HIT; RERANKER_MISS; SELECTION_MISS; DOC_HIT_CHUNK_MISS,"{""bm25_hit"": true, ""dense_hit"": true, ""union_hit"": true, ""candidate_hit"": true, ""reranker_top_k_hit"": false, ""candidate_depth"": 100, ""ranking_k"": 10}"
disease_4390,Trong lối sống lành mạnh nên tránh những gì?,1,"[""doc_7c66d2d3a0e59b08fcf1632e""]","[""ctx_08b866e3f15e68dd923eb4c7""]",9,,37,17,False,False,BM25_ONLY_HIT;RERANKER_MISS;SELECTION_MISS;DOC_AND_CHUNK_MISS,reranker,BM25_ONLY_HIT; RERANKER_MISS; SELECTION_MISS; DOC_AND_CHUNK_MISS,"{""bm25_hit"": true, ""dense_hit"": false, ""union_hit"": true, ""candidate_hit"": true, ""reranker_top_k_hit"": false, ""candidate_depth"": 100, ""ranking_k"": 10}"
disease_4233,Ung thư họng miệng là gì?,1,"[""doc_129a34c0703026bc424a785d""]","[""ctx_507328b44243045d8271ef4e""]",1,3,2,13,False,True,BOTH_HIT;RERANKER_MISS;SELECTION_MISS;DOC_HIT_CHUNK_MISS,reranker,BOTH_HIT; RERANKER_MISS; SELECTION_MISS; DOC_HIT_CHUNK_MISS,"{""bm25_hit"": true, ""dense_hit"": true, ""union_hit"": true, ""candidate_hit"": true, ""reranker_top_k_hit"": false, ""candidate_depth"": 100, ""ranking_k"": 10}"
disease_15030,Khi nào mẹ bầu nên đi khám ngay?,1,"[""doc_0e9cae6f0668034245d9c527""]","[""ctx_9c955773db91b03d796e8df0""]",,,,,False,False,BOTH_MISS;CANDIDATE_MISS;DOC_AND_CHUNK_MISS,retrieval_or_fusion,BOTH_MISS; CANDIDATE_MISS; DOC_AND_CHUNK_MISS,"{""bm25_hit"": false, ""dense_hit"": false, ""union_hit"": false, ""candidate_hit"": false, ""reranker_top_k_hit"": false, ""candidate_depth"": 100, ""ranking_k"": 10}"
disease_3721,"Ngoài tăng cân, hội chứng thận hư còn có biểu hiện nào khác?",1,"[""doc_ff6341e5efa0e9887a20a409""]","[""ctx_8b253236bb21002747de8df7""]",,,,,False,True,BOTH_MISS;CANDIDATE_MISS;DOC_HIT_CHUNK_MISS,retrieval_or_fusion,BOTH_MISS; CANDIDATE_MISS; DOC_HIT_CHUNK_MISS,"{""bm25_hit"": false, ""dense_hit"": false, ""union_hit"": false, ""candidate_hit"": false, ""reranker_top_k_hit"": false, ""candidate_depth"": 100, ""ranking_k"": 10}"
disease_3076,Xét nghiệm chẩn đoán ban đầu của hội chứng Carcinoid là gì?,1,"[""doc_2917f3a974e3cf7b22bf6d3d""]","[""ctx_fc0a4c917cd626ae8f8752f7""]",60,,,,False,True,BM25_ONLY_HIT;FUSION_DROPPED;CANDIDATE_MISS;DOC_HIT_CHUNK_MISS,retrieval_or_fusion,BM25_ONLY_HIT; FUSION_DROPPED; CANDIDATE_MISS; DOC_HIT_CHUNK_MISS,"{""bm25_hit"": true, ""dense_hit"": false, ""union_hit"": true, ""candidate_hit"": false, ""reranker_top_k_hit"": false, ""candidate_depth"": 100, ""ranking_k"": 10}"
disease_515,Máu được vận chuyển trong cơ thể như thế nào?,1,"[""doc_5546d467087a0b446974c047""]","[""ctx_d88272fb7e32df7ce05a9846""]",,18,38,23,False,False,DENSE_ONLY_HIT;RERANKER_MISS;SELECTION_MISS;DOC_AND_CHUNK_MISS,reranker,DENSE_ONLY_HIT; RERANKER_MISS; SELECTION_MISS; DOC_AND_CHUNK_MISS,"{""bm25_hit"": false, ""dense_hit"": true, ""union_hit"": true, ""candidate_hit"": true, ""reranker_top_k_hit"": false, ""candidate_depth"": 100, ""ranking_k"": 10}"
disease_7280,Cơ thể bị táo bón có thể liên quan đến tình trạng sức khỏe nào?,1,"[""doc_fccf06778643d6ed05e5775c""]","[""ctx_e5cadc5bf37343c9ee4487ed""]",,90,,,False,False,DENSE_ONLY_HIT;FUSION_DROPPED;CANDIDATE_MISS;DOC_AND_CHUNK_MISS,retrieval_or_fusion,DENSE_ONLY_HIT; FUSION_DROPPED; CANDIDATE_MISS; DOC_AND_CHUNK_MISS,"{""bm25_hit"": false, ""dense_hit"": true, ""union_hit"": true, ""candidate_hit"": false, ""reranker_top_k_hit"": false, ""candidate_depth"": 100, ""ranking_k"": 10}"
disease_8630,Khi nào cần đi khám ngay?,1,"[""doc_3e4a879032b9bf5a7dd68289""]","[""ctx_d9b0d052f1a2cfd642999aa3""]",,,,,False,False,BOTH_MISS;CANDIDATE_MISS;DOC_AND_CHUNK_MISS,retrieval_or_fusion,BOTH_MISS; CANDIDATE_MISS; DOC_AND_CHUNK_MISS,"{""bm25_hit"": false, ""dense_hit"": false, ""union_hit"": false, ""candidate_hit"": false, ""reranker_top_k_hit"": false, ""candidate_depth"": 100, ""ranking_k"": 10}"
disease_12833,Chấn thương có thể dẫn đến tình trạng nào?,1,"[""doc_12a0eb67320a75b06cb0886d""]","[""ctx_b749444bd393526c0f8911c9""]",22,,54,56,False,False,BM25_ONLY_HIT;RERANKER_MISS;SELECTION_MISS;DOC_AND_CHUNK_MISS,reranker,BM25_ONLY_HIT; RERANKER_MISS; SELECTION_MISS; DOC_AND_CHUNK_MISS,"{""bm25_hit"": true, ""dense_hit"": false, ""union_hit"": true, ""candidate_hit"": true, ""reranker_top_k_hit"": false, ""candidate_depth"": 100, ""ranking_k"": 10}"
disease_2489,"Trong quá trình chuẩn bị trước khi đi khám bệnh gù cột sống, nên làm xét nghiệm nào?",1,"[""doc_7c203188d93b5a103639c930""]","[""ctx_160c553acfac49927fd83b6d""]",7,,27,14,False,True,BM25_ONLY_HIT;RERANKER_MISS;SELECTION_MISS;DOC_HIT_CHUNK_MISS,reranker,BM25_ONLY_HIT; RERANKER_MISS; SELECTION_MISS; DOC_HIT_CHUNK_MISS,"{""bm25_hit"": true, ""dense_hit"": false, ""union_hit"": true, ""candidate_hit"": true, ""reranker_top_k_hit"": false, ""candidate_depth"": 100, ""ranking_k"": 10}"
disease_891,Nguyên nhân chính gây bệnh thận mạn là gì?,1,"[""doc_be8fd6e59aa484e38f4f0694""]","[""ctx_8ff18108f7bcf863eb1b8a99""]",,85,,,False,True,DENSE_ONLY_HIT;FUSION_DROPPED;CANDIDATE_MISS;DOC_HIT_CHUNK_MISS,retrieval_or_fusion,DENSE_ONLY_HIT; FUSION_DROPPED; CANDIDATE_MISS; DOC_HIT_CHUNK_MISS,"{""bm25_hit"": false, ""dense_hit"": true, ""union_hit"": true, ""candidate_hit"": false, ""reranker_top_k_hit"": false, ""candidate_depth"": 100, ""ranking_k"": 10}"
disease_1810,Tăng sinh thượng thận bẩm sinh là bệnh gì?,1,"[""doc_93405e4e0cfb133540ee03e0""]","[""ctx_5e1f9de35541904292b95923""]",16,42,17,13,False,True,BOTH_HIT;RERANKER_MISS;SELECTION_MISS;DOC_HIT_CHUNK_MISS,reranker,BOTH_HIT; RERANKER_MISS; SELECTION_MISS; DOC_HIT_CHUNK_MISS,"{""bm25_hit"": true, ""dense_hit"": true, ""union_hit"": true, ""candidate_hit"": true, ""reranker_top_k_hit"": false, ""candidate_depth"": 100, ""ranking_k"": 10}"
disease_15111,Đau đầu khi ho có thể là do nguyên nhân nào?,1,"[""doc_9a1830390d02987fef9f9b51""]","[""ctx_f8d6104b8cd98d4056831435""]",49,,85,50,False,True,BM25_ONLY_HIT;RERANKER_MISS;SELECTION_MISS;DOC_HIT_CHUNK_MISS,reranker,BM25_ONLY_HIT; RERANKER_MISS; SELECTION_MISS; DOC_HIT_CHUNK_MISS,"{""bm25_hit"": true, ""dense_hit"": false, ""union_hit"": true, ""candidate_hit"": true, ""reranker_top_k_hit"": false, ""candidate_depth"": 100, ""ranking_k"": 10}"
disease_3114,Mục đích của việc xét nghiệm máu trong chẩn đoán bệnh Churg-Strauss là gì?,1,"[""doc_8a8f687c5ba415d0518fb23b""]","[""ctx_ecf366427652e161af4f11ef""]",,66,,,False,True,DENSE_ONLY_HIT;FUSION_DROPPED;CANDIDATE_MISS;DOC_HIT_CHUNK_MISS,retrieval_or_fusion,DENSE_ONLY_HIT; FUSION_DROPPED; CANDIDATE_MISS; DOC_HIT_CHUNK_MISS,"{""bm25_hit"": false, ""dense_hit"": true, ""union_hit"": true, ""candidate_hit"": false, ""reranker_top_k_hit"": false, ""candidate_depth"": 100, ""ranking_k"": 10}"
disease_7538,Suy giáp do thuốc có biểu hiện như thế nào?,1,"[""doc_7961917ececca5d435d6ceaa""]","[""ctx_166d2cfffd645feac3deb9d9""]",24,16,12,7,False,True,BOTH_HIT;SELECTION_MISS;DOC_HIT_CHUNK_MISS,selection,BOTH_HIT; SELECTION_MISS; DOC_HIT_CHUNK_MISS,"{""bm25_hit"": true, ""dense_hit"": true, ""union_hit"": true, ""candidate_hit"": true, ""reranker_top_k_hit"": true, ""candidate_depth"": 100, ""ranking_k"": 10}"
disease_2894,Sau khi sử dụng các thứ trên thì làm gì thêm?,1,"[""doc_6487b177066ecc38c63f284a""]","[""ctx_f1ed093ef06221d014e07d70""]",,,,,False,False,BOTH_MISS;CANDIDATE_MISS;DOC_AND_CHUNK_MISS,retrieval_or_fusion,BOTH_MISS; CANDIDATE_MISS; DOC_AND_CHUNK_MISS,"{""bm25_hit"": false, ""dense_hit"": false, ""union_hit"": false, ""candidate_hit"": false, ""reranker_top_k_hit"": false, ""candidate_depth"": 100, ""ranking_k"": 10}"
disease_9445,Tiền đái tháo đường ảnh hưởng tới đối tượng nào?,1,"[""doc_d0bb6736335f7ba2919132ef""]","[""ctx_bb6d8f1bb42e70e2cd4d1853""]",,23,69,9,False,True,DENSE_ONLY_HIT;SELECTION_MISS;DOC_HIT_CHUNK_MISS,selection,DENSE_ONLY_HIT; SELECTION_MISS; DOC_HIT_CHUNK_MISS,"{""bm25_hit"": false, ""dense_hit"": true, ""union_hit"": true, ""candidate_hit"": true, ""reranker_top_k_hit"": true, ""candidate_depth"": 100, ""ranking_k"": 10}"
disease_14173,Viêm âm đạo là bệnh gì?,1,"[""doc_8af37770be7bd51f8c52b901""]","[""ctx_502790f86ec92a8312e31359""]",39,2,12,7,False,True,BOTH_HIT;SELECTION_MISS;DOC_HIT_CHUNK_MISS,selection,BOTH_HIT; SELECTION_MISS; DOC_HIT_CHUNK_MISS,"{""bm25_hit"": true, ""dense_hit"": true, ""union_hit"": true, ""candidate_hit"": true, ""reranker_top_k_hit"": true, ""candidate_depth"": 100, ""ranking_k"": 10}"
disease_9179,Nguyên nhân gây ra tinh trùng loãng là gì?,1,"[""doc_31975eb11adc81cc5bcc363c""]","[""ctx_826dba7e3a1a877f21c1e8a8""]",,67,,,False,True,DENSE_ONLY_HIT;FUSION_DROPPED;CANDIDATE_MISS;DOC_HIT_CHUNK_MISS,retrieval_or_fusion,DENSE_ONLY_HIT; FUSION_DROPPED; CANDIDATE_MISS; DOC_HIT_CHUNK_MISS,"{""bm25_hit"": false, ""dense_hit"": true, ""union_hit"": true, ""candidate_hit"": false, ""reranker_top_k_hit"": false, ""candidate_depth"": 100, ""ranking_k"": 10}"
disease_2491,Làm thế nào để quản lý bệnh gù cột sống khi đồng thời mắc các bệnh lý khác?,1,"[""doc_7c203188d93b5a103639c930""]","[""ctx_160c553acfac49927fd83b6d""]",1,,23,18,False,True,BM25_ONLY_HIT;RERANKER_MISS;SELECTION_MISS;DOC_HIT_CHUNK_MISS,reranker,BM25_ONLY_HIT; RERANKER_MISS; SELECTION_MISS; DOC_HIT_CHUNK_MISS,"{""bm25_hit"": true, ""dense_hit"": false, ""union_hit"": true, ""candidate_hit"": true, ""reranker_top_k_hit"": false, ""candidate_depth"": 100, ""ranking_k"": 10}"
disease_7849,Những bệnh lý nào tại tuyến yên có thể gây ra suy giảm tuyến thượng thận thứ phát?,1,"[""doc_b3088ef282f68ab8ac7250eb""]","[""ctx_dc23596fc2b0c5bde419e898""]",,,,,False,True,BOTH_MISS;CANDIDATE_MISS;DOC_HIT_CHUNK_MISS,retrieval_or_fusion,BOTH_MISS; CANDIDATE_MISS; DOC_HIT_CHUNK_MISS,"{""bm25_hit"": false, ""dense_hit"": false, ""union_hit"": false, ""candidate_hit"": false, ""reranker_top_k_hit"": false, ""candidate_depth"": 100, ""ranking_k"": 10}"
disease_14752,"Khi lựa chọn sử dụng tinh dầu, tôi cần phải lưu ý những điều gì?",1,"[""doc_407d9915d3b25fc6b22fe731""]","[""ctx_81d6bcdcaf4d671e6c98786e""]",,,,,False,False,BOTH_MISS;CANDIDATE_MISS;DOC_AND_CHUNK_MISS,retrieval_or_fusion,BOTH_MISS; CANDIDATE_MISS; DOC_AND_CHUNK_MISS,"{""bm25_hit"": false, ""dense_hit"": false, ""union_hit"": false, ""candidate_hit"": false, ""reranker_top_k_hit"": false, ""candidate_depth"": 100, ""ranking_k"": 10}"
disease_5626,Tại sao cần rửa tay thường xuyên để phòng ngừa bệnh nấm da đầu?,1,"[""doc_172bbf15e0965738de4ab580""]","[""ctx_7a750b13c726db47842fd8ac""]",,,,,False,True,BOTH_MISS;CANDIDATE_MISS;DOC_HIT_CHUNK_MISS,retrieval_or_fusion,BOTH_MISS; CANDIDATE_MISS; DOC_HIT_CHUNK_MISS,"{""bm25_hit"": false, ""dense_hit"": false, ""union_hit"": false, ""candidate_hit"": false, ""reranker_top_k_hit"": false, ""candidate_depth"": 100, ""ranking_k"": 10}"
disease_5363,Các triệu chứng của rối loạn cảm xúc là gì?,1,"[""doc_cb09e295ced2775d5810fa91""]","[""ctx_56a4e1c8d70b331491c31ee8""]",2,6,3,8,False,True,BOTH_HIT;SELECTION_MISS;DOC_HIT_CHUNK_MISS,selection,BOTH_HIT; SELECTION_MISS; DOC_HIT_CHUNK_MISS,"{""bm25_hit"": true, ""dense_hit"": true, ""union_hit"": true, ""candidate_hit"": true, ""reranker_top_k_hit"": true, ""candidate_depth"": 100, ""ranking_k"": 10}"
disease_2715,Bệnh huyết khối tĩnh mạch do ứ trệ tuần hoàn hình thành như thế nào?,1,"[""doc_28cf0328537d4c4ffe73934c""]","[""ctx_77afaa559bd0ce4ffdd09204""]",,,,,False,True,BOTH_MISS;CANDIDATE_MISS;DOC_HIT_CHUNK_MISS,retrieval_or_fusion,BOTH_MISS; CANDIDATE_MISS; DOC_HIT_CHUNK_MISS,"{""bm25_hit"": false, ""dense_hit"": false, ""union_hit"": false, ""candidate_hit"": false, ""reranker_top_k_hit"": false, ""candidate_depth"": 100, ""ranking_k"": 10}"
disease_3742,Bệnh hở van tim thường liên quan đến những bệnh lý nào khác?,1,"[""doc_253f192cbe46138e9fc934a1""]","[""ctx_9ea6b986f8ac6c914d8012ba""]",30,3,12,7,False,True,BOTH_HIT;SELECTION_MISS;DOC_HIT_CHUNK_MISS,selection,BOTH_HIT; SELECTION_MISS; DOC_HIT_CHUNK_MISS,"{""bm25_hit"": true, ""dense_hit"": true, ""union_hit"": true, ""candidate_hit"": true, ""reranker_top_k_hit"": true, ""candidate_depth"": 100, ""ranking_k"": 10}"
disease_7807,Triệu chứng tâm thần có thể xuất hiện trong trường hợp phì đại thất phải như thế nào?,1,"[""doc_b4aab28519a732d10f6bd830""]","[""ctx_6f895f86f3f8f9e55cefec25""]",,,,,False,False,BOTH_MISS;CANDIDATE_MISS;DOC_AND_CHUNK_MISS,retrieval_or_fusion,BOTH_MISS; CANDIDATE_MISS; DOC_AND_CHUNK_MISS,"{""bm25_hit"": false, ""dense_hit"": false, ""union_hit"": false, ""candidate_hit"": false, ""reranker_top_k_hit"": false, ""candidate_depth"": 100, ""ranking_k"": 10}"
disease_10814,Mục đích của việc theo dõi là gì?,1,"[""doc_d9249ee15e0a950293ce6719""]","[""ctx_e1217a1c81885eaa778630c5""]",15,4,1,6,False,False,BOTH_HIT;SELECTION_MISS;DOC_AND_CHUNK_MISS,selection,BOTH_HIT; SELECTION_MISS; DOC_AND_CHUNK_MISS,"{""bm25_hit"": true, ""dense_hit"": true, ""union_hit"": true, ""candidate_hit"": true, ""reranker_top_k_hit"": true, ""candidate_depth"": 100, ""ranking_k"": 10}"
disease_950,Bệnh tim Ebstein là bệnh gì?,1,"[""doc_f3785bd29136bf147fc5b182""]","[""ctx_44040322dd04f89aee90ef71""]",,50,85,91,False,True,DENSE_ONLY_HIT;RERANKER_MISS;SELECTION_MISS;DOC_HIT_CHUNK_MISS,reranker,DENSE_ONLY_HIT; RERANKER_MISS; SELECTION_MISS; DOC_HIT_CHUNK_MISS,"{""bm25_hit"": false, ""dense_hit"": true, ""union_hit"": true, ""candidate_hit"": true, ""reranker_top_k_hit"": false, ""candidate_depth"": 100, ""ranking_k"": 10}"
disease_13849,"Vô tinh, không sang vú, không có tuyến tiền liệt, tinh hoàn teo:",1,"[""doc_8adff1aec77eebe98f0a6438""]","[""ctx_a3bd0523f8229c63898c0d23""]",34,2,8,59,False,False,BOTH_HIT;RERANKER_MISS;SELECTION_MISS;DOC_AND_CHUNK_MISS,reranker,BOTH_HIT; RERANKER_MISS; SELECTION_MISS; DOC_AND_CHUNK_MISS,"{""bm25_hit"": true, ""dense_hit"": true, ""union_hit"": true, ""candidate_hit"": true, ""reranker_top_k_hit"": false, ""candidate_depth"": 100, ""ranking_k"": 10}"
disease_1371,Tại sao bệnh Crohn có thể gây ra suy dinh dưỡng?,1,"[""doc_f1c2187eb1f51f124a9ec0cf""]","[""ctx_fe2a3e8cb7d5a3747e93ba2d""]",,,,,False,True,BOTH_MISS;CANDIDATE_MISS;DOC_HIT_CHUNK_MISS,retrieval_or_fusion,BOTH_MISS; CANDIDATE_MISS; DOC_HIT_CHUNK_MISS,"{""bm25_hit"": false, ""dense_hit"": false, ""union_hit"": false, ""candidate_hit"": false, ""reranker_top_k_hit"": false, ""candidate_depth"": 100, ""ranking_k"": 10}"
disease_229,"Có phải trong tất cả các trường hợp, phương pháp điều trị iod phóng xạ đều đem lại hiệu quả tốt?",1,"[""doc_5ca304a6116b18a9cbec703a""]","[""ctx_f50552834921300db4d05dc7""]",5,,31,7,False,True,BM25_ONLY_HIT;SELECTION_MISS;DOC_HIT_CHUNK_MISS,selection,BM25_ONLY_HIT; SELECTION_MISS; DOC_HIT_CHUNK_MISS,"{""bm25_hit"": true, ""dense_hit"": false, ""union_hit"": true, ""candidate_hit"": true, ""reranker_top_k_hit"": true, ""candidate_depth"": 100, ""ranking_k"": 10}"
disease_4636,Vì sao cần đến bác sĩ sớm nếu có những triệu chứng nào bất thường?,1,"[""doc_608599cf9de448ca56b58618""]","[""ctx_6758194abfe86f6d2ced8bb6""]",42,3,3,41,False,False,BOTH_HIT;RERANKER_MISS;SELECTION_MISS;DOC_AND_CHUNK_MISS,reranker,BOTH_HIT; RERANKER_MISS; SELECTION_MISS; DOC_AND_CHUNK_MISS,"{""bm25_hit"": true, ""dense_hit"": true, ""union_hit"": true, ""candidate_hit"": true, ""reranker_top_k_hit"": false, ""candidate_depth"": 100, ""ranking_k"": 10}"
disease_15399,"Có những biểu tượng hay biểu hiệu chung, chứng tỏ cho dấu hiệu của bệnh tim?",1,"[""doc_a58a0c7bc2bb7586fec3c8ae""]","[""ctx_91f55055d7c0a90166f020f3""]",34,,72,48,False,False,BM25_ONLY_HIT;RERANKER_MISS;SELECTION_MISS;DOC_AND_CHUNK_MISS,reranker,BM25_ONLY_HIT; RERANKER_MISS; SELECTION_MISS; DOC_AND_CHUNK_MISS,"{""bm25_hit"": true, ""dense_hit"": false, ""union_hit"": true, ""candidate_hit"": true, ""reranker_top_k_hit"": false, ""candidate_depth"": 100, ""ranking_k"": 10}"
disease_4349,Nỗi đau ở người bệnh Lupus ban đỏ ở mức độ nào?,1,"[""doc_7c66d2d3a0e59b08fcf1632e""]","[""ctx_34250e5ab5be85c46c0a9360""]",,,,,False,True,BOTH_MISS;CANDIDATE_MISS;DOC_HIT_CHUNK_MISS,retrieval_or_fusion,BOTH_MISS; CANDIDATE_MISS; DOC_HIT_CHUNK_MISS,"{""bm25_hit"": false, ""dense_hit"": false, ""union_hit"": false, ""candidate_hit"": false, ""reranker_top_k_hit"": false, ""candidate_depth"": 100, ""ranking_k"": 10}"
disease_13526,Tràn dịch màng phổi thường hình thành như thế nào và có phương pháp điều trị nào hiệu quả?,1,"[""doc_c38b4ba654d1041ee38c9dfb""]","[""ctx_24c82fa981f7cf425f9e58fc""]",25,22,16,11,False,False,BOTH_HIT;RERANKER_MISS;SELECTION_MISS;DOC_AND_CHUNK_MISS,reranker,BOTH_HIT; RERANKER_MISS; SELECTION_MISS; DOC_AND_CHUNK_MISS,"{""bm25_hit"": true, ""dense_hit"": true, ""union_hit"": true, ""candidate_hit"": true, ""reranker_top_k_hit"": false, ""candidate_depth"": 100, ""ranking_k"": 10}"
disease_27,Bệnh Alzheimer thường gặp ở người cao tuổi hay người trẻ tuổi?,1,"[""doc_600293ca74a2f117f77ee6d5""]","[""ctx_16cdafd62483d7baaca3fd99""]",35,87,30,6,False,True,BOTH_HIT;SELECTION_MISS;DOC_HIT_CHUNK_MISS,selection,BOTH_HIT; SELECTION_MISS; DOC_HIT_CHUNK_MISS,"{""bm25_hit"": true, ""dense_hit"": true, ""union_hit"": true, ""candidate_hit"": true, ""reranker_top_k_hit"": true, ""candidate_depth"": 100, ""ranking_k"": 10}"
disease_6704,Trẻ mắc chứng khó đọc thường gặp những khó khăn khác gì trong cuộc sống?,1,"[""doc_22bccab1a381051879637d30""]","[""ctx_41cd0430ed7286cee5dfa8ef""]",18,8,6,9,False,True,BOTH_HIT;SELECTION_MISS;DOC_HIT_CHUNK_MISS,selection,BOTH_HIT; SELECTION_MISS; DOC_HIT_CHUNK_MISS,"{""bm25_hit"": true, ""dense_hit"": true, ""union_hit"": true, ""candidate_hit"": true, ""reranker_top_k_hit"": true, ""candidate_depth"": 100, ""ranking_k"": 10}"
disease_7467,Nguyên nhân gây ra suy gan mạn là gì?,1,"[""doc_57a5c8cf48b6cc9a7760f888""]","[""ctx_962a274b629f54e8044d9210""]",1,4,2,6,False,True,BOTH_HIT;SELECTION_MISS;DOC_HIT_CHUNK_MISS,selection,BOTH_HIT; SELECTION_MISS; DOC_HIT_CHUNK_MISS,"{""bm25_hit"": true, ""dense_hit"": true, ""union_hit"": true, ""candidate_hit"": true, ""reranker_top_k_hit"": true, ""candidate_depth"": 100, ""ranking_k"": 10}"
disease_7672,Bất thường tại khớp là biến chứng thường gặp của suy thận mạn tính giai đoạn cuối hay không?,1,"[""doc_c5d62e4e8581114961988462""]","[""ctx_87e546de53a42b4cd08d13d2""]",,,,,False,True,BOTH_MISS;CANDIDATE_MISS;DOC_HIT_CHUNK_MISS,retrieval_or_fusion,BOTH_MISS; CANDIDATE_MISS; DOC_HIT_CHUNK_MISS,"{""bm25_hit"": false, ""dense_hit"": false, ""union_hit"": false, ""candidate_hit"": false, ""reranker_top_k_hit"": false, ""candidate_depth"": 100, ""ranking_k"": 10}"
disease_9014,Thuyên tắc tĩnh mạch sâu có thể gây ra những hậu quả gì?,1,"[""doc_f8282d49281fd25fb3b8c671""]","[""ctx_8e7efec2c98615b74c0edfd8""]",3,7,5,13,False,True,BOTH_HIT;RERANKER_MISS;SELECTION_MISS;DOC_HIT_CHUNK_MISS,reranker,BOTH_HIT; RERANKER_MISS; SELECTION_MISS; DOC_HIT_CHUNK_MISS,"{""bm25_hit"": true, ""dense_hit"": true, ""union_hit"": true, ""candidate_hit"": true, ""reranker_top_k_hit"": false, ""candidate_depth"": 100, ""ranking_k"": 10}"
disease_10993,"Trong phương pháp điều trị bằng thuốc, bệnh nhân cần lưu ý điều gì?",1,"[""doc_1bfd9ae7fe46fa30d976494a""]","[""ctx_52db7856e22c56020b8615ed""]",56,,,,False,False,BM25_ONLY_HIT;FUSION_DROPPED;CANDIDATE_MISS;DOC_AND_CHUNK_MISS,retrieval_or_fusion,BM25_ONLY_HIT; FUSION_DROPPED; CANDIDATE_MISS; DOC_AND_CHUNK_MISS,"{""bm25_hit"": true, ""dense_hit"": false, ""union_hit"": true, ""candidate_hit"": false, ""reranker_top_k_hit"": false, ""candidate_depth"": 100, ""ranking_k"": 10}"
disease_2856,Hạ natri máu là bệnh gì?,1,"[""doc_de3c9ea4fca089b5bd9d47de""]","[""ctx_b310f27c25100c09cd28c267""]",1,2,1,6,False,True,BOTH_HIT;SELECTION_MISS;DOC_HIT_CHUNK_MISS,selection,BOTH_HIT; SELECTION_MISS; DOC_HIT_CHUNK_MISS,"{""bm25_hit"": true, ""dense_hit"": true, ""union_hit"": true, ""candidate_hit"": true, ""reranker_top_k_hit"": true, ""candidate_depth"": 100, ""ranking_k"": 10}"
disease_11379,EPP là dạng phẫu thuật ra sao?,1,"[""doc_9823be295246204226e9b591""]","[""ctx_801977f8b771d86d13e39a43""]",,54,,,False,False,DENSE_ONLY_HIT;FUSION_DROPPED;CANDIDATE_MISS;DOC_AND_CHUNK_MISS,retrieval_or_fusion,DENSE_ONLY_HIT; FUSION_DROPPED; CANDIDATE_MISS; DOC_AND_CHUNK_MISS,"{""bm25_hit"": false, ""dense_hit"": true, ""union_hit"": true, ""candidate_hit"": false, ""reranker_top_k_hit"": false, ""candidate_depth"": 100, ""ranking_k"": 10}"
disease_12237,Viêm VA là bệnh gì?,1,"[""doc_bcf5e1b01668cbb0ebd085f2""]","[""ctx_5ca5afbb06bd0692156f1d55""]",4,13,7,6,False,True,BOTH_HIT;SELECTION_MISS;DOC_HIT_CHUNK_MISS,selection,BOTH_HIT; SELECTION_MISS; DOC_HIT_CHUNK_MISS,"{""bm25_hit"": true, ""dense_hit"": true, ""union_hit"": true, ""candidate_hit"": true, ""reranker_top_k_hit"": true, ""candidate_depth"": 100, ""ranking_k"": 10}"
disease_856,Ai có nguy cơ mắc bệnh lupus cao hơn?,1,"[""doc_2a693245c7bfb197a6c51c6b""]","[""ctx_ce50e4c4e066508a1218bd77""]",57,2,11,7,False,True,BOTH_HIT;SELECTION_MISS;DOC_HIT_CHUNK_MISS,selection,BOTH_HIT; SELECTION_MISS; DOC_HIT_CHUNK_MISS,"{""bm25_hit"": true, ""dense_hit"": true, ""union_hit"": true, ""candidate_hit"": true, ""reranker_top_k_hit"": true, ""candidate_depth"": 100, ""ranking_k"": 10}"
disease_2769,Nên làm gì khi hóc xương cá?,1,"[""doc_d777fd61405bf4d852cfb615""]","[""ctx_96b5c862f147eea7ba6084a7""]",16,15,14,15,False,True,BOTH_HIT;RERANKER_MISS;SELECTION_MISS;DOC_HIT_CHUNK_MISS,reranker,BOTH_HIT; RERANKER_MISS; SELECTION_MISS; DOC_HIT_CHUNK_MISS,"{""bm25_hit"": true, ""dense_hit"": true, ""union_hit"": true, ""candidate_hit"": true, ""reranker_top_k_hit"": false, ""candidate_depth"": 100, ""ranking_k"": 10}"
disease_7645,Tình trạng ứ nước có thể dẫn đến những vấn đề gì?,1,"[""doc_9f4f10e977078872f98d2064""]","[""ctx_6588f87d46825cb8e5978fb6""]",60,,,,False,False,BM25_ONLY_HIT;FUSION_DROPPED;CANDIDATE_MISS;DOC_AND_CHUNK_MISS,retrieval_or_fusion,BM25_ONLY_HIT; FUSION_DROPPED; CANDIDATE_MISS; DOC_AND_CHUNK_MISS,"{""bm25_hit"": true, ""dense_hit"": false, ""union_hit"": true, ""candidate_hit"": false, ""reranker_top_k_hit"": false, ""candidate_depth"": 100, ""ranking_k"": 10}"
disease_10762,Trẻ bị u nguyên bào thận có thể gặp vấn đề gì ở hệ hô hấp?,1,"[""doc_cd50afd6de3a505734af2728""]","[""ctx_13d9660c83eb86c7af9670eb""]",,,,,False,True,BOTH_MISS;CANDIDATE_MISS;DOC_HIT_CHUNK_MISS,retrieval_or_fusion,BOTH_MISS; CANDIDATE_MISS; DOC_HIT_CHUNK_MISS,"{""bm25_hit"": false, ""dense_hit"": false, ""union_hit"": false, ""candidate_hit"": false, ""reranker_top_k_hit"": false, ""candidate_depth"": 100, ""ranking_k"": 10}"
disease_5086,Ngủ ngáy có thể gây ra bởi yếu tố gì?,1,"[""doc_f6113844636556834f7cc247""]","[""ctx_4329483b221d09c8db2d4588""]",16,10,10,21,False,True,BOTH_HIT;RERANKER_MISS;SELECTION_MISS;DOC_HIT_CHUNK_MISS,reranker,BOTH_HIT; RERANKER_MISS; SELECTION_MISS; DOC_HIT_CHUNK_MISS,"{""bm25_hit"": true, ""dense_hit"": true, ""union_hit"": true, ""candidate_hit"": true, ""reranker_top_k_hit"": false, ""candidate_depth"": 100, ""ranking_k"": 10}"
disease_6193,Nêu một số thuốc dùng để kiểm soát huyết áp ở bệnh nhân tăng huyết áp?,1,"[""doc_a85fd454b59ed99f1865070c""]","[""ctx_7b275d8180ae13437e931803""]",2,34,4,15,False,False,BOTH_HIT;RERANKER_MISS;SELECTION_MISS;DOC_AND_CHUNK_MISS,reranker,BOTH_HIT; RERANKER_MISS; SELECTION_MISS; DOC_AND_CHUNK_MISS,"{""bm25_hit"": true, ""dense_hit"": true, ""union_hit"": true, ""candidate_hit"": true, ""reranker_top_k_hit"": false, ""candidate_depth"": 100, ""ranking_k"": 10}"
disease_2645,Một số biểu hiện của chứng sa sút trí tuệ có thể kể đến là gì?,1,"[""doc_84f4f8c023ad8b9212fe05be""]","[""ctx_2dee33f5ae0e5a146707d32c""]",10,22,14,6,False,True,BOTH_HIT;SELECTION_MISS;DOC_HIT_CHUNK_MISS,selection,BOTH_HIT; SELECTION_MISS; DOC_HIT_CHUNK_MISS,"{""bm25_hit"": true, ""dense_hit"": true, ""union_hit"": true, ""candidate_hit"": true, ""reranker_top_k_hit"": true, ""candidate_depth"": 100, ""ranking_k"": 10}"
disease_13840,Một số hoạt động nào dẫn đến nguy cơ mắc phải viêm mào tinh cấp?,1,"[""doc_8adff1aec77eebe98f0a6438""]","[""ctx_3d2fac1a9821df4e1edc1f49""]",,,,,False,True,BOTH_MISS;CANDIDATE_MISS;DOC_HIT_CHUNK_MISS,retrieval_or_fusion,BOTH_MISS; CANDIDATE_MISS; DOC_HIT_CHUNK_MISS,"{""bm25_hit"": false, ""dense_hit"": false, ""union_hit"": false, ""candidate_hit"": false, ""reranker_top_k_hit"": false, ""candidate_depth"": 100, ""ranking_k"": 10}"
disease_6139,Có thể làm gì để bí tiểu không nặng thêm hoặc gây nguy hiểm cho sức khỏe?,1,"[""doc_64cc51e43fe62fe0e6f034d5""]","[""ctx_ec5934d682b34997811f18cf""]",2,44,5,8,False,True,BOTH_HIT;SELECTION_MISS;DOC_HIT_CHUNK_MISS,selection,BOTH_HIT; SELECTION_MISS; DOC_HIT_CHUNK_MISS,"{""bm25_hit"": true, ""dense_hit"": true, ""union_hit"": true, ""candidate_hit"": true, ""reranker_top_k_hit"": true, ""candidate_depth"": 100, ""ranking_k"": 10}"
disease_3816,Tuổi tác nào có nguy cơ mắc khó tiêu chức năng cao hơn?,1,"[""doc_78f84afe401e68b4a9a9be5c""]","[""ctx_0b5c830ac77039e5b61ad333""]",,,,,False,False,BOTH_MISS;CANDIDATE_MISS;DOC_AND_CHUNK_MISS,retrieval_or_fusion,BOTH_MISS; CANDIDATE_MISS; DOC_AND_CHUNK_MISS,"{""bm25_hit"": false, ""dense_hit"": false, ""union_hit"": false, ""candidate_hit"": false, ""reranker_top_k_hit"": false, ""candidate_depth"": 100, ""ranking_k"": 10}"
disease_7131,Trong trường hợp nào thì không nên sử dụng thuốc uống để điều trị bệnh chóng mặt tư thế kịch phát lành tính?,1,"[""doc_d75fcc433a91c558184282c7""]","[""ctx_050d833e53a7261bb64cc76c""]",,59,,,False,True,DENSE_ONLY_HIT;FUSION_DROPPED;CANDIDATE_MISS;DOC_HIT_CHUNK_MISS,retrieval_or_fusion,DENSE_ONLY_HIT; FUSION_DROPPED; CANDIDATE_MISS; DOC_HIT_CHUNK_MISS,"{""bm25_hit"": false, ""dense_hit"": true, ""union_hit"": true, ""candidate_hit"": false, ""reranker_top_k_hit"": false, ""candidate_depth"": 100, ""ranking_k"": 10}"
disease_12643,Vi khuẩn và vi-rút gây viêm dạ dày ruột cấp lây từ đâu?,1,"[""doc_db78720b5ec19eb6d3e5edf8""]","[""ctx_8d60abf3e57481cfcf44ef39""]",,,,,False,True,BOTH_MISS;CANDIDATE_MISS;DOC_HIT_CHUNK_MISS,retrieval_or_fusion,BOTH_MISS; CANDIDATE_MISS; DOC_HIT_CHUNK_MISS,"{""bm25_hit"": false, ""dense_hit"": false, ""union_hit"": false, ""candidate_hit"": false, ""reranker_top_k_hit"": false, ""candidate_depth"": 100, ""ranking_k"": 10}"
